tree
version=v4
num_class=1
num_tree_per_iteration=1
label_index=0
max_feature_idx=20
objective=poisson
feature_names=dia_mes semana_anio trimestre es_fin_de_semana es_evento dias_hasta_proximo_evento dias_desde_evento_anterior lag_1 lag_2 lag_3 lag_7 lag_14 lag_28 rolling_mean_7 rolling_mean_28 rolling_mean_90 rolling_std_7 historico_promedio_producto codigo_producto_enc dia_semana tipo_evento_activo_enc
feature_infos=[1:31] [1:52] [1:4] [0:1] none [0:999] [0:999] [0:23] [0:23] [0:16] [0:16] [0:19] [0:23] [0:5.8571428571428568] [0:2.7857142857142856] [0:1.5444444444444445] [0:8.6931828792122268] [0:8.4000000000000004] -1:16:49:45:43:47:13:96:119:120:15:156:42:59:35:34:46:166:154:164:103:157:17:56:104:163:9:33:52:160:161:162:155:53:32:57:31:110:113:105:69:86:39:87:50:165:74:117:158:54:63:168:3:122:127:114:22:136:138:66:124:99:108:141:149:167:5:11:23:41:147:80:123:118:75:73:28:90:12:27:51:64:44:65:79:107:111:137:4:7:68:81:82:89:109:14:145:91:143:146:98:100:38:128:60:67:133:151:115:152:153:36:37:116:6:26:76:78:130:132:144:70:72:83:129:134:150 -1:0:1:2:3:4:6:5 none
tree_sizes=1791 1893 1881 1832 1835 1871 1878 1856 1859 1876 1894 1830 1830 1834 1830 1837 1883 1826 1873 1902 1870 1849 1832 1843 1839 1870 1878 1849 1885 1878 1860 1874 1903 1903 1892 1877 1892 1876 1865 1877 1870 1872 1863 1895 1872 1878 1870 1884 1881 1855 1885 1880 1891 1861 1853 1871 1880 1875 1891 1913 1867 1903 1938 1921 1928 1924 1933 1904 1925 1925 1890 1927 1922 1894 1914 1923 1874 1901 1872 1908 1860 1913 1925 1868 1911 1852 1873 1904 1872 1887 1914 1885 1873 1872 1872 1885 1879 1835 1893 1872 1878

Tree=0
num_leaves=15
num_cat=6
split_feature=18 10 18 19 14 8 15 5 15 18 5 18 19 13
split_gain=481.588 381.409 62.685 56.454 81.6608 28.4454 14.6871 20.9755 14.1213 11.1318 10.1852 9.35855 8.60612 6.39799
threshold=0 12.000000000000002 1 2 0.23500000000000001 2.5000000000000004 0.44722222222222224 391.50000000000006 1.0000000180025095e-35 3 310.50000000000006 4 5 1.3571428571428574
decision_type=9 8 9 1 10 8 8 2 8 9 2 9 1 10
left_child=3 2 9 4 -1 6 7 -5 10 -2 -4 -10 -8 -11
right_child=1 -3 8 5 -6 -7 12 -9 11 13 -12 -13 -14 -15
leaf_value=0.60194590647148682 0.56247299478058355 0.60226311748677064 0.56813216087774332 0.57229540115133226 0.57723726085379512 0.58455805616168433 0.56635135705824369 0.58283362402708716 0.55902143841831597 0.56409360563587763 0.55948729472357928 0.56085296375955407 0.57254996778414924 0.56837922460138968
leaf_weight=176.91464424133301 5413.58811378479 212.29757308959961 350.29099559783936 608.58637619018555 378.59733867645264 194.60610866546631 417.5185604095459 237.06562328338623 4207.0302400588989 6262.7784061431885 187.52952289581299 6683.835259437561 445.82490348815918 329.06123828887939
leaf_count=50 1530 60 99 172 107 55 118 67 1189 1770 53 1889 126 93
internal_value=0.563644 0.562328 0.561964 0.576249 0.584781 0.573652 0.572457 0.575269 0.560375 0.56348 0.565116 0.560138 0.569693 0.564307
internal_weight=26105.5 23646.4 23434.1 2459.11 555.512 1903.6 1709 845.652 11428.7 12005.4 537.821 10890.9 863.343 6591.84
internal_count=7378 6683 6623 695 157 538 483 239 3230 3393 152 3078 244 1863
cat_boundaries=0 4 10 11 17 23 24
cat_threshold=0 2147483648 134546999 25165824 67584 134917120 165888 2149986689 2013265920 29 1 0 134227968 0 135425 671088640 20 2562740408 24117889 71303168 134266880 67634432 64 12
is_linear=0
shrinkage=1


Tree=1
num_leaves=15
num_cat=4
split_feature=18 10 18 14 17 11 1 1 18 15 18 5 6 17
split_gain=451.108 355.935 65.8237 61.2616 41.0768 15.8188 17.4271 18.8107 14.4021 15.0103 12.6174 9.58813 7.88867 7.40329
threshold=0 12.000000000000002 1 0.062500000000000014 0.082523609752426827 0.75000000000000011 16.500000000000004 6.5000000000000009 2 1.0000000180025095e-35 3 248.50000000000003 16.500000000000004 0.061904377729147551
decision_type=9 8 9 10 8 10 2 2 9 8 9 2 2 10
left_child=3 2 10 4 -1 6 7 -5 -4 11 13 -10 -12 -2
right_child=1 -3 8 5 -6 -7 -8 -9 9 -11 12 -13 -14 -15
leaf_value=0.013734015324260915 0.0052178493659106231 0.036600555651704746 -0.0045762504700684733 0.010230870064082905 0.034112368282758654 0.0061901715162913287 0.0098439516658022294 0.022358500053511077 0.0071367054088986547 -0.0027113706255820994 0.0042008103314967833 -0.0019051375873698326 -0.00092676183797424925 0.00090641081018533404
leaf_weight=179.74093651771545 394.96001648902893 220.65660953521729 4276.6029765605927 212.10116696357727 179.87963056564331 550.26356554031372 951.44375777244568 258.68655180931091 234.53758525848389 7053.6828966140747 279.38506245613098 190.64229583740234 7330.6428537368774 3792.6604895591736
leaf_count=50 111 60 1214 59 50 154 266 72 66 1999 79 54 2073 1071
internal_value=-2.06479e-07 -0.00123745 -0.001594 0.012559 0.0239934 0.0105268 0.0121992 0.016928 -0.00318134 -0.00237815 -9.49878e-06 0.00308756 -0.000737019 0.00131107
internal_weight=26105.9 23773.8 23553.1 2332.12 359.621 1972.5 1422.23 470.788 11755.5 7478.86 11797.6 425.18 7610.03 4187.62
internal_count=7378 6727 6667 651 100 551 397 131 3333 2119 3334 120 2152 1182
cat_boundaries=0 4 10 16 22
cat_threshold=0 2147483648 328743 25165824 67584 134917120 134384144 2149986689 1476395008 29 2562736312 24117889 71303168 134266888 67142912 64 0 688128 134351376 8320 268435456 9
is_linear=0
shrinkage=0.03


Tree=2
num_leaves=15
num_cat=4
split_feature=18 10 18 14 1 11 1 1 18 15 18 5 6 6
split_gain=432.792 333.874 64.2029 56.6844 37.8363 14.9083 16.2595 17.36 13.5683 15.0101 12.9313 9.69914 7.30903 7.1363
threshold=0 12.000000000000002 1 0.062500000000000014 24.500000000000004 0.75000000000000011 16.500000000000004 6.5000000000000009 2 1.0000000180025095e-35 3 248.50000000000003 155.00000000000003 16.500000000000004
decision_type=9 8 9 10 2 10 2 2 9 8 9 2 2 2
left_child=3 2 10 4 -1 6 7 -5 -4 11 -2 -10 -8 -12
right_child=1 -3 8 5 -6 -7 12 -9 9 -11 13 -13 -14 -15
leaf_value=0.013354824322109778 0.0012898414587009812 0.034757823974449487 -0.0045277127477245027 0.0099762826896949396 0.032681651148632598 0.0060602725408618078 0.01403106681510073 0.021537855533985708 0.0072664185008170564 -0.0027251964094587287 0.0038644073751663058 -0.0018804909862397707 0.0080313307251753067 -0.00094101357499346559
leaf_weight=184.29047656059265 4193.1260340213776 228.88237953186035 4302.8222651481628 214.2822892665863 184.05766320228577 553.68035626411438 249.44043207168579 264.5355396270752 229.09848022460938 6632.855589389801 287.61033821105957 190.27944803237915 711.41553974151611 7679.9048962593079
leaf_count=50 1182 60 1227 59 50 154 69 72 64 1885 81 54 197 2174
internal_value=-4.31881e-07 -0.00122067 -0.00157284 0.0122166 0.0230745 0.0102609 0.0118711 0.0163954 -0.00319355 -0.00237374 -5.66786e-05 0.0031217 0.00960184 -0.000766123
internal_weight=26106.3 23744.6 23515.7 2361.7 368.348 1993.35 1439.67 478.818 11355.1 7052.23 12160.6 419.378 960.856 7967.52
internal_count=7378 6727 6667 651 100 551 397 131 3230 2003 3437 118 266 2255
cat_boundaries=0 4 10 16 22
cat_threshold=0 2147483648 328743 25165824 67584 134917120 134384144 2149986689 2013265920 29 2562736312 24117889 104857600 134266888 67142912 64 0 688128 134351376 8320 268435456 9
is_linear=0
shrinkage=0.03


Tree=3
num_leaves=15
num_cat=4
split_feature=7 18 18 19 5 13 15 5 10 5 18 17 11 7
split_gain=432.121 417.921 60.7634 56.8825 75.868 15.399 13.3222 12.3227 10.7292 9.4404 8.61704 8.26666 8.09834 12.5793
threshold=11.500000000000002 0 1 2 171.50000000000003 1.3571428571428574 1.0000000180025095e-35 551.50000000000011 0.75000000000000011 310.50000000000006 3 0.43199264705882362 0.75000000000000011 0.75000000000000011
decision_type=8 9 9 1 2 8 8 2 10 2 9 10 10 10
left_child=1 3 5 4 -1 10 9 12 -7 -4 -3 -6 13 -5
right_child=-2 2 6 7 11 8 -8 -9 -10 -11 -12 -13 -14 -15
leaf_value=0.03565116606013477 0.046302326378229022 -0.0011752736950440428 0.0042709668206700382 0.0074300063509973183 0.00775276660486739 0.010636361274237262 -0.0034266886255180568 0.015666411522357662 0.0013718638310806646 -0.0040600216496274114 0.00043981861657675907 0.016512944516721195 0.0038758349455132487 0.014457955901594703
leaf_weight=186.24305176734924 179.14572238922119 5703.7092704772949 354.26454567909241 1075.9153280258179 186.41000080108643 192.26830744743347 10514.722754478455 205.61247396469116 270.05433320999146 185.84111881256104 6190.0518462657928 208.63998675346375 360.9429497718811 292.80842232704163
leaf_count=50 46 1617 99 293 50 53 3001 56 76 53 1747 57 100 80
internal_value=-6.3081e-07 -0.000322334 -0.00157275 0.0112674 0.0195683 -0.000126262 -0.00318777 0.00867762 0.00523938 0.00140221 -0.000335359 0.0124093 0.0078884 0.00894294
internal_weight=26106.6 25927.5 23410.9 2516.57 581.293 12356.1 11054.8 1935.28 462.323 540.106 11893.8 395.05 1729.67 1368.72
internal_count=7378 7332 6646 686 157 3493 3153 529 129 152 3364 107 473 373
cat_boundaries=0 4 10 11 17
cat_threshold=0 2147483648 134546999 25165824 68096 134917120 165888 2149986689 2013265920 29 1 2560 134227968 0 135425 671088640 20
is_linear=0
shrinkage=0.03


Tree=4
num_leaves=15
num_cat=4
split_feature=7 18 18 19 5 13 15 5 10 5 18 17 11 7
split_gain=400.388 401.735 59.2583 52.9902 68.7303 14.8729 12.9957 11.5772 10.2343 9.14767 8.37171 7.72993 7.69586 11.8343
threshold=11.500000000000002 0 1 2 171.50000000000003 1.3571428571428574 1.0000000180025095e-35 551.50000000000011 0.75000000000000011 310.50000000000006 3 0.43199264705882362 0.75000000000000011 0.75000000000000011
decision_type=8 9 9 1 2 8 8 2 10 2 9 10 10 10
left_child=1 3 5 4 -1 10 9 12 -7 -4 -3 -6 13 -5
right_child=-2 2 6 7 11 8 -8 -9 -10 -11 -12 -13 -14 -15
leaf_value=0.033889915326722322 0.043547909014174921 -0.0011591678109985485 0.0041895022491230055 0.0072648795261646909 0.007578769147192038 0.010367595457120734 -0.0033873176820049629 0.015193578692489039 0.0013496418332573604 -0.0040161687639942356 0.00043308651207153427 0.016000937022423653 0.0038034131799876561 0.014038002262393694
leaf_weight=193.00261330604553 187.63563060760498 5697.0100209712982 355.78083372116089 1083.9391555786133 187.86080980300903 194.32425880432129 10478.753935813904 208.85904836654663 270.42506647109985 185.08812594413757 6192.7749109268188 212.11385178565979 362.34461092948914 297.07258343696594
leaf_count=50 46 1617 99 293 50 53 3001 56 76 53 1747 57 100 80
internal_value=-8.33271e-07 -0.00031776 -0.00155181 0.0109745 0.0189015 -0.00012441 -0.0031504 0.00847424 0.00513446 0.00137925 -0.000330489 0.012074 0.00770957 0.00873096
internal_weight=26107 25919.3 23374.2 2545.19 592.977 12354.5 11019.6 1952.22 464.749 540.869 11889.8 399.975 1743.36 1381.01
internal_count=7378 7332 6646 686 157 3493 3153 529 129 152 3364 107 473 373
cat_boundaries=0 4 10 11 17
cat_threshold=0 2147483648 134546999 25165824 68096 134917120 165888 2149986689 2013265920 29 1 2560 134227968 0 135425 671088640 20
is_linear=0
shrinkage=0.03


Tree=5
num_leaves=15
num_cat=4
split_feature=18 8 18 14 17 13 18 15 11 1 1 18 10 5
split_gain=383.208 307.192 62.0444 51.2014 34.8017 13.6113 13.1726 13.5846 13.0344 14.7472 15.3225 11.4257 10.6701 8.38408
threshold=0 7.5000000000000009 1 0.062500000000000014 0.082523609752426827 1.3571428571428574 2 1.0000000180025095e-35 0.75000000000000011 16.500000000000004 6.5000000000000009 3 0.75000000000000011 248.50000000000003
decision_type=9 8 9 10 8 8 9 8 10 2 2 9 10 2
left_child=3 2 5 4 -1 11 -4 13 9 10 -5 -2 -7 -8
right_child=1 -3 6 8 -6 12 7 -9 -10 -11 -12 -13 -14 -15
leaf_value=0.012120149937060773 0.0038006720943999459 0.03807990225277319 -0.0043065159335475981 0.0091686216246479185 0.030220486756271116 0.010661062395029206 0.0067218641932712221 -0.0025570447659322248 0.0055472948908966485 0.0087756586047701684 0.019812634044041405 -0.00038087225751301003 0.0013005884774152131 -0.0016547255375718769
leaf_weight=190.5372462272644 610.65629100799561 177.09266996383667 4523.829434633255 221.50716185569763 195.4822998046875 185.03888845443726 236.2818865776062 6569.6172211170197 567.59773397445679 994.42435622215271 277.73361468315125 10893.890016078949 267.54290366172791 196.07999587059021
leaf_count=50 170 42 1303 59 50 50 65 1883 154 266 72 3083 75 56
internal_value=-1.01958e-06 -0.00117182 -0.00146993 0.0112727 0.0213407 4.52851e-05 -0.00303913 -0.00221482 0.00943246 0.0109041 0.0151178 -0.000155634 0.0051427 0.00292795
internal_weight=26107.3 23660 23482.9 2447.28 386.02 11957.1 11525.8 7001.98 2061.26 1493.67 499.241 11504.5 452.582 432.362
internal_count=7378 6727 6685 651 100 3378 3307 2004 551 397 131 3253 125 121
cat_boundaries=0 4 10 16 22
cat_threshold=0 2147483648 328743 25165824 67584 134917120 134384144 2149855617 2013265920 29 415252664 24117897 71303168 134266888 67142912 64 0 0 134351376 8192 0 1
is_linear=0
shrinkage=0.03


Tree=6
num_leaves=15
num_cat=4
split_feature=18 9 18 14 1 13 18 15 11 1 10 16 18 10
split_gain=368.103 302.064 60.4119 47.6192 33.3106 13.3804 12.5058 13.6004 12.3221 13.8262 17.2176 26.0904 10.8008 10.5594
threshold=0 7.5000000000000009 1 0.062500000000000014 24.500000000000004 1.3571428571428574 2 1.0000000180025095e-35 0.75000000000000011 25.500000000000004 0.75000000000000011 0.37796447300922675 3 0.75000000000000011
decision_type=9 8 9 10 2 8 9 8 10 2 10 10 9 10
left_child=3 2 5 4 -1 12 -4 -8 9 10 11 -5 -2 -7
right_child=1 -3 6 8 -6 13 7 -9 -10 -11 -12 -13 -14 -15
leaf_value=0.011705892400489163 0.0036688428579369731 0.037881131567549804 -0.0043679938232275882 0.0072378963399068108 0.029222768482938054 0.010521367726022324 0.0028758907036633614 -0.0025926949484971389 0.0054343931991592898 0.007506890311043614 0.0057838573469649809 0.020368495264585926 -0.00037828530449738685 0.0012715328492802595
leaf_weight=195.77512812614441 616.68613362312317 176.05815482139587 3983.81574177742 209.74323892593384 198.56555247306824 187.24152660369873 433.63130712509155 7073.4133915901184 570.7551052570343 697.29422473907471 207.15293622016907 395.83763146400452 10889.880739927292 271.73625063896179
leaf_count=50 171 40 1153 55 50 50 121 2033 154 185 54 103 3083 76
internal_value=-1.17678e-06 -0.00115581 -0.00145091 0.0109796 0.0205779 4.22985e-05 -0.00300309 -0.00227344 0.00920433 0.0106247 0.0132872 0.0158401 -0.000158223 0.0050597
internal_weight=26107.6 23632.5 23456.4 2475.12 394.341 11965.5 11490.9 7507.04 2080.78 1510.03 812.734 605.581 11506.6 458.978
internal_count=7378 6727 6687 651 100 3380 3307 2154 551 397 212 158 3254 126
cat_boundaries=0 4 10 16 22
cat_threshold=0 2147483648 328743 25165824 67584 134917120 134384144 2149855617 2013265920 29 415252664 24117889 71303168 134266888 67142912 64 0 0 134351376 8192 0 1
is_linear=0
shrinkage=0.03


Tree=7
num_leaves=15
num_cat=5
split_feature=18 9 18 19 14 8 15 5 13 18 15 18 10 5
split_gain=353.69 298.717 58.8382 46.5733 64.2582 23.0734 13.0141 15.6357 12.5806 11.8205 14.1866 10.646 9.74005 8.01046
threshold=0 8.5000000000000018 1 2 0.31250000000000006 2.5000000000000004 0.44722222222222224 391.50000000000006 1.3571428571428574 3 1.0000000180025095e-35 4 0.75000000000000011 248.50000000000003
decision_type=9 8 9 1 10 8 8 2 8 9 8 9 10 2
left_child=3 2 8 4 -1 6 7 -5 11 -4 13 -2 -10 -11
right_child=1 -3 9 5 -6 -7 -8 -9 12 10 -12 -13 -14 -15
leaf_value=0.031144975864931843 0.0036020377196229266 0.037761649554770717 -0.0043133395279802682 0.0072738273348680925 0.010662131574446256 0.017624057938829953 0.0047431003284770347 0.016586501619871033 0.0098678693848729369 0.0068057780558889594 -0.0026046311891983341 -0.00040613530790419868 0.001142685799916721 -0.0015015074289755047
leaf_weight=222.81255745887756 618.95281577110291 175.32049584388733 4039.7166578769684 557.14721536636353 363.43701910972595 214.39204454421997 914.69723129272461 230.06605052947998 197.05421590805054 231.2176365852356 6675.1715312004089 11202.727084875107 275.79737043380737 189.34694147109985
leaf_count=55 171 38 1174 145 94 55 243 59 52 63 1924 3174 77 54
internal_value=-1.3307e-06 -0.00114001 -0.00143319 0.0106972 0.0181772 0.00831824 0.00718516 0.0100131 -1.17924e-06 -0.0030114 -0.00226466 -0.000193288 0.00479193 0.00307098
internal_weight=26107.9 23605.3 23430 2502.55 586.25 1916.3 1701.91 787.213 12294.5 11135.5 7095.74 11821.7 472.852 420.565
internal_count=7378 6727 6689 651 149 502 447 204 3474 3215 2041 3345 129 117
cat_boundaries=0 4 10 11 17 23
cat_threshold=0 2147483648 328743 25165824 68096 134917120 134384144 2149855617 2013265920 29 1 415252664 24117889 71303168 138461192 67142912 64 0 0 134351376 8192 0 1
is_linear=0
shrinkage=0.03


Tree=8
num_leaves=15
num_cat=6
split_feature=18 7 18 19 14 8 18 15 15 5 5 18 19 5
split_gain=339.93 293.623 57.2403 43.485 58.6693 21.657 12.4731 13.7727 12.3533 14.6649 11.5966 13.2571 7.53285 6.91897
threshold=0 20.500000000000004 1 2 0.31250000000000006 2.5000000000000004 3 1.0000000180025095e-35 0.44722222222222224 391.50000000000006 659.50000000000011 4 5 255.50000000000003
decision_type=9 8 9 1 10 8 9 8 8 2 2 9 1 2
left_child=3 2 10 4 -1 8 -4 13 9 -5 11 -2 -10 -8
right_child=1 -3 6 5 -6 -7 7 -9 12 -11 -12 -13 -14 -15
leaf_value=0.02973919866561751 -0.0011506984074594695 0.03755816406977381 -0.0042547677175971505 0.0071134273323071586 0.010391794310207406 0.017058508379284441 0.0064775077096958962 -0.0024999954134422965 0.0016828708646463646 0.016070802901974122 0.0043883710061496835 0.00089354295751846956 0.0072270449477083382 -0.0012924464355590951
leaf_weight=229.86124730110168 5880.0811579227448 174.28874015808105 4116.0820691585541 561.21458196640015 367.33276915550232 218.20399451255798 236.18744659423828 6933.4027721881866 443.98658275604248 233.91386270523071 526.78877878189087 5529.707240819931 475.05946397781372 182.0119047164917
leaf_count=55 1671 36 1201 145 94 55 64 2002 118 59 147 1554 125 52
internal_value=-1.48215e-06 -0.00112441 -0.00141454 0.010425 0.017582 0.0081262 -0.00292681 -0.00217805 0.00702726 0.00976542 4.08564e-05 -0.000160199 0.00465026 0.00310079
internal_weight=26108.1 23578.6 23404.3 2529.57 597.194 1932.38 11467.7 7351.6 1714.17 795.128 11936.6 11409.8 919.046 418.199
internal_count=7378 6727 6691 651 149 502 3319 2118 447 204 3372 3225 243 116
cat_boundaries=0 4 10 11 17 23 24
cat_threshold=0 2147483648 328743 25165824 68096 134917120 134384144 2149855617 1476395008 29 1 415252664 24117889 71303168 406896648 67142912 64 512 134228992 0 2101505 1207959552 20 12
is_linear=0
shrinkage=0.03


Tree=9
num_leaves=15
num_cat=4
split_feature=18 7 18 14 17 18 15 13 11 1 1 18 17 15
split_gain=326.833 275.097 55.8428 41.7983 30.4287 11.806 13.7031 11.4149 10.8989 12.1346 13.6933 10.1385 9.66242 7.39583
threshold=0 20.500000000000004 1 0.062500000000000014 0.082523609752426827 2 1.0000000180025095e-35 1.3571428571428574 0.75000000000000011 16.500000000000004 6.5000000000000009 3 0.61581870204187805 0.17311111111111113
decision_type=9 8 9 10 8 9 8 8 10 2 2 9 10 10
left_child=3 2 7 4 -1 -4 -7 11 9 10 -5 13 -9 -2
right_child=1 -3 5 8 -6 6 -8 12 -10 -11 -12 -13 -14 -15
leaf_value=0.010541173729225346 0.0064717764015563024 0.035635186690621282 -0.0041838152393049374 0.0080329936172148925 0.026885717255126593 0.003138057416720649 -0.0024952126984028574 0.0011213239377018595 0.0049986176602972573 0.0079141155274947712 0.01782347686043774 -0.00038575687367906427 0.0098745688507824812 -0.00011390264463908562
leaf_weight=202.42591571807861 347.85958909988403 180.95919227600098 4219.8807201385498 232.52675461769104 211.16377449035645 412.34309077262878 6541.6974425315857 289.27602028846741 583.27796244621277 1032.0191850662231 294.67821764945984 11100.154324054718 186.10131025314331 273.95888352394104
leaf_count=50 95 36 1235 59 50 114 1896 79 154 266 72 3146 50 76
internal_value=-1.59609e-06 -0.00110902 -0.00139551 0.0101634 0.0189308 -0.00292622 -0.00215768 9.27699e-06 0.00851035 0.00981998 0.0135287 -0.000175705 0.00456159 0.00351826
internal_weight=26108.3 23552.2 23371.3 2556.09 413.59 11173.9 6954.04 12197.4 2142.5 1559.22 527.205 11722 475.377 621.818
internal_count=7378 6727 6691 651 100 3245 2010 3446 551 397 131 3317 129 171
cat_boundaries=0 4 10 16 22
cat_threshold=0 2147483648 328743 25165824 67584 134917120 134384144 2149986689 2013265920 29 415252664 24117897 71303168 406896648 34048 64 0 0 134351376 8192 0 1
is_linear=0
shrinkage=0.03


Tree=10
num_leaves=15
num_cat=4
split_feature=18 7 18 15 11 18 15 5 18 10 1 16 1 15
split_gain=314.286 258.227 54.462 40.4548 12.1226 11.8152 12.3325 11.1699 12.7179 10.6543 15.3872 28.2961 11.7896 9.967
threshold=0 20.500000000000004 1 0.041666666666666678 0.75000000000000011 2 1.0000000180025095e-35 659.50000000000011 3 0.75000000000000011 16.500000000000004 0.75592894601845373 32.500000000000007 0.38611111111111118
decision_type=9 8 9 10 10 9 8 2 9 10 2 10 2 10
left_child=3 2 7 -1 9 -4 -7 8 -2 10 11 -5 -12 -14
right_child=1 -3 5 4 -6 6 -8 -9 -10 -11 12 -13 13 -15
leaf_value=0.019695534412687413 -0.0011285959184786662 0.033875536111180944 -0.0041750141067271812 0.0077998327286173284 0.0047059836092947054 0.0027547606591795302 -0.0024479576490505075 0.0042970612762485696 0.00087377882766865092 0.0053654458965972322 0.0050213346202364019 0.023144694651703622 0.016667756904526657 0.0077043120696672716
leaf_weight=333.31232619285583 5870.6246266365051 187.52396965026855 4009.8434975147247 212.45613360404968 570.57512760162354 434.91423869132996 6957.4314393997192 529.29949402809143 5536.6505715847015 383.19264793395996 407.90310645103455 222.56450295448303 219.0167281627655 233.2681040763855
leaf_count=81 1671 36 1180 52 150 120 2019 147 1554 97 103 54 54 60
internal_value=-1.74116e-06 -0.00109382 -0.00137671 0.00991027 0.00849597 -0.00285811 -0.00213864 4.08595e-05 -0.000156953 0.00978082 0.011082 0.0156856 0.00873828 0.012072
internal_weight=26108.6 23526.3 23338.8 2582.29 2248.98 11402.2 7392.35 11936.6 11407.3 1678.4 1295.21 435.021 860.188 452.285
internal_count=7378 6727 6691 651 570 3319 2139 3372 3225 420 323 106 217 114
cat_boundaries=0 4 10 16 22
cat_threshold=0 2147483648 328743 25165824 68096 134917120 134384144 2149855617 1476395008 29 415252664 24117889 71303168 402702344 67142912 64 512 134228992 0 2101505 1207959552 20
is_linear=0
shrinkage=0.03


Tree=11
num_leaves=15
num_cat=5
split_feature=18 7 18 19 14 13 15 8 15 5 10 18 5 19
split_gain=314.57 244.048 48.4255 42.3104 53.5228 12.7446 12.197 10.6337 10.198 16.0158 9.19501 7.91213 7.90178 7.79298
threshold=0 20.500000000000004 1 2 0.27678571428571436 1.3571428571428574 1.0000000180025095e-35 2.5000000000000004 0.44722222222222224 391.50000000000006 0.75000000000000011 3 310.50000000000006 4
decision_type=9 8 9 1 10 8 8 10 8 2 10 9 2 1
left_child=3 2 5 4 -1 11 12 8 9 -5 -7 -2 -4 -10
right_child=1 -3 6 7 -6 10 -8 -9 13 -11 -12 -13 -14 -15
leaf_value=0.025959035498838819 -0.0012120450774668471 0.032259324266470976 0.0038604724905806818 0.0062061917208922381 0.0091100992373893911 0.0095073405295378818 -0.0033174821385010089 0.01350807149885014 0.0013238533865942402 0.014581291841658989 0.0010328319414138812 0.00027576449577952292 -0.0038571953108228088 0.0068624664644796694
leaf_weight=287.20065951347351 6259.4166111946106 193.98526954650879 362.03902316093445 726.1170699596405 416.98735570907593 196.29224896430969 9162.9719653129578 217.08695602416992 459.60470652580261 287.50844764709473 277.70612215995789 6603.099680185318 176.97397947311401 481.82447338104248
leaf_count=66 1793 36 99 185 104 51 2686 53 120 71 77 1862 51 124
internal_value=-1.87679e-06 -0.00116199 -0.00144529 0.00933725 0.0157851 -0.000270651 -0.00305635 0.00717791 0.00650516 0.00859377 0.00455492 -0.000449029 0.00132408 0.00424966
internal_weight=26108.8 23232.5 23038.5 2876.33 704.188 13336.5 9701.98 2172.14 1955.05 1013.63 473.998 12862.5 539.013 941.429
internal_count=7378 6655 6619 723 170 3783 2836 553 500 256 128 3655 150 244
cat_boundaries=0 4 10 11 17 18
cat_threshold=0 2147483648 134678071 25174016 76288 134917120 34816 2149978497 2013265920 61 33 8704 134227968 0 131073 671088640 52 12
is_linear=0
shrinkage=0.03


Tree=12
num_leaves=15
num_cat=5
split_feature=18 7 18 19 14 13 15 8 15 5 17 18 5 19
split_gain=302.788 229.882 47.2206 39.7023 49.3251 12.3208 11.8962 10.0389 9.69702 15.0893 8.85192 7.68928 7.65898 7.47422
threshold=0 20.500000000000004 1 2 0.27678571428571436 1.3571428571428574 1.0000000180025095e-35 2.5000000000000004 0.44722222222222224 391.50000000000006 0.61581870204187805 3 310.50000000000006 4
decision_type=9 8 9 1 10 8 8 10 8 2 10 9 2 1
left_child=3 2 5 4 -1 11 12 8 9 -5 -7 -2 -4 -10
right_child=1 -3 6 7 -6 10 -8 -9 13 -11 -12 -13 -14 -15
leaf_value=0.024915625485209959 -0.0011954768815303606 0.030769784586740644 0.0037883955019533846 0.0060758017007207215 0.0088928964198157403 0.0011380102749888122 -0.0032790060346872913 0.013128670479099894 0.0013028937750829194 0.014156028327539144 0.0094892785443582602 0.00027158771974568032 -0.0038147687641382475 0.0067169496360645481
leaf_weight=294.75372409820557 6251.834440946579 200.34513473510742 363.43937540054321 730.6375150680542 420.80350780487061 287.10312032699585 9132.6242647171021 220.03927850723267 460.21356225013733 291.73140835762024 189.05734205245972 6604.9208266735077 176.2926778793335 485.14234781265259
leaf_count=66 1793 36 99 185 104 78 2686 53 120 71 50 1862 51 124
internal_value=-1.94767e-06 -0.0011461 -0.00142586 0.00911279 0.015305 -0.000266706 -0.00302012 0.00702106 0.00636742 0.00839306 0.00446678 -0.000442556 0.00130251 0.00417021
internal_weight=26108.9 23205.6 23005.3 2903.32 715.557 13332.9 9672.36 2187.76 1967.72 1022.37 476.16 12856.8 539.732 945.356
internal_count=7378 6655 6619 723 170 3783 2836 553 500 256 128 3655 150 244
cat_boundaries=0 4 10 11 17 18
cat_threshold=0 2147483648 134678071 25174016 76288 134917120 34816 2149978497 2013265920 61 33 8704 134227968 0 131073 671088640 52 12
is_linear=0
shrinkage=0.03


Tree=13
num_leaves=15
num_cat=4
split_feature=18 7 18 19 5 17 13 15 8 15 5 10 18 5
split_gain=291.51 216.855 46.0429 37.2883 46.6729 14.513 11.9122 11.6022 9.48374 9.22461 14.2272 8.74706 7.47256 7.42403
threshold=0 20.500000000000004 1 2 171.50000000000003 0.42447833863275047 1.3571428571428574 1.0000000180025095e-35 2.5000000000000004 0.44722222222222224 391.50000000000006 0.75000000000000011 3 310.50000000000006
decision_type=9 8 9 1 2 8 8 8 10 8 2 10 9 2
left_child=3 2 6 4 -1 -6 12 13 9 10 -5 -8 -2 -4
right_child=1 -3 7 8 5 -7 11 -9 -10 -11 -12 -13 -14 -15
leaf_value=0.026140004684769978 -0.0011791154169130992 0.029392673178431659 0.003717932824957546 0.0059489307014326557 0.0043786807566098679 0.014683637335182841 0.0091688757848960908 -0.0032408502873322365 0.012764760556938971 0.0040925610818873725 0.013749017863533143 0.00094659861107668491 0.00026747544208961463 -0.0037726497354427812
leaf_weight=231.83296251296997 6244.3650722503662 206.60553932189941 364.81883382797241 735.09023427963257 234.77718567848206 260.14216041564941 199.06692147254944 9102.7273879051208 222.94714665412903 949.22555327415466 295.89053511619568 279.22300791740417 6606.7147104740143 175.62144112586975
leaf_count=52 1793 36 99 185 55 63 51 2686 53 244 71 77 1862 51
internal_value=-2.01053e-06 -0.0011304 -0.00140667 0.00889575 0.0148467 0.00981391 -0.000262817 -0.00298421 0.00686872 0.00623345 0.0081987 0.00438075 -0.000436172 0.00128132
internal_weight=26109 23179.1 22972.5 2929.91 726.752 494.919 13329.4 9643.17 2203.15 1980.21 1030.98 478.29 12851.1 540.44
internal_count=7378 6655 6619 723 170 118 3783 2836 553 500 256 128 3655 150
cat_boundaries=0 4 10 11 17
cat_threshold=0 2147483648 134678071 25174016 76288 134917120 34816 2149978497 2013265920 61 33 8704 134227968 0 131073 671088640 52
is_linear=0
shrinkage=0.03


Tree=14
num_leaves=15
num_cat=5
split_feature=18 7 18 19 0 13 15 8 15 5 17 18 5 19
split_gain=280.681 204.841 44.892 35.0609 45.3527 11.5179 11.3149 8.9676 8.78618 13.4243 8.42145 7.27132 7.19664 7.15409
threshold=0 20.500000000000004 1 2 21.500000000000004 1.3571428571428574 1.0000000180025095e-35 2.5000000000000004 0.44722222222222224 391.50000000000006 0.61581870204187805 3 310.50000000000006 4
decision_type=9 8 9 1 2 8 8 10 8 2 10 9 2 1
left_child=3 2 5 4 -1 11 12 8 9 -5 -7 -2 -4 -10
right_child=1 -3 6 7 -6 10 -8 -9 13 -11 -12 -13 -14 -15
leaf_value=0.009516624958235801 0.00031940251845861983 0.028115812479869159 0.0036490383009235711 0.0058254514835018407 0.025528932415537366 0.0010508485028908904 -0.0032030155349479445 0.012415448072421139 0.0012177446118634711 0.013359150308015835 0.0091535544202939242 -0.0011089769640002742 -0.0037308389060428221 0.0064896637043854932
leaf_weight=504.6444845199585 6112.9473330974579 212.76835441589355 366.17773199081421 739.47626566886902 233.1261203289032 288.67767095565796 9073.2745082378387 225.81126070022583 462.70334219932556 299.9868381023407 191.71030855178833 6732.5412316322327 174.96013021469116 490.41494512557983
leaf_count=116 1721 36 99 185 54 78 2686 53 120 71 50 1934 51 124
internal_value=-2.10865e-06 -0.00111489 -0.0013877 0.00868519 0.014409 -0.000258984 -0.00294862 0.00671993 0.00610228 0.00801041 0.00429672 -0.000429878 0.0012605 0.00401508
internal_weight=26109.2 23153.1 22940.3 2956.16 737.771 13325.9 9614.41 2218.39 1992.58 1039.46 480.388 12845.5 541.138 953.118
internal_count=7378 6655 6619 723 170 3783 2836 553 500 256 128 3655 150 244
cat_boundaries=0 4 10 11 17 18
cat_threshold=0 2147483648 134678071 25174016 76288 134917120 34816 2149978497 2013265920 61 33 65536 689152 34816 2149843072 1342177280 9 12
is_linear=0
shrinkage=0.03


Tree=15
num_leaves=15
num_cat=4
split_feature=18 7 18 19 15 13 15 5 7 1 17 5 18 5
split_gain=270.423 193.793 43.544 31.4077 49.6347 11.0543 11.0341 8.87616 8.57032 8.28469 8.15488 6.97656 6.96063 6.80477
threshold=0 20.500000000000004 1 2 0.097222222222222238 1.3571428571428574 1.0000000180025095e-35 555.50000000000011 0.75000000000000011 21.500000000000004 0.61581870204187805 310.50000000000006 3 197.50000000000003
decision_type=9 8 9 1 10 8 8 2 10 2 10 2 9 2
left_child=3 2 5 4 -1 12 11 8 -5 -6 -7 -4 -2 -10
right_child=1 -3 6 7 9 10 -8 -9 13 -11 -12 -13 -14 -15
leaf_value=0.025408544351330029 -0.0011477457514674787 0.026928723847077046 0.0035816676061839175 0.0048195735154933353 0.013228402138531388 0.001008755158881391 -0.0031655019260413988 0.012436434044648174 0.013345936887297259 0.0056180620474438614 0.008935532514971924 -0.0036893378947357083 0.00025029062251415087 0.0063926847933734651
leaf_weight=234.56972026824951 6230.0936357975006 218.83539962768555 367.51637005805969 1493.887627363205 223.52201652526855 293.21634221076965 9044.2590327262878 212.46670937538147 217.27671480178833 308.27152967453003 193.47319841384888 174.30859756469727 6586.4957256317139 311.10997629165649
leaf_count=51 1793 36 99 372 51 79 2686 51 54 73 50 51 1855 77
internal_value=-2.15547e-06 -0.00110372 -0.00137337 0.00845285 0.0137555 -0.000261177 -0.00291335 0.00657592 0.00598685 0.00883564 0.00417174 0.00124005 -0.000430026 0.00927173
internal_weight=26109.3 23108.2 22889.4 3001.1 766.363 13303.3 9586.08 2234.74 2022.27 531.794 486.69 541.825 12816.6 528.387
internal_count=7378 6649 6613 729 175 3777 2836 554 503 124 129 150 3648 131
cat_boundaries=0 4 10 11 17
cat_threshold=0 2147483648 134549047 25174016 76288 134917120 163840 2149978497 2013265920 61 33 8704 134227968 0 131073 671088640 52
is_linear=0
shrinkage=0.03


Tree=16
num_leaves=15
num_cat=5
split_feature=18 7 18 19 14 15 13 16 0 10 18 17 5 18
split_gain=260.042 183.277 43.2951 32.0828 43.4284 10.7597 10.5763 8.37001 17.0418 7.98453 7.23643 7.17704 6.76352 5.19994
threshold=0 20.500000000000004 1 2 0.27678571428571436 1.0000000180025095e-35 1.3571428571428574 1.8644544714716094 17.500000000000004 0.75000000000000011 3 0.691265999193164 310.50000000000006 4
decision_type=9 8 9 1 10 8 8 8 2 10 9 10 2 9
left_child=3 2 6 4 -1 12 10 11 -9 -8 -2 -5 -4 -7
right_child=1 -3 5 7 -6 13 9 8 -10 -11 -12 -13 -14 -15
leaf_value=0.02247389404696264 0.00034309171568605389 0.025822348032694249 0.0035157782216861805 0.0063109708473415753 0.0078287396130328687 -0.0041182814007038162 0.0085531648072847636 0.0048618855199142504 0.01639473307728739 0.00079979631349190276 -0.0010792961656791542 0.00079884097379078422 -0.003648147774153085 -0.0025790323047582978
leaf_weight=313.27457404136658 6166.4181365966797 224.80840873718262 368.83505320549011 1486.3684053421021 437.91430282592773 3171.390655040741 206.87834000587463 257.85836601257324 209.43193387985229 281.84366583824158 6718.0567607879639 248.4137179851532 173.66669893264771 5844.2839713096619
leaf_count=65 1734 36 99 365 103 952 52 63 50 77 1934 63 51 1734
internal_value=-2.23549e-06 -0.00107272 -0.00133797 0.00836418 0.013775 -0.0028784 -0.00023453 0.00645912 0.0100547 0.0040926 -0.000399149 0.00552257 0.00121996 -0.00312831
internal_weight=26109.4 23156.2 22931.4 2953.26 751.189 9558.18 13373.2 2202.07 467.29 488.722 12884.5 1734.78 542.502 9015.67
internal_count=7378 6669 6633 709 168 2836 3797 541 113 129 3668 428 150 2686
cat_boundaries=0 4 10 11 17 23
cat_threshold=0 2147483648 134546999 25174016 76288 134917120 165888 2149978497 2013265920 61 33 65536 689152 165888 2149843072 1342177280 9 2562740408 24117888 67108864 134266880 525568 64
is_linear=0
shrinkage=0.03


Tree=17
num_leaves=15
num_cat=5
split_feature=18 7 18 19 5 17 15 13 8 15 5 17 18 19
split_gain=250.57 173.725 42.2012 30.3817 45.283 13.9288 10.492 10.2677 8.97475 8.34037 13.0503 7.74304 7.02078 6.78189
threshold=0 20.500000000000004 1 2 171.50000000000003 0.42447833863275047 1.0000000180025095e-35 1.3571428571428574 2.5000000000000004 0.44722222222222224 391.50000000000006 0.61581870204187805 3 4
decision_type=9 8 9 1 2 8 8 8 10 8 2 10 9 1
left_child=3 2 7 4 -1 -6 -4 12 9 10 -5 -9 -2 -11
right_child=1 -3 6 8 5 -7 -8 11 -10 13 -12 -13 -14 -15
leaf_value=0.024329065589395661 0.00033684784161713019 0.024788803700122153 0.0012002114656794616 0.0053642404025866291 0.003399044550203538 0.013231514043635987 -0.0030915334886261318 0.00094089453139330876 0.011977791833687275 0.0010005259196499382 0.012793145513879303 0.0086280971886854366 -0.0010643985984347499 0.0060784303204328965
leaf_weight=240.28758668899536 6168.950012922287 230.6890983581543 543.16837811470032 714.87410068511963 247.40116000175476 273.6232533454895 8987.587943315506 294.47692704200745 228.38854169845581 469.1756420135498 303.97228693962097 196.01459336280823 6710.8097989559174 500.24516344070435
leaf_count=50 1734 36 150 175 55 63 2686 79 52 120 70 50 1934 124
internal_value=-2.36174e-06 -0.0010581 -0.00131999 0.0081719 0.0133991 0.00857816 -0.00284386 -0.000231302 0.00631931 0.0056954 0.00759102 0.00402423 -0.000393842 0.00369736
internal_weight=26109.7 23131.7 22901 2977.97 761.312 521.024 9530.76 13370.3 2216.66 1988.27 1018.85 490.492 12879.8 969.421
internal_count=7378 6669 6633 709 168 118 2836 3797 541 489 245 129 3668 244
cat_boundaries=0 4 10 11 17 18
cat_threshold=0 2147483648 134678071 25165824 76288 134917120 34816 2149986689 2013265920 61 33 65536 689152 34816 2149851264 1342177280 9 12
is_linear=0
shrinkage=0.03


Tree=18
num_leaves=15
num_cat=6
split_feature=18 7 18 19 0 18 1 18 16 0 5 17 19 6
split_gain=241.522 164.836 41.2711 28.4662 41.146 20.9663 11.2226 10.5326 7.75622 15.8137 7.0082 6.77376 6.41944 11.4357
threshold=0 20.500000000000004 1 2 21.500000000000004 3 37.500000000000007 4 1.8644544714716094 17.500000000000004 28.500000000000004 0.691265999193164 5 210.00000000000003
decision_type=9 8 9 1 2 9 2 9 8 2 2 10 1 2
left_child=3 2 -2 4 -1 -4 7 -7 11 -10 -9 -5 13 -8
right_child=1 -3 5 8 -6 6 12 10 9 -11 -12 -13 -14 -15
leaf_value=0.0084260709881519881 -0.0037143472166379964 0.023821211396197549 -0.0020980684694823304 0.0060524142402273483 0.023312991950713624 -0.00046401324281941891 0.0072886731911656101 0.0063827495051979443 0.0046311187255400144 0.015636349227315813 0.0013512620163120635 0.00071472269053958113 -0.0021134480251547342 -0.0010106310260145817
leaf_weight=527.00089645385742 4980.7211267948151 236.47906494140625 5859.0674550533295 1504.724954366684 245.13352203369141 4004.5671048164368 193.71073031425476 263.32405948638916 260.91724681854248 214.65852284431458 4370.6339311599731 249.75755143165588 2557.3344476222992 641.68335103988647
leaf_count=115 1500 36 1730 365 53 1143 55 73 63 50 1226 63 724 182
internal_value=-2.39007e-06 -0.00104362 -0.00130221 0.00798643 0.0130081 -0.000628061 8.90769e-05 0.000663354 0.00619242 0.00962089 0.00163496 0.00529341 -0.00137264 0.000909348
internal_weight=26109.7 23107.5 22871 3002.19 772.134 17890.3 12031.3 8638.53 2230.06 475.576 4633.96 1754.48 3392.73 835.394
internal_count=7378 6669 6633 709 168 5133 3403 2442 541 113 1299 428 961 237
cat_boundaries=0 4 10 11 17 23 24
cat_threshold=0 2147483648 134546999 25174016 415256760 24117901 71303168 406896648 67142912 64 33 2147656192 33837058 41943040 67242496 539894272 418 0 134228992 32768 2147487745 1073741824 28 1
is_linear=0
shrinkage=0.03


Tree=19
num_leaves=15
num_cat=4
split_feature=18 7 18 15 17 18 1 18 11 5 5 10 1 16
split_gain=232.84 156.6 40.1496 27.1231 23.1474 20.2819 10.1888 9.85062 9.35941 9.09064 7.42417 7.41619 11.8487 26.6342
threshold=0 20.500000000000004 1 0.041666666666666678 0.070472643052421721 2 37.500000000000007 3 0.75000000000000011 28.500000000000004 653.50000000000011 0.75000000000000011 16.500000000000004 0.75592894601845373
decision_type=9 8 9 10 8 9 2 9 10 2 2 10 2 10
left_child=3 2 -2 4 -1 -4 7 10 11 -9 -7 12 13 -5
right_child=1 -3 5 8 -6 6 -8 9 -10 -11 -12 -13 -14 -15
leaf_value=0.0075509586059045843 -0.0036728237275306186 0.022913529878294911 -0.00207123660701553 0.0056341623393599046 0.021238499329731965 -0.0007405841167076149 -0.0013080438670701959 0.0072032848502232814 0.0033881236727895982 0.0012634350987620827 0.0054059388372678695 0.0040920585333765998 0.0066946347039610271 0.019100055793813384
leaf_weight=217.49538493156433 4962.2553298473358 242.17992210388184 5846.7874829769135 271.50016760826111 230.2066650390625 3828.2005989551544 3400.8798427581787 244.00863313674927 616.69077253341675 4355.4088358879089 184.43098187446594 423.17376255989075 1027.8392972946167 258.86815738677979
leaf_count=50 1500 36 1730 62 50 1096 964 67 152 1219 51 100 244 57
internal_value=-2.51094e-06 -0.00103319 -0.00128875 0.00777794 0.0146207 -0.000623768 8.19767e-05 0.000631076 0.00662354 0.00157663 -0.000455662 0.00762833 0.00858546 0.0122303
internal_weight=26109.9 23064.2 22822 3045.77 447.702 17859.7 12012.9 8612.05 2598.07 4599.42 4012.63 1981.38 1558.21 530.368
internal_count=7378 6663 6627 715 100 5127 3397 2433 615 1286 1147 463 363 119
cat_boundaries=0 4 10 16 22
cat_threshold=0 2147483648 134549047 25165824 415256760 24117901 71303168 406896648 67142912 64 2147656192 33837058 41943040 67242496 539894272 418 0 134228992 32768 2147487745 1207959552 20
is_linear=0
shrinkage=0.03


Tree=20
num_leaves=15
num_cat=6
split_feature=18 7 18 19 5 18 17 1 18 8 15 5 5 19
split_gain=224.492 148.81 39.3033 26.786 41.26 19.8398 13.0015 10.0472 9.66929 8.04344 7.67364 12.0918 6.52553 6.43471
threshold=0 20.500000000000004 1 2 171.50000000000003 3 0.42447833863275047 37.500000000000007 4 2.5000000000000004 0.44722222222222224 391.50000000000006 28.500000000000004 5
decision_type=9 8 9 1 2 9 8 2 9 10 8 2 2 1
left_child=3 2 -2 4 -1 -4 -6 8 -7 10 11 -5 -10 -12
right_child=1 -3 5 9 6 7 -8 -9 12 -11 13 -13 -14 -15
leaf_value=0.02261966795484122 -0.0036316135070743414 0.022060437765548366 -0.0020446925648809604 0.0049795042609386761 0.0029363957156901912 -0.00045163311392128419 0.012294062324823782 -0.0012964572216261673 0.0061097849962233443 0.011173398764854091 0.00080476294745534106 0.012040497342686897 0.0012841154610208152 0.0057024162558997477
leaf_weight=251.2813720703125 4944.0630440711975 247.79318046569824 5834.6900084018707 728.73040771484375 253.84518766403198 4001.1258909702301 283.09109783172607 3395.7761001586914 266.75862431526184 235.46609210968018 475.16205286979675 312.49320268630981 4370.2347342967987 509.57698893547058
leaf_count=50 1500 36 1730 175 55 1143 63 964 73 52 120 70 1223 124
internal_value=-2.60349e-06 -0.00101535 -0.00126741 0.00763163 0.0124465 -0.000610714 0.00788376 8.57902e-05 0.000629359 0.00590128 0.00531243 0.00710818 0.00155962 0.0034084
internal_weight=26110.1 23060.4 22812.6 3049.65 788.218 17868.6 536.936 12033.9 8638.12 2261.43 2025.96 1041.22 4636.99 984.739
internal_count=7378 6669 6633 709 168 5133 118 3403 2439 541 489 245 1296 244
cat_boundaries=0 4 10 11 17 23 24
cat_threshold=0 2147483648 134678071 25165824 415256760 24117901 71303168 406896648 67142912 64 33 2147656192 33837058 41943040 67242496 539894272 418 0 134228992 32768 2147487745 1073741824 28 12
is_linear=0
shrinkage=0.03


Tree=21
num_leaves=15
num_cat=5
split_feature=18 7 18 19 14 15 13 10 5 7 5 18 5 18
split_gain=216.535 141.571 38.1833 25.1272 38.0905 9.8825 9.5866 7.59541 7.21255 8.30413 6.52799 6.25506 5.98148 5.25087
threshold=0 20.500000000000004 1 2 0.27678571428571436 1.0000000180025095e-35 1.3571428571428574 0.75000000000000011 555.50000000000011 0.75000000000000011 310.50000000000006 3 197.50000000000003 4
decision_type=9 8 9 1 10 8 8 10 2 10 2 9 2 9
left_child=3 2 6 4 -1 10 11 -8 9 13 -4 -2 -11 -5
right_child=1 -3 5 8 -6 -7 7 -9 -10 12 -12 -13 -14 -15
leaf_value=0.019914366918988603 0.00031308347799190021 0.021257225963401728 0.0034600621252495567 0.002542063317424903 0.0066337122637152111 -0.0029538333652428138 0.0081874938526787077 0.00067297294444702697 0.010973946309747917 0.012151371246481172 -0.0035875069083399053 -0.0010102529524331869 0.005740138310872416 0.0062463006813100784
leaf_weight=336.38143348693848 6178.6052429676056 253.32035064697266 369.95751738548279 898.07204103469849 462.27490043640137 8883.9575397968292 210.17116665840149 284.14745426177979 219.89543962478638 226.91650199890137 172.73019027709961 6684.6018481254578 316.61767816543579 612.5319983959198
leaf_count=65 1734 36 99 218 103 2686 52 77 50 54 51 1934 75 144
internal_value=-2.65676e-06 -0.00100153 -0.00125037 0.00746327 0.012094 -0.00271089 -0.000217341 0.00387803 0.00578654 0.00525432 0.00121444 -0.00037518 0.00843412 0.00410537
internal_weight=26110.2 23037.5 22784.2 3072.69 798.656 9426.65 13357.5 494.319 2274.03 2054.14 542.688 12863.2 543.534 1510.6
internal_count=7378 6669 6633 709 168 2836 3797 129 541 491 150 3668 129 362
cat_boundaries=0 4 10 11 17 21
cat_threshold=0 2147483648 134546999 25174016 76288 134917120 165888 2149978497 2013265920 61 33 65536 689152 165888 2149843072 1342177280 9 0 0 534 25165824
is_linear=0
shrinkage=0.03


Tree=22
num_leaves=15
num_cat=2
split_feature=18 7 18 15 17 15 13 11 17 10 1 16 1 5
split_gain=208.925 134.835 37.0211 24.5212 22.8031 9.90895 9.25653 8.66807 7.37555 6.95448 10.7111 24.5084 8.85597 6.50631
threshold=0 20.500000000000004 1 0.041666666666666678 0.073920625693600403 1.0000000180025095e-35 1.3571428571428574 0.75000000000000011 0.61581870204187805 0.75000000000000011 16.500000000000004 0.75592894601845373 33.500000000000007 310.50000000000006
decision_type=9 8 9 10 8 8 8 10 10 10 2 10 2 2
left_child=3 2 6 4 -1 13 -2 9 -8 10 11 -5 -12 -4
right_child=1 -3 5 7 -6 -7 8 -9 -10 -11 12 -13 -14 -15
leaf_value=0.0068467639048393732 -0.00038242921946193842 0.020499714132623643 0.0035050972208311611 0.0051837461753834043 0.020200601157502815 -0.0029336592135553847 0.000800318081288454 0.0030917158905814919 0.0082318337981515995 0.0037424899452835241 0.0035455305971805579 0.01791338620028023 0.0090683459682566765 -0.0035470939493722322
leaf_weight=227.33074831962585 12915.101793050766 258.76287460327148 367.41950511932373 277.6122453212738 235.33425140380859 8781.2112708091736 300.94513154029846 626.868412733078 199.38993787765503 431.12856125831604 533.34092473983765 268.26677966117859 515.35427260398865 172.11163139343262
leaf_count=51 3685 36 98 62 49 2663 80 152 50 100 125 57 119 51
internal_value=-2.65514e-06 -0.000991479 -0.0012374 0.00727411 0.0136681 -0.00268832 -0.000227035 0.00618154 0.00377238 0.00713571 0.00805023 0.0114609 0.00626563 0.00125303
internal_weight=26110.2 22994.9 22736.2 3115.24 462.665 9320.74 13415.4 2652.57 500.335 2025.7 1594.57 545.879 1048.7 539.531
internal_count=7378 6663 6627 715 100 2812 3815 615 130 463 363 119 244 149
cat_boundaries=0 4 10
cat_threshold=0 2147483648 134549047 25165824 76288 134917120 163840 2149986689 2013265920 189
is_linear=0
shrinkage=0.03


Tree=23
num_leaves=15
num_cat=4
split_feature=18 7 18 19 5 17 15 13 8 10 15 5 5 18
split_gain=201.49 128.422 36.2441 23.7074 37.2843 12.5351 9.65797 9.03976 7.38473 7.29458 7.15224 11.1218 6.30713 6.14791
threshold=0 20.500000000000004 1 2 171.50000000000003 0.42447833863275047 1.0000000180025095e-35 1.3571428571428574 2.5000000000000004 0.75000000000000011 0.44722222222222224 391.50000000000006 310.50000000000006 3
decision_type=9 8 9 1 2 8 8 8 10 10 8 2 2 9
left_child=3 2 7 4 -1 -6 12 13 10 -9 11 -5 -4 -2
right_child=1 -3 6 8 5 -7 -8 9 -10 -11 -12 -13 -14 -15
leaf_value=0.021022071540684212 0.00031219923765465061 0.019784175723685946 0.003440881033749676 0.004641738121801642 0.0024842946445423441 0.011548043776282355 -0.002898513793531001 0.0079382331368171109 0.010502914861279926 0.00060409710265716776 0.0031319047407253383 0.011332956587352169 -0.0035069950777478738 -0.00099642198990689251
leaf_weight=262.50208425521851 6178.9650819301605 264.12219429016113 368.70961046218872 741.34489321708679 260.47369527816772 291.1051812171936 8755.4880058765411 212.47617363929749 241.70797395706177 285.41439962387085 999.85602641105652 320.94935345649719 171.50221562385559 6755.6314775943756
leaf_count=50 1734 36 98 175 55 63 2663 52 52 77 244 70 51 1958
internal_value=-2.69504e-06 -0.000974238 -0.00121676 0.0071399 0.0115894 0.00728008 -0.00265547 -0.000218862 0.00552005 0.0037436 0.00495795 0.0066721 0.00123272 -0.000371836
internal_weight=26110.2 22992.3 22728.2 3117.94 814.081 551.579 9295.7 13432.5 2303.86 497.891 2062.15 1062.29 540.212 12934.6
internal_count=7378 6669 6633 709 168 118 2812 3821 541 129 489 245 149 3692
cat_boundaries=0 4 10 11 17
cat_threshold=0 2147483648 134678071 25165824 76288 134917120 34816 2149986689 2013265920 189 33 65536 689152 34816 2149851264 1342177280 9
is_linear=0
shrinkage=0.03


Tree=24
num_leaves=15
num_cat=5
split_feature=18 7 18 19 0 15 13 17 16 0 5 17 18 19
split_gain=194.402 122.443 35.31 22.2466 36.6174 9.41289 8.71471 6.97052 6.70418 14.0467 6.11433 6.0318 6.00033 4.92542
threshold=0 20.500000000000004 1 2 21.500000000000004 1.0000000180025095e-35 1.3571428571428574 0.61581870204187805 1.8644544714716094 17.500000000000004 310.50000000000006 0.070472643052421721 3 4
decision_type=9 8 9 1 2 8 8 10 8 2 2 10 9 1
left_child=3 2 6 4 -1 10 12 -8 11 -10 -4 -5 -2 -13
right_child=1 -3 5 8 -6 -7 7 -9 9 -11 -12 13 -14 -15
leaf_value=0.0070419904237673759 0.00028723311422364082 0.019107281620126784 0.0033780590051641045 0.0079958096168621338 0.020600034064308822 -0.0028636877183902077 0.00074518858533025793 0.0079573384471107282 0.0038945179953513045 0.014021278472407627 -0.0034672111363775429 0.0054690040525005174 -0.0010046200045048786 0.0018836267629813506
leaf_weight=560.31041145324707 6392.6354169845581 269.39966583251953 369.98047542572021 371.81090760231018 263.94465351104736 8730.1470034122467 298.17362570762634 201.79668855667114 271.18372440338135 226.70270729064941 170.9018120765686 714.39844179153442 6537.2092702388763 731.72899079322815
leaf_count=115 1795 36 98 87 53 2663 79 50 63 50 51 167 1897 174
internal_value=-2.73789e-06 -0.000960869 -0.00120028 0.00698506 0.0112668 -0.00262293 -0.000215944 0.00366621 0.00541505 0.0085244 0.00121276 0.00458903 -0.000366498 0.0037082
internal_weight=26110.3 22970.2 22700.8 3140.08 824.255 9271.03 13429.8 499.97 2315.82 497.886 540.882 1817.94 12929.8 1446.13
internal_count=7378 6669 6633 709 168 2812 3821 129 541 113 149 428 3692 341
cat_boundaries=0 4 10 11 17 18
cat_threshold=0 2147483648 134546999 25174016 76288 134917120 165888 2149978497 2013265920 189 33 65536 689152 165888 2149581184 1342177280 9 18
is_linear=0
shrinkage=0.03


Tree=25
num_leaves=15
num_cat=6
split_feature=18 7 18 15 18 8 1 18 19 15 0 5 19 6
split_gain=187.709 116.862 34.2445 22.6625 18.914 10.6457 9.5255 8.82102 6.43332 7.68486 7.43421 6.18162 5.98734 12.4392
threshold=0 20.500000000000004 1 0.034722222222222231 2 3.5000000000000004 37.500000000000007 3 4 0.40277777777777785 24.500000000000004 28.500000000000004 5 196.50000000000003
decision_type=9 8 9 8 9 8 2 9 1 8 2 2 1 2
left_child=3 2 -2 -1 -4 8 7 -6 9 -5 -10 -9 13 -8
right_child=1 -3 4 5 6 -7 12 11 10 -11 -12 -13 -14 -15
leaf_value=0.014559644521893733 -0.0035324703399686706 0.018466045702835519 -0.0019566899109734665 0.0067064581604315667 -0.00041718091925794403 0.012359273201174239 0.0079800638368805864 0.0059121260414787165 0.0055611344387169323 0.0010603050038331863 0.010352512610784929 0.0012358773717985134 -0.001978129551109153 -0.00094808439865746996
leaf_weight=308.0890040397644 4484.2197270393372 274.59664535522461 6160.8244063854218 360.73353695869446 3991.5801358222961 218.57421684265137 177.33572769165039 269.3019073009491 1379.5816857814789 543.23934578895569 371.47013401985168 4359.1311006546021 2551.3323876857758 660.30788493156433
leaf_count=65 1382 36 1848 83 1143 45 50 73 308 133 81 1217 726 188
internal_value=-2.73462e-06 -0.00095128 -0.00118787 0.00681263 -0.000606792 0.00600097 8.68866e-05 0.000616731 0.00547307 0.00328208 0.00654555 0.00150593 -0.00126032 0.00093815
internal_weight=26110.3 22928.6 22654 3181.69 18169.8 2873.6 12009 8620.01 2655.02 903.973 1751.05 4628.43 3388.98 837.644
internal_count=7378 6663 6627 715 5245 650 3397 2433 605 216 389 1290 964 238
cat_boundaries=0 4 10 16 22 23 24
cat_threshold=0 2147483648 134549047 25165824 415256760 24117897 104857600 406896648 67142912 64 2147656192 33837062 8388608 67242496 539894272 418 0 134228992 32768 2147487745 1073741824 28 12 1
is_linear=0
shrinkage=0.03


Tree=26
num_leaves=15
num_cat=5
split_feature=18 10 18 19 14 18 1 18 5 1 1 8 15 5
split_gain=181.079 113.587 32.8404 20.9616 34.9679 18.5399 8.72609 10.131 8.27911 6.95668 10.348 6.55467 6.40027 10.3844
threshold=0 12.000000000000002 1 2 0.16357142857142862 3 37.500000000000007 4 28.500000000000004 33.500000000000007 34.500000000000007 2.5000000000000004 0.44722222222222224 391.50000000000006
decision_type=9 8 9 1 10 9 2 9 2 2 2 10 8 2
left_child=3 2 -2 4 -1 -4 7 -7 -9 -10 -11 12 13 -5
right_child=1 -3 5 11 -6 6 -8 8 9 10 -12 -13 -14 -15
leaf_value=0.019859970461245036 -0.0036057738312429179 0.015462265337433556 -0.0019749705143444918 0.0042971679393485245 0.0067191681281083436 -0.00060053297104962025 -0.0012582127557219536 0.0066928125849404028 0.00062256334999315622 0.0078574238591404329 0.00086478371148227093 0.009798262326210257 0.0029232809994830145 0.010688883220211141
leaf_weight=267.85965585708618 4173.7832102775574 373.01064848899841 6317.7376914024353 754.67094874382019 571.46859955787659 3891.8307657241821 3397.2491381168365 256.74904108047485 3729.2474627494812 321.34247589111328 466.24637627601624 248.63322448730469 1011.5727739334106 329.05360579490662
leaf_count=48 1292 59 1902 175 120 1119 968 69 1041 89 130 52 244 70
internal_value=-2.81316e-06 -0.000934715 -0.00120698 0.00668926 0.010803 -0.000659783 3.02088e-05 0.000535452 0.00145974 0.00116409 0.00372418 0.00517262 0.00464399 0.00624596
internal_weight=26110.5 22927.2 22554.2 3183.26 839.328 18380.4 12062.7 8665.42 4773.59 4516.84 787.589 2343.93 2095.3 1083.72
internal_count=7378 6669 6610 709 168 5318 3416 2448 1329 1260 219 541 489 245
cat_boundaries=0 4 10 11 17 23
cat_threshold=0 2147483648 134678071 25165824 2562740408 24117889 104857600 406896648 67142912 64 33 172544 33837070 8388608 67242496 539886080 418 0 134228992 32768 1 1207967744 20
is_linear=0
shrinkage=0.03


Tree=27
num_leaves=15
num_cat=4
split_feature=18 10 18 15 15 11 10 1 16 0 19 6 18 0
split_gain=174.851 107.546 31.3924 20.6369 9.2523 9.12622 9.7507 11.4118 28.066 8.39496 7.18189 11.5617 6.98968 6.7929
threshold=0 12.000000000000002 1 0.034722222222222231 1.0000000180025095e-35 0.75000000000000011 0.75000000000000011 17.500000000000004 0.48795003647426866 21.500000000000004 2 20.500000000000004 3 25.500000000000004
decision_type=9 8 9 8 8 10 10 2 8 2 1 2 9 2
left_child=3 2 10 -1 -4 6 7 8 -5 -9 11 -2 -12 -13
right_child=1 -3 4 5 -6 -7 -8 9 -10 -11 12 13 -14 -15
leaf_value=0.013968481807417964 0.0079290777176833274 0.014813913754008784 0.0012939324443347123 0.0045214983426152319 -0.0027850767411289044 0.0026834054126155566 0.0028118602431463514 0.004390900789485769 0.01755901850557761 0.0099993932509519334 0.00037897111358423119 0.0010983030177469291 -0.0012719677034447585 -0.0026472425662931805
leaf_weight=305.06544017791748 198.76212954521179 383.19157338142395 530.75443983078003 296.38299703598022 8621.4683811664581 667.04626297950745 465.69500160217285 850.54012227058411 298.93604469299316 335.78409695625305 3625.8777770996094 2679.9994761943817 6331.6878759860992 519.3863582611084
leaf_count=63 56 60 146 64 2653 157 105 193 60 73 1009 763 1828 148
internal_value=-2.88299e-06 -0.000924514 -0.00119351 0.006531 -0.00254563 0.00577035 0.006685 0.00769524 0.0110867 0.00598545 -0.000264727 0.000924246 -0.000671052 0.000489616
internal_weight=26110.6 22891.1 22507.9 3219.45 9152.22 2914.38 2247.34 1781.64 595.319 1186.32 13355.7 3398.15 9957.57 3199.39
internal_count=7378 6663 6603 715 2799 652 495 390 124 266 3804 967 2837 911
cat_boundaries=0 4 10 11 17
cat_threshold=0 2147483648 134549031 25174016 76288 134917120 163856 2149978497 2013274112 61 65 2048 689152 131088 2149843072 268435456 1
is_linear=0
shrinkage=0.03


Tree=28
num_leaves=15
num_cat=4
split_feature=18 10 18 5 14 18 14 0 17 1 18 5 1 1
split_gain=168.757 104.219 30.9074 20.6514 22.1986 18.4906 9.60041 21.954 8.49643 7.62266 9.36629 7.86119 6.55053 9.55367
threshold=0 12.000000000000002 1 88.500000000000014 0.34821428571428575 2 0.20535714285714288 11.500000000000002 0.088855267265323987 37.500000000000007 3 28.500000000000004 33.500000000000007 34.500000000000007
decision_type=9 8 9 2 10 9 10 2 8 2 9 2 2 2
left_child=3 2 -2 4 -1 -4 7 -5 -9 10 -7 -12 -13 -14
right_child=1 -3 5 6 -6 9 -8 8 -10 -11 11 12 13 -15
leaf_value=0.018574993983624159 -0.0035957104091403486 0.014559209799122815 -0.0019459645767180922 0.0011648128502548154 0.0057249652887054721 -0.00058457291999256195 0.0041669629151124274 0.0079844432536745058 0.015141514738147826 -0.0011649504601635113 0.0064358872758377393 0.00058012906475743756 0.0075746078827699003 0.00083875333659911059
leaf_weight=241.43437576293945 3904.6135492324829 384.47668743133545 6535.1957712173462 291.29167103767395 244.11536240577698 3887.4788069725037 1825.1615700721741 341.84139084815979 271.14212942123413 3417.8622069358826 262.66567754745483 3720.0916984081268 320.0592737197876 463.20644211769104
leaf_count=50 1215 59 1979 65 55 1119 412 74 54 973 70 1036 88 129
internal_value=-2.9165e-06 -0.000907627 -0.00117283 0.00642115 0.0121395 -0.00066193 0.00542333 0.00795173 0.0111697 3.43591e-05 0.000508168 0.00139771 0.00110559 0.00359732
internal_weight=26110.6 22895.7 22511.2 3214.99 485.55 18606.6 2729.44 904.275 612.984 12071.4 8653.5 4766.02 4503.36 783.266
internal_count=7378 6668 6609 710 105 5394 605 193 128 3415 2442 1323 1253 217
cat_boundaries=0 4 10 16 22
cat_threshold=0 2147483648 134679607 25165824 2562740408 24117889 104857600 406896648 34048 320 172544 33837070 8388608 67242496 606994944 162 0 134228992 32768 1 1207967744 20
is_linear=0
shrinkage=0.03


Tree=29
num_leaves=15
num_cat=5
split_feature=18 10 18 5 14 18 0 15 1 18 5 19 6 1
split_gain=163.043 99.8918 30.5598 18.3456 24.273 17.3427 9.57575 12.3807 8.78623 9.68001 7.70639 6.28277 12.6885 6.10811
threshold=0 12.000000000000002 1 88.500000000000014 0.34821428571428575 2 19.500000000000004 0.075000000000000011 37.500000000000007 3 28.500000000000004 4 196.50000000000003 33.500000000000007
decision_type=9 8 9 2 10 9 2 10 2 9 2 1 2 2
left_child=3 2 -2 4 -1 -4 -5 -8 9 -7 -11 12 -10 -12
right_child=1 -3 5 6 -6 8 7 -9 11 10 13 -13 -14 -15
leaf_value=0.018338418475294906 -0.003505024946697256 0.014134538710979685 -0.0019053550131143127 0.0038731660727139997 0.0051205337939835048 -0.00057622713083110529 0.013178292285132487 0.0057059512218862367 0.0081760794183106129 0.0063150120306576171 0.00063713836374631734 -0.0019972463714096928 -0.00090695808513743565 0.0035459210748671633
leaf_weight=244.06267404556274 4075.7617969512939 390.11529397964478 6337.3281438350677 1636.3846664428711 257.5110182762146 3885.2069621086121 262.38996553421021 839.87115478515625 174.52054190635681 274.06790542602539 3741.1969575881958 2552.8039417266846 654.07531929016113 785.45122575759888
leaf_count=50 1272 59 1922 363 58 1119 53 185 49 72 1042 730 187 217
internal_value=-2.97965e-06 -0.000896201 -0.00115805 0.00628338 0.011576 -0.000635898 0.00533312 0.00749505 3.19038e-05 0.000537008 0.00143609 -0.00126526 0.00100161 0.00114253
internal_weight=26110.7 22870.5 22480.4 3240.22 501.574 18404.7 2738.65 1102.26 12067.3 8685.92 4800.72 3381.4 828.596 4526.65
internal_count=7378 6669 6610 709 108 5338 601 238 3416 2450 1331 966 236 1259
cat_boundaries=0 4 10 16 22 23
cat_threshold=0 2147483648 134678055 25174016 2562740408 24117897 100663296 406896648 34048 64 172544 33837062 12582912 67242496 606994944 418 0 134228992 32768 1 1207967744 20 1
is_linear=0
shrinkage=0.03


Tree=30
num_leaves=15
num_cat=4
split_feature=18 7 18 15 15 11 5 10 18 0 7 19 5 17
split_gain=157.586 95.4608 30.2808 19.8182 8.56351 8.08693 7.71903 12.0298 7.41487 6.71924 6.13292 7.23031 5.86327 5.57665
threshold=0 20.500000000000004 1 0.01388888888888889 1.0000000180025095e-35 0.75000000000000011 659.50000000000011 1.0000000180025095e-35 2 11.500000000000002 0.75000000000000011 3 310.50000000000006 0.14092434411226359
decision_type=9 8 9 10 8 10 2 8 9 2 10 1 2 10
left_child=3 2 6 -1 12 9 8 -8 -2 -5 11 13 -4 -11
right_child=1 -3 4 5 -6 -7 7 -9 -10 10 -12 -13 -14 -15
leaf_value=0.012924961083517542 0.00040754783862345293 0.015988350024827125 0.0033255839328193404 0.0038853805393382597 -0.0026749253430060631 0.0023918900259609919 0.00036851678153534446 0.0095644591059365052 -0.0010395327107338656 0.0069820073521303242 0.011242493620040398 0.0086405080964089831 -0.0033901104393435876 0.0011500551925663733
leaf_weight=346.73620295524597 6002.6053676605225 296.70525741577148 371.04874682426453 766.44630122184753 8595.3057656288147 652.28267478942871 434.86168575286865 180.50168585777283 6774.5169036388397 273.90935754776001 293.37192106246948 633.22762823104858 169.75005865097046 319.60201907157898
leaf_count=70 1672 36 98 169 2663 152 123 47 1973 60 63 128 51 73
internal_value=-3.05048e-06 -0.000888173 -0.00111153 0.00612846 -0.00244187 0.0053433 -0.000201914 0.00307706 -0.00036022 0.00618384 0.00733941 0.0063976 0.00121524 0.00378509
internal_weight=26110.9 22825.3 22528.6 3285.58 9136.1 2938.84 13392.5 615.363 12777.1 2286.56 1520.11 1226.74 540.799 593.511
internal_count=7378 6663 6627 715 2812 645 3815 170 3645 493 324 261 149 133
cat_boundaries=0 4 10 16 17
cat_threshold=0 2147483648 134549047 25165824 76288 134917120 163840 2149986689 2013265920 189 67584 689152 163840 2147754112 268435456 9 14
is_linear=0
shrinkage=0.03


Tree=31
num_leaves=15
num_cat=5
split_feature=18 10 18 5 14 18 0 15 1 18 5 19 6 1
split_gain=152.259 92.1125 29.0683 18.8115 21.1704 16.9909 9.4374 12.6336 7.72012 8.87439 7.26269 6.10203 11.896 5.74297
threshold=0 12.000000000000002 1 88.500000000000014 0.38392857142857145 2 19.500000000000004 0.075000000000000011 37.500000000000007 3 28.500000000000004 4 196.50000000000003 33.500000000000007
decision_type=9 8 9 2 10 9 2 10 2 9 2 1 2 2
left_child=3 2 -2 4 -1 -4 -5 -8 9 -7 -11 12 -10 -12
right_child=1 -3 5 6 -6 8 7 -9 11 10 13 -13 -14 -15
leaf_value=0.017465014022399111 -0.0034882057380138721 0.013367543437830474 -0.0018674783246285537 0.0036677554203952707 0.0051179439935518474 -0.00055708014522459738 0.013066386238705733 0.0054567748492951465 0.0079642631484634352 0.0060501702106260736 0.00059211166293010728 -0.0018941902781617109 -0.00079692919800224246 0.0034197132696507492
leaf_weight=254.38443613052368 3867.7187337875366 400.72851705551147 6495.7650425434113 1673.8920433521271 247.05260014533997 3880.0049221515656 257.00713872909546 836.9000551700592 176.14675259590149 280.4098584651947 3732.7073633670807 2571.7055876255035 655.34638690948486 781.04316353797913
leaf_count=51 1215 59 1979 370 55 1119 51 183 49 73 1037 735 187 215
internal_value=-3.01672e-06 -0.000870586 -0.00112581 0.00604114 0.011404 -0.000631479 0.0050876 0.00725491 3.43932e-05 0.000509513 0.00137097 -0.0011763 0.00105376 0.00108204
internal_weight=26110.8 22841.6 22440.8 3269.24 501.437 18573.1 2767.8 1093.91 12077.4 8674.17 4794.16 3403.2 831.493 4513.75
internal_count=7378 6668 6609 710 106 5394 604 234 3415 2444 1325 971 236 1252
cat_boundaries=0 4 10 16 22 23
cat_threshold=0 2147483648 134679591 25174016 2562740408 24117889 104857600 406896648 34048 320 172544 33837070 8388608 67242496 606994944 162 0 134228992 32768 1 1207967744 20 1
is_linear=0
shrinkage=0.03


Tree=32
num_leaves=15
num_cat=4
split_feature=18 7 18 14 0 18 1 18 16 16 17 15 0 5
split_gain=145.424 87.5307 31.6202 22.6081 53.6651 15.552 8.21138 8.04546 6.52424 6.22736 6.20951 5.8809 7.15886 8.97441
threshold=0 20.500000000000004 1 0.062500000000000014 18.500000000000004 2 37.500000000000007 3 1.8898223650461354 1.4638501094228005 0.60300198180344122 0.1680555555555556 17.500000000000004 155.50000000000003
decision_type=9 8 9 10 2 9 2 9 10 10 10 8 2 2
left_child=3 2 -2 4 -1 -4 7 -7 9 -5 -10 12 -9 -14
right_child=1 -3 5 8 -6 6 -8 11 10 -11 -12 -13 13 -15
leaf_value=0.0020682845932104964 -0.0032451498798606749 0.015097759971361653 -0.0017467767115804695 0.0047062157418764202 0.021017177359954359 -0.00036325892306745926 -0.0011082028073763357 0.0011300795041554645 0.010406482773933497 -0.00028713937999983613 0.0046458666721577776 0.00085667982715230732 0.010682029721831408 0.0027379936537871926
leaf_weight=265.11689043045044 4645.8458614349365 305.54441070556641 5820.8866798877716 1621.8965022563934 272.56173276901245 4044.8453986644745 3434.2507989406586 628.84309792518616 329.18035745620728 260.79244923591614 349.75209903717041 3592.8834261894226 209.51540613174438 329.00936484336853
leaf_count=53 1460 36 1770 356 51 1161 979 172 69 58 75 992 56 90
internal_value=-3.08055e-06 -0.000825641 -0.00104093 0.00608558 0.0116951 -0.000471711 0.000135719 0.00062111 0.0049278 0.00401474 0.0074501 0.00145515 0.00330724 0.00584273
internal_weight=26110.9 23011.6 22706.1 3099.3 537.679 18060.2 12239.3 8805.1 2561.62 1882.69 678.932 4760.25 1167.37 538.525
internal_count=7378 6716 6680 662 104 5220 3450 2471 558 414 144 1310 318 146
cat_boundaries=0 4 10 16 22
cat_threshold=0 2147483648 134546471 25165824 415256760 24117901 100663296 406896648 67142912 64 2147656192 33837058 12582912 67242496 539894272 418 2048 134228992 32768 2147487745 1073741824 28
is_linear=0
shrinkage=0.03


Tree=33
num_leaves=15
num_cat=4
split_feature=18 10 18 14 0 18 1 18 16 0 5 1 1 11
split_gain=140.946 83.8868 29.2407 26.3962 45.4074 15.4321 7.1619 8.58803 7.01658 7.17353 5.81182 5.79727 9.67486 5.35434
threshold=0 12.000000000000002 1 0.062500000000000014 17.500000000000004 2 37.500000000000007 3 1.8898223650461354 16.500000000000004 28.500000000000004 33.500000000000007 34.500000000000007 0.75000000000000011
decision_type=9 8 9 10 2 9 2 9 10 2 2 2 2 10
left_child=3 2 -2 4 -1 -4 7 11 13 -10 -9 -7 -13 -5
right_child=1 -3 5 8 -6 6 -8 10 9 -11 -12 12 -14 -15
leaf_value=0.0028642241543534973 -0.0033239750241091173 0.012530798009338737 -0.0017664494558257003 0.0046920606574571639 0.019921063228408059 -0.00090144887397388762 -0.0010926884902507138 0.0057108593522710817 0.0043933802406225398 0.010594391593181828 0.001161071998192491 0.0070660993898752017 -0.00072680413084041039 0.0010352211193199697
leaf_weight=266.70383977890015 4178.1668424606323 415.17139315605164 6178.3987276554108 1387.2299880981445 296.68258810043335 3634.2884709835052 3419.5244686603546 267.57458877563477 360.5633978843689 317.33176136016846 4297.2429094314575 231.88003778457642 372.64964962005615 487.60885977745056
leaf_count=55 1321 60 1886 301 56 1046 977 70 78 65 1177 66 107 113
internal_value=-3.13359e-06 -0.00081541 -0.00106171 0.00597272 0.0118658 -0.000545796 7.22363e-05 0.000524873 0.00469136 0.00730749 0.00142584 -0.000447794 0.00226906 0.00374205
internal_weight=26111 22994.9 22579.7 3116.12 563.386 18401.6 12223.2 8803.64 2552.73 677.895 4564.82 4238.82 604.53 1874.84
internal_count=7378 6710 6650 668 111 5329 3443 2466 557 143 1247 1219 173 414
cat_boundaries=0 4 10 16 22
cat_threshold=0 2147483648 134548531 25165824 2562740408 24117889 104857600 406896648 67110144 320 172544 33837070 8388608 67242496 539894272 162 2048 134228992 32768 2147487745 1207959552 28
is_linear=0
shrinkage=0.03


Tree=34
num_leaves=15
num_cat=5
split_feature=18 7 18 14 0 18 1 0 18 16 0 19 6 11
split_gain=136.265 80.8159 29.2991 22.2783 46.1929 15.5204 8.79923 8.34426 7.49788 6.29637 6.94819 5.57829 11.8955 5.40809
threshold=0 20.500000000000004 1 0.062500000000000014 19.500000000000004 2 37.500000000000007 28.500000000000004 3 1.8898223650461354 16.500000000000004 4 196.50000000000003 0.75000000000000011
decision_type=9 8 9 10 2 9 2 2 9 10 2 1 2 10
left_child=3 2 -2 4 -1 -4 7 8 -7 13 -11 12 -8 -5
right_child=1 -3 5 9 -6 6 11 -9 -10 10 -12 -13 -14 -15
leaf_value=0.0036838363095467665 -0.0032166351443274695 0.014282970647553333 -0.0017162764690942596 0.0046981183735400264 0.020616931074511423 1.6904220971726095e-05 0.0078450086495520273 -0.0024173421741665257 0.0018472888432974803 0.0042632496720075479 0.010326580640714652 -0.0018667970680484049 -0.00090305346357776191 0.0010117054816867579
leaf_weight=330.77796339988708 4377.6488690376282 314.10385894775391 6123.749870300293 1379.14608335495 257.90551900863647 4124.1050698757172 177.07565236091614 738.16163325309753 3935.8183407783508 366.15034484863281 320.71156930923462 2529.4403042793274 651.74886012077332 484.5596866607666
leaf_count=68 1383 36 1870 296 47 1179 49 207 1073 79 65 727 187 112
internal_value=-3.18284e-06 -0.000805206 -0.00101535 0.00584805 0.0111247 -0.000486022 0.00013471 0.000633476 0.000913148 0.00464921 0.00710525 -0.00117137 0.000961556 0.00374072
internal_weight=26111.1 22971.9 22657.7 3139.25 588.683 18280.1 12156.3 8798.09 8059.92 2550.57 686.862 3358.26 828.825 1863.71
internal_count=7378 6711 6675 667 115 5292 3422 2459 2252 552 144 963 236 408
cat_boundaries=0 4 10 16 22 23
cat_threshold=0 2147483648 134546979 25174016 415256760 24117901 100663296 406896648 34048 320 2147656192 33837058 12582912 67111424 607003136 166 67584 134228992 32768 135169 1073741824 16 1
is_linear=0
shrinkage=0.03


Tree=35
num_leaves=15
num_cat=6
split_feature=18 10 18 19 14 18 1 18 5 16 0 17 3 19
split_gain=131.824 78.8482 27.6981 19.9438 32.5025 15.4836 6.64899 7.18158 6.16231 5.71637 9.79167 7.40001 5.69964 5.39435
threshold=0 12.000000000000002 1 2 0.27678571428571436 3 37.500000000000007 4 28.500000000000004 1.5735915849388873 17.500000000000004 0.070472643052421721 1.0000000180025095e-35 5
decision_type=9 8 9 1 10 9 2 9 2 8 2 10 2 1
left_child=3 2 -2 4 -1 12 7 -7 -9 11 -11 -5 -4 -8
right_child=1 -3 5 9 -6 6 13 8 -10 10 -12 -13 -14 -15
leaf_value=0.016752500741230442 -0.0032837810570815369 0.012056575902799928 -0.001751892139354427 0.0078572584238857969 0.004850141384521436 -0.00042122563236372769 0.0011776789250928725 0.0057233391215545252 0.001117842972137196 0.0033229509092347911 0.011187207727843047 0.0025409578614788301 0.0036773739103836867 -0.0017156070154939883
leaf_weight=350.18093585968018 4057.7598791122437 420.26737403869629 7144.677433013916 279.15595173835754 504.1169159412384 3417.6218342781067 760.61365127563477 277.59589385986328 4278.8736302852631 322.53087568283081 256.042649269104 1498.261527299881 177.46080613136292 2366.0283045768738
leaf_count=58 1292 59 2172 58 103 983 215 71 1178 71 52 334 54 678
internal_value=-3.23078e-06 -0.000802155 -0.00104343 0.00567926 0.00963026 -0.000547743 0.000158856 0.000618739 0.00139656 0.0042085 0.00681651 0.00337987 -0.00161761 -0.00101333
internal_weight=26111.2 22900.9 22480.6 3210.29 854.298 18422.9 11100.7 7974.09 4556.47 2355.99 578.574 1777.42 7322.14 3126.64
internal_count=7378 6702 6643 676 161 5351 3125 2232 1249 515 123 392 2226 893
cat_boundaries=0 4 10 11 17 23 24
cat_threshold=0 2147483648 134677543 25165824 2562740408 24117889 104857600 406896648 67142912 64 33 172544 33837070 8388608 67242497 539886080 422 0 134228992 32768 2147487744 1207967744 24 1
is_linear=0
shrinkage=0.03


Tree=36
num_leaves=15
num_cat=5
split_feature=18 10 18 14 0 18 1 18 16 16 19 12 15 0
split_gain=127.406 74.6957 28.3291 24.8753 41.8598 13.2405 6.93886 7.42425 6.07187 6.90721 5.87844 10.5472 5.75971 8.0926
threshold=0 12.000000000000002 1 0.062500000000000014 17.500000000000004 2 37.500000000000007 3 1.8898223650461354 2.9599531119706333 4 0.75000000000000011 0.1680555555555556 15.500000000000002
decision_type=9 8 9 10 2 9 2 9 10 10 1 10 8 2
left_child=3 2 -2 4 -1 -4 7 -7 -5 -10 11 -8 13 -9
right_child=1 -3 5 8 -6 6 10 12 9 -11 -12 -13 -14 -15
leaf_value=0.0028385238832307194 -0.0031450517510922499 0.01158926831632299 -0.0015809181186413679 0.0035271083414136692 0.01921334136240781 -0.00041404968294528701 -0.0013939712694772863 0.00057115764658706284 0.0094264420780827314 0.0033873254847500045 -0.0017693209321209622 0.0057991811563493836 0.00078306496290732959 0.0056784196950539498
leaf_weight=270.47468709945679 4501.5242228507996 429.96508026123047 6397.0627870559692 1904.8633034229279 292.30500054359436 3751.4771480560303 507.74609184265137 531.35816025733948 393.05102205276489 303.34414434432983 2476.3004763126373 285.99676656723022 3477.7453083992004 588.03139877319336
leaf_count=56 1432 60 1952 416 52 1080 144 142 82 62 712 81 953 154
internal_value=-3.2638e-06 -0.000782238 -0.00101932 0.0056294 0.0113625 -0.000486013 0.00011775 0.000576681 0.00440679 0.00680448 -0.00105338 0.00118692 0.00138297 0.00325675
internal_weight=26111.2 22947.2 22517.2 3164.04 562.78 18015.7 11618.7 8348.61 2601.26 696.395 3270.04 793.743 4597.13 1119.39
internal_count=7378 6710 6650 668 108 5218 3266 2329 560 144 937 225 1249 296
cat_boundaries=0 4 10 16 22 23
cat_threshold=0 2147483648 134548515 25174016 2562740408 24117901 100663296 406896648 1280 320 172544 33837058 12582912 67111425 607003136 162 2048 134228992 32768 2147618816 1207959552 28 1
is_linear=0
shrinkage=0.03


Tree=37
num_leaves=15
num_cat=5
split_feature=18 10 18 19 0 18 1 18 5 1 1 5 7 5
split_gain=125.256 73.3689 24.3126 15.6701 28.7079 15.03 6.79768 7.94102 7.00248 5.57223 8.64756 5.5691 6.66436 5.87421
threshold=0 12.000000000000002 1 2 21.500000000000004 3 37.500000000000007 4 28.500000000000004 33.500000000000007 34.500000000000007 551.50000000000011 0.75000000000000011 197.50000000000003
decision_type=9 8 9 1 2 9 2 9 2 2 2 2 10 2
left_child=3 2 -2 4 -1 -4 7 -7 -9 -10 -11 12 -5 -14
right_child=1 -3 5 11 -6 6 -8 8 9 10 -12 -13 13 -15
leaf_value=0.005034450181565839 -0.0033641010494224579 0.011428159824680458 -0.001812712997677134 0.0025644571043417466 0.016229690282611425 -0.00053936210334535283 -0.0011517689516101527 0.0060030617831272519 0.00048914336971020715 0.0070676460946633773 0.00065916758753305302 0.0080267889941500921 0.0097586593790726043 0.0037443143565974476
leaf_weight=636.41178178787231 3477.4310283660889 430.3233528137207 6392.8714239597321 1707.5597245693207 304.99868869781494 4132.1994054317474 3436.408627986908 263.81976842880249 3662.1564114093781 319.27461194992065 464.70835590362549 277.08413767814636 249.03418779373169 357.05937576293945
leaf_count=122 1114 59 1975 377 55 1198 992 68 1015 86 128 57 54 78
internal_value=-3.31816e-06 -0.000825857 -0.00106481 0.00524099 0.00858378 -0.000634289 -1.96654e-05 0.000420373 0.00126078 0.00098094 0.00327468 0.00399515 0.00352632 0.00622752
internal_weight=26111.3 22579.2 22148.9 3532.15 941.41 18671.4 12278.6 8842.16 4709.96 4446.14 783.983 2590.74 2313.65 606.094
internal_count=7378 6635 6576 743 177 5462 3487 2495 1297 1229 214 566 509 132
cat_boundaries=0 4 10 11 17 23
cat_threshold=0 2147483648 134680119 25174016 2562736312 24117889 100663296 406896664 34048 64 33 176640 33837070 12582912 67111424 606994944 386 0 134228992 32768 131073 1207967744 52
is_linear=0
shrinkage=0.03


Tree=38
num_leaves=15
num_cat=6
split_feature=18 10 18 19 5 18 17 18 1 1 19 1 5 5
split_gain=121.015 70.5197 23.9752 14.9307 27.7012 14.4381 12.2773 6.42342 7.53058 5.53151 8.4455 17.957 5.75523 5.32098
threshold=0 12.000000000000002 1 2 171.50000000000003 3 0.42447833863275047 4 37.500000000000007 33.500000000000007 5 34.500000000000007 28.500000000000004 551.50000000000011
decision_type=9 8 9 1 2 9 8 9 2 2 1 2 2 2
left_child=3 2 -2 4 -1 -4 -6 -7 9 12 11 -11 -9 -5
right_child=1 -3 5 13 6 7 -8 8 -10 10 -12 -13 -14 -15
leaf_value=0.015817865358674688 -0.0033167108964165326 0.011129702789800631 -0.0020649475135143844 0.0034615507179308379 0.0006970573849773259 -0.00083313137119179364 0.009006523488947862 0.0045699841694058748 -0.0010497072226364848 0.013264628998324904 0.00020300077055746622 0.00087487579283060759 0.00034842733828498152 0.0078441704436074747
leaf_weight=310.0781569480896 3520.1467115879059 435.2693920135498 4649.6780381202698 2321.8194544315338 317.37253379821777 6414.7056844234467 322.16226673126221 311.05260419845581 2136.1471934318542 187.01442313194275 426.98860096931458 239.60315155982971 4240.0439229011536 279.31718373298645
leaf_count=52 1131 59 1452 509 62 1889 63 81 611 50 117 66 1179 57
internal_value=-3.35147e-06 -0.000814296 -0.00105013 0.00513582 0.00838328 -0.000619017 0.00489043 -0.000136019 0.000457337 0.00105391 0.00326858 0.00617992 0.000637898 0.00391994
internal_weight=26111.4 22560.6 22125.4 3550.75 949.613 18605.2 639.535 13955.6 7540.85 5404.7 853.606 426.618 4551.1 2601.14
internal_count=7378 6635 6576 743 177 5445 125 3993 2104 1493 233 116 1260 566
cat_boundaries=0 4 10 11 17 23 24
cat_threshold=0 2147483648 134680119 25174016 2562740408 24117889 100663296 406896664 34048 64 33 163840 33837070 12582912 67111424 69599744 258 8704 134227968 0 131073 671621120 180 82
is_linear=0
shrinkage=0.03


Tree=39
num_leaves=15
num_cat=3
split_feature=18 10 18 15 18 11 1 0 0 17 5 5 5 1
split_gain=116.385 67.5528 23.7961 17.5775 13.0843 7.56787 6.56844 7.38229 8.01765 9.60737 17.3706 7.24847 7.45971 6.75246
threshold=0 12.000000000000002 1 0.01388888888888889 2 0.75000000000000011 37.500000000000007 28.500000000000004 14.500000000000002 0.13582186353335454 237.50000000000003 191.50000000000003 284.50000000000006 19.500000000000004
decision_type=9 8 9 10 9 10 2 2 2 10 2 2 2 2
left_child=3 2 -2 -1 -4 -5 7 8 -6 10 13 -11 -13 -10
right_child=1 -3 4 5 6 -7 -8 -9 9 11 -12 12 -14 -15
leaf_value=0.011276006062449249 -0.0031758760068043286 0.010842286300698478 -0.0016578781983457604 0.0051976075372517395 -0.00023123376774529454 0.0015977360150185222 -0.0011163660544326814 -0.0024124613415505238 0.0033591287279215102 -0.0010458612703747531 -0.00041903136237463572 0.0050084762727894451 0.00077970781561996114 0.010153619052361234
leaf_weight=375.52102780342102 3787.4027035236359 440.14085674285889 6435.8073601722717 2373.4464740753174 3992.4268717765808 676.45968961715698 3325.2647786140442 740.27554392814636 210.14988660812378 1146.8663337230682 415.47173285484314 525.71952939033508 1308.8518826961517 357.66167736053467
leaf_count=72 1220 59 1987 491 1123 152 961 208 58 321 114 146 369 97
internal_value=-3.38975e-06 -0.000782393 -0.00101322 0.00514182 -0.000567299 0.00439995 1.74752e-05 0.000451073 0.000717745 0.00167317 0.00424317 0.000824445 0.00199358 0.00764927
internal_weight=26111.5 22686 22245.9 3425.43 18458.5 3049.91 12022.7 8697.42 7957.15 3964.72 983.283 2981.44 1834.57 567.812
internal_count=7378 6663 6604 715 5384 643 3397 2436 2228 1105 269 836 515 155
cat_boundaries=0 4 10 16
cat_threshold=0 2147483648 134680115 25174016 2562740408 24117889 104857600 406896648 1792 320 172544 33837070 8388608 67111424 606994432 166
is_linear=0
shrinkage=0.03


Tree=40
num_leaves=15
num_cat=4
split_feature=18 7 18 5 14 18 0 15 8 13 5 19 13 6
split_gain=113.047 65.2159 25.084 14.4592 16.4006 11.1865 6.64701 7.41481 6.31003 7.77546 5.81126 4.83077 6.53953 5.36997
threshold=0 20.500000000000004 1 88.500000000000014 0.34821428571428575 2 19.500000000000004 0.075000000000000011 1.0000000180025095e-35 1.3571428571428574 213.50000000000003 3 0.53571428571428581 16.500000000000004
decision_type=9 8 9 2 10 9 2 10 10 8 2 1 10 2
left_child=3 2 -2 4 -1 -4 -5 -8 9 11 -9 13 -13 -7
right_child=1 -3 5 6 -6 8 7 10 -10 -11 -12 12 -14 -15
leaf_value=0.014294984472320468 -0.0029777105535912772 0.012279989938967057 -0.0016093190634786537 0.0029653388610343051 0.0040418309634413516 0.005507416983917505 0.0098396805156504268 0.00070202834701322723 -0.0012488508518090028 0.0053026529662840178 0.0059923463133614262 -0.0013271670743093206 0.0013253601015627736 0.00064503250745520744
leaf_weight=291.36566495895386 4538.8457670211792 337.32696533203125 5435.4604477882385 1805.25212931633 272.23464560508728 212.17827439308167 310.06532716751099 263.42350363731384 2716.8321208953857 280.42761850357056 644.52219343185425 2826.0294282436371 1187.1275725364685 4990.4389805793762
leaf_count=55 1459 36 1678 384 58 59 57 55 767 69 134 810 337 1420
internal_value=-3.42635e-06 -0.00079181 -0.000991449 0.00493473 0.00935836 -0.000478524 0.00412357 0.00583638 2.57366e-05 0.000390512 0.00445992 0.000240481 -0.000541043 0.000842736
internal_weight=26111.5 22524.7 22187.3 3586.86 563.6 17648.5 3023.26 1218.01 12213 9496.2 907.946 9215.77 4013.16 5202.62
internal_count=7378 6635 6599 743 113 5140 630 246 3462 2695 189 2626 1147 1479
cat_boundaries=0 4 10 16 17
cat_threshold=0 2147483648 134680119 25174016 415256760 24117901 100663296 406896664 67110144 64 2147655680 33837058 12582912 67242496 539894272 418 25
is_linear=0
shrinkage=0.03


Tree=41
num_leaves=15
num_cat=6
split_feature=18 10 18 19 15 18 1 1 18 19 12 0 1 0
split_gain=109.249 62.9094 22.4935 14.1219 26.7617 13.3813 7.00831 6.09926 8.74217 5.37227 9.09608 5.25986 5.70303 7.07961
threshold=0 12.000000000000002 1 2 0.097222222222222238 3 20.500000000000004 37.500000000000007 4 5 0.75000000000000011 26.500000000000004 33.500000000000007 18.500000000000004
decision_type=9 8 9 1 10 9 2 2 9 1 10 2 2 2
left_child=3 2 -2 4 -1 -4 -6 8 -7 10 -9 12 -10 -14
right_child=1 -3 5 -5 6 7 -8 9 11 -11 -12 -13 13 -15
leaf_value=0.015205619965591527 -0.0032210268271331065 0.010319707077884068 -0.0019858472170641642 0.0036629122816427681 0.0082275709155432315 -0.00068631575571234411 0.0019196436980092036 -0.001465965019423166 0.0010192330832748397 -0.00176489963935928 0.0045259752712389651 -0.0012342762653904367 0.0011209653032315985 0.0071298626188335051
leaf_weight=315.40836501121521 3470.2452766895294 449.28264904022217 4640.0852429866791 2637.3095321655273 272.07511520385742 4659.5183515548706 379.85391664505005 597.5810375213623 3915.2349202632904 2946.0456418991089 367.3622841835022 753.20363306999207 376.36918783187866 331.98938465118408
leaf_count=52 1124 59 1459 566 50 1367 75 172 1085 862 105 210 104 88
internal_value=-3.44574e-06 -0.000780691 -0.0010076 0.00483719 0.0079615 -0.000592155 0.00456075 -0.000127293 0.000264254 -0.00113221 0.000809166 0.00108724 0.00146797 0.00394326
internal_weight=26111.6 22506.9 22057.6 3604.65 967.337 18587.4 651.929 13947.3 10036.3 3910.99 964.943 5376.8 4623.59 708.359
internal_count=7378 6635 6576 743 177 5452 125 3993 2854 1139 277 1487 1277 192
cat_boundaries=0 4 10 11 17 23 24
cat_threshold=0 2147483648 134680119 25174016 2562740408 24117888 104857600 406896664 34560 64 33 163840 33837071 8388608 67111424 69599232 258 8704 134228992 0 131073 134750208 164 1
is_linear=0
shrinkage=0.03


Tree=42
num_leaves=15
num_cat=6
split_feature=18 10 18 5 14 18 19 17 18 0 5 1 1 19
split_gain=105.069 60.285 21.7612 15.7897 19.9673 12.3607 7.05556 9.36875 6.4039 5.51139 6.96018 5.22951 5.89779 8.45846
threshold=0 12.000000000000002 1 88.500000000000014 0.34821428571428575 2 3 0.42447833863275047 4 19.500000000000004 408.50000000000006 37.500000000000007 33.500000000000007 5
decision_type=9 8 9 2 10 9 1 8 9 2 2 2 2 1
left_child=3 2 -2 4 -1 -4 7 -5 -7 -8 -11 12 -10 -14
right_child=1 -3 5 6 -6 8 9 -9 11 10 -12 -13 13 -15
leaf_value=0.015452203769028811 -0.0030795222960936881 0.01006137944006477 -0.0019458926806860237 0.0028987617344825669 0.0038919921067743094 -0.00078247954401240737 0.001789585188363241 0.009465730137214896 0.0005803300616865942 0.0027658353406177986 0.0082706017378232563 -0.00076418251207909275 0.0063441230591538894 9.0609697184763127e-05
leaf_weight=264.40232229232788 3664.6422011852264 453.94311857223511 4361.6785044670105 357.21435189247131 274.41358160972595 6816.7244026660919 1261.942131280899 434.28184700012207 4449.7940802574158 538.2450258731842 336.31195211410522 2116.3211801052094 403.4621434211731 378.2318811416626
leaf_count=48 1191 59 1373 66 58 2007 276 81 1224 115 66 603 108 103
internal_value=-3.47084e-06 -0.000748754 -0.00097067 0.00485161 0.00958282 -0.000551417 0.00399455 0.00642824 -0.00012084 0.00304604 0.00488973 0.000493229 0.00100289 0.00340448
internal_weight=26111.6 22644.8 22190.9 3466.81 538.816 18526.2 2928 791.496 14164.5 2136.5 874.557 7347.81 5231.49 781.694
internal_count=7378 6668 6609 710 106 5418 604 147 4045 457 181 2038 1435 211
cat_boundaries=0 4 10 16 17 23 24
cat_threshold=0 2147483648 134679591 25174016 2562740408 24117888 100663296 406896648 67110144 320 163840 33837071 12582912 67111424 2490880 2 33 10752 134227968 0 131329 671621120 180 82
is_linear=0
shrinkage=0.03


Tree=43
num_leaves=15
num_cat=4
split_feature=18 7 18 14 0 18 1 1 1 17 18 5 11 1
split_gain=101.584 58.1101 22.3045 17.031 39.3711 11.8282 6.11971 6.8289 13.6679 7.93223 6.16939 6.27378 5.64122 5.41603
threshold=0 20.500000000000004 1 0.062500000000000014 19.500000000000004 2 37.500000000000007 33.500000000000007 34.500000000000007 0.16532795698924732 3 28.500000000000004 0.75000000000000011 21.500000000000004
decision_type=9 8 9 10 2 9 2 2 2 10 9 2 10 2
left_child=3 2 -2 4 -1 -4 7 10 9 -9 -7 -12 13 -5
right_child=1 -3 5 12 -6 6 -8 8 -10 -11 11 -13 -14 -15
leaf_value=0.0027185864407813028 -0.0029225709690001074 0.01140917954673833 -0.001549901747875631 0.006435310512364188 0.017313386101112434 -0.00095467669414645712 -0.0010211590444051024 0.011160118565303339 2.1037360035324806e-06 0.0034417927357481646 0.0049516014068390901 0.00051785211979583868 0.0014690978353136934 0.0032748427961407454
leaf_weight=381.3139111995697 4074.4716348648071 348.52632522583008 6078.748229265213 835.02899503707886 294.70375537872314 2879.6414008140564 3358.6536266803741 188.38362836837769 793.30639624595642 330.24930500984192 306.56452131271362 4351.0666744709015 707.44630265235901 1183.4828033447266
leaf_count=76 1322 36 1888 164 51 827 970 50 222 90 80 1197 156 249
internal_value=-3.45877e-06 -0.000728377 -0.000918384 0.00482244 0.00909723 -0.000469838 6.88772e-05 0.000482739 0.0024794 0.00626141 0.000134916 0.000808945 0.00377706 0.00458482
internal_weight=26111.6 22709.6 22361.1 3401.98 676.018 18286.6 12207.9 8849.21 1311.94 518.633 7537.27 4657.63 2725.96 2018.51
internal_count=7378 6682 6646 696 127 5324 3436 2466 362 140 2104 1277 569 413
cat_boundaries=0 4 10 16 22
cat_threshold=0 2147483648 134679603 25174016 415256760 24117901 100663296 138461192 1792 64 2147656192 33837058 12582912 335677952 606740480 418 2048 134226944 32768 2149847041 0 28
is_linear=0
shrinkage=0.03


Tree=44
num_leaves=15
num_cat=3
split_feature=18 7 18 15 16 14 5 10 15 16 18 5 5 3
split_gain=98.0574 55.9009 21.4764 17.1562 7.62077 8.62027 7.41019 9.56566 6.91455 5.76842 5.5208 5.35219 4.40373 4.37538
threshold=0 20.500000000000004 1 0.034722222222222231 1.8898223650461354 0.79464285714285732 659.50000000000011 1.0000000180025095e-35 1.0000000180025095e-35 1.4638501094228005 2 310.50000000000006 73.500000000000014 1.0000000180025095e-35
decision_type=9 8 9 8 8 10 2 8 8 10 9 2 2 2
left_child=3 2 6 -1 9 -6 10 -8 11 12 -2 -4 -5 -10
right_child=1 -3 8 4 5 -7 7 -9 13 -11 -12 -13 -14 -15
leaf_value=0.011216063363241012 0.00036635443064599363 0.011111591061902919 0.0032193458284881672 0.00012801325315086755 0.010172735066007995 0.0036983563746725311 0.00059739328966865906 0.0086968578857050307 -0.0023753289746234543 -0.0009206030185843903 -0.00088582304535274239 -0.0032193784307547346 0.0042323772442234685 0.0019107387609342608
leaf_weight=328.13463068008423 5902.8747591972351 352.52548599243164 374.88636493682861 269.53196048736572 340.63530397415161 407.95526742935181 434.23189878463745 187.17576694488525 8178.8126308917999 272.6574068069458 6822.1199488639832 167.25373792648315 1853.4179649353027 219.42074418067932
leaf_count=59 1632 36 99 52 65 82 123 47 2616 58 2003 51 385 70
internal_value=-3.48531e-06 -0.000724129 -0.000912158 0.0046825 0.00401219 0.00665407 -0.000148967 0.00304711 -0.00204886 0.00318421 -0.000305388 0.00123069 0.00371159 -0.00226313
internal_weight=26111.6 22639.3 22286.8 3472.33 3144.2 748.591 13346.4 621.408 8940.37 2395.61 12725 542.14 2122.95 8398.23
internal_count=7378 6677 6641 701 642 147 3805 170 2836 495 3635 150 437 2686
cat_boundaries=0 4 10 16
cat_threshold=0 2147483648 134549031 25165824 76288 134917120 163856 2149986689 2013265920 61 65536 689152 163856 2147491968 268435456 9
is_linear=0
shrinkage=0.03


Tree=45
num_leaves=15
num_cat=3
split_feature=18 10 18 14 1 18 1 0 0 17 5 1 5 5
split_gain=95.1714 54.0451 21.1967 16.0327 37.1416 12.3014 5.58045 6.5081 7.59046 8.75418 15.8873 10.9572 5.61891 6.49183
threshold=0 12.000000000000002 1 0.062500000000000014 32.500000000000007 2 37.500000000000007 28.500000000000004 14.500000000000002 0.13582186353335454 237.50000000000003 19.500000000000004 192.50000000000003 284.50000000000006
decision_type=9 8 9 10 2 9 2 2 2 10 2 2 2 2
left_child=3 2 -2 4 -1 -4 7 8 -7 10 11 -10 -11 -14
right_child=1 -3 5 -5 -6 6 -8 -9 9 12 -12 -13 13 -15
leaf_value=0.0030610279247521447 -0.0030519838177435034 0.0093839725847764087 -0.0014671524838634925 0.0036301122415954394 0.017315730292873609 -0.00017655784997947297 -0.00096188605663088316 -0.0022370070202422199 0.0021693145192119103 -0.00089323134664846056 -0.00034702433055215783 0.010182124780828352 0.0049649444019652361 0.00070915709680343243
leaf_weight=412.44552803039551 3524.4023518562317 466.63514852523804 7403.4049503803253 2747.5859711170197 273.2625036239624 3704.5154416561127 3166.7621309757233 701.5679030418396 254.75261449813843 1051.8814952373505 446.39919447898865 388.35489010810852 452.86512017250061 1116.7814314365387
leaf_count=77 1153 59 2296 569 50 1037 915 196 71 293 121 104 124 313
internal_value=-3.47539e-06 -0.000708838 -0.000921605 0.00464313 0.00875863 -0.000517766 0.000105953 0.000522751 0.000784112 0.00174288 0.00400182 0.00701633 0.000802901 0.00193939
internal_weight=26111.6 22678.3 22211.7 3433.29 685.708 18687.3 11283.9 8117.12 7415.55 3711.03 1089.51 643.108 2621.53 1569.65
internal_count=7378 6682 6623 696 127 5470 3174 2259 2063 1026 296 175 730 437
cat_boundaries=0 4 10 16
cat_threshold=0 2147483648 134679603 25174016 2562740408 24117888 104857600 406896664 1792 320 172544 33837071 8388608 67111425 741212160 162
is_linear=0
shrinkage=0.03


Tree=46
num_leaves=15
num_cat=4
split_feature=18 7 18 15 18 9 14 17 1 0 3 1 19 1
split_gain=91.7272 51.8392 21.488 15.8766 10.8956 7.28371 8.99802 11.292 6.13664 6.72086 5.39708 5.18916 12.9904 14.2588
threshold=0 20.500000000000004 1 0.034722222222222231 2 1.0000000180025095e-35 0.45535714285714296 0.40015576323987545 37.500000000000007 28.500000000000004 1.0000000180025095e-35 33.500000000000007 3 34.500000000000007
decision_type=9 8 9 8 9 8 10 10 2 2 2 2 1 2
left_child=3 2 -2 -1 10 6 7 -5 9 11 -4 -6 13 -13
right_child=1 -3 4 5 8 -7 -8 -9 -10 -11 -12 12 -14 -15
leaf_value=0.01087552825922922 -0.0028246396186797792 0.01058540668596326 -0.0014857495148141227 0.0035391667212185379 0.00051686125671171566 0.0075569753135143929 0.0015051792604888943 0.01000812104662512 -0.00098417281149349323 -0.0023543815216176419 0.0038742168914289747 0.011461650436881989 -0.00041180592202642874 0.0014509582969453642
leaf_weight=325.49940013885498 4141.1500942707062 359.82524871826172 6891.417875289917 1085.1417441368103 6321.9038290977478 425.85799312591553 1272.8664145469666 312.77972602844238 3083.43226146698 641.17360210418701 172.39315915107727 246.53767991065979 565.69581031799316 265.99042105674744
leaf_count=57 1354 36 2128 210 1760 85 268 61 890 182 53 64 156 74
internal_value=-3.50319e-06 -0.000694692 -0.000877239 0.00456677 -0.000431935 0.00391508 0.00333177 0.00499269 0.000153346 0.000589786 -0.00135249 0.000845163 0.00276782 0.00615933
internal_weight=26111.7 22689.5 22329.7 3422.15 18188.5 3096.65 2670.79 1397.92 11124.7 8041.3 7063.81 7400.13 1078.22 512.528
internal_count=7378 6697 6661 681 5307 624 539 271 3126 2236 2181 2054 294 138
cat_boundaries=0 4 10 16 17
cat_threshold=0 2147483648 134546983 25165824 415256760 24117893 100663296 406896648 67110656 320 2147656192 33837066 12582912 67242497 539631616 166 82
is_linear=0
shrinkage=0.03


Tree=47
num_leaves=15
num_cat=6
split_feature=18 10 18 15 18 11 19 10 16 1 0 1 18 19
split_gain=89.2121 50.4165 21.3494 15.963 10.1565 6.67364 5.84445 5.0719 6.66243 11.4833 5.28246 4.89873 6.25533 5.54336
threshold=0 12.000000000000002 1 0.01388888888888889 2 0.75000000000000011 3 0.75000000000000011 0.37796447300922675 16.500000000000004 14.500000000000002 37.500000000000007 4 5
decision_type=9 8 9 10 9 10 1 10 10 2 2 2 9 1
left_child=3 2 -2 -1 6 7 -4 8 -5 -10 -11 12 -6 -13
right_child=1 -3 4 5 11 -7 -8 -9 9 10 -12 13 -14 -15
leaf_value=0.010372728583369403 -0.00284597114739001 0.008969592819616316 8.6036986828011126e-05 0.0034096928008826781 -0.00054218845002461282 0.0011715312385887683 -0.0018815162944502671 0.001813778508957499 0.011358952667107984 0.0019042561273454727 0.0073817948026743251 0.0013084822833993668 0.0011663680274929195 -0.0016530745922262889
leaf_weight=367.61066389083862 4120.7188322544098 474.75417995452881 1861.9731566905975 948.61809062957764 3171.7024409770966 694.42813467979431 5072.2326245307922 500.74903702735901 343.48207020759583 330.2081127166748 305.33283185958862 749.75784063339233 4894.5795841217041 2275.5271294116974
leaf_count=66 1353 59 573 187 920 152 1571 103 62 70 61 214 1324 663
internal_value=-3.50856e-06 -0.000692938 -0.000900782 0.00445279 -0.000454145 0.00376707 -0.00135389 0.0045085 0.00520722 0.00694366 0.00454329 0.000109139 0.000495345 -0.000920059
internal_weight=26111.7 22621.2 22146.5 3490.43 18025.8 3122.82 6934.21 2428.39 1927.64 979.023 635.541 11091.6 8066.28 3025.28
internal_count=7378 6677 6618 701 5265 635 2144 483 380 193 131 3121 2244 877
cat_boundaries=0 4 10 16 17 23 24
cat_threshold=0 2147483648 134680099 25174016 2562740408 24117896 104857600 138461208 67110656 64 172544 33839111 8388608 335677952 539623424 390 97 0 134226944 32768 2147483649 1207967744 48 1
is_linear=0
shrinkage=0.03


Tree=48
num_leaves=15
num_cat=5
split_feature=18 10 18 14 0 18 18 1 11 10 1 15 1 19
split_gain=86.332 48.5351 19.033 14.8057 36.0597 11.1055 5.41297 5.14557 5.0218 5.01531 7.90784 8.60917 4.31925 6.16029
threshold=0 12.000000000000002 1 0.062500000000000014 19.500000000000004 2 3 37.500000000000007 0.75000000000000011 0.75000000000000011 16.500000000000004 0.3083333333333334 33.500000000000007 4
decision_type=9 8 9 10 2 9 9 2 10 10 2 10 2 1
left_child=3 2 -2 4 -1 -4 -7 12 9 10 11 -5 -8 -14
right_child=1 -3 5 8 -6 6 7 -9 -10 -11 -12 -13 13 -15
leaf_value=0.0022532972783407246 -0.0029200658099345468 0.0087569149372090874 -0.0018117233500491961 0.0040240189882773166 0.015972891309158417 -0.00072957031873836971 0.00056891438156478672 -0.00080333630868905834 0.001252388495846273 0.0015936944660071683 0.0034291189094210598 0.011563997168400333 0.0052612422158690468 0.00015129292092233026
leaf_weight=391.68578910827637 3475.8459997177124 479.0317177772522 4444.8615996837616 266.14989328384399 307.5441689491272 6535.0154137611389 4697.4787719249725 2145.6169469356537 716.952641248703 512.90256834030151 1001.6311144828796 281.85931015014648 446.56059741973877 408.55845928192139
leaf_count=76 1149 59 1415 51 51 1936 1280 615 156 105 206 51 117 111
internal_value=-3.52006e-06 -0.00068042 -0.000885175 0.00438874 0.00830182 -0.000504528 -9.52237e-05 0.000443546 0.00341748 0.00416911 0.00501995 0.00791608 0.000926219 0.00288606
internal_weight=26111.7 22633 22153.9 3478.73 699.23 18678.1 14233.2 7698.21 2779.5 2062.54 1549.64 548.009 5552.6 855.119
internal_count=7378 6682 6623 696 127 5474 4059 2123 569 413 308 102 1508 228
cat_boundaries=0 4 10 16 22 23
cat_threshold=0 2147483648 134679603 25174016 2562736312 24117889 100663296 406896648 1792 320 167936 33837070 12582912 67111424 69599232 2 10752 134227968 0 135169 671621120 180 82
is_linear=0
shrinkage=0.03


Tree=49
num_leaves=15
num_cat=5
split_feature=18 7 18 15 18 1 0 1 19 0 14 16 15 19
split_gain=83.4562 46.6321 19.2017 19.1067 10.3401 7.10384 7.45459 6.76617 14.3118 15.3058 7.75348 6.75634 8.69813 7.36926
threshold=0 20.500000000000004 1 0.034722222222222231 2 37.500000000000007 26.500000000000004 33.500000000000007 3 19.500000000000004 1.0000000180025095e-35 1.8898223650461354 0.49722222222222229 4
decision_type=9 8 9 8 9 2 2 2 1 2 10 8 10 1
left_child=3 2 -2 -1 -4 6 7 10 9 -9 -6 13 -13 -5
right_child=1 -3 4 11 5 -7 -8 8 -10 -11 -12 12 -14 -15
leaf_value=0.011327419621273262 -0.0027550272096632513 0.0098759695471041329 -0.0014495623963429489 0.0041212166920812018 0.0033820220531952643 -0.0010987609807069742 -0.0016711932973041284 0.0014747841291132455 -0.00033859031186780528 0.011774248144635815 0.00012874098981159189 0.01035572538155302 0.0036946221408862179 0.00066985574596287536
leaf_weight=317.58548641204834 3899.1130802631378 370.15816497802734 6078.2841196060181 1481.93905377388 742.44688010215759 3418.8556435108185 1214.7457139492035 256.44009256362915 554.55332231521606 262.75781297683716 5827.3740582466125 272.82171058654785 501.62513208389282 912.973140001297
leaf_count=56 1285 36 1906 292 193 991 344 71 154 67 1638 50 99 196
internal_value=-3.50782e-06 -0.000669942 -0.000846089 0.00430911 -0.000438719 6.25872e-05 0.000510952 0.00085792 0.00306464 0.00657343 0.000496849 0.00361608 0.00605152 0.00282634
internal_weight=26111.7 22624.7 22254.6 3486.94 18355.5 12277.2 8858.32 7643.57 1073.75 519.198 6569.82 3169.36 774.447 2394.91
internal_count=7378 6685 6649 693 5364 3458 2467 2123 292 138 1831 637 149 488
cat_boundaries=0 4 10 16 17 18
cat_threshold=0 2147483648 134483495 25174016 415256760 24117900 104857600 138461192 1280 64 2147656192 33837059 8388608 335677952 69870080 422 82 19
is_linear=0
shrinkage=0.03


Tree=50
num_leaves=15
num_cat=3
split_feature=18 7 14 18 18 1 0 0 15 5 14 6 3 16
split_gain=80.8275 44.4987 23.5487 20.3556 10.9769 6.1659 7.08658 7.86309 10.8916 7.80523 10.6735 5.5606 5.26818 4.90129
threshold=0 20.500000000000004 0.062500000000000014 1 2 37.500000000000007 26.500000000000004 14.500000000000002 0.1680555555555556 155.50000000000003 0.075892857142857165 9.5000000000000018 1.0000000180025095e-35 1.8898223650461354
decision_type=9 8 10 9 9 2 2 2 8 2 8 2 2 10
left_child=2 3 -1 -2 11 6 7 -6 9 -9 -11 -5 -13 -4
right_child=1 -3 13 4 5 -7 -8 8 -10 10 -12 12 -14 -15
leaf_value=0.010673004354034444 -0.0026989445350316774 0.0096331605363220007 0.0026202141570996619 0.0040163699369173437 0.00012057806023791723 -0.00091460131476184963 -0.001580632904752975 0.0087824263066103424 0.0010819298259170003 -0.00047059566817130992 0.0082467215044209567 -0.0014446197875688212 0.0033914213616674889 0.0055045304157497555
leaf_weight=475.91156673431396 4098.3661515712738 373.83195877075195 1904.2020525932312 179.02063536643982 3531.3220660686493 2847.1025292873383 1038.6466362476349 318.88607120513916 2199.3142721652985 331.70324563980103 203.14968395233154 7666.454238653183 207.31656432151794 736.41944694519043
leaf_count=79 1354 36 391 54 966 816 288 84 604 85 52 2364 63 142
internal_value=-3.49283e-06 -0.000618639 0.00452154 -0.000788748 -0.000364323 0.000276182 0.000721349 0.00108466 0.00219936 0.00507333 0.00284966 -0.00119634 -0.00131687 0.00342637
internal_weight=26111.6 22995.1 3116.53 22621.3 18522.9 10470.1 7623.02 6584.38 3053.05 853.739 534.853 8052.79 7873.77 2640.62
internal_count=7378 6766 612 6730 5376 2895 2079 1791 825 221 137 2481 2427 533
cat_boundaries=0 4 10 16
cat_threshold=0 2147483648 134480931 25165824 415256760 24117893 100663296 406896648 67110656 320 2147656192 33845258 12582912 67242497 539631616 166
is_linear=0
shrinkage=0.03


Tree=51
num_leaves=15
num_cat=6
split_feature=18 10 18 5 18 19 14 19 5 8 6 13 18 5
split_gain=78.1886 43.7622 19.168 18.0052 10.4007 7.43824 8.06546 5.73499 5.24024 4.47545 4.32358 7.57545 6.44491 5.74228
threshold=0 12.000000000000002 1 88.500000000000014 2 3 0.23500000000000001 4 551.50000000000011 1.0000000180025095e-35 17.500000000000004 0.25000000000000006 5 28.500000000000004
decision_type=9 8 9 2 9 1 10 1 2 10 2 10 9 2
left_child=3 2 -2 -1 7 6 -5 -4 -7 10 11 -6 -12 -14
right_child=1 -3 4 5 9 8 -8 -9 -10 -11 12 -13 13 -15
leaf_value=0.0092959867244491595 -0.0028115412854879803 0.008205039312048976 5.9296020337660168e-05 0.0097272535307503013 -0.00079451095749366347 0.0017326045008246465 0.0035217489591787459 -0.0018634795024108507 0.0060931980945331723 -0.0010232104036801987 -0.00067383717253930884 0.0075006715121305207 0.0044780282590358251 0.00069358159484400779
leaf_weight=525.37582206726074 3704.3489830493927 490.49872446060181 1915.4660375118256 295.64784550666809 191.50430917739868 1859.769282579422 522.62974119186401 5198.6944768428802 285.54981231689453 2431.5392286777496 3610.9685254096985 203.92232608795166 391.49894309043884 4484.232928276062
leaf_count=99 1230 59 594 47 54 389 99 1625 54 684 1045 56 105 1238
internal_value=-3.4927e-06 -0.000648769 -0.000845644 0.00416941 -0.000448561 0.00327183 0.00570335 -0.00134649 0.00230485 0.000116824 0.000429127 0.00349146 0.000286047 0.000996268
internal_weight=26111.6 22622.7 22132.2 3488.97 18427.8 2963.6 818.278 7114.16 2145.32 11313.7 8882.13 395.427 8486.7 4875.73
internal_count=7378 6690 6631 688 5401 589 146 2219 443 3182 2498 110 2388 1343
cat_boundaries=0 4 10 16 17 18 24
cat_threshold=0 2147483648 134614071 25165824 2562736312 24117896 104857600 138461208 34560 64 176640 33839111 8388608 335546880 741212160 386 33 97 65536 8192 0 2490369 1073750016 60
is_linear=0
shrinkage=0.03


Tree=52
num_leaves=15
num_cat=5
split_feature=18 10 18 15 18 11 19 6 18 0 16 1 1 10
split_gain=75.815 42.2553 17.6029 14.0028 11.2599 5.96076 5.50386 8.21118 6.55837 5.92757 6.71812 5.42092 13.2425 4.555
threshold=0 12.000000000000002 1 0.01388888888888889 2 0.75000000000000011 3 20.500000000000004 4 25.500000000000004 1.6109573194499607 34.500000000000007 33.500000000000007 0.75000000000000011
decision_type=9 8 9 10 9 10 1 2 9 2 10 2 2 10
left_child=3 2 -2 -1 -4 13 7 -6 -8 10 -9 12 -10 -5
right_child=1 -3 4 5 6 -7 8 9 11 -11 -12 -13 -14 -15
leaf_value=0.0094981972979484523 -0.0029164285492264503 0.008016638481131419 -0.0017527194658684773 0.0047581086696875819 0.006546709549565312 0.00097444805607438552 -0.0011352270043597879 0.00073881273379521072 0.00055235891065123235 -0.0023181877380219558 0.0066607922696845321 -0.0010176769649331183 0.0080363318497442635 0.0015689921117790272
leaf_weight=380.82449960708618 3143.8669991493225 494.53982067108154 4774.4119365215302 1971.7082273960114 220.0333046913147 703.06329298019409 5463.2083303928375 2662.9746081829071 3142.6993808746338 534.39221882820129 183.37855076789856 1701.096394777298 227.26033234596252 508.20787715911865
leaf_count=66 1050 59 1533 380 61 152 1601 756 866 153 49 490 59 103
internal_value=-3.50347e-06 -0.000646731 -0.000841652 0.00405561 -0.000494762 0.0034144 -6.88278e-05 0.00094197 -0.000414957 0.000578147 0.00112255 0.000361791 0.00105929 0.00410546
internal_weight=26111.7 22547.9 22053.3 3563.8 18909.5 3182.98 14135 3600.78 10534.3 3380.75 2846.35 5071.06 3369.96 2479.92
internal_count=7378 6677 6618 701 5568 635 4035 1019 3016 958 805 1415 925 483
cat_boundaries=0 4 10 16 17 23
cat_threshold=0 2147483648 134680099 25174016 2562736312 24117888 100663296 138461208 34048 320 167936 33837071 12582912 335546880 69599744 2 65 74240 134227968 32768 4352 1745354752 60
is_linear=0
shrinkage=0.03


Tree=53
num_leaves=15
num_cat=5
split_feature=18 7 15 18 18 19 1 2 8 13 3 1 6 19
split_gain=73.5137 40.0734 21.7658 19.0287 9.7195 6.41748 5.93025 6.1536 5.57406 6.09149 5.38668 3.97182 3.84242 10.9636
threshold=0 20.500000000000004 0.041666666666666678 1 2 3 33.500000000000007 1.5000000000000002 1.0000000180025095e-35 1.3571428571428574 1.0000000180025095e-35 37.500000000000007 80.500000000000014 4
decision_type=9 8 10 9 9 1 2 2 10 8 2 2 2 1
left_child=2 3 -1 -2 10 -4 7 -7 9 12 -5 -10 13 -6
right_child=1 -3 5 4 8 6 -8 -9 11 -11 -12 -13 -14 -15
leaf_value=0.010727210238351239 -0.002600477039967841 0.0090086794491467254 0.0013529139601393863 -0.0013509920879869338 0.0052406908475094369 0.0062171441592930865 0.0069750038611210178 0.0016553896080695784 -0.00043460098939273559 0.0048768663028066483 0.0041404192841960168 -0.0033555960147443925 0.00017250292894228512 -0.00094719804795843617
leaf_weight=411.68264102935791 4109.3737633228302 383.62335205078125 990.43995666503906 6878.2187061309814 499.91198253631592 406.05746459960938 564.77263450622559 771.96787214279175 1962.2842309474945 281.93603587150574 163.6654634475708 531.82940888404846 7636.9179637432098 519.01303315162659
leaf_count=69 1369 36 207 2139 137 72 109 155 544 67 50 155 2124 145
internal_value=-3.51981e-06 -0.000593194 0.00428983 -0.000756957 -0.000345164 0.00333235 0.00442272 0.00323174 0.00019503 0.000545143 -0.00122106 -0.00105855 0.000403504 0.002133
internal_weight=26111.7 22966.8 3144.92 22583.2 18473.8 2733.24 1742.8 1178.03 11431.9 8937.78 7041.88 2494.11 8655.84 1018.93
internal_count=7378 6766 612 6730 5361 543 336 227 3172 2473 2189 699 2406 282
cat_boundaries=0 4 10 16 17 18
cat_threshold=0 2147483648 134218803 25165824 415256760 24117893 104857600 406896648 67110656 64 2147658240 33837066 8388608 67242497 539631616 422 12 9
is_linear=0
shrinkage=0.03


Tree=54
num_leaves=15
num_cat=6
split_feature=18 10 7 18 5 18 17 18 1 19 0 19 6 0
split_gain=71.406 24.5076 23.5787 17.578 25.047 16.0061 8.95813 8.26403 7.46388 4.73774 4.55312 4.19414 7.05093 5.59809
threshold=0 12.000000000000002 4.5000000000000009 1 141.50000000000003 2 0.64327767257703572 3 18.500000000000004 4 19.500000000000004 5 20.500000000000004 25.500000000000004
decision_type=9 8 8 9 2 9 10 9 2 1 2 1 2 2
left_child=2 5 3 4 -1 -2 9 -7 -6 10 -5 -9 -13 -14
right_child=1 -3 -4 6 8 7 -8 11 -10 -11 -12 12 13 -15
leaf_value=0.013060455218548001 -0.0027260540361077374 0.0058494657751337695 0.012487046674863576 -0.00035844315587535316 0.0073741110995883298 -0.001679953449673553 -0.00042442494260612457 -0.0004777563048223615 0.0015594636824645279 0.0039399325789123939 0.0039476574020441855 0.0061691118498114353 0.0009606046675860408 -0.0024889131926170843
leaf_weight=321.4441294670105 3638.8175449371338 491.35480642318726 235.07780480384827 631.42480373382568 286.5804762840271 4246.8492705821991 1209.5116493701935 9406.8037598133087 645.22244834899902 1308.3833599090576 338.86861038208008 202.63433861732483 2645.5798981189728 503.07575488090515
leaf_count=61 1217 58 45 136 55 1366 314 2718 128 253 69 56 756 146
internal_value=-3.48232e-06 -0.000765059 0.00322547 0.00277056 0.00580557 -0.000923142 0.00165739 -0.000535289 0.00335377 0.00276937 0.00113625 -0.00015314 0.000756615 0.000408843
internal_weight=26111.6 21135.1 4976.51 4741.44 1253.25 20643.8 3488.19 17004.9 931.803 2278.68 970.293 12758.1 3351.29 3148.66
internal_count=7378 6317 1061 1016 244 6259 772 5042 183 458 205 3676 958 902
cat_boundaries=0 4 8 14 20 21 22
cat_threshold=0 2147614720 134680119 25174016 0 2147483648 1 16777216 2562740408 24117896 100663296 138461208 34048 320 163840 33837063 12582912 335546880 69599744 2 10 30
is_linear=0
shrinkage=0.03


Tree=55
num_leaves=15
num_cat=5
split_feature=18 10 7 18 5 18 18 17 1 19 0 1 0 17
split_gain=69.1281 23.6842 22.461 16.8811 23.7679 14.9168 9.13126 8.65993 7.15477 4.56296 4.39778 4.15568 6.37235 6.34864
threshold=0 12.000000000000002 4.5000000000000009 1 141.50000000000003 2 3 0.64327767257703572 18.500000000000004 4 19.500000000000004 37.500000000000007 28.500000000000004 0.013728557472726647
decision_type=9 8 8 9 2 9 9 10 2 1 2 2 2 10
left_child=2 5 3 4 -1 -2 -7 9 -6 10 -5 12 13 -8
right_child=1 -3 -4 7 8 6 11 -9 -10 -11 -12 -13 -14 -15
leaf_value=0.012698795564781073 -0.0028324659822911778 0.0057287051191027933 0.012148641103806694 -0.0003532390242317764 0.0072110462745838448 -0.0016863943634011674 0.0036943665183397133 -0.00041828595107092461 0.0015338591563198759 0.0038664753334194607 0.0038736272114022834 -0.0010210121421636328 -0.0024573221552853554 0.00021503897688916851
leaf_weight=325.66987133026123 3079.6410443782806 494.23740339279175 238.03163719177246 631.19851303100586 288.70156621932983 4788.9911420345306 500.82523989677429 1208.9984135627747 646.22943639755249 1313.5484766960144 340.20898914337158 3560.75767993927 752.5947732925415 7941.9689564704895
leaf_count=61 1038 58 45 136 55 1545 138 314 128 253 69 1050 219 2269
internal_value=-3.46774e-06 -0.000754292 0.00316726 0.00272181 0.00568584 -0.000910281 -0.000570805 0.00163015 0.00329277 0.00272085 0.00111807 -0.000150891 0.000185959 0.000421845
internal_weight=26111.6 21119 4992.59 4754.56 1260.6 20624.8 17545.1 3493.95 934.931 2284.96 971.408 12756.1 9195.39 8442.79
internal_count=7378 6317 1061 1016 244 6259 5221 772 183 458 205 3676 2626 2407
cat_boundaries=0 4 8 14 20 21
cat_threshold=0 2147614720 134680119 25174016 0 2147483648 1 16777216 2562736312 24117888 100663296 406896664 34048 64 167936 33837071 12582912 67111424 69599744 258 10
is_linear=0
shrinkage=0.03


Tree=56
num_leaves=15
num_cat=7
split_feature=18 10 7 18 5 18 17 18 1 19 0 19 6 18
split_gain=66.9262 22.8907 21.4059 16.2151 22.5665 15.0647 8.37225 8.22153 6.86018 4.39524 4.24812 4.24183 7.11627 5.61415
threshold=0 12.000000000000002 4.5000000000000009 1 141.50000000000003 2 0.64327767257703572 3 18.500000000000004 4 19.500000000000004 5 20.500000000000004 6
decision_type=9 8 8 9 2 9 10 9 2 1 2 1 2 9
left_child=2 5 3 4 -1 -2 9 -7 -6 10 -5 13 -13 -9
right_child=1 -3 -4 6 8 7 -8 11 -10 -11 -12 12 -14 -15
leaf_value=0.012351623173291562 -0.0027284910297818233 0.0056111178060253494 0.011823404419479145 -0.00034810862708690055 0.0070527379941943899 -0.0016417613765205667 -0.00041223320740648117 -0.0011752900457752782 0.0015087138946551621 0.0037946638023964941 0.0038012670721524894 0.0062332647267921981 0.00041894917009318753 0.00029087204295284843
leaf_weight=329.83185529708862 3371.2534716129303 497.07685852050781 240.94103622436523 630.97558879852295 290.79092741012573 4478.6184475421906 1208.492812871933 4910.7715179920197 647.22141981124878 1318.6371052265167 341.5293881893158 200.5963773727417 3148.5362069606781 4496.3037700653076
leaf_count=61 1136 58 45 136 55 1446 314 1444 128 253 69 55 902 1276
internal_value=-3.4527e-06 -0.000743668 0.00311027 0.00267406 0.00556926 -0.000897589 0.00160341 -0.00053742 0.00323308 0.0026733 0.0011002 -0.000148612 0.000766666 -0.000474987
internal_weight=26111.6 21103.2 5008.42 4767.48 1267.84 20606.1 3499.63 17234.8 938.012 2291.14 972.505 12756.2 3349.13 9407.08
internal_count=7378 6317 1061 1016 244 6259 772 5123 183 458 205 3677 957 2720
cat_boundaries=0 4 8 14 20 21 22 28
cat_threshold=0 2147614720 134680119 25174016 0 2147483648 1 16777216 2562740408 24117888 104857600 138461208 34560 320 163840 33837071 8388608 335546880 68026368 2 10 30 73728 134227968 0 4352 1746927616 52
is_linear=0
shrinkage=0.03


Tree=57
num_leaves=15
num_cat=4
split_feature=18 10 7 18 17 18 17 18 5 17 5 5 5 1
split_gain=64.7976 22.126 20.4092 15.5784 22.3638 14.722 8.13176 7.94403 7.85334 15.8197 4.77809 9.84314 6.32071 4.15938
threshold=0 12.000000000000002 4.5000000000000009 1 0.14379807970385797 2 0.66023634659657338 3 426.50000000000006 0.691265999193164 95.500000000000014 169.50000000000003 36.500000000000007 37.500000000000007
decision_type=9 8 8 9 10 9 10 9 2 10 2 2 2 2
left_child=2 5 3 4 -1 -2 10 -7 9 -6 12 -12 -5 -9
right_child=1 -3 -4 6 8 7 -8 13 -10 -11 11 -13 -14 -15
leaf_value=0.013239532283739294 -0.0026895489439898281 0.0054965923997586253 0.011510614610968683 0.0032590287942172256 0.010539420207801221 -0.0016182286321936004 -0.001428004120766779 0.00019056152846688365 -0.00095553045077561042 0.0015564966198338467 0.0073179414473655974 0.0020139677582972464 -0.002940817281795776 -0.0010170833027679852
leaf_weight=265.01532936096191 3387.8890979290009 499.87386417388916 243.80668711662292 270.79652905464172 287.35568571090698 4445.4500403404236 656.02969145774841 9194.5718660354614 266.88766765594482 455.72007656097412 377.78496384620667 1876.7073047161102 323.91272449493408 3559.7495145797729
leaf_count=46 1146 58 45 55 52 1436 178 2626 51 95 77 396 66 1051
internal_value=-3.43803e-06 -0.000733188 0.00305449 0.00262727 0.00545571 -0.000885064 0.00157715 -0.000527624 0.00345612 0.00503979 0.00227487 0.0029056 -0.000117031 -0.000146432
internal_weight=26111.6 21087.5 5024.02 4780.21 1274.98 20587.7 3505.23 17199.8 1009.96 743.076 2849.2 2254.49 594.709 12754.3
internal_count=7378 6317 1061 1016 244 6259 772 5113 198 147 594 473 121 3677
cat_boundaries=0 4 8 14 20
cat_threshold=0 2147614720 134680119 25174016 0 2147483648 1 16777216 2562740408 24117889 100663296 406896664 34560 64 163840 33837070 12582912 67111424 68026368 258
is_linear=0
shrinkage=0.03


Tree=58
num_leaves=15
num_cat=5
split_feature=18 14 17 10 18 11 19 18 6 18 1 1 13 5
split_gain=62.2497 23.4599 55.8239 21.2649 14.6709 7.9142 6.85371 9.79842 7.93692 6.59956 6.53441 10.6524 7.85962 4.8531
threshold=0 0.062500000000000014 0.097254221739520127 12.000000000000002 1 0.75000000000000011 2 3 20.500000000000004 4 21.500000000000004 6.5000000000000009 0.3928571428571429 536.50000000000011
decision_type=9 10 8 8 9 10 1 9 2 9 2 2 10 2
left_child=1 2 -1 4 -2 10 8 -8 -6 13 11 -3 -13 -10
right_child=3 5 -4 -5 6 -7 7 -9 9 -11 -12 12 -14 -15
leaf_value=0.0014652879124188998 -0.0024797236595629542 0.0010508941460564941 0.018112394787022586 0.005385023603392311 0.0054829716710386445 0.0002372440864119841 -0.0017652213305315056 -6.1369027560465237e-05 0.0021305774381522266 -0.00096130542031040613 0.0018630122148716496 0.0029354275937833497 0.0094956649343370652 -0.001574406400803094
leaf_weight=471.09984683990479 4015.7703995704651 423.17264080047607 293.90794134140015 502.62903356552124 274.25767588615417 1315.1649551391602 5508.0914649963379 6769.5732264518738 1676.2180230617523 2096.3721468448639 1666.2998254299164 262.27040100097656 444.816326379776 391.91732716560364
leaf_count=86 1356 84 45 58 78 313 1711 1925 487 622 361 53 86 113
internal_value=-3.44386e-06 0.00304918 0.00787623 -0.000705716 -0.000853972 0.00215681 -0.000461535 -0.000826659 0.000547946 0.000223023 0.00305913 0.00481931 0.00706994 0.00142118
internal_weight=26111.6 4876.73 765.008 21234.8 20732.2 4111.72 16716.4 12277.7 4438.77 4164.51 2796.56 1130.26 707.087 2068.14
internal_count=7378 1028 131 6350 6292 897 4936 3636 1300 1222 584 223 139 600
cat_boundaries=0 4 10 11 17 23
cat_threshold=0 2147614720 134679591 25174016 2562740408 24117896 100663296 406896648 67110656 320 97 172032 168062983 12582912 67111680 1747451904 6 204800 134530049 0 384 939524096 46
is_linear=0
shrinkage=0.03


Tree=59
num_leaves=15
num_cat=6
split_feature=18 12 7 18 17 18 17 5 17 19 18 6 16 18
split_gain=60.7772 20.7627 19.2054 14.7853 20.9594 14.5998 7.76121 7.52502 14.7585 6.37658 8.79141 7.76793 6.07164 5.36091
threshold=0 5.5000000000000009 4.5000000000000009 1 0.14379807970385797 2 0.66023634659657338 426.50000000000006 0.691265999193164 3 4 20.500000000000004 1.6109573194499607 5
decision_type=9 8 8 9 10 9 10 2 10 1 9 2 10 9
left_child=2 5 3 4 -1 -2 -5 8 -6 11 -11 -7 13 -13
right_child=1 -3 -4 6 7 9 -8 -9 -10 10 -12 12 -14 -15
leaf_value=0.012730579720008468 -0.0024944583650210448 0.0046908464021475655 0.011080801796787101 0.0021875208780937536 0.010130056628435842 0.0053669756711260631 -0.0014282344363294439 -0.0009835067840271649 0.0015021194892936886 -0.0018546886490090073 -0.00019055760922498575 -0.0017677232165809282 0.0053535114647050765 0.00064754685676148406
leaf_weight=269.91573238372803 4023.3600029945374 620.02542090415955 247.85702347755432 2863.7742731571198 292.07216596603394 275.83327531814575 656.04092764854431 267.42629909515381 457.23443984985352 4656.5900435447693 7390.0921125411987 1174.7629616260529 193.05875515937805 2723.5502398014069
leaf_count=46 1362 92 45 594 52 78 178 51 95 1454 2126 359 52 794
internal_value=-3.46234e-06 -0.000712843 0.00294709 0.00253157 0.00527267 -0.00087735 0.0015091 0.00333404 0.00487422 -0.000479027 -0.000834925 0.00050233 0.00017436 -8.34381e-05
internal_weight=26111.6 21057.3 5054.32 4806.46 1286.65 20437.2 3519.82 1016.73 749.307 16413.9 12046.7 4367.21 4091.37 3898.31
internal_count=7378 6317 1061 1016 244 6225 772 198 147 4863 3580 1283 1205 1153
cat_boundaries=0 4 8 14 15 21 27
cat_threshold=0 2147614720 134680119 25174016 0 2147483648 1 16777216 2562736312 24117897 100663296 138461208 67143424 64 97 176128 33841158 12582912 335546624 1210580992 262 33280 33554438 12582912 2490881 1073741824 17
is_linear=0
shrinkage=0.03


Tree=60
num_leaves=15
num_cat=6
split_feature=18 12 7 15 18 18 16 18 19 17 1 15 1 19
split_gain=58.6451 19.7285 19.5771 14.6229 14.4324 7.38055 6.14349 6.13731 5.72625 5.16077 4.95835 5.91317 4.15378 3.69545
threshold=0 5.5000000000000009 4.5000000000000009 0.034722222222222231 1 2 1.8898223650461354 3 4 0.66023634659657338 33.500000000000007 0.41944444444444451 22.500000000000004 5
decision_type=9 8 8 8 9 9 10 9 1 10 2 10 2 1
left_child=2 4 3 -1 -2 9 8 -6 12 -5 11 -10 -7 -9
right_child=1 -3 -4 5 7 6 -8 13 10 -11 -12 -13 -14 -15
leaf_value=0.0079085204465073975 -0.0024527962460420705 0.004536605029900157 0.011153881595620899 0.0017080796931153498 -0.0012094785204190216 0.0029050407937083493 0.0070161611022289431 -0.00068008085915441364 0.00012165324406851591 -0.001409012700822861 0.0068710326237180382 0.0057406120180539567 -0.0022795690254116497 0.00047206996636488453
leaf_weight=408.75466346740723 4074.9414699077606 628.04158473014832 246.00735926628113 1761.3469886779785 6129.6544408798218 255.97918176651001 341.93116283416748 4299.3897836208344 405.4725513458252 655.10461473464966 342.83930778503418 287.53804683685303 302.13049221038818 5972.4803171157837
leaf_count=69 1382 93 44 386 1918 51 63 1238 73 178 64 56 63 1700
internal_value=-3.47281e-06 -0.000696268 0.00291173 0.00248972 -0.000857321 0.00197911 0.00335404 -0.000459026 0.00258558 0.000859242 0.00388629 0.00245794 9.75702e-05 -1.03855e-05
internal_weight=26111.6 21104.5 5007.1 4761.1 20476.5 4352.34 1935.89 16401.5 1593.96 2416.45 1035.85 693.011 558.11 10271.9
internal_count=7378 6331 1047 1003 6238 934 370 4856 307 564 193 129 114 2938
cat_boundaries=0 4 10 14 20 21 22
cat_threshold=0 2147614720 134549047 25174016 2562740408 24117897 100663296 134266904 67142912 320 0 131072 264710 8388608 163840 33839110 12582912 339872257 539886080 130 12 6
is_linear=0
shrinkage=0.03


Tree=61
num_leaves=15
num_cat=4
split_feature=18 15 0 18 7 11 18 18 13 17 0 5 0 17
split_gain=56.6682 23.2399 53.3641 16.6265 34.2884 8.53982 6.09997 5.6463 6.08271 6.11841 4.26611 4.97092 4.24016 4.19249
threshold=0 0.01388888888888889 18.500000000000004 1 20.500000000000004 0.75000000000000011 2 3 0.082857142857142865 0.64863371658951785 2.5000000000000004 659.50000000000011 13.500000000000002 1.0000000180025095e-35
decision_type=9 10 2 9 8 10 9 9 10 10 2 2 2 10
left_child=1 2 -1 -2 6 7 -5 8 -3 -10 -8 13 -13 -12
right_child=3 5 -4 4 -6 -7 10 -9 9 -11 11 12 -14 -15
leaf_value=-0.00035888343754748755 -0.0024958748442567109 0.0014013245726580247 0.017816537876077242 -0.0015165032692366514 0.011038065023593177 9.9199042112156546e-05 -0.0025629135257816912 0.0019379023938395877 0.0087596429104068816 0.0034349701416065614 0.0039878846350517748 0.005685792700684679 0.00027608459678041546 -0.00024830539391289312
leaf_weight=305.41701221466064 3951.2500901222229 377.24047899246216 276.40021586418152 3956.8314130306244 234.38657283782959 1541.326500415802 630.14075493812561 2538.0167384147644 381.33166790008545 399.10286855697632 213.44545316696167 245.74783682823181 276.77754974365234 10784.184043169022
leaf_count=60 1305 68 46 1282 21 376 183 568 67 77 58 63 80 3124
internal_value=-3.4654e-06 0.0026036 0.00829135 -0.00075203 -0.000328987 0.00197521 -0.000495277 0.00275739 0.00449523 0.00604456 -0.000161229 -2.97877e-05 0.00282631 -0.000165733
internal_weight=26111.6 5818.84 581.817 20292.8 16341.5 5237.02 16107.1 3695.69 1157.68 780.435 12150.3 11520.2 522.525 10997.6
internal_count=7378 1262 106 6116 4811 1156 4790 780 212 144 3508 3325 143 3182
cat_boundaries=0 5 11 17 21
cat_threshold=0 2147614720 134680119 25174016 268435456 415256760 24117893 104857600 406896648 1792 320 2147647488 33837066 8388608 67111424 67510272 2 0 2147483648 34 16777216
is_linear=0
shrinkage=0.03


Tree=62
num_leaves=15
num_cat=6
split_feature=18 16 18 17 18 17 19 6 18 8 17 17 18 5
split_gain=54.9616 73.9507 19.9696 24.5979 13.9738 9.40984 7.07417 7.56127 6.33294 5.49014 5.42891 11.8849 5.19588 4.90722
threshold=0 5.1524335028613235 1 0.14092434411226359 2 1.0000000180025095e-35 3 20.500000000000004 4 1.0000000180025095e-35 0.4455286874841331 0.691265999193164 5 536.50000000000011
decision_type=9 8 9 10 9 10 1 2 9 10 10 10 9 2
left_child=1 2 3 -1 -2 -6 7 -7 -8 -4 -5 -12 -9 -14
right_child=4 -3 9 10 5 6 8 12 -10 -11 11 -13 13 -15
leaf_value=0.013263159531356303 -0.0024414440463244882 0.019002862889626836 0.0013713647968834899 -0.00047355785622473211 0.0034799951510421463 0.0055516917720127056 -0.0018186369742147692 -0.0012953444754212498 -0.00032521771370425253 -0.00080081513552849833 0.0090515309039824222 0.0012896833403029599 0.0017482681829146113 -0.0025937013839206404
leaf_weight=259.46556234359741 4063.6069912910461 225.98530292510986 4786.0343449115753 297.45376968383789 527.0842878818512 252.79401755332947 4630.3284044265747 1293.4841279983521 5721.9752833843231 1339.7278742790222 290.23852014541626 455.83492136001587 1696.7166111469269 270.85762715339661
leaf_count=43 1345 33 1152 55 104 72 1458 394 1652 349 52 94 496 79
internal_value=-3.45889e-06 0.00213196 0.00161912 0.00497612 -0.000889837 -0.000450246 -0.000600208 0.000562343 -0.000994408 0.000894787 0.00295252 0.00431728 0.000175714 0.00114373
internal_weight=26111.6 7654.74 7428.75 1302.99 18456.8 14393.2 13866.2 3513.85 10352.3 6125.76 1043.53 746.073 3261.06 1967.57
internal_count=7378 1778 1745 244 5600 4255 4151 1041 3110 1501 201 146 969 575
cat_boundaries=0 6 10 16 17 23 28
cat_threshold=0 2147615744 134680119 25174017 268435456 1 0 2147483648 1 16777216 415256760 24117892 104857600 406896648 67110656 320 65 2147655680 33845259 8388608 67111168 1076363264 6 2147648000 10250 8388608 2490880 1073741824
is_linear=0
shrinkage=0.03


Tree=63
num_leaves=15
num_cat=8
split_feature=18 16 18 17 18 17 19 19 6 18 8 18 18 1
split_gain=53.27 73.7403 18.8561 23.6183 13.0689 9.37169 6.67917 6.44866 7.36696 6.37862 5.32 5.24091 4.88695 4.47739
threshold=0 5.1731725386742466 1 0.14092434411226359 2 1.0000000180025095e-35 3 4 20.500000000000004 5 1.0000000180025095e-35 6 7 32.500000000000007
decision_type=9 8 9 10 9 10 1 1 2 9 10 9 9 2
left_child=1 2 3 -1 -2 -6 -5 8 -7 -9 12 -10 13 -4
right_child=4 -3 10 6 5 7 -8 9 11 -11 -12 -13 -14 -15
leaf_value=0.012893531756560111 -0.0025192367236585608 0.019013921352203124 0.0015430015137558341 0.00039494957682406948 0.0033755776969717531 0.0053041947292464626 0.0051902963432889273 -0.0017978069845573908 -0.0013225053271270989 -0.00032722038967152202 -0.00078953017836416348 0.0010572086964106195 0.00064826341356264219 0.0048328918016376267
leaf_weight=262.92981719970703 3520.4699468612671 224.14197301864624 1074.6870112419128 525.46352577209473 543.23592281341553 260.35837602615356 527.32890033721924 4937.0839688777924 1404.3809847831726 5761.8838579654694 1338.6554310321808 2013.089203119278 3147.9755373001099 569.93969249725342
leaf_count=43 1171 32 200 105 106 74 97 1562 431 1666 349 590 842 110
internal_value=-3.47968e-06 0.00209565 0.00158676 0.00483066 -0.000877428 -0.000488463 0.00285252 -0.000635033 0.000448471 -0.00100698 0.000880658 7.84081e-05 0.00134907 0.00266913
internal_weight=26111.6 7671.12 7446.98 1315.72 18440.5 14920 1052.79 14376.8 3677.83 10699 6131.26 3417.47 4792.6 1644.63
internal_count=7378 1778 1746 245 5600 4429 202 4323 1095 3228 1501 1021 1152 310
cat_boundaries=0 6 10 16 17 18 24 29 33
cat_threshold=0 2147615744 134680119 25174017 268435456 1 0 2147483648 1 16777216 415252664 24117889 104857600 469811208 1792 320 28 65 2147655680 33845262 8388608 4196608 1143472128 6 2147648000 10254 8388608 2490880 1073741824 0 0 134218790 8396800
is_linear=0
shrinkage=0.03


Tree=64
num_leaves=15
num_cat=8
split_feature=18 16 18 17 18 17 19 6 19 18 8 18 5 18
split_gain=51.636 69.9454 18.1712 22.4461 13.3414 8.84501 6.80951 6.99498 6.43157 6.02218 5.15539 5.0264 4.85601 4.72009
threshold=0 5.1731725386742466 1 0.14092434411226359 2 1.0000000180025095e-35 3 20.500000000000004 4 5 1.0000000180025095e-35 6 536.50000000000011 7
decision_type=9 8 9 10 9 10 1 2 1 9 10 9 2 9
left_child=1 2 3 -1 -2 -6 7 -7 -5 -8 13 -9 -13 -4
right_child=4 -3 10 8 5 6 9 11 -10 -11 -12 12 -14 -15
leaf_value=0.01253883841853418 -0.0023772888690239071 0.018378005919575755 0.0026223466232707967 0.0003890348056792287 0.003363939847609933 0.0053335990720948748 -0.0017749836093617145 -0.0012599906969848632 0.0050884186226746635 -0.00031572531941056342 -0.00077839538588492609 0.0017503972183941924 -0.0025743756092510917 0.00063822392506436977
leaf_weight=266.3418607711792 4078.6700713634491 228.44456720352173 1649.0473546981812 525.67109775543213 530.4403657913208 255.52992749214172 4598.8856294155121 1290.1024072170258 530.07300901412964 5718.2432706356049 1337.5989363193512 1682.08331990242 270.43128824234009 3150.0169260501862
leaf_count=43 1355 32 310 105 104 72 1454 394 97 1652 349 490 79 842
internal_value=-3.45452e-06 0.00206017 0.00156076 0.00473649 -0.000865172 -0.000433766 -0.000580127 0.000563142 0.00280294 -0.000967391 0.000866784 0.000187421 0.00114453 0.0013272
internal_weight=26111.6 7687.19 7458.75 1322.09 18424.4 14345.7 13815.3 3498.15 1055.74 10317.1 6136.66 3242.62 1952.51 4799.06
internal_count=7378 1778 1746 245 5600 4245 4141 1035 202 3106 1501 963 569 1152
cat_boundaries=0 6 10 16 17 18 24 29 33
cat_threshold=0 2147615744 134680119 25174017 268435456 1 0 2147483648 1 16777216 415256760 24117892 104857600 205570056 67110656 320 65 28 2147655680 33845259 8388608 268437760 1076363264 6 2147648000 10250 8388608 2490880 1073741824 0 0 134218790 8396800
is_linear=0
shrinkage=0.03


Tree=65
num_leaves=15
num_cat=8
split_feature=18 16 18 17 18 17 19 19 6 18 18 0 14 18
split_gain=50.0555 66.392 17.5129 21.3428 12.4346 8.75202 6.19409 6.07411 6.63457 6.14948 5.0317 5.8822 5.62257 4.9048
threshold=0 5.1731725386742466 1 0.14092434411226359 2 1.0000000180025095e-35 3 4 20.500000000000004 5 6 14.500000000000002 0.34821428571428575 7
decision_type=9 8 9 10 9 10 1 1 2 9 9 2 10 9
left_child=1 2 3 -1 -2 -6 -5 8 -7 -9 -4 -12 -13 -10
right_child=4 -3 10 6 5 7 -8 9 13 -11 11 12 -14 -15
leaf_value=0.012198228700443171 -0.0024724049278762954 0.017774645683183144 0.00017813018973615878 0.00038321076680207083 0.0032429624356468262 0.0049833403373442248 0.0049890319372282487 -0.0017546261692460044 -0.0012864671238818192 -0.00031111833926103456 0.00024944762254430303 0.0049784029177354066 0.0010100165244628478 0.0010113284346824605
leaf_weight=269.70250511169434 3456.4558935165405 232.68173742294312 3804.6711831092834 525.87564420700073 547.21453857421875 266.08538246154785 532.77711534500122 4957.348646402359 1400.6334893703461 5741.11421251297 1023.948215007782 751.4112560749054 561.93289566040039 2039.6696734428406
leaf_count=43 1157 32 1056 105 106 75 97 1574 431 1660 203 132 110 597
internal_value=-3.4216e-06 0.00202542 0.00153527 0.00464458 -0.000853086 -0.000477207 0.00275435 -0.000619077 0.000427412 -0.000981112 0.000853204 0.00194612 0.00328253 7.49369e-05
internal_weight=26111.5 7703 7470.32 1328.36 18408.5 14952.1 1058.65 14404.9 3706.39 10698.5 6141.96 2337.29 1313.34 3440.3
internal_count=7378 1778 1746 245 5600 4443 202 4337 1103 3234 1501 445 242 1028
cat_boundaries=0 6 10 16 17 18 24 30 35
cat_threshold=0 2147615744 134680119 25174017 268435456 1 0 2147483648 1 16777216 415256760 24117889 104857600 406896648 1280 320 28 65 2147655680 33845262 8388608 67111168 1143472128 6 0 132096 16 8193 268435456 1 2147648000 10254 8388608 2490880 1073741824
is_linear=0
shrinkage=0.03


Tree=66
num_leaves=15
num_cat=7
split_feature=18 16 18 5 18 17 19 6 18 18 8 5 18 1
split_gain=48.5222 63.0617 16.8814 20.7074 12.7206 8.56778 6.24171 6.55234 5.96002 5.17807 4.95536 4.53532 4.45821 4.33622
threshold=0 5.1731725386742466 1 141.50000000000003 2 1.0000000180025095e-35 3 27.500000000000004 4 5 1.0000000180025095e-35 536.50000000000011 6 18.500000000000004
decision_type=9 8 9 2 9 10 1 2 9 9 10 2 9 2
left_child=1 2 3 -1 -2 -6 7 -7 -8 -9 12 -11 -4 -5
right_child=4 -3 10 13 5 6 8 9 -10 11 -12 -13 -14 -15
leaf_value=0.010909327966154002 -0.0024162639498752944 0.0172014595932669 0.0025454152049389899 0.0053708125083849869 0.0032525352510012896 0.0046362999628576634 -0.0017258961383279513 -0.0012978314019168426 -0.00029495010203105796 0.001695639218522126 -0.00077390199409799057 -0.0025145737827282589 0.00062027676176433424 0.0010598708499233375
leaf_weight=344.83394336700439 3680.83420753479 236.85454702377319 1656.3689141273499 301.68329763412476 541.96674251556396 312.29690146446228 4863.7431387901306 1381.9597392082214 5695.7112679481506 1649.6701765060425 1337.173068523407 266.69776916503906 3153.6728019714355 688.0143084526062
leaf_count=60 1232 32 310 54 104 88 1547 426 1646 479 349 78 842 131
internal_value=-3.39795e-06 0.00199127 0.00151017 0.00455488 -0.00084115 -0.000445558 -0.000587534 0.000488871 -0.000955162 9.63737e-05 0.000839773 0.00110295 0.00129018 0.00237804
internal_weight=26111.5 7718.6 7481.75 1334.53 18392.9 14712 14170.1 3610.62 10559.5 3298.33 6147.21 1916.37 4810.04 989.698
internal_count=7378 1778 1746 245 5600 4368 4264 1071 3193 983 1501 557 1152 185
cat_boundaries=0 6 10 16 17 23 28 32
cat_threshold=0 2147615744 134680119 25174017 268435456 1 0 2147483648 1 16777216 415256760 24117888 104857600 205570056 67143424 320 65 2147655680 33845263 8388608 268437760 1076363264 6 2147648000 10254 8388608 2490880 1073741824 0 0 134218790 8396800
is_linear=0
shrinkage=0.03


Tree=67
num_leaves=15
num_cat=6
split_feature=18 16 18 17 18 17 19 6 18 17 17 8 18 1
split_gain=47.0358 65.567 16.1789 20.3444 12.1543 8.17387 6.06465 6.43987 5.67574 4.86811 10.4248 4.80281 4.308 4.2896
threshold=0 5.2029964487768003 1 0.14092434411226359 2 1.0000000180025095e-35 3 20.500000000000004 4 0.4455286874841331 0.691265999193164 1.0000000180025095e-35 5 32.500000000000007
decision_type=9 8 9 10 9 10 1 2 9 10 10 10 9 2
left_child=1 2 3 -1 -2 -6 7 -7 -8 -5 -11 12 13 -4
right_child=4 -3 11 9 5 6 8 -9 -10 10 -12 -13 -14 -15
leaf_value=0.011753425611586666 -0.0023299057932126507 0.018127179712114916 0.0014021525899798458 -0.0006264886191257482 0.0031897096716129261 0.0050364331175475107 -0.0018139616311910163 0.00013710644668363169 -0.00037697816732463834 0.0080178757925239534 0.00099817673033117133 -0.00076297563249260586 0.00061068780070567923 0.0046051029072953003
leaf_weight=274.22050619125366 3834.4730989933014 218.37789106369019 1083.9822273254395 300.65204429626465 538.87683844566345 259.35414624214172 4057.3590478897095 3328.299015045166 6359.1220834255219 320.39462566375732 467.98725557327271 1336.1386275291443 3155.6295654773712 576.60820198059082
leaf_count=43 1284 29 200 55 105 72 1293 991 1855 55 95 349 842 110
internal_value=-3.3948e-06 0.00195771 0.00148813 0.0044321 -0.000829381 -0.000432284 -0.000572184 0.000491218 -0.000938026 0.00262015 0.00385749 0.000826639 0.00126942 0.00250136
internal_weight=26111.5 7733.99 7515.61 1363.25 18377.5 14543 14004.1 3587.65 10416.5 1089.03 788.382 6152.36 4816.22 1660.59
internal_count=7378 1778 1749 248 5600 4316 4211 1063 3148 205 150 1501 1152 310
cat_boundaries=0 6 10 16 17 23 27
cat_threshold=0 2147615744 134680119 25174017 268435456 1 0 2147483648 1 16777216 415256760 24117893 104857600 402702344 1792 320 65 2147647488 33845258 8388608 71305472 1143472128 6 0 0 134218790 8396800
is_linear=0
shrinkage=0.03


Tree=68
num_leaves=15
num_cat=7
split_feature=18 16 18 5 18 17 19 18 6 18 18 1 1 1
split_gain=45.5936 64.5829 15.4025 19.8269 12.1188 8.38866 5.87759 6.0772 6.01162 5.09806 4.65725 4.05028 6.91259 9.43644
threshold=0 5.2371977943126957 1 141.50000000000003 2 1.0000000180025095e-35 3 4 27.500000000000004 5 6 36.500000000000007 33.500000000000007 34.500000000000007
decision_type=9 8 9 2 9 10 1 9 2 9 9 2 2 2
left_child=1 2 3 -1 -2 -6 8 -8 -7 -10 -4 12 -9 -14
right_child=4 -3 10 -5 5 6 7 11 9 -11 -12 -13 13 -15
leaf_value=0.010500764665790193 -0.0024316735642532115 0.018012912961294505 0.00016873901196458774 0.0022386963896468613 0.0031998128676029381 0.004379939674646097 -0.0017033792219704486 -0.00021904220438061253 0.0012560722377192859 -0.0010644504734002543 0.0018698321067246292 -0.0014729708116223211 0.0081170988890485341 -0.00013814801369118324
leaf_weight=350.39710712432861 3401.4229202270508 217.31645345687866 3830.943953037262 1024.0137572288513 545.2062509059906 318.01948046684265 5023.6799416542053 3436.2612569332123 1658.5238792896271 1729.3082494735718 2326.5057384967804 1746.5319969654083 223.85224652290344 279.49205565452576
leaf_count=60 1142 28 1056 189 104 89 1607 985 484 529 445 521 59 80
internal_value=-3.39479e-06 0.00192472 0.00146075 0.00431975 -0.000817753 -0.000449304 -0.000587839 -0.000943635 0.000441733 7.21696e-05 0.000813661 -0.000270411 0.000262268 0.00354202
internal_weight=26111.5 7749.18 7531.86 1374.41 18362.3 14960.9 14415.7 10709.8 3705.85 3387.83 6157.45 5686.14 3939.61 503.344
internal_count=7378 1778 1750 249 5600 4458 4354 3252 1102 1013 1501 1645 1124 139
cat_boundaries=0 6 10 16 17 23 29 35
cat_threshold=0 2147615744 134680119 25174017 268435456 1 0 2147483648 1 16777216 415256760 24117888 104857600 474005528 1792 320 65 2147655680 33845263 8388608 2304 1143472128 6 73728 134529025 0 384 738197504 46 0 132096 4 1 268435456 1
is_linear=0
shrinkage=0.03


Tree=69
num_leaves=15
num_cat=6
split_feature=18 16 18 1 18 17 1 19 6 18 18 8 5 5
split_gain=44.1977 61.341 14.8474 19.4488 11.5163 7.59627 6.09412 5.3873 6.16868 5.22289 4.72895 4.62817 4.38331 4.16986
threshold=0 5.2371977943126957 1 33.500000000000007 2 1.0000000180025095e-35 21.500000000000004 3 20.500000000000004 4 5 1.0000000180025095e-35 536.50000000000011 228.50000000000003
decision_type=9 8 9 2 9 10 2 1 2 9 9 10 2 2
left_child=1 2 3 6 -2 -6 -1 8 -7 -9 -10 -4 13 -12
right_child=4 -3 11 -5 5 7 -8 9 10 -11 12 -13 -14 -15
leaf_value=0.0041802751034535988 -0.0022914656301080013 0.017428049688091092 0.001234708472218571 0.01017654832688588 0.0030282924087710445 0.0048359079109907008 -0.00050323227082466082 -0.0016403368053916063 -0.0012381561650218751 -0.00029263135877003675 0.00045984056510727233 -0.00076008414585243805 -0.0025185008404103636 0.0035481866256480677
leaf_weight=567.45538568496704 3732.7190651893616 221.26642608642578 4826.5852870941162 366.90531969070435 550.43251967430115 265.0403037071228 446.04400539398193 4747.0610311031342 1395.6407730579376 5709.183944940567 1052.8826806545258 1335.8651502132416 266.78269243240356 627.59467554092407
leaf_count=99 1261 28 1152 66 105 73 84 1514 431 1652 306 349 78 180
internal_value=-3.38569e-06 0.00189239 0.00143691 0.00423697 -0.000806279 -0.00042551 0.00212059 -0.00056119 0.000438107 -0.000905561 8.93978e-05 0.000800935 0.00104204 0.00161465
internal_weight=26111.5 7764.12 7542.86 1380.4 18347.3 14614.6 1013.5 14064.2 3607.94 10456.2 3342.9 6162.45 1947.26 1680.48
internal_count=7378 1778 1750 249 5600 4339 183 4234 1068 3166 995 1501 564 486
cat_boundaries=0 6 10 16 17 23 28
cat_threshold=0 2147615744 134680119 25174017 268435456 1 0 2147483648 1 16777216 415256760 24117889 104857600 138461192 67110656 320 65 2147655680 33845262 8388608 335546624 1076363264 6 2147648000 10254 8388608 2490880 1073741824
is_linear=0
shrinkage=0.03


Tree=70
num_leaves=15
num_cat=5
split_feature=18 16 18 14 18 17 14 9 13 19 6 18 5 1
split_gain=42.8443 59.8705 14.667 22.3255 11.7914 7.40826 5.2504 8.95169 7.10655 5.17425 5.69702 5.49423 4.70428 4.54509
threshold=0 5.3495588448485458 1 0.062500000000000014 2 0.66964852715426515 0.45535714285714296 1.0000000180025095e-35 0.3928571428571429 3 20.500000000000004 4 226.50000000000003 36.500000000000007
decision_type=9 8 9 10 9 8 10 10 10 1 2 9 2 2
left_child=1 2 3 -1 -2 9 8 -8 -5 10 -6 -11 -4 -13
right_child=4 -3 12 6 5 -7 7 -9 -10 11 -12 13 -14 -15
leaf_value=0.010132915209454569 -0.0022279690984381303 0.017590134068036844 -0.00055545694540605657 0.0019396118672194915 0.0046993372096131017 0.0041802276201372158 6.0460927078402541e-07 0.005462424433950553 0.0077159463625417661 -0.0015715769368385064 0.00015125656270222577 0.00037785063366500225 0.0013326623515563594 -0.0014795648311885044
leaf_weight=357.95834445953369 4023.366708278656 210.9232497215271 2343.8373963832855 520.16222810745239 266.89433550834656 311.13775444030762 1296.804078578949 340.10526371002197 303.45954465866089 4825.684713602066 3318.19127368927 3881.3114132881165 2405.6151955127716 1706.0284173488617
leaf_count=52 1354 26 611 96 73 41 255 64 52 1531 983 1108 622 510
internal_value=-3.39743e-06 0.00186061 0.00142241 0.0031318 -0.000794969 -0.000390647 0.00212229 0.00113806 0.00407465 -0.000492815 0.000489692 -0.000830768 0.000400119 -0.000189114
internal_weight=26111.5 7778.87 7567.94 2818.49 18332.6 14309.2 2460.53 1636.91 823.622 13998.1 3585.09 10413 4749.45 5587.34
internal_count=7378 1778 1752 519 5600 4246 467 319 148 4205 1056 3149 1233 1618
cat_boundaries=0 6 10 16 17 23
cat_threshold=0 2147615744 134680119 25174017 268435456 1 0 2147483648 35 25165824 415252664 24117892 104857600 469811208 67143424 320 65 176128 33841163 8388608 4196608 1747451904 6
is_linear=0
shrinkage=0.03


Tree=71
num_leaves=15
num_cat=7
split_feature=18 13 15 5 18 17 18 19 19 6 18 5 18 17
split_gain=41.5331 62.7738 14.2739 31.1779 11.2563 7.52004 6.88951 5.26718 5.17987 5.56241 5.47852 4.84641 4.40604 4.01131
threshold=0 3.3571428571428572 0.069444444444444461 170.50000000000003 1 1.0000000180025095e-35 2 3 4 20.500000000000004 5 226.50000000000003 6 0.19182720554129692
decision_type=9 8 8 2 9 10 9 1 1 2 9 2 9 10
left_child=1 2 3 -1 -2 -6 11 -8 9 -7 -10 -4 -11 -9
right_child=4 -3 6 -5 5 8 7 13 10 12 -12 -13 -14 -15
leaf_value=0.011834184907931507 -0.002320030803917246 0.017722389344549175 -0.0010142326875592152 -0.00023533710932614413 0.0030065095437213228 0.0045465554015332692 0.0030166727399927569 0.003085483673757126 -0.0015930181190900005 -0.0013294507269445437 -0.00022851766365966839 0.0011344398420072984 0.00090175223370843837 -0.00068832605119368705
leaf_weight=350.82506704330444 3469.3080625534058 216.50180339813232 1857.3368883132935 425.59956836700439 552.77901768684387 270.54219579696655 1820.1627006530762 361.83612489700317 5156.3089246749878 1245.9086654186249 5459.2192764282227 1920.7751693725586 2164.0234761238098 840.34713554382324
leaf_count=60 1174 26 515 76 105 74 334 68 1650 383 1579 529 635 170
internal_value=-3.39409e-06 0.00182943 0.00137544 0.00522645 -0.000783794 -0.000423411 0.00093506 0.00199925 -0.000556532 0.000413091 -0.000892263 7.79476e-05 8.51187e-05 0.000445443
internal_weight=26111.5 7793.38 7576.88 776.425 18318.1 14848.8 6800.46 3022.35 14296 3680.47 10615.5 3778.11 3409.93 1202.18
internal_count=7378 1778 1752 136 5600 4426 1616 572 4321 1092 3229 1044 1018 238
cat_boundaries=0 6 12 18 19 20 26 31
cat_threshold=0 2147615744 134680119 25174017 268435456 1 415252664 24117889 104857600 205570072 1792 320 0 132096 68096 1 268435456 1 19 65 2147655680 33845262 8388608 268437760 1680343040 6 2147615232 10254 8388608 2490880 1073741824
is_linear=0
shrinkage=0.03


Tree=72
num_leaves=15
num_cat=7
split_feature=18 13 15 1 18 17 18 19 6 18 19 5 18 5
split_gain=40.2641 59.6511 13.7457 30.3934 10.8031 6.939 6.66669 5.24173 5.44464 5.1933 5.08444 4.70222 4.46802 4.34695
threshold=0 3.3571428571428572 0.069444444444444461 24.500000000000004 1 1.0000000180025095e-35 2 3 27.500000000000004 4 5 226.50000000000003 6 536.50000000000011
decision_type=9 8 8 2 9 10 9 1 2 9 1 2 9 2
left_child=1 2 3 -1 -2 -6 11 8 -7 -9 -8 -4 -10 -14
right_child=4 -3 6 -5 5 7 10 9 12 -11 -12 -13 13 -15
leaf_value=-0.00090013597271516616 -0.0022806528683275702 0.017151966830791832 -0.0010001522393205051 0.010932100762895343 0.0028606523011126183 0.0041626543611043209 0.0029630359563040808 -0.0016892278218504835 -0.0012335485194192458 -0.00033712595298075759 0.00043861739603710581 0.0011162722926387491 0.0015578422488659737 -0.0025233489131653111
leaf_weight=383.70634841918945 3458.0654306411743 220.37293529510498 1855.454071521759 396.79453063011169 557.32748317718506 320.08231997489929 1825.6618275642395 4299.4213011264801 1375.4065055847168 6327.2642469406128 1202.7231936454773 1922.9554078578949 1694.485692024231 271.73640155792236
leaf_count=66 1174 26 515 70 106 88 334 1386 426 1849 238 529 491 80
internal_value=-3.3848e-06 0.00179887 0.00135311 0.00512148 -0.000772774 -0.00042011 0.000920324 -0.000548563 0.000430049 -0.00088535 0.00196568 7.67722e-05 7.26645e-05 0.000987795
internal_weight=26111.5 7807.67 7587.3 780.501 18303.8 14845.7 6806.79 14288.4 3661.71 10626.7 3028.39 3778.41 3341.63 1966.22
internal_count=7378 1778 1752 136 5600 4426 1616 4320 1085 3235 572 1044 997 571
cat_boundaries=0 6 12 18 19 25 26 31
cat_threshold=0 2147615744 134680119 25174017 268435456 1 415256760 24117888 104857600 134266888 67143424 320 0 132096 68096 1 268435456 1 65 2147647488 33845263 8388608 339740928 1076363264 6 19 2147648000 10254 8388608 2490880 1073741824
is_linear=0
shrinkage=0.03


Tree=73
num_leaves=15
num_cat=5
split_feature=18 11 18 5 18 3 19 18 16 5 16 8 1 1
split_gain=39.0566 56.1856 14.7051 15.2806 9.63775 8.48463 5.78638 5.56508 4.61207 4.47278 4.35556 4.17631 5.25689 13.1806
threshold=0 7.5000000000000009 1 88.500000000000014 2 1.0000000180025095e-35 3 4 1.1126972805283744 551.50000000000011 0.95118973121134298 1.5000000000000002 34.500000000000007 33.500000000000007
decision_type=9 8 9 2 9 2 1 9 8 2 10 10 2 2
left_child=1 2 3 -1 -2 7 10 -6 -7 -8 -5 12 13 -9
right_child=4 -3 -4 6 5 8 9 11 -10 -11 -12 -13 -14 -15
leaf_value=0.0074325836231209554 -0.002385231565542701 0.016596860806284239 0.00029322464755670484 0.0062742244741743787 -0.0015076155079199747 0.00014356753301535371 0.00048391716642555351 0.00018019242617782916 0.0056571850625089792 0.0045567838055767234 0.001440782320673792 -0.0023978753411388162 -0.0010687965372757015 0.0068335022604602367
leaf_weight=539.74431180953979 3045.895231962204 217.6069004535675 5767.4295105934143 410.62793779373169 4664.4098451137543 252.29868388175964 1706.5667533874512 4840.4975845813751 296.73649144172668 281.96496963500977 284.51842832565308 726.21020293235779 2794.2535464763641 282.69058775901794
leaf_count=91 1035 31 1544 64 1537 77 329 1407 40 49 50 213 835 76
internal_value=-3.38084e-06 0.00156749 0.00120367 0.00282241 -0.000859627 -0.000522661 0.0019033 -0.000673904 0.00312837 0.00105811 0.00423994 -0.000221882 -2.22968e-05 0.000548575
internal_weight=26111.5 9208.46 8990.85 3223.42 16903 13857.1 2683.68 13308.1 549.035 1988.53 695.146 8643.65 7917.44 5123.19
internal_count=7378 2158 2127 583 5220 4185 492 4068 117 378 114 2531 2318 1483
cat_boundaries=0 6 10 16 17 23
cat_threshold=0 2147648512 134680119 25174145 268435456 1 0 2147483648 134218787 25165824 415252664 24117888 104857600 134266904 34048 320 1 2147651584 33837071 8388608 339740672 67502592 6
is_linear=0
shrinkage=0.03


Tree=74
num_leaves=15
num_cat=4
split_feature=18 11 18 15 18 3 18 11 10 1 13 5 16 8
split_gain=37.8758 53.4751 14.2083 14.8872 9.38935 8.21813 5.63758 4.75354 5.3767 5.51477 8.35856 6.24599 4.43606 4.20878
threshold=0 7.5000000000000009 1 0.069444444444444461 2 1.0000000180025095e-35 3 0.75000000000000011 0.75000000000000011 21.500000000000004 0.3928571428571429 528.50000000000011 1.1126972805283744 1.5000000000000002
decision_type=9 8 9 8 9 2 9 10 10 2 10 2 8 10
left_child=1 2 3 -1 -2 6 -6 8 9 10 -5 -11 -7 -8
right_child=4 -3 -4 7 5 12 13 -9 -10 11 -12 -13 -14 -15
leaf_value=0.0082051175889189757 -0.0023554590015478103 0.016080798499411759 0.00028877945544148414 0.0022227677788827301 -0.0014716741302207568 0.00014141671334332273 1.4004812657861372e-05 -0.00016969499984395382 9.6159900765141498e-05 0.00071928264639814954 0.0091834226151886102 0.0060351417105724229 0.005541618538505085 -0.0023858130468349401
leaf_weight=398.29994583129883 3038.6385371685028 221.24863028526306 5769.1209163665771 304.77088594436646 4899.9219710826874 252.33490872383118 7680.8835453987122 680.35457277297974 534.21728181838989 724.17207431793213 317.29672050476074 273.44607448577881 298.41995072364807 718.31587743759155
leaf_count=59 1035 31 1544 53 1614 77 2243 138 100 137 50 46 40 211
internal_value=-3.37579e-06 0.00154169 0.00118431 0.00277251 -0.000847601 -0.000515173 -0.000664343 0.00201621 0.00270643 0.00356678 0.00578222 0.00218094 0.00307219 -0.000191264
internal_weight=26111.4 9222.93 9001.68 3232.56 16888.5 13849.9 13299.1 2834.26 2153.9 1619.69 622.068 997.618 550.755 8399.2
internal_count=7378 2158 2127 583 5220 4185 4068 524 386 286 103 183 117 2454
cat_boundaries=0 6 10 16 22
cat_threshold=0 2147648512 134680119 25174145 268435456 1 0 2147483648 134218787 25165824 415252664 24117888 104857600 134266904 34048 320 2147651584 33837071 8388608 339741184 67510784 6
is_linear=0
shrinkage=0.03


Tree=75
num_leaves=15
num_cat=6
split_feature=18 16 18 19 18 3 8 18 16 8 1 1 15 18
split_gain=36.7311 51.2062 13.6376 22.1765 9.14694 7.96032 5.51823 5.48408 4.26751 4.0951 5.14527 11.5989 4.48065 4.18569
threshold=0 5.9119866544375848 1 2 3 1.0000000180025095e-35 1.0000000180025095e-35 4 1.1126972805283744 1.5000000000000002 34.500000000000007 33.500000000000007 1.0000000180025095e-35 5
decision_type=9 8 9 1 9 2 10 9 8 10 2 2 8 9
left_child=1 2 3 -1 -2 7 -4 -6 -7 10 11 12 -9 -12
right_child=4 -3 6 -5 5 8 -8 9 -10 -11 13 -13 -14 -15
leaf_value=0.0084172170972990519 -0.00232598873809252 0.016251090077961102 0.0010928898955533475 0.00083511893462224118 -0.0014519453668861582 0.00013929855043820651 -0.00086508275679188674 0.0041002373302996224 0.0054290408991598251 -0.00235596838061398 0.00073542589102382856 0.0066042784919352034 1.6640743067376317e-05 -0.001805328441576066
leaf_weight=567.34023284912109 3031.4896059036255 206.54985475540161 5913.4616479873657 891.82615041732788 4892.716240644455 252.37059545516968 1658.0013790130615 254.81374979019165 300.07826495170593 716.60415267944336 837.13444805145264 271.76261878013611 4421.8921604156494 1895.3881297111511
leaf_count=92 1035 22 1442 165 1614 77 437 66 40 211 249 72 1289 567
internal_value=-3.36852e-06 0.00151636 0.00117926 0.00382405 -0.000835732 -0.000507786 0.000663199 -0.000654909 0.00301719 -0.000188459 1.3796e-05 0.00059075 0.000239967 -0.00103087
internal_weight=26111.4 9237.18 9030.63 1459.17 16874.2 13842.8 7571.46 13290.3 552.449 8397.6 7680.99 4948.47 4676.71 2732.52
internal_count=7378 2158 2136 257 5220 4185 1879 4068 117 2454 2243 1427 1355 816
cat_boundaries=0 6 10 11 17 23 29
cat_threshold=0 2147648512 134680119 25174145 268435456 1 0 2147483648 1 16777216 17 415252664 24117888 104857600 134266904 34048 320 2147651584 33837071 8388608 339741184 67510784 6 512 134225920 0 2097152 1073741824 8
is_linear=0
shrinkage=0.03


Tree=76
num_leaves=15
num_cat=4
split_feature=18 19 15 12 18 10 17 18 14 5 7 15 0 6
split_gain=35.6525 14.4277 39.7902 13.9024 9.00399 5.03375 5.08523 4.68079 4.49582 6.36438 6.00327 5.11605 4.17312 5.00255
threshold=0 1 0.052777777777777785 5.5000000000000009 2 0.75000000000000011 0.44779461279461286 3 0.43750000000000006 339.50000000000006 0.75000000000000011 0.061111111111111116 2.5000000000000004 16.500000000000004
decision_type=9 1 10 8 9 10 10 9 8 2 10 10 2 2
left_child=1 8 -3 4 -2 6 -4 -6 9 11 -10 -1 -9 -14
right_child=3 2 5 -5 7 -7 -8 12 10 -11 -12 -13 13 -15
leaf_value=-0.002510204976655296 -0.0020645386452373226 0.014551729596579462 0.00080203074358106306 0.003748630832641322 -0.0011560053203323974 -0.00024392570872548683 0.0058357629676461121 -0.002472872149926913 -0.0013245319684758484 0.0045935341067656569 0.0019533866694784264 0.0021258551219329358 0.0036325403123629481 -4.8023489879340988e-05
leaf_weight=290.82160615921021 3574.5762393474579 295.94766402244568 305.68938636779785 651.40660858154297 5152.0677001476288 446.3223397731781 441.76057553291321 613.49415874481201 1054.3944556713104 676.99673199653625 959.47413468360901 805.23648047447205 342.21982979774475 10500.937668085098
leaf_count=53 1257 40 51 92 1665 92 86 178 234 130 212 163 94 3031
internal_value=-3.32083e-06 0.0021968 0.00469229 -0.000561392 -0.000700953 0.00227718 0.00378091 -0.000405884 0.00120436 0.00230873 0.000237372 0.000894583 -6.77685e-05 6.84627e-05
internal_weight=26111.3 5276.64 1489.72 20834.7 20183.3 1193.77 747.45 16608.7 3786.92 1773.05 2013.87 1096.06 11456.7 10843.2
internal_count=7378 1061 269 6317 6225 229 137 4968 792 346 446 216 3303 3125
cat_boundaries=0 4 5 11 17
cat_threshold=0 2147614720 134680119 25174016 30 2562740408 24117896 100663296 134266904 67110144 64 165888 33837063 12582912 339741185 3015168 418
is_linear=0
shrinkage=0.03


Tree=77
num_leaves=15
num_cat=6
split_feature=18 11 18 14 18 19 18 5 5 18 10 1 15 5
split_gain=34.8064 63.2307 13.69 28.7999 8.50134 5.85955 8.48329 16.07 5.3357 4.94916 4.12956 10.2206 4.39122 6.71605
threshold=0 10.500000000000002 1 0.062500000000000014 2 3 4 661.00000000000011 529.50000000000011 5 0.75000000000000011 16.500000000000004 0.83888888888888902 258.50000000000006
decision_type=9 8 9 10 9 1 9 2 2 9 10 2 8 2
left_child=1 2 3 -1 -2 6 7 8 -6 -7 11 -5 13 -12
right_child=4 -3 -4 10 5 9 -8 -9 -10 -11 12 -13 -14 -15
leaf_value=0.011476709628740728 -0.0022761170806022478 0.01760498262043636 0.00030833252823769792 0.0061559012520822865 0.0016562692657609249 -0.0016473996071034015 -0.0009881418856923555 0.01013277105519606 -0.0030273942613050797 -0.00028733185334093664 0.0048937612501102259 0.0010948883362254824 -0.0030509709489303905 -0.0018182228010567519
leaf_weight=306.68236780166626 3019.4677593708038 211.74944281578064 6556.7748854160309 508.41257858276367 1494.1162283420563 4402.416494846344 1799.5627760887146 190.16398048400879 255.5168731212616 5333.3982741832733 271.08379554748535 1219.2571058273315 278.81875610351562 263.91386651992798
leaf_count=42 1035 26 1724 84 436 1432 526 39 76 1571 50 232 54 51
internal_value=-3.31491e-06 0.00143022 0.00106574 0.00279775 -0.000839489 -0.000515981 0.000492663 0.00186424 0.000970927 -0.000903503 0.00175736 0.00258692 -4.75959e-06 0.00158553
internal_weight=26111.3 9616.69 9404.94 2848.17 16494.6 13475.2 3739.36 1939.8 1749.63 9735.81 2541.49 1727.67 813.816 534.998
internal_count=7378 2263 2237 513 5115 4080 1077 551 512 3003 471 316 155 101
cat_boundaries=0 6 10 16 17 23 29
cat_threshold=0 2147648512 134680119 25174145 805306368 1 0 2147483648 33 25165824 415252664 24117888 104857600 134266904 34048 320 97 204800 134506497 0 256 1073741824 14 2147651584 33841167 0 339740928 1143472128 6
is_linear=0
shrinkage=0.03


Tree=78
num_leaves=15
num_cat=6
split_feature=18 11 18 5 18 19 18 5 5 10 19 17 1 1
split_gain=33.7805 60.1722 13.2642 15.0496 8.24161 5.57825 8.39648 19.279 5.72678 4.73083 7.56326 10.5661 4.68262 8.68211
threshold=0 10.500000000000002 1 88.500000000000014 2 3 4 664.00000000000011 529.50000000000011 0.75000000000000011 5 0.40015576323987545 36.500000000000007 33.500000000000007
decision_type=9 8 9 2 9 1 9 2 2 10 1 10 2 2
left_child=1 2 3 -1 -2 6 7 8 -6 10 11 -5 13 -7
right_child=4 -3 -4 9 5 12 -8 -9 -10 -11 -12 -13 -14 -15
leaf_value=0.0070862035005535094 -0.0022474610885677418 0.017040402877452555 0.00022190694760874273 0.00096990645560496574 0.0016288926826687033 -0.00087933043167519917 -0.0010084977153632249 0.011322863032783298 -0.0030943717205159098 -0.0004827298490975246 0.00093952819655429619 0.007991138625874741 -0.0019281410666529696 0.0023125702741723267
leaf_weight=555.08758878707886 3012.6030123233795 215.51029396057129 6173.6676828861237 357.27382278442383 1496.5929410457611 6012.1631977558136 1787.0965385437012 174.62255311012268 272.22260141372681 686.82622289657593 1276.0973501205444 419.0718469619751 2794.4143447875977 878.10422587394714
leaf_count=92 1035 26 1663 57 436 1847 523 34 81 133 237 70 881 263
internal_value=-3.32574e-06 0.0014012 0.00104494 0.00257828 -0.000831618 -0.000512086 0.000472838 0.00183302 0.00090064 0.00167194 0.00239286 0.00470485 -0.000891585 -0.000472274
internal_weight=26111.4 9683.53 9468.02 3294.36 16427.8 13415.2 3730.53 1943.44 1768.82 2739.27 2052.44 776.346 9684.68 6890.27
internal_count=7378 2278 2252 589 5100 4065 1074 551 517 497 364 127 2991 2110
cat_boundaries=0 6 10 16 17 23 24
cat_threshold=0 2147648512 134712887 25174145 805306368 1 0 2147483648 134218787 25165824 415252664 24117888 104857600 134266904 34048 320 97 204800 134506497 0 256 1073741824 14 17
is_linear=0
shrinkage=0.03


Tree=79
num_leaves=15
num_cat=6
split_feature=18 11 18 14 18 19 18 5 5 18 1 1 15 14
split_gain=32.7638 57.2625 12.8299 27.393 8.04059 5.12577 8.52591 18.4489 5.56113 4.79102 5.12725 16.3122 4.63176 4.01189
threshold=0 10.500000000000002 1 0.062500000000000014 2 3 4 664.00000000000011 529.50000000000011 5 34.500000000000007 33.500000000000007 1.0000000180025095e-35 0.45535714285714296
decision_type=9 8 9 10 9 1 9 2 2 9 2 2 8 10
left_child=1 2 3 -1 -2 6 7 8 -6 -7 11 12 -11 -5
right_child=4 -3 -4 13 5 9 -8 -9 -10 10 -12 -13 -14 -15
leaf_value=0.011100332347487902 -0.0022591927680802259 0.016503228621812031 0.00029908021004134783 0.0034215816855312428 0.0016020126519449369 -0.0015418563058481848 -0.0010354210129061936 0.011029309546624592 -0.0030579260442770585 0.0041479411162065969 -0.0015661497535453069 0.0084377384437746422 -0.0004141154564520141 0.00086970101856741362
leaf_weight=311.1367564201355 2872.9860486984253 219.2141432762146 6614.0748615264893 813.7160210609436 1499.0327184200287 4871.8185405731201 1846.8571977615356 176.61101961135864 271.38154530525208 214.79362654685974 1657.4816253185272 215.62023305892944 2787.6253087520599 1738.9914336204529
leaf_count=42 990 26 1739 143 436 1581 542 34 81 56 503 57 820 328
internal_value=-3.31829e-06 0.00137837 0.0010283 0.00270126 -0.000819961 -0.000513019 0.000421935 0.00180236 0.000886381 -0.00087699 -0.000210653 0.000487124 -8.64726e-05 0.00168417
internal_weight=26111.3 9697.13 9477.92 2863.84 16414.2 13541.2 3793.88 1947.03 1770.41 9747.34 4875.52 3218.04 3002.42 2552.71
internal_count=7378 2278 2252 513 5100 4110 1093 551 517 3017 1436 933 876 471
cat_boundaries=0 6 10 16 17 23 29
cat_threshold=0 2147648512 134712887 25174145 805306368 1 0 2147483648 33 25165824 415252664 24117888 100663296 134266904 296192 320 97 204800 134506497 0 256 1073741824 14 176128 33841167 0 339740928 1143472128 6
is_linear=0
shrinkage=0.03


Tree=80
num_leaves=15
num_cat=5
split_feature=18 16 15 5 18 17 19 6 5 5 18 9 19 14
split_gain=31.8106 46.2589 11.9174 28.5803 8.52743 5.99411 4.77577 4.85423 4.76425 8.59538 5.61101 5.37111 6.82299 5.32879
threshold=0 5.5161828596273113 0.069444444444444461 170.50000000000003 1 1.0000000180025095e-35 2 27.500000000000004 226.50000000000003 248.50000000000003 3 1.0000000180025095e-35 4 0.20535714285714288
decision_type=9 8 8 2 9 10 1 2 2 2 9 10 1 10
left_child=1 2 3 -1 -2 -6 7 -7 10 -10 11 12 -4 -11
right_child=4 -3 8 -5 5 6 -8 -9 9 13 -12 -13 -14 -15
leaf_value=0.010843164661333936 -0.0020961654123844813 0.01498159651838684 0.0031390702720392591 -0.00053912360441410142 0.0026372429985055796 0.003903368430015331 -0.00083371181281372952 7.7624350881489311e-05 0.0066533471793204912 0.0038134091691438021 -0.0012582134474735495 0.0051826043475035645 -0.0013449882822223894 0.00059659607824327841
leaf_weight=364.37036037445068 3204.1869230270386 224.40454864501953 497.07015872001648 434.62528538703918 564.44109082221985 326.10607314109802 10694.283581733704 3412.6408216953278 271.14157485961914 551.34434700012207 1667.1503827571869 259.69994568824768 755.92999744415283 2883.9522273540497
leaf_count=60 1106 24 111 76 105 89 3278 1022 61 116 433 56 162 679
internal_value=-3.32177e-06 0.00158382 0.00119278 0.00465867 -0.000693566 -0.000392586 -0.000511522 0.000411174 0.000790022 0.00152076 -6.19365e-05 0.00125646 0.000449247 0.00111383
internal_weight=26111.3 7909.69 7685.28 798.996 18201.7 14997.5 14433 3738.75 6886.29 3706.44 3179.85 1512.7 1253 3435.3
internal_count=7378 1778 1754 136 5600 4494 4389 1111 1618 856 762 329 273 795
cat_boundaries=0 6 12 13 19 20
cat_threshold=0 2147615744 134680119 25174017 268435456 1 415256760 24117888 104857600 406896648 263936 320 65 0 2147483648 0 25174016 268435456 1 18
is_linear=0
shrinkage=0.03


Tree=81
num_leaves=15
num_cat=6
split_feature=18 11 18 5 18 19 18 5 5 1 1 1 18 15
split_gain=30.928 53.0426 12.2071 14.2601 7.59644 5.09203 7.35119 17.4859 5.29248 4.5483 7.3801 14.1184 4.96228 4.94919
threshold=0 10.500000000000002 1 88.500000000000014 2 3 4 664.00000000000011 529.50000000000011 36.500000000000007 33.500000000000007 34.500000000000007 5 1.0000000180025095e-35
decision_type=9 8 9 2 9 1 9 2 2 2 2 2 9 8
left_child=1 2 3 -1 -2 6 7 8 -6 10 12 -12 -7 -14
right_child=4 -3 -4 -5 5 9 -8 -9 -10 -11 11 -13 13 -15
leaf_value=0.0068052332471206277 -0.0019783269875052393 0.015702558620408372 0.00019447942871102068 0.0015748669250781192 0.0015728610387088242 -0.0019447614882426544 -0.00096774218403572335 0.01068841279467991 -0.0030083417949829426 -0.001872311508505383 0.0068504864006231347 -0.001083184338550629 0.004324933528322512 -0.0003819133105222538
leaf_weight=562.2868447303772 3771.622100353241 224.97617673873901 6121.2977018356323 2813.6975607872009 1460.7051248550415 2068.7725689411163 1605.2361211776733 178.97743058204651 267.72227716445923 2625.8136050701141 347.30244946479797 479.64408349990845 212.80669093132019 3370.4584987163544
leaf_count=92 1297 26 1650 510 422 670 466 34 80 827 98 147 55 1004
internal_value=-3.30581e-06 0.00133635 0.00099583 0.00244054 -0.000798375 -0.000444247 0.000525089 0.00177977 0.000861933 -0.0008184 -0.000392308 0.00225306 -0.000779681 -0.000100968
internal_weight=26111.3 9722.26 9497.28 3375.98 16389.1 12617.4 3512.64 1907.4 1728.43 9104.8 6478.98 826.947 5652.04 3583.27
internal_count=7378 2278 2252 602 5100 3803 1002 536 502 2801 1974 245 1729 1059
cat_boundaries=0 6 10 16 17 23 29
cat_threshold=0 2147648512 134712887 25174145 805306368 1 0 2147483648 134349859 25165824 415252664 24117893 104857600 201375752 296704 320 97 204800 134506496 0 256 1073741824 14 163840 168050698 8388608 272633856 67117056 14
is_linear=0
shrinkage=0.03


Tree=82
num_leaves=15
num_cat=5
split_feature=18 11 18 14 18 3 6 18 1 0 0 1 17 18
split_gain=30.0154 44.1043 11.0979 25.7818 7.26392 6.89905 4.59903 4.44744 4.20145 4.71225 4.74313 5.10129 4.97267 4.10626
threshold=0 9.0000000000000018 1 0.062500000000000014 2 1.0000000180025095e-35 7.5000000000000009 3 36.500000000000007 26.500000000000004 25.500000000000004 33.500000000000007 0.11777599590626443 4
decision_type=9 8 9 10 9 2 2 9 2 2 2 2 10 9
left_child=1 2 3 -1 -2 6 -6 -8 9 10 11 13 -13 -9
right_child=4 -3 -4 -5 5 -7 7 8 -10 -11 -12 12 -14 -15
leaf_value=0.01064858759529771 -0.0020139529433174479 0.014557038700853569 0.00032569873090752263 0.001584395775006777 0.0039647387893298972 0.0028271166408342686 -0.0013070412005295325 -0.0017407242601630494 -0.0012978328621875983 -0.0018707630281426444 0.0055252878413294074 0.006840153762173738 0.00065639600818103404 0.00063461863266059371
leaf_weight=316.65642118453979 3330.740797996521 221.54242157936096 6235.9462277889252 2551.7856259346008 195.41814637184143 553.30619525909424 5458.1568260192871 836.00258135795593 2115.5791897773743 770.47884202003479 173.06474161148071 209.4590106010437 264.19927263259888 2878.9922392368317
leaf_count=42 1155 26 1622 468 56 115 1774 242 640 226 49 55 74 834
internal_value=-3.3111e-06 0.00136034 0.00103915 0.00257939 -0.000761345 -0.000449866 -0.000590965 -0.000661338 -0.000172918 0.000290617 0.000672757 0.000470992 0.0033996 9.6783e-05
internal_weight=26111.3 9325.93 9104.39 2868.44 16785.4 13454.7 12901.4 12705.9 7247.78 5132.2 4361.72 4188.65 473.658 3714.99
internal_count=7378 2158 2132 510 5220 4065 3950 3894 2120 1480 1254 1205 129 1076
cat_boundaries=0 6 10 16 22 28
cat_threshold=0 2147648512 134680119 25174145 268435456 1 0 2147483648 33 25165824 415256760 24117889 104857600 138461192 263936 320 2147647488 33845262 8388608 335546880 1140858880 6 2560 134742016 0 2363392 0 136
is_linear=0
shrinkage=0.03


Tree=83
num_leaves=15
num_cat=4
split_feature=18 11 18 14 18 17 19 6 14 13 9 1 1 1
split_gain=29.1112 42.079 10.7268 24.6501 7.39814 6.7028 4.58091 5.85576 3.92337 8.15679 5.3734 3.83454 6.23115 15.9691
threshold=0 9.0000000000000018 1 0.062500000000000014 2 1.0000000180025095e-35 3 20.500000000000004 0.45535714285714296 0.3928571428571429 1.0000000180025095e-35 37.500000000000007 33.500000000000007 34.500000000000007
decision_type=9 8 9 10 9 10 1 2 10 10 10 2 2 2
left_child=1 2 3 -1 -2 -6 7 -7 9 -5 -10 12 -8 -14
right_child=4 -3 -4 8 5 6 11 -9 10 -11 -12 -13 13 -15
leaf_value=0.010378843319565283 -0.0020188875068638378 0.014133258410505415 0.00032075008902500375 0.0009269612506971176 0.0027950689145346754 0.0047928909273281901 -0.00091938154869057945 2.4479718930793753e-05 -0.00012991302855425925 0.0070889182905555653 0.0039176245247103166 -0.0018858831399585871 0.0068381924690519664 -0.0010175044953745645
leaf_weight=320.04638433456421 3312.6170423030853 224.79100847244263 6237.9775984287262 509.90948534011841 552.61462807655334 249.62390732765198 5898.4741868972778 3083.0221076011658 1359.0608720779419 310.77789402008057 376.08362054824829 2627.4006559848785 347.49945187568665 701.41781044006348
leaf_count=42 1141 26 1622 92 104 68 1824 933 258 51 67 836 97 217
internal_value=-3.30432e-06 0.00133823 0.00102259 0.00253438 -0.000750625 -0.000437103 -0.000576028 0.000381831 0.00155831 0.00326616 0.000749121 -0.00090888 -0.000540481 0.00158907
internal_weight=26111.3 9338.65 9113.86 2875.88 16772.7 13460.1 12907.4 3332.65 2555.83 820.687 1735.14 9574.79 6947.39 1048.92
internal_count=7378 2158 2132 510 5220 4079 3975 1001 468 143 325 2974 2138 314
cat_boundaries=0 6 10 16 17
cat_threshold=0 2147648512 134680119 25174145 268435456 1 0 2147483648 33 25165824 415256760 19923588 100663296 201375768 263936 320 65
is_linear=0
shrinkage=0.03


Tree=84
num_leaves=15
num_cat=6
split_feature=18 12 18 5 18 1 1 17 18 16 5 18 6 19
split_gain=28.28 46.9648 11.5373 12.6675 6.89287 5.04903 23.772 9.5873 7.10319 10.1878 6.21283 4.63598 5.67653 4.43633
threshold=0 15.000000000000002 1 88.500000000000014 2 34.500000000000007 33.500000000000007 0.091557780417444432 3 2.6591818650944177 28.500000000000004 4 193.50000000000003 5
decision_type=9 8 9 2 9 2 2 10 9 8 2 9 2 1
left_child=1 2 3 -1 -2 6 8 -8 -6 10 -10 12 -7 -5
right_child=4 -3 -4 13 5 11 7 -9 9 -11 -12 -13 -14 -15
leaf_value=0.0064173523334587392 -0.0021119279563384242 0.014741343220902207 0.00018594064871565346 0.0034807412631778457 -0.001634022293399761 0.0053256645146006216 0.010467512713193433 0.0024855960815580612 0.0040396864783276299 0.0073014565069359121 -0.00033811878275268964 -0.0018527303736965547 -0.00066721124369926792 0.00079539034302800583
leaf_weight=569.72240352630615 2921.8918018341064 225.21949672698975 6623.9902048110962 752.06692266464233 3075.1959240436554 182.20014762878418 237.31580924987793 315.67999911308289 310.28590178489685 174.00314259529114 4649.1717219352722 3340.4026317596436 635.66030120849609 2098.474277973175
leaf_count=92 1018 26 1791 120 979 54 65 94 89 20 1384 1056 197 393
internal_value=-3.2838e-06 0.00122221 0.000918855 0.00233046 -0.000798008 -0.000499315 -9.10952e-05 0.00592371 -0.000496969 0.000187185 -6.34645e-05 -0.00136043 0.000664618 0.00151984
internal_weight=26111.3 10269.5 10044.3 3420.26 15841.8 12919.9 8761.65 552.996 8208.66 5133.46 4959.46 4158.26 817.86 2850.54
internal_count=7378 2422 2396 605 4956 3938 2631 159 2472 1493 1473 1307 251 513
cat_boundaries=0 6 10 16 22 26 27
cat_threshold=0 2147648512 134712887 25174145 1879048192 9 0 2147483648 134349859 25165824 415256760 24117888 100663296 138461208 34048 320 166400 33554447 12582912 337903616 67117056 134 512 134225922 8388608 2097152 1
is_linear=0
shrinkage=0.03


Tree=85
num_leaves=15
num_cat=2
split_feature=18 14 0 5 18 0 11 1 1 10 5 1 1 1
split_gain=27.4812 12.6187 29.8452 11.7097 8.16884 5.51358 5.358 7.67759 10.2412 4.62106 3.89429 4.06691 8.91541 15.0224
threshold=0 0.20535714285714288 21.500000000000004 659.50000000000011 1 11.500000000000002 0.75000000000000011 21.500000000000004 6.5000000000000009 1.0000000180025095e-35 626.50000000000011 37.500000000000007 33.500000000000007 34.500000000000007
decision_type=9 10 2 2 9 2 10 2 2 8 2 2 2 2
left_child=1 2 5 4 -2 -1 7 8 -3 -5 11 12 -6 -14
right_child=3 6 -4 9 10 -7 -8 -9 -10 -11 -12 -13 13 -15
leaf_value=-0.0012459557136978387 -0.0018462317586179795 -0.00060699594449041051 0.0097208506611514874 0.00040157135658836792 -0.00035577458123657927 0.0030789199319859423 -0.00055997431363515959 0.00046114968194463563 0.0058880299760417686 0.0037564992303295158 -0.0033645354356288859 -0.001127508001424873 0.0056650996031611459 -0.00029739543863864336
leaf_weight=476.9583261013031 4391.5233900547028 321.23345565795898 555.28684687614441 748.64375162124634 8832.8468465805054 595.60723948478699 1384.1633882522583 1603.6204061508179 680.95794153213501 729.13053488731384 380.07071495056152 3827.9543786048889 632.91109824180603 950.3316342830658
leaf_count=87 1540 62 84 230 2624 105 321 344 129 108 113 1174 173 284
internal_value=-3.26055e-06 0.00185351 0.004082 -0.000512974 -0.000713165 0.00115633 0.000948166 0.00174917 0.00380764 0.00205831 -0.000371293 -0.000291455 1.58768e-05 0.00208822
internal_weight=26111.2 5617.83 1627.85 20493.4 19015.6 1072.57 3989.98 2605.81 1002.19 1477.77 14624.1 14244 10416.1 1583.24
internal_count=7378 1132 276 6246 5908 192 856 535 191 338 4368 4255 3081 457
cat_boundaries=0 6 12
cat_threshold=0 2147614720 134549047 25174016 0 1 2562900120 19923590 100663296 469813256 67110144 64
is_linear=0
shrinkage=0.03


Tree=86
num_leaves=15
num_cat=6
split_feature=18 12 18 19 18 17 6 1 1 17 18 19 6 17
split_gain=26.8352 45.5778 11.009 19.8023 6.76545 4.90603 4.32287 5.13744 23.1958 9.38964 5.56235 4.22367 7.08438 5.02593
threshold=0 inf 1 2 3 1.0000000180025095e-35 7.5000000000000009 34.500000000000007 33.500000000000007 0.091557780417444432 4 5 77.500000000000014 0.58722703217458327
decision_type=9 8 9 1 9 10 2 2 2 10 9 1 2 10
left_child=1 2 3 -1 -2 -6 -7 8 10 -10 -8 -12 -13 -14
right_child=4 -3 -4 -5 5 6 7 -9 9 -11 11 12 13 -15
leaf_value=0.0074554374295597034 -0.0020558420933836459 0.014907845097126542 0.00048162665826835299 0.00045778918077579256 0.0023354362545471132 0.0037829734972985502 -0.001638168816973452 -0.0015512019017837873 0.01034631322297098 0.0023768098706983482 -0.0008188000737590908 0.004420493292690693 -0.00049566889180921729 0.0046100794565210046
leaf_weight=598.93491888046265 2979.1665685176849 212.88395166397095 8388.5911772251129 919.87260913848877 536.04520726203918 198.93528413772583 3116.8869097232819 3973.8297345638275 228.95273780822754 317.67430782318115 2548.7336394786835 431.49171137809753 1463.3839979171753 195.84071660041809
leaf_count=93 1036 23 2091 166 101 57 1024 1258 61 94 765 124 433 52
internal_value=-3.25117e-06 0.00120493 0.000910232 0.00325105 -0.000768181 -0.000471871 -0.000593049 -0.000664261 -0.000239632 0.0057276 -0.000660857 -5.33633e-07 0.000996057 0.000109384
internal_weight=26111.2 10120.3 9907.4 1518.81 15990.9 13011.8 12475.7 12276.8 8302.96 546.627 7756.34 4639.45 2090.72 1659.22
internal_count=7378 2373 2350 259 5005 3969 3868 3811 2553 155 2398 1374 609 485
cat_boundaries=0 6 10 11 17 23 24
cat_threshold=0 2147648512 134712887 25174145 805306368 9 0 2147483648 1 16777216 17 415256760 19923584 104857600 134266904 296704 320 164352 172232719 8388608 339738624 67117056 6 22
is_linear=0
shrinkage=0.03


Tree=87
num_leaves=15
num_cat=5
split_feature=18 17 18 14 18 17 6 1 1 17 18 19 6 17
split_gain=26.0345 48.2733 10.9345 22.8317 6.56708 4.45086 4.19509 5.25449 22.9144 8.73144 5.24301 4.10411 6.60701 5.30188
threshold=0 1.0793528505392913 1 0.062500000000000014 2 1.0000000180025095e-35 7.5000000000000009 34.500000000000007 33.500000000000007 0.091557780417444432 3 4 77.500000000000014 0.58722703217458327
decision_type=9 8 9 10 9 10 2 2 2 10 9 1 2 10
left_child=1 2 3 -1 -2 -6 -7 8 10 -10 -8 12 -12 -14
right_child=4 -3 -4 -5 5 6 7 -9 9 -11 11 -13 13 -15
leaf_value=0.0098892394064469709 -0.0020688127292515009 0.01536379296538589 0.00023349454006102931 0.0014866861472896432 0.0021684450258301455 0.0037127903674917919 -0.0016050252111057012 -0.0015554615599792311 0.0098891433461672819 0.0023359290803789175 0.0041129270236306909 -0.00081905911422227987 -0.0005520442726097178 0.0046620802200710663
leaf_weight=326.38788938522339 2820.8333597183228 210.65272212028503 6967.9504108428955 2627.4334058761597 548.33172655105591 199.68927621841431 3120.3723611831665 3995.3354623317719 242.87663435935974 318.43025541305542 465.31619429588318 2604.1843667030334 1464.95627784729 198.38494181632996
leaf_count=42 985 24 1830 477 102 57 1040 1268 65 94 133 778 431 52
internal_value=-3.20091e-06 0.00118566 0.000884311 0.00241002 -0.000757374 -0.00047473 -0.000590209 -0.000659743 -0.000234308 0.00561597 -0.000653117 -2.1879e-05 0.000952583 7.22663e-05
internal_weight=26111.1 10132.4 9921.77 2953.82 15978.7 13157.9 12609.5 12409.9 8414.52 561.307 7853.21 4732.84 2128.66 1663.34
internal_count=7378 2373 2349 519 5005 4020 3918 3861 2593 159 2434 1394 616 483
cat_boundaries=0 6 10 16 22 23
cat_threshold=0 2147648512 134712887 25174145 805306368 9 0 2147483648 33 25165824 415252664 19923584 100663296 138461208 296704 320 164352 38031375 12582912 335544320 67117056 6 105
is_linear=0
shrinkage=0.03


Tree=88
num_leaves=15
num_cat=3
split_feature=18 14 0 3 16 18 0 11 1 1 18 8 1 1
split_gain=25.3329 11.8054 28.1047 10.7575 9.45187 7.21083 5.2971 5.16526 7.38214 9.82973 3.84684 3.8963 3.38436 8.00016
threshold=0 0.20535714285714288 21.500000000000004 1.0000000180025095e-35 0.7867957924694432 1 11.500000000000002 0.75000000000000011 21.500000000000004 6.5000000000000009 2 1.5000000000000002 33.500000000000007 38.500000000000007
decision_type=9 10 2 2 8 9 2 10 2 2 9 10 2 2
left_child=1 2 6 5 -5 -2 -1 8 9 -3 -7 -12 -10 -14
right_child=3 7 -4 4 -6 10 -8 -9 12 -11 11 -13 13 -15
leaf_value=-0.00127769572653227 -0.0017809992144923255 -0.00063223442929075298 0.0093378359696560161 -0.0014261894756791508 0.0048881528363993914 -0.0010675986331953728 0.0029519676170562969 -0.00058214907366394507 -0.0011037566375211943 0.0057187492644819532 0.00014802142695487876 -0.0017530393762055939 0.0061754880605480542 -0.00013688700211895533
leaf_weight=478.07217574119568 3987.0737228393555 321.80355787277222 564.07837104797363 329.69373655319214 601.702472448349 4699.8864431381226 599.85052728652954 1386.3090245723724 722.14342188835144 686.55750346183777 9771.8962516784668 1076.2472412586212 251.68759369850159 634.12673544883728
leaf_count=87 1411 62 84 102 85 1525 105 321 152 129 2811 312 53 139
internal_value=-3.19713e-06 0.00177413 0.00391856 -0.000494069 0.00265388 -0.000644538 0.00107661 0.000898089 0.00168235 0.00369331 -0.000351641 -4.069e-05 0.000419746 0.0016616
internal_weight=26111.1 5644.63 1642 20466.5 931.396 19535.1 1077.92 4002.63 2616.32 1008.36 15548 10848.1 1607.96 885.814
internal_count=7378 1132 276 6246 187 6059 192 856 535 191 4648 3123 344 192
cat_boundaries=0 6 12 18
cat_threshold=0 2147614720 134549047 25174016 0 1 2562740408 53740045 100663296 469811208 1280 64 165888 4214914 12582912 4196865 67772928 422
is_linear=0
shrinkage=0.03


Tree=89
num_leaves=15
num_cat=5
split_feature=18 11 18 14 18 17 19 6 1 1 1 5 18 5
split_gain=24.6548 37.4281 9.46885 17.454 6.03966 7.28414 4.10398 5.36801 3.51857 5.98219 10.3811 4.47608 4.11252 3.41935
threshold=0 10.500000000000002 1 0.062500000000000014 2 1.0000000180025095e-35 3 20.500000000000004 36.500000000000007 33.500000000000007 34.500000000000007 659.50000000000011 4 606.50000000000011
decision_type=9 8 9 10 9 10 1 2 2 2 2 2 9 2
left_child=1 2 3 -1 -2 -6 7 -7 9 11 -11 -8 -10 -9
right_child=4 -3 -4 -5 5 6 8 13 12 10 -12 -13 -14 -15
leaf_value=0.0082564966639594155 -0.0018662952407523118 0.013351192785463255 0.00025758276459427316 0.0014247233301014598 0.0029865650297161012 0.0044855727477233313 -0.0010306598172320439 0.00027559797341154341 0.0013959677213451049 0.0058496980268530809 -0.0010330103700588388 0.0032620000044951626 -0.0022356905414539462 -0.0035606073474039124
leaf_weight=384.45719957351685 3280.9962890148163 221.48407888412476 6531.2596442699432 2659.4672341346741 538.29940867424011 258.24074649810791 5539.5246684551239 2761.1079332828522 313.90652179718018 342.41394996643066 462.73651838302612 226.64305686950684 2365.3375227451324 225.24225687980652
leaf_count=53 1136 23 1708 484 100 70 1733 840 101 94 144 64 759 69
internal_value=-3.19048e-06 0.00118566 0.000904131 0.00228253 -0.000717399 -0.00042685 -0.000574471 0.000343567 -0.000895875 -0.000523103 0.00189769 -0.000861398 -0.00181297 -1.48387e-05
internal_weight=26111.1 9796.67 9575.18 3043.92 16314.4 13033.5 12495.2 3244.59 9250.56 6571.32 805.15 5766.17 2679.24 2986.35
internal_count=7378 2268 2245 537 5110 3974 3874 979 2895 2035 238 1797 860 909
cat_boundaries=0 6 10 16 17 23
cat_threshold=0 2147648512 134712887 25174145 268435456 9 0 2147483648 134348833 25165824 415256760 19923584 104857600 474267656 263936 320 65 512 138412034 8388608 0 0 32
is_linear=0
shrinkage=0.03


Tree=90
num_leaves=15
num_cat=6
split_feature=18 7 18 19 18 8 1 5 17 18 5 0 18 5
split_gain=24.06 69.0784 12.1086 18.2711 4.89528 4.71043 4.00745 4.79049 7.73461 4.10257 4.22773 3.97866 3.97739 4.40748
threshold=0 14.500000000000002 1 2 3 1.0000000180025095e-35 49.500000000000007 426.50000000000006 1.0000000180025095e-35 4 659.50000000000011 15.500000000000002 5 28.500000000000004
decision_type=9 8 9 1 9 10 2 2 10 9 2 2 9 2
left_child=1 2 3 -1 -2 12 7 8 -6 10 -9 -8 -4 -14
right_child=4 -3 5 -5 6 -7 11 9 -10 -11 -12 -13 13 -15
leaf_value=0.0071226029680528527 -0.0019958845413041251 0.017811140232656418 -3.2599749715752923e-05 0.00042011920575957766 0.0064396610550518322 -0.00083072337568997946 0.0058661953648406146 -0.0015698104059557389 -0.00047980126267073236 -0.0032301439499428952 0.0027614734087552692 -0.00029908817855141772 0.0045292370309400398 0.00098256620152794389
leaf_weight=608.15407657623291 2893.1867778301239 213.1600775718689 4229.7026937007904 912.3692455291748 147.32754802703857 2599.7908370494843 167.31722736358643 1034.4260039329529 7347.8886737823486 1091.9755053520203 251.27302479743958 213.7415018081665 341.04804182052612 4059.7297682762146
leaf_count=93 1016 16 1189 164 36 703 52 336 2316 320 59 69 74 935
internal_value=-3.17563e-06 0.000913507 0.000630365 0.00313277 -0.000907092 0.000288256 -0.000598076 -0.000715257 -0.00034295 -0.00188826 -0.000716263 0.00241626 0.000625722 0.00125554
internal_weight=26111.1 12964 12750.8 1520.52 13147.1 11230.3 10253.9 9872.89 7495.22 2377.67 1285.7 381.059 8630.48 4400.78
internal_count=7378 3174 3158 257 4204 2901 3188 3067 2352 715 395 121 2198 1009
cat_boundaries=0 6 10 11 17 22 28
cat_threshold=65536 2147912704 134712887 25174145 2013265920 9 0 2147483648 1 16777216 17 415256760 24117888 100663296 134266908 296192 320 2147491840 134242316 0 131584 67108864 65536 265216 166400 1 1879048192 8
is_linear=0
shrinkage=0.03


Tree=91
num_leaves=15
num_cat=5
split_feature=18 7 18 19 18 8 15 5 1 18 5 1 5 0
split_gain=23.3518 65.7461 11.7093 17.5528 4.795 4.57081 4.29102 5.94011 4.05639 3.85265 4.24846 3.67792 4.72542 3.60553
threshold=0 14.500000000000002 1 2 3 1.0000000180025095e-35 1.0000000180025095e-35 248.50000000000003 49.500000000000007 4 28.500000000000004 40.500000000000007 338.50000000000006 21.500000000000004
decision_type=9 8 9 1 9 10 8 2 2 9 2 2 2 2
left_child=1 2 3 -1 -2 9 7 -6 -8 13 -11 12 -7 -4
right_child=4 -3 5 -5 6 11 8 -9 -10 10 -12 -13 -14 -15
leaf_value=0.0069690765785282282 -0.0019896922428522157 0.017236366906068654 0.00054414526517449651 0.00041376199313465569 0.0052147156991004242 -0.0013767826877159445 -0.00084800618795091958 -0.0014789519521607563 0.0023886773980893237 0.0044417028305830143 0.00096697442814560458 -0.0033574573776589019 0.0015308309550110769 -0.0013627615750341293
leaf_weight=612.50118112564087 2819.744544506073 216.99071884155273 2951.6467008590698 912.75263118743896 261.52115225791931 1379.0906813144684 9475.066460609436 218.09111046791077 360.84264636039734 342.5962336063385 4063.7206780910492 427.93014574050903 790.61119890213013 1277.9181020259857
leaf_count=93 990 16 827 164 65 367 2971 63 115 74 935 122 214 362
internal_value=-3.13748e-06 0.000899137 0.000620662 0.00307725 -0.000894459 0.000283878 -0.000593277 0.0021742 -0.000729034 0.000616014 0.00123528 -0.000819037 -0.000317069 -3.21164e-05
internal_weight=26111 12975.8 12758.8 1525.25 13135.3 11233.5 10315.5 479.612 9835.91 8635.88 4406.32 2597.63 2169.7 4229.56
internal_count=7378 3174 3158 257 4204 2901 3214 128 3086 2198 1009 703 581 1189
cat_boundaries=0 6 10 11 17 23
cat_threshold=65536 2147912704 134712887 25174145 2013265920 9 0 2147483648 1 16777216 17 415256760 19923584 100663296 134266908 296704 320 65536 265216 166400 1 1879048192 8
is_linear=0
shrinkage=0.03


Tree=92
num_leaves=15
num_cat=5
split_feature=18 9 18 19 14 5 18 15 5 5 18 5 1 1
split_gain=22.6633 64.1889 11.6369 13.1785 15.9353 4.8548 4.63061 4.2711 5.67957 4.10751 4.37881 4.03781 10.3694 3.75501
threshold=0 14.500000000000002 1 2 0.45535714285714296 212.50000000000003 3 1.0000000180025095e-35 248.50000000000003 91.500000000000014 4 237.50000000000003 34.500000000000007 8.5000000000000018
decision_type=9 8 9 1 10 2 9 8 2 2 9 2 2 2
left_child=1 2 3 4 -1 9 -2 8 -8 10 -4 12 -7 -13
right_child=6 -3 5 -5 -6 11 7 -9 -10 -11 -12 13 -14 -15
leaf_value=0.0098867563304276419 -0.0019554571697174184 0.01759988491197842 0.0031479693791227844 0.0010078267460888321 0.0016295058793906172 0.0062228460701903689 0.0050158247544549867 -0.00072236521705129663 -0.0014673755162486306 -0.0015204268906131436 -0.00036898041665563782 0.0021365262620672508 -0.0020523699253088487 9.4671455915903831e-06
leaf_weight=390.57416009902954 2830.8006074428558 202.55131530761719 390.42205715179443 2289.0934038162231 455.51768970489502 356.23261332511902 273.18230986595154 9801.6523463726044 217.90226101875305 2288.7207770347595 1538.6266803741455 920.96893215179443 219.69722056388855 3934.9894142150879
leaf_count=51 995 14 100 417 76 89 68 3078 63 628 431 242 58 1068
internal_value=-3.08479e-06 0.000884996 0.000619517 0.00220375 0.00538483 0.000102235 -0.000881955 -0.000584939 0.00214199 -0.000661205 0.000358479 0.000695233 0.00306805 0.000413237
internal_weight=26110.9 12987.4 12784.8 3135.19 846.092 9649.66 13123.5 10292.7 491.085 4217.77 1929.05 5431.89 575.93 4855.96
internal_count=7378 3174 3160 544 127 2616 4204 3209 131 1159 531 1457 147 1310
cat_boundaries=0 6 10 11 17 23
cat_threshold=65536 2147912704 134712887 25174145 2013265920 9 0 2147483648 134217763 25165824 1 415252664 19923584 100663296 201375772 296192 320 0 1024 1024 128 0 1
is_linear=0
shrinkage=0.03


Tree=93
num_leaves=15
num_cat=5
split_feature=18 9 18 19 14 5 18 15 5 1 18 0 5 5
split_gain=21.9942 61.1091 11.2595 12.6777 17.5636 4.70993 4.54157 4.25411 5.5122 4.03992 4.02786 4.53731 4.15068 3.9018
threshold=0 14.500000000000002 1 2 0.41964285714285715 212.50000000000003 3 1.0000000180025095e-35 255.50000000000003 49.500000000000007 4 18.500000000000004 83.000000000000014 237.50000000000003
decision_type=9 8 9 1 10 2 9 8 2 2 9 2 2 2
left_child=1 2 3 4 -1 10 -2 8 -8 -9 11 12 -4 -7
right_child=6 -3 5 -5 -6 13 7 9 -10 -11 -12 -13 -14 -15
leaf_value=0.010386339150852514 -0.0019243563780277511 0.017035674448391259 0.0059641905844069944 0.0009918814881222592 0.0016576746551784692 0.0030130028569756505 0.0051082497844695748 -0.00082721640433177518 -0.0013891244810451406 0.0024129353384014763 -0.0011379600548059154 -0.0014887136370857368 0.00066999744836177997 0.00040691246049927245
leaf_weight=357.92003345489502 2865.6121926307678 206.14775371551514 224.04812216758728 2291.4015774726868 492.79535436630249 577.70309019088745 261.41865921020508 9414.1578476428986 212.19254493713379 358.60252499580383 3300.787868976593 362.5583393573761 327.56136131286621 4857.9653832912445
leaf_count=45 1011 14 56 417 82 147 64 2954 61 114 923 95 85 1310
internal_value=-3.05105e-06 0.000871052 0.000609938 0.00216615 0.00527601 0.000100734 -0.000869616 -0.000572888 0.00220043 -0.000708087 -0.000651703 0.00110373 0.00282725 0.000684391
internal_weight=26110.9 12998.9 12792.7 3142.12 850.715 9650.62 13112 10246.4 473.611 9772.76 4214.96 914.168 551.609 5435.67
internal_count=7378 3174 3160 544 127 2616 4204 3193 125 3068 1159 236 141 1457
cat_boundaries=0 6 10 11 17 23
cat_threshold=65536 2147912704 134712887 25174145 2013265920 9 0 2147483648 134217763 25165824 1 415252664 19923584 100663296 406896668 34560 320 0 0 20 8320 268435456 1
is_linear=0
shrinkage=0.03


Tree=94
num_leaves=15
num_cat=4
split_feature=18 19 15 3 13 18 5 18 8 8 15 17 15 14
split_gain=21.3926 11.0112 33.244 9.16687 8.13437 6.24363 4.19775 3.79202 3.84533 3.78472 4.22481 6.61264 3.65823 3.00904
threshold=0 1 0.041666666666666678 1.0000000180025095e-35 0.32142857142857145 2 206.50000000000003 3 1.5000000000000002 4.5000000000000009 0.01388888888888889 0.070472643052421721 0.47500000000000003 0.43750000000000006
decision_type=9 1 10 2 8 9 2 9 10 10 10 10 10 10
left_child=1 9 -3 5 -5 -2 -4 -7 -9 10 -1 -12 -8 -13
right_child=3 2 6 4 -6 7 12 8 -10 -11 11 13 -14 -15
leaf_value=-0.0026606174397051366 -0.0017002535752977349 0.012688194871335774 -0.00038922221345496708 -0.001760080399195786 0.0042795120935547135 -0.0010523007194082044 0.00032699205380060982 0.00014262170971996211 -0.0017255688803201731 0.0043946610542128246 0.0047049401125993937 0.0016396719577803723 0.0047446169066101629 -0.00035326080857894549
leaf_weight=331.18247389793396 3635.2726004123688 305.13256025314331 524.20820426940918 287.86041641235352 658.3758430480957 4601.5085926055908 265.9962146282196 10453.588230133057 1094.4986577033997 247.02212977409363 362.46883630752563 1104.6807179450989 461.01080703735352 1778.0406250953674
leaf_count=60 1296 37 94 90 98 1519 47 3010 318 41 69 211 89 399
internal_value=-3.03636e-06 0.00168065 0.0038021 -0.000440614 0.00244225 -0.000578829 0.00165702 -0.000325053 -3.45449e-05 0.000808667 0.000562082 0.000891688 0.00313097 0.00041075
internal_weight=26110.8 5379.74 1556.35 20731.1 946.236 19784.9 1251.22 16149.6 11548.1 3823.39 3576.37 3245.19 727.007 2882.72
internal_count=7378 1047 267 6331 188 6143 230 4847 3328 780 739 679 136 610
cat_boundaries=0 4 5 11 17
cat_threshold=0 2147614720 134549047 25174016 30 2562736280 53740045 67108864 469794824 1280 64 167968 4214914 46137344 4213249 67248640 262
is_linear=0
shrinkage=0.03


Tree=95
num_leaves=15
num_cat=4
split_feature=18 9 18 15 18 5 18 0 13 5 1 15 5 1
split_gain=20.8733 57.1889 10.6042 15.0268 4.34388 4.03251 4.31687 6.79031 4.78284 3.95986 9.3558 3.8565 5.4188 3.86595
threshold=0 14.500000000000002 1 0.069444444444444461 2 212.50000000000003 3 18.500000000000004 0.3928571428571429 237.50000000000003 34.500000000000007 1.0000000180025095e-35 248.50000000000003 49.500000000000007
decision_type=9 8 9 8 9 2 9 2 10 2 2 8 2 2
left_child=1 2 3 -1 -2 6 7 8 -4 10 -7 12 -6 -13
right_child=4 -3 5 -5 11 9 -8 -9 -10 -11 -12 13 -14 -15
leaf_value=0.0079263507207426448 -0.0018844934214488416 0.016301127194785568 0.0054057640701410435 0.0013587436733846774 0.0048773780149251843 0.0059977218455492306 -0.0011586011603484261 -0.0018929720704679387 -0.00012461562574281502 0.00034694565310972015 -0.0021306183959043938 -0.00080573668933517145 -0.0015410338701277769 0.0023511628513098412
leaf_weight=349.28606748580933 2845.2733373641968 211.0248761177063 348.44513416290283 2996.9078350067139 269.03360319137573 348.5955650806427 3172.5655386447906 399.23551273345947 235.57421922683716 4757.0356750488281 199.90150094032288 9406.1932845115662 210.12508678436279 361.62962436676025
leaf_count=47 995 14 84 532 66 87 903 100 62 1291 54 2967 61 115
internal_value=-3.02498e-06 0.000847231 0.000592012 0.00204036 -0.000848495 7.73759e-05 -0.00062225 0.00110827 0.00317859 0.000625552 0.00303684 -0.000559117 0.00206537 -0.000688632
internal_weight=26110.8 13018.6 12807.5 3346.19 13092.3 9461.35 4155.82 983.255 584.019 5305.53 548.497 10247 479.159 9767.82
internal_count=7378 3174 3160 579 4204 2581 1149 246 146 1432 141 3209 127 3082
cat_boundaries=0 6 10 16 22
cat_threshold=65536 2147912704 134712887 25174145 2013265920 9 0 2147483648 134218785 25165824 415256760 19923584 67108864 134529052 296192 320 0 0 22 8320 268435456 1
is_linear=0
shrinkage=0.03


Tree=96
num_leaves=15
num_cat=4
split_feature=18 9 18 15 18 5 18 0 13 5 1 1 1 0
split_gain=20.2559 54.5199 10.2629 14.4179 4.24214 3.91327 4.19212 6.57399 4.60243 3.82714 9.01733 3.76554 9.63258 5.27148
threshold=0 14.500000000000002 1 0.069444444444444461 2 212.50000000000003 3 18.500000000000004 0.3928571428571429 237.50000000000003 34.500000000000007 8.5000000000000018 7.5000000000000009 12.500000000000002
decision_type=9 8 9 8 9 2 9 2 10 2 2 2 2 2
left_child=1 2 3 -1 -2 6 7 8 -4 10 -7 12 13 -11
right_child=4 -3 5 -5 -6 9 -8 -9 -10 11 -12 -13 -14 -15
leaf_value=0.0077466657891258183 -0.0018664846752572603 0.01579901681231877 0.0052966167426824846 0.0013366778786823785 -0.00055207887537291847 0.0058731281252489371 -0.001142729048799357 -0.0018683931281944983 -0.00012278231914697839 0.0030119534975087165 -0.0021035237187121154 -6.2576023117687051e-05 0.0076849556335884268 -0.002276382709704595
leaf_weight=352.06563091278076 2818.3041443824768 214.49301147460938 350.33385014533997 3000.9826369285583 10262.861238956451 350.69262719154358 3168.8919365406036 398.48048567771912 235.5448637008667 336.52440452575684 199.47604060173035 3871.191641330719 210.8850634098053 340.08528709411621
leaf_count=47 1000 14 84 532 3204 87 903 100 62 91 54 1055 54 91
internal_value=-3.01695e-06 0.000833859 0.000582817 0.00200585 -0.000836595 7.61855e-05 -0.000613421 0.00109051 0.00312132 0.000615839 0.00298244 0.000341659 0.00210299 0.000354433
internal_weight=26110.8 13029.6 12815.2 3353.05 13081.2 9462.11 4153.25 984.359 585.879 5308.86 550.169 4758.69 887.495 676.61
internal_count=7378 3174 3160 579 4204 2581 1149 246 146 1432 141 1291 236 182
cat_boundaries=0 6 10 16 22
cat_threshold=65536 2147912704 134712887 25174145 2013265920 9 0 2147483648 134218785 25165824 415252664 24117888 67108864 134266908 296704 320 0 0 22 8320 268435456 1
is_linear=0
shrinkage=0.03


Tree=97
num_leaves=15
num_cat=4
split_feature=18 9 18 5 5 0 0 1 5 5 17 19 5 18
split_gain=19.6568 52.003 10.0474 11.958 4.2972 4.15843 4.85178 5.95532 4.94188 15.1029 8.62632 13.0539 3.97903 4.08834
threshold=0 14.500000000000002 1 80.500000000000014 212.50000000000003 28.500000000000004 18.500000000000004 49.500000000000007 258.50000000000006 228.50000000000003 0.079783403899881922 2 91.500000000000014 3
decision_type=9 8 9 2 2 2 2 2 2 2 10 1 2 9
left_child=1 2 3 -1 12 6 7 -2 9 10 11 -8 13 -4
right_child=5 -3 4 -5 -6 -7 8 -9 -10 -11 -12 -13 -14 -15
leaf_value=0.0063827134861380507 -0.0012947013842805079 0.015320050246243166 0.003062098695522627 0.0012597475700164152 0.00064785874460185724 -0.0023906562288217368 0.0066007138323894666 0.0031199180466390348 -0.0011060111053183019 0.0072005064515597529 -0.0012235196786641183 -0.00075096494093589215 -0.0014758856984435072 -0.00033089008463972483
leaf_weight=483.24650096893311 6970.3216972351074 217.90870094299316 392.34137868881226 2682.9187078475952 5448.4448699951172 1367.0043339729309 378.97891449928284 285.38290882110596 1745.7145400047302 306.48834085464478 1523.7796819210052 492.57513451576233 2281.1221032142639 1534.5745680332184
leaf_count=76 2294 14 100 468 1457 381 113 91 577 93 495 160 628 431
internal_value=-3.011e-06 0.000820709 0.000573771 0.00203699 9.16448e-05 -0.000824857 -0.000642479 -0.00112066 0.000137699 0.000941403 0.000137866 0.00251672 -0.00062829 0.000375357
internal_weight=26110.8 13040.6 12822.6 3166.17 9656.48 13070.2 11703.2 7255.7 4447.54 2701.82 2395.33 871.554 4208.04 1926.92
internal_count=7378 3174 3160 544 2616 4204 3823 2385 1438 861 768 273 1159 531
cat_boundaries=0 6 10 11 17
cat_threshold=65536 2147912704 134712887 25174145 2013265920 9 0 2147483648 134217763 25165824 24 0 1024 1024 128 0 1
is_linear=0
shrinkage=0.03


Tree=98
num_leaves=15
num_cat=5
split_feature=18 11 15 18 17 6 1 1 17 19 6 18 18 10
split_gain=19.055 27.7809 7.38781 4.865 5.06974 4.13 4.78963 17.4497 6.70197 4.34037 6.24133 5.02157 4.03527 4.45274
threshold=0 10.500000000000002 0.01388888888888889 1 1.0000000180025095e-35 7.5000000000000009 34.500000000000007 33.500000000000007 0.091557780417444432 2 77.500000000000014 3 4 0.75000000000000011
decision_type=9 8 8 9 10 2 2 2 10 1 2 9 9 10
left_child=1 2 -1 -2 -5 -6 7 9 -9 -7 -11 -12 -4 -14
right_child=3 -3 12 4 5 6 -8 8 -10 10 11 -13 13 -15
leaf_value=0.0053224390357525008 -0.0017012389279174658 0.011075312853947621 0.00014256318604459253 0.0024087656323245306 0.0038090845821082092 -0.0011662395952050679 -0.0014278849598244503 0.0089828373927185283 0.002222827786915159 0.0027578283066459135 0.001503290234433369 -0.0012331792003382046 0.0020393744030521724 -0.00043040683719634365
leaf_weight=311.30950140953064 3107.965931892395 240.9793062210083 5797.388482093811 559.77172064781189 195.44879150390625 4297.9721186161041 4006.4835488796234 224.49447774887085 320.54048728942871 713.50698232650757 866.02001428604126 1928.6323359012604 2669.1939597129822 870.96825981140137
leaf_count=53 1095 23 1564 101 55 1355 1278 58 94 214 251 609 467 161
internal_value=-2.93885e-06 0.00103431 0.000783486 -0.000635619 -0.000381836 -0.000506761 -0.000575323 -0.000166184 0.00501856 -0.000528786 0.000254887 -0.000383989 0.000631606 0.00142776
internal_weight=26110.7 9889.84 9648.86 16220.8 13112.9 12553.1 12357.6 8351.17 545.035 7806.13 3508.16 2794.65 9337.55 3540.16
internal_count=7378 2268 2245 5110 4015 3914 3859 2581 152 2429 1074 860 2192 628
cat_boundaries=0 6 12 13 18 24
cat_threshold=0 2147648512 134712887 25174145 268435456 9 415256760 24117888 100663296 205832200 263936 320 22 73728 134234112 0 256 671088640 0 2147648512 2576 129 268435456 9
is_linear=0
shrinkage=0.03


Tree=99
num_leaves=15
num_cat=3
split_feature=18 8 18 14 9 1 0 18 0 17 5 1 6 1
split_gain=18.5713 54.9848 9.40724 23.433 4.80355 5.61137 4.51541 4.23464 4.59524 8.73789 16.0455 6.72644 6.09741 5.04935
threshold=0 15.000000000000002 1 0.21964285714285717 1.0000000180025095e-35 13.500000000000002 28.500000000000004 2 18.500000000000004 0.083640903416184326 263.50000000000006 34.500000000000007 131.50000000000003 49.500000000000007
decision_type=9 8 9 8 10 2 2 9 2 10 2 2 2 2
left_child=1 2 3 -1 5 -5 7 -2 13 10 11 12 -10 -9
right_child=6 -3 -4 4 -6 -7 -8 8 9 -11 -12 -13 -14 -15
leaf_value=0.0082438795495427767 -0.0015294950262377187 0.015994680158811149 0.00013046076838559196 0.0032941961443472409 0.0036842611426636186 -0.00073945602766107578 -0.0023994066722617872 -0.0010010759554260609 0.0036680251133180881 -0.00046834952337464908 -0.0017674943300788914 0.00050458700295868833 0.010194367283117955 0.0035068212243193723
leaf_weight=466.3390326499939 3196.9344167709351 210.21478128433228 9877.0540738105774 398.90080308914185 432.48269510269165 1385.8310956954956 1396.7664098739624 5105.6803464889526 235.72282528877258 2271.466649055481 435.39522385597229 177.21526503562927 287.73421096801758 232.90613889694214
leaf_count=62 1140 13 2618 66 75 259 388 1622 68 725 137 56 77 72
internal_value=-2.92062e-06 0.000814431 0.000559769 0.00213082 0.000851547 0.000163435 -0.000785433 -0.000597148 -0.000254176 0.000606143 0.00275302 0.00556056 0.00726803 -0.00080379
internal_weight=26110.6 12770.8 12560.6 2683.55 2217.21 1784.73 13339.8 11943.1 8746.12 3407.53 1136.07 700.672 523.457 5338.59
internal_count=7378 3093 3080 462 400 325 4285 3897 2757 1063 338 201 145 1694
cat_boundaries=0 6 10 16
cat_threshold=65536 2147912704 134712887 25174145 1879048192 9 0 2147483648 1 25165824 415252632 22024709 71303168 138445340 67503360 96
is_linear=0
shrinkage=0.03


Tree=100
num_leaves=15
num_cat=5
split_feature=18 7 18 19 18 8 1 5 15 5 14 1 5 18
split_gain=18.0762 51.9836 8.93581 16.2683 4.01734 3.76427 3.71699 3.94484 3.5795 4.82835 3.51206 3.39645 3.55348 3.71894
threshold=0 inf 1 2 3 1.0000000180025095e-35 40.500000000000007 338.50000000000006 1.0000000180025095e-35 248.50000000000003 0.34821428571428575 49.500000000000007 437.50000000000006 4
decision_type=9 8 9 1 9 10 2 2 8 2 10 2 2 9
left_child=1 2 3 -1 -2 -4 7 -7 9 -6 -9 12 -10 -14
right_child=4 -3 5 -5 8 6 -8 10 11 -11 -12 -13 13 -15
leaf_value=0.006345929023747825 -0.0022094411774452125 0.015541516069844592 0.00054726524786257358 0.00013336219005277033 0.0043816048572439294 -0.0012155410539213378 -0.003311039598985909 0.0045368627235707606 -0.00050507529849752413 -0.0014768919793062697 0.00015369367943290525 0.0020716248777603863 -0.00059041972519527515 -0.0029157140014564372
leaf_weight=630.7907075881958 1576.0260269641876 210.40253162384033 8678.2115168571472 939.96454048156738 291.53849267959595 1389.1383202075958 426.21177053451538 231.31447792053223 8064.8070695400238 222.52820014953613 564.06243586540222 379.97869420051575 1219.7752594947815 1285.8681366443634
leaf_count=93 561 12 2199 166 72 368 122 60 2618 65 154 121 377 390
internal_value=-2.90588e-06 0.000785215 0.000543202 0.00265501 -0.000792808 0.000246583 -0.000751786 -0.000251174 -0.000596131 0.00184765 0.00143252 -0.000711557 -0.000811791 -0.00179841
internal_weight=26110.6 13070.1 12859.7 1570.76 13040.5 11288.9 2610.73 2184.52 11464.5 514.067 795.377 10950.4 10570.5 2505.64
internal_count=7378 3174 3162 259 4204 2903 704 582 3643 137 214 3506 3385 767
cat_boundaries=0 6 10 11 16 21
cat_threshold=65536 2147912704 134712887 25174145 2013265920 9 0 2147483648 1 16777216 17 415252664 18874880 67108864 134250524 34048 2147491840 134242316 0 131584 67108864
is_linear=0
shrinkage=0.03


end of trees

feature_importances:
codigo_producto_enc=397
dias_hasta_proximo_evento=159
semana_anio=148
dia_semana=105
historico_promedio_producto=87
rolling_mean_90=86
dia_mes=67
rolling_mean_28=54
lag_7=52
lag_1=47
dias_desde_evento_anterior=42
rolling_std_7=40
lag_14=34
lag_2=33
rolling_mean_7=32
lag_3=12
es_fin_de_semana=11
lag_28=7
trimestre=1

parameters:
[boosting: gbdt]
[objective: poisson]
[metric: l1,poisson]
[tree_learner: serial]
[device_type: cpu]
[data_sample_strategy: bagging]
[data: ]
[valid: ]
[num_iterations: 1500]
[learning_rate: 0.03]
[num_leaves: 15]
[num_threads: 6]
[seed: 42]
[deterministic: 0]
[force_col_wise: 0]
[force_row_wise: 0]
[histogram_pool_size: -1]
[max_depth: -1]
[min_data_in_leaf: 50]
[min_sum_hessian_in_leaf: 0.001]
[bagging_fraction: 1]
[pos_bagging_fraction: 1]
[neg_bagging_fraction: 1]
[bagging_freq: 0]
[bagging_seed: 400]
[bagging_by_query: 0]
[feature_fraction: 1]
[feature_fraction_bynode: 1]
[feature_fraction_seed: 30056]
[extra_trees: 0]
[extra_seed: 12879]
[early_stopping_round: 0]
[early_stopping_min_delta: 0]
[first_metric_only: 0]
[max_delta_step: 0]
[lambda_l1: 0]
[lambda_l2: 1]
[linear_lambda: 0]
[min_gain_to_split: 0]
[drop_rate: 0.1]
[max_drop: 50]
[skip_drop: 0.5]
[xgboost_dart_mode: 0]
[uniform_drop: 0]
[drop_seed: 17869]
[top_rate: 0.2]
[other_rate: 0.1]
[min_data_per_group: 100]
[max_cat_threshold: 32]
[cat_l2: 10]
[cat_smooth: 10]
[max_cat_to_onehot: 4]
[top_k: 20]
[monotone_constraints: ]
[monotone_constraints_method: basic]
[monotone_penalty: 0]
[feature_contri: ]
[forcedsplits_filename: ]
[refit_decay_rate: 0.9]
[cegb_tradeoff: 1]
[cegb_penalty_split: 0]
[cegb_penalty_feature_lazy: ]
[cegb_penalty_feature_coupled: ]
[path_smooth: 0]
[interaction_constraints: ]
[verbosity: 1]
[saved_feature_importance_type: 0]
[use_quantized_grad: 0]
[num_grad_quant_bins: 4]
[quant_train_renew_leaf: 0]
[stochastic_rounding: 1]
[linear_tree: 0]
[max_bin: 255]
[max_bin_by_feature: ]
[min_data_in_bin: 3]
[bin_construct_sample_cnt: 200000]
[data_random_seed: 175]
[is_enable_sparse: 1]
[enable_bundle: 1]
[use_missing: 1]
[zero_as_missing: 0]
[feature_pre_filter: 1]
[pre_partition: 0]
[two_round: 0]
[header: 0]
[label_column: ]
[weight_column: ]
[group_column: ]
[ignore_column: ]
[categorical_feature: 18,19,20]
[forcedbins_filename: ]
[precise_float_parser: 0]
[parser_config_file: ]
[objective_seed: 16083]
[num_class: 1]
[is_unbalance: 0]
[scale_pos_weight: 1]
[sigmoid: 1]
[boost_from_average: 1]
[reg_sqrt: 0]
[alpha: 0.9]
[fair_c: 1]
[poisson_max_delta_step: 0.7]
[tweedie_variance_power: 1.5]
[lambdarank_truncation_level: 30]
[lambdarank_norm: 1]
[label_gain: ]
[lambdarank_position_bias_regularization: 0]
[eval_at: ]
[multi_error_top_k: 1]
[auc_mu_weights: ]
[num_machines: 1]
[local_listen_port: 12400]
[time_out: 120]
[machine_list_filename: ]
[machines: ]
[gpu_platform_id: -1]
[gpu_device_id: -1]
[gpu_device_id_list: ]
[gpu_use_dp: 0]
[num_gpu: 1]

end of parameters

pandas_categorical:[]
