tree
version=v4
num_class=1
num_tree_per_iteration=1
label_index=0
max_feature_idx=20
objective=binary sigmoid:1
feature_names=dia_mes semana_anio trimestre es_fin_de_semana es_evento dias_hasta_proximo_evento dias_desde_evento_anterior lag_1 lag_2 lag_3 lag_7 lag_14 lag_28 rolling_mean_7 rolling_mean_28 rolling_mean_90 rolling_std_7 historico_promedio_producto codigo_producto_enc dia_semana tipo_evento_activo_enc
feature_infos=[1:31] [1:52] [1:4] [0:1] [0:1] [0:999] [0:999] [0:75] [0:75] [0:75] [0:75] [0:75] [0:75] [0:10.714285714285714] [0:2.8571428571428572] [0:1.6111111111111112] [0:28.347335475692041] [0:42] -1:0:1:2:3:4:5:6:7:8:9:10:11:12:13:14:15:16:17:18:19:20:21:22:23:24:25:26:27:28:29:30:31:32:33:34:35:36:37:38:39:40:41:42:43:44:45:46:47:48:49:50:51:52:53:54:55:56:57:58:59:60:61:62:63:64:65:66:67:68:69:70:71:72:73:74:75:76:77:78:79:80:81:82:83:84:85:86:87:88:89:90:91:92:93:94:95:96:97:98:99:100:101:102:103:104:105:106:107:108:109:110:111:112:113:114:115:116:117:118:119:120:121:122:123:124:125:126:127:128:129:130:131:132:133:134:135:136:137:138:139:140:141:142:143:144:145:146:147:148:149:150:151:152:153:154:155:156:157:158:159:160:161:162:163:164:165:166:167 -1:0:5:6:1:2:3:4 -1:1:2
tree_sizes=1839 1932 1932 1927 1926 1884 1899 1897 1931 1936 1926 1922 1898 1890 1914 1886 1904 1875 1873 1945 1891 1941 1950 2005 1930 1967 1953 1958 1963 1976 1945 1925 1967 1988 1967 1939 1940 2007 1913 1937 2011 1937 1935 1968 1944 1983 2025 1972 1968 1932 1979 1904 2015 1943 1941 1940 1944 2017 1959 2002 1971 1922 1982 1950 1954 2005 1997 2056 1979 2048 1955 1901 2018

Tree=0
num_leaves=15
num_cat=3
split_feature=18 3 18 13 3 14 17 14 18 14 5 1 3 16
split_gain=13545.9 6160.03 2951.59 1980.78 1568.48 1063.41 618.353 393.783 353.143 282.045 278.217 273.769 251.168 221.92
threshold=0 1.0000000180025095e-35 1 0.059285714285714296 1.0000000180025095e-35 0.075892857142857165 0.33825711293419453 0.026785714285714288 2 0.17250000000000001 606.50000000000011 34.500000000000007 1.0000000180025095e-35 0.37796447300922736
decision_type=9 2 9 10 2 10 10 10 9 10 2 2 2 10
left_child=1 3 4 9 5 -2 -5 -4 13 -1 11 -8 -9 -7
right_child=2 -3 7 6 -6 8 10 12 -10 -11 -12 -13 -14 -15
leaf_value=-3.0270124355282464 -3.0450459900338989 -3.0756162521754198 -3.0888615599870652 -2.907012572472838 -3.0858653344201095 -2.9794359107996886 -2.7703830361159238 -3.0576585305453263 -3.0144013066382898 -2.9251077418539495 -2.9125874570115884 -2.845036561220204 -3.0917510627369014 -2.9182545192664398
leaf_weight=60.633203756064177 487.07391798123717 179.46402803063393 4138.3550273254514 84.775388479232788 382.85659313201904 115.24154371395707 140.36650763824582 677.90400112047791 239.62720695137978 41.063078794628382 26.150472655892372 93.10764692351222 271.63162528350949 109.7294342815876
leaf_count=1419 11399 4200 96850 1984 8960 2697 3285 15865 5608 961 612 2179 6357 2568
internal_value=-3.06134 -2.92933 -3.0744 -2.86762 -3.03483 -3.01402 -2.8333 -3.08482 -2.9816 -2.98494 -2.80992 -2.7991 -3.06743 -2.95385
internal_weight=7047.98 625.56 6422.42 446.096 1334.53 951.672 344.4 5087.89 464.598 101.696 259.625 233.474 949.536 224.971
internal_count=164944 14640 150304 10440 31232 22272 8060 119072 10873 2380 6076 5464 22222 5265
cat_boundaries=0 5 11 17
cat_threshold=106496 134392844 0 25165825 268435456 2147615232 53756035 12583968 2245504 738197504 127 131072 278528 0 384 738197504 95
is_linear=0
shrinkage=1


Tree=1
num_leaves=15
num_cat=4
split_feature=18 3 14 15 3 18 14 17 14 18 18 16 14 13
split_gain=11499.3 4711.12 2185.21 1997.68 1169.13 923.521 451.285 391.823 304.479 151.274 147.287 126.563 111.313 99.8881
threshold=0 1.0000000180025095e-35 0.24392857142857147 0.034722222222222231 1.0000000180025095e-35 1 0.041071428571428578 0.38464293586070097 0.31250000000000006 2 3 0.37796447300922814 0.086250000000000007 4.5000000000000009
decision_type=9 2 10 10 2 9 10 10 10 9 9 10 10 8
left_child=1 2 6 9 5 8 -1 -4 12 -2 -7 -9 -5 -3
right_child=3 13 7 4 -6 10 -8 11 -10 -11 -12 -13 -14 -15
leaf_value=0.015427803252120594 -0.0075522763602236713 -0.018826456348753001 0.13169824485580509 0.03395697432064787 -0.027849036049643859 0.017150372762339428 0.096032754501946413 0.1472787905970657 0.12296675802774119 -0.027491639204734398 -0.010888009917000719 0.20463058280081989 0.065028486355088413 0.15268815479220674
leaf_weight=96.290482763200998 404.87107514590025 245.23948881775141 138.0522132627666 187.14966113865376 451.30839903652668 395.72978747263551 179.55492737516761 55.325139071792364 61.526029106229544 4061.5989856831729 279.43236167356372 254.16167046874762 244.55870538204908 2.1041594073176375
leaf_count=2183 9543 5830 2824 4326 10825 9166 3788 1087 1317 97255 6591 4734 5425 50
internal_value=-4.81241e-05 0.0952409 0.134821 -0.0153908 0.0131195 0.0289545 0.068053 0.175731 0.0595872 -0.0257647 0.00555749 0.194886 0.0516683 -0.0167584
internal_weight=7056.9 970.728 723.384 6086.18 1619.7 1168.4 275.845 447.539 493.234 4466.47 675.162 309.487 431.708 247.344
internal_count=164944 20496 14616 144448 37650 26825 5971 8645 11068 106798 15757 5821 9751 5880
cat_boundaries=0 6 12 18 23
cat_threshold=106496 134409228 0 25165953 872415232 80 2550268416 57933827 0 147712 1207960832 175 2160067104 2200961155 12649508 69354248 1207967744 14 4214920 2147488416 213912612 2489627136 2753024
is_linear=0
shrinkage=0.03


Tree=2
num_leaves=15
num_cat=4
split_feature=18 3 14 15 3 18 14 17 14 7 18 18 17 1
split_gain=10177.6 3976.8 2250.24 1273.04 719.53 479.172 421.107 305.925 148.042 145.673 137.403 126.198 106.088 92.0299
threshold=0 1.0000000180025095e-35 0.24392857142857147 0.034722222222222231 1.0000000180025095e-35 1 0.026785714285714288 0.38464293586070097 0.15321428571428572 7.5000000000000009 2 3 0.22402827958039231 49.500000000000007
decision_type=9 2 10 10 2 9 10 10 10 8 9 9 10 2
left_child=1 2 6 11 5 8 -1 -4 -5 -3 -7 -2 -8 -9
right_child=3 9 7 4 -6 10 12 13 -10 -11 -12 -13 -14 -15
leaf_value=0.0028954753928660537 -0.010971127930695233 -0.020175337387118821 0.11136220838245743 0.035754862739578355 -0.028218338617545091 0.016395284283876019 0.059212651669897358 0.16304386964042303 0.07800343355956145 0.18255969377863485 -0.010676762577076247 -0.027708804781638702 0.096434300617257829 0.091918915187211944
leaf_weight=111.70548232644796 505.93434368818998 321.25184918940067 199.51106409728527 218.00296661630273 375.52337714284658 401.94587864726782 266.58517353236675 345.20297068729997 115.56527662277222 2.2298996374011031 276.67222913727164 3801.4015086218715 98.235842816531658 21.767135854810476
leaf_count=2535 12118 7792 3691 4781 9243 9166 5552 5454 2349 48 6591 93368 1889 367
internal_value=-8.70037e-05 0.0731018 0.102115 -0.0177551 0.00719877 0.0203535 0.0539038 0.142504 0.0491134 -0.0182195 0.00536378 -0.0258356 0.0694716 0.159086
internal_weight=7061.53 1366.49 1043.01 5695.05 1387.71 1012.19 476.526 566.481 333.568 323.482 678.618 4307.34 364.821 366.97
internal_count=164944 27328 19488 137616 32130 22887 9976 9512 7130 7840 15757 105486 7441 5821
cat_boundaries=0 6 12 17 23
cat_threshold=238080 152235022 0 25166209 872415232 88 2550136832 40108033 0 147456 1207960832 167 4214920 2147488416 213912612 2489627136 2753024 2160068648 2183135361 12649509 2351317512 1207967744 6
is_linear=0
shrinkage=0.03


Tree=3
num_leaves=15
num_cat=5
split_feature=18 3 14 15 3 14 18 17 7 17 18 19 18 13
split_gain=9153.74 3397.26 1986.42 938.433 549.935 505.561 363.832 234.135 150.483 106.061 100.686 87.4885 85.2112 76.0343
threshold=0 1.0000000180025095e-35 0.24392857142857147 0.025000000000000005 1.0000000180025095e-35 0.041071428571428578 1 0.38464293586070097 13.500000000000002 0.25600480769230777 2 3 4 1.0000000180025095e-35
decision_type=9 2 10 10 2 10 9 10 8 10 9 1 9 10
left_child=1 2 5 12 6 10 13 -4 -3 11 -1 -7 -2 -5
right_child=3 8 7 4 -6 9 -8 -9 -10 -11 -12 -13 -14 -15
leaf_value=-0.0087605359676822658 -0.011992727713295003 -0.020537696397843391 0.09686538825617011 0.019434164340974405 -0.028769105672341849 0.072230441469718146 -0.0064875756542890906 0.13442831252495147 0.18815333826555192 0.10062706438613138 0.030515102213125461 0.029545080556679402 -0.02813756797980304 0.041458869390386184
leaf_weight=125.90105158090591 378.86987552046776 360.72593018785119 255.74040145799518 354.79326144605875 403.41139998659492 185.6789124161005 512.79639025777578 420.83626684919 2.1449110172688952 67.782914359122515 95.161636393517256 124.41258477047086 3536.7647688835859 237.31399217247963
leaf_count=2872 9232 8920 4327 7850 10174 3596 12264 5833 40 1169 2067 2408 89121 5071
internal_value=-0.00011775 0.0617851 0.0851887 -0.0189034 0.00116745 0.0452858 0.0121137 0.120394 -0.0187904 0.0663238 0.00918753 0.0585261 -0.0266813 0.0278471
internal_weight=7062.33 1638.38 1275.51 5423.95 1508.32 598.937 1104.9 676.577 362.871 377.874 221.063 310.091 3915.63 592.107
internal_count=164944 31232 22272 133712 35359 12112 25185 10160 8960 7173 4939 6004 98353 12921
cat_boundaries=0 6 12 18 19 24
cat_threshold=238080 152235022 0 25166209 1006632960 95 2550157320 2187591809 12583968 2485547520 1073743104 160 139264 8192 0 25165952 671088640 31 7 2151680032 2183659649 12649509 2355511816 1073750016
is_linear=0
shrinkage=0.03


Tree=4
num_leaves=15
num_cat=4
split_feature=18 3 14 15 3 14 18 15 7 1 18 17 18 13
split_gain=8302.43 2857.65 1530.22 921.636 527.407 382.893 337.562 171.969 158.204 101.164 99.3997 91.6545 87.8679 76.793
threshold=0 1.0000000180025095e-35 0.24392857142857147 0.025000000000000005 1.0000000180025095e-35 0.041071428571428578 1 0.27405555555555555 inf 29.500000000000004 2 0.19420445356720786 3 1.0000000180025095e-35
decision_type=9 2 10 10 2 10 9 10 8 2 9 10 9 10
left_child=1 2 5 12 6 10 13 -4 -3 -9 -1 -7 -2 -5
right_child=3 8 7 4 -6 11 -8 9 -10 -11 -12 -13 -14 -15
leaf_value=-0.0094856218599716439 -0.012869622909320332 -0.020235021782839743 0.077688742705540978 0.018109251857417245 -0.028728378343545975 0.048751559199654258 -0.0063342106307890441 0.12749642113601994 0.19902609788904743 0.10071491029419566 0.029372420863641412 0.079072650644976719 -0.028164478161590043 0.039955120066969226
leaf_weight=112.73353829234838 443.37584917619824 354.38684103265405 161.28675841912627 356.80605275183916 390.86326088383794 265.68744112178683 509.76891407743096 280.01472932100296 1.9937486797571171 298.53004195168614 107.91293811798096 143.1434023603797 3385.9429108314216 246.65142988413572
leaf_count=2594 10975 8928 2449 7748 10120 5000 12264 3581 32 3982 2285 2381 87564 5041
internal_value=-0.000138276 0.0568474 0.0768598 -0.0186555 0.00120809 0.0423779 0.0117354 0.106102 -0.0184549 0.113875 0.0104629 0.0595349 -0.0265045 0.0266488
internal_weight=7059.1 1725.69 1369.31 5333.41 1504.09 629.477 1113.23 739.832 356.381 578.545 220.646 408.831 3829.32 603.457
internal_count=164944 31232 22272 133712 35173 12260 25053 10012 8960 7563 4879 7381 98539 12789
cat_boundaries=0 6 12 18 23
cat_threshold=238080 154332174 0 25166209 872415232 95 2550157320 2185494657 12583968 2485547520 1207960832 160 139264 8192 0 25165952 536870912 31 2151680040 2181563009 12649511 2355511816 1207967744
is_linear=0
shrinkage=0.03


Tree=5
num_leaves=15
num_cat=5
split_feature=18 3 14 15 3 18 18 14 7 19 13 1 18 5
split_gain=7564.13 2440.62 1209.7 900.881 501.145 375.826 302.809 191.887 138.133 129.226 110.215 102.456 85.8249 84.9238
threshold=0 1.0000000180025095e-35 0.11696428571428573 0.025000000000000005 1.0000000180025095e-35 1 2 0.026785714285714288 inf 3 0.059285714285714296 34.500000000000007 4 451.50000000000006
decision_type=9 2 10 10 2 9 9 10 8 1 10 2 9 2
left_child=1 2 7 12 6 -4 -5 -1 -3 10 -7 13 -2 -12
right_child=3 8 5 4 -6 9 -8 -9 -10 -11 11 -13 -14 -15
leaf_value=-0.0016895506030678022 -0.011535533236222265 -0.020091903786200325 0.1145016841040304 0.024884492469996342 -0.028560996545952157 0.052988823772912884 -0.0061836491412675977 0.041321000128211639 0.17340871005660657 0.047476515541104998 0.11230848978665835 0.069394174623802027 -0.027900799576928828 0.054744160341048308
leaf_weight=152.19861864671111 370.47799555957317 347.96483454108238 355.89435087516904 622.78762913122773 382.71233515813947 85.623089525848627 506.82853166759014 240.15048718452454 2.3612692691385737 283.63177943602204 189.52676263079047 125.2683478333056 3359.1834983639419 29.600872326642275
leaf_count=3443 9232 8928 4157 12921 10174 1348 12264 4484 32 4074 2579 1772 89121 415
internal_value=-0.000158814 0.0524899 0.0698131 -0.0184316 0.00106402 0.0863331 0.0111173 0.0246746 -0.0182978 0.0695693 0.0825936 0.0921704 -0.0263844 0.104816
internal_weight=7054.21 1812.22 1461.89 5241.99 1512.33 1069.55 1129.62 392.349 350.326 713.651 430.019 344.396 3729.66 219.128
internal_count=164944 31232 22272 133712 35359 14345 25185 7927 8960 10188 6114 4766 98353 2994
cat_boundaries=0 6 8 14 15 20
cat_threshold=238080 152235022 0 25166209 1006632960 95 204800 174080 2550157320 2187591809 12583968 2485547520 1073743104 160 7 2151680032 2183659649 12649509 2355511816 1073750016
is_linear=0
shrinkage=0.03


Tree=6
num_leaves=15
num_cat=5
split_feature=18 3 14 14 3 15 18 17 7 18 19 13 1 18
split_gain=6928.24 2102.73 987.43 890.475 486.725 311.193 292.132 175.391 122.092 119.879 107.506 80.8424 76.2759 65.3578
threshold=0 1.0000000180025095e-35 0.11696428571428573 0.026785714285714288 1.0000000180025095e-35 0.25738888888888894 1 0.051394255499862436 inf 2 3 0.25000000000000006 44.500000000000007 4
decision_type=9 2 10 10 2 10 9 10 8 9 1 10 2 9
left_child=1 2 7 9 6 -4 13 -1 -3 -2 11 -7 -12 -5
right_child=3 8 5 4 -6 10 -8 -9 -10 -11 12 -13 -14 -15
leaf_value=-0.015401780972803501 -0.011418733212301919 -0.019765165225820665 0.05624673029156866 0.04307522120984951 -0.028591806229837941 0.080010027568762007 -0.0043419019274846468 0.033674570021151116 0.15338484864618135 -0.02792369279470568 0.07362987350358198 0.11184291852155415 0.031736875008587989 0.018756309751747965
leaf_weight=81.27495776489377 507.03929997235537 341.43169047683477 387.49843711405993 175.62689651548862 345.19767283275723 107.38447805866599 499.2803068049252 327.00904878228903 2.7157149650156489 3254.644100561738 248.0374044701457 345.33708706870675 49.018811952322721 374.26290232688189
leaf_count=1853 12743 8928 5748 3379 9375 1346 12131 6190 32 88199 2811 3738 586 7885
internal_value=-0.000168872 0.0488045 0.0639881 -0.0181831 0.00225826 0.0783492 0.0124261 0.0238914 -0.0179584 -0.0258072 0.089682 0.102232 0.0646766 0.0272159
internal_weight=7045.76 1889.71 1545.56 5156.05 1394.37 1137.28 1049.17 408.284 344.147 3761.68 749.778 452.722 297.056 549.89
internal_count=164944 31232 22272 133712 32770 14229 23395 8043 8960 100942 8481 5084 3397 11264
cat_boundaries=0 6 12 18 19 24
cat_threshold=238080 154332174 0 25166209 872415232 95 2550153240 2185494657 247467044 2245120 1208485120 160 2160068616 2181038209 12682785 2619757064 136323072 32 7 2550136832 38010881 0 0 1207959808
is_linear=0
shrinkage=0.03


Tree=7
num_leaves=15
num_cat=3
split_feature=18 3 15 13 3 18 15 17 7 18 11 5 1 1
split_gain=6359.99 1845.14 872.487 865.387 460.848 258.255 254.262 175.384 99.476 88.8142 79.0224 69.5618 64.2618 57.2709
threshold=0 1.0000000180025095e-35 0.025000000000000005 0.059285714285714296 1.0000000180025095e-35 1 0.27405555555555555 0.051394255499862436 inf 2 0.41500000000000009 672.50000000000011 46.500000000000007 37.500000000000007
decision_type=9 2 10 10 2 9 10 10 8 9 8 2 2 2
left_child=1 3 9 7 5 12 -5 -1 -3 -2 11 -9 -4 -8
right_child=2 8 4 6 -6 -7 13 10 -10 -11 -12 -13 -14 -15
leaf_value=-0.014903834516636363 -0.012124705350033635 -0.01970901354704855 0.027028228961251496 0.054650230101938181 -0.028270148042532521 -0.0058059635318422472 0.090266554423166209 0.031502024805797675 0.13009007821039384 -0.027822073080190867 0.061618555285712591 -0.014650434170916514 0.00029389729879574731 0.070831122455732823
leaf_weight=80.697779774665833 423.70543570071459 335.27132809534669 552.18017350137234 426.65573160350323 363.02360853552818 499.56911423802376 488.82115375250578 299.51346455141902 3.05233285203576 3138.3227497413754 72.700795669108629 31.998151451349258 94.811403889209032 226.20129504427314
leaf_count=1865 10874 8928 10943 6236 10148 12264 4915 5130 32 87564 1095 573 1919 2458
internal_value=-0.0001821 0.0454907 -0.017937 0.0589743 0.00114147 0.0104703 0.0732305 0.0253279 -0.0179781 -0.0260709 0.0333768 0.0270166 0.0227657 0.0842256
internal_weight=7036.52 1964.91 5071.61 1626.59 1509.58 1146.56 1141.68 484.91 338.324 3562.03 404.212 331.512 646.992 715.022
internal_count=164944 31232 133712 22272 35274 25126 13609 8663 8960 98438 6798 5703 12862 7373
cat_boundaries=0 6 12 17
cat_threshold=238080 152235023 0 25166209 872415232 95 2550157320 2187591808 12583968 2485547520 1207960832 160 2151680040 2183660160 12649511 2355511816 1207967744
is_linear=0
shrinkage=0.03


Tree=8
num_leaves=15
num_cat=5
split_feature=14 3 18 17 3 18 19 18 7 15 13 1 3 18
split_gain=5880.41 1848.38 985.857 653.134 250.904 189.269 189.011 185.522 146.507 131.612 122.47 88.2196 79.3775 81.825
threshold=0.086250000000000007 1.0000000180025095e-35 0 0.031942738192738199 1.0000000180025095e-35 1 2 3 inf 1.0000000180025095e-35 0.25000000000000006 3.5000000000000004 1.0000000180025095e-35 4
decision_type=10 2 9 8 2 9 1 9 8 10 10 2 2 9
left_child=3 2 6 9 7 -4 10 -5 -6 -1 -2 -8 13 -11
right_child=1 -3 5 4 8 -7 11 -9 -10 12 -12 -13 -14 -15
leaf_value=-0.028584845102277389 0.06196826228344228 -0.021084546164514988 0.033323429817988692 0.025175351172553526 -0.027551847585645287 -0.00036915263392793546 0.1127297919850057 -0.0027655618823957256 0.093772006433358354 0.01284949189092135 0.089662353027309377 0.047441371490941832 -0.029988132879147256 -0.014481124783425624
leaf_weight=2740.7446357943118 218.81136377900839 373.95226330682635 482.7459799349308 342.8668497428298 281.71722770482302 224.91451524570584 19.106438431888819 541.44243658706546 8.2918863445520383 114.22081186249852 495.01636136695743 435.91516067460179 233.95235700905323 512.54904324933887
leaf_count=78119 2721 10371 8107 6624 7853 5128 208 12898 169 2811 4900 4860 6629 13546
internal_value=-0.000196029 0.0397743 0.051907 -0.0190354 0.000393804 0.0227732 0.0687289 0.0083371 -0.0237727 -0.0253689 0.0801505 0.049342 -0.0151073 -0.00951392
internal_weight=7026.25 2250.46 1876.51 4775.79 1174.32 707.66 1168.85 884.309 290.009 3601.47 713.828 455.022 860.722 626.77
internal_count=164944 36295 25924 128649 27544 13235 12689 19522 8022 101105 7621 5068 22986 16357
cat_boundaries=0 6 12 13 19 25
cat_threshold=237568 138849292 0 25165953 872415232 31 2554335752 2200978051 8389664 270663936 1207960832 224 7 2147516928 192037903 4195328 67257217 335544320 64 469762192 37748977 134284800 2147625216 1076496128 129
is_linear=0
shrinkage=0.03


Tree=9
num_leaves=15
num_cat=4
split_feature=14 3 18 17 3 18 18 7 15 16 1 3 18 1
split_gain=5447.5 1643.72 828.572 641.37 247.989 225.787 191.357 134.878 118.022 108.048 90.593 69.246 85.9958 67.3155
threshold=0.086250000000000007 1.0000000180025095e-35 0 0.029222658128908133 1.0000000180025095e-35 1 2 inf 1.0000000180025095e-35 0.37796447300922814 26.500000000000004 1.0000000180025095e-35 3 44.500000000000007
decision_type=10 2 9 8 2 9 9 8 10 10 2 2 9 2
left_child=3 2 9 8 6 13 -5 -6 -1 -2 -11 12 -10 -4
right_child=1 -3 5 4 7 -7 -8 -9 11 10 -12 -13 -14 -15
leaf_value=-0.028528764167113637 0.050545051091317385 -0.020861994456111092 0.040918526525668804 0.024363309092802304 -0.027506729136196222 0.0031892323330189693 -0.0032640018133672875 0.084875656901167496 0.010625489283850348 0.08421284202385465 0.063008048442109957 -0.029954369504696765 -0.016112198509525538 0.012718019531959775
leaf_weight=2656.9428488574922 280.27597326040268 366.7238433547318 526.62042650207877 347.74337317049503 297.30828630179167 280.74738371744752 606.89966938644648 8.9797224998474103 137.34234606102109 352.82543354481459 424.00055550038815 207.99689454957843 428.92967808619142 90.369031436741352
leaf_count=77776 3246 10371 7870 6594 8510 6207 14569 169 3405 3161 4030 6062 11564 1410
internal_value=-0.000204232 0.0373737 0.0483036 -0.0188009 -0.000503276 0.0260603 0.00703542 -0.0239464 -0.025523 0.0662785 0.0727349 -0.0151849 -0.00971672 0.0362291
internal_weight=7013.71 2321.56 1954.84 4692.14 1260.93 897.737 954.643 306.288 3431.21 1057.1 776.826 774.269 566.272 616.989
internal_count=164944 36295 25924 128649 29842 15487 21163 8679 98807 10437 7191 21031 14969 9280
cat_boundaries=0 6 12 18 24
cat_threshold=237568 134654984 0 25165825 805306368 21 2550141440 2205172359 8388640 131456 1275068672 234 33280 192037903 4195328 67257217 469763072 64 478150832 37748977 134546432 2147625216 1076504320 1
is_linear=0
shrinkage=0.03


Tree=10
num_leaves=15
num_cat=5
split_feature=14 3 18 18 19 15 18 16 3 1 7 3 18 14
split_gain=5096.54 1685.13 957.626 381.701 188.524 178.652 156.25 124.37 116.225 90.9946 89.455 93.6459 88.2585 82.5692
threshold=0.041071428571428578 1.0000000180025095e-35 0 1 2 1.0000000180025095e-35 3 0.18898223650461335 1.0000000180025095e-35 3.5000000000000004 inf 1.0000000180025095e-35 4 0.32732142857142865
decision_type=10 2 9 9 1 10 9 10 2 2 8 2 9 10
left_child=3 2 4 10 7 -5 -4 -2 12 -6 11 -1 -7 -11
right_child=1 -3 6 5 9 8 -8 -9 -10 13 -12 -13 -14 -15
leaf_value=0.016870473418281032 0.04112940757624698 -0.021973808750122118 0.025559634874264096 -0.027929483389775467 0.094799917131114422 0.007045020936447933 -0.00062099711370223814 0.071095974826903385 -0.030038308944219723 0.024420963562428944 0.14532166108915212 -0.022192974940079192 -0.014177613840221317 0.048094856712902555
leaf_weight=253.41122693195939 155.20972037315369 452.09622009843588 539.99703067541122 2752.1320111751556 25.787332765758038 246.72194876894355 335.32129066437483 756.36246535554528 287.90405531600118 242.83233630284667 3.3583901673555365 69.622959721833467 577.20415242761374 302.02266081795096
leaf_count=5015 2052 13119 9355 82331 263 5783 7886 7248 8590 3140 32 1998 15350 2782
internal_value=-0.000212435 0.0310429 0.0412148 -0.0211715 0.0558112 -0.0237668 0.015647 0.0653285 -0.0136605 0.0396599 0.00995301 0.00840869 -0.00790819 0.0376079
internal_weight=6999.98 2809.63 2357.53 4190.35 1482.21 3863.96 875.318 911.572 1111.83 570.642 326.393 323.034 823.926 544.855
internal_count=164944 45845 32726 119099 15485 112054 17241 9300 29723 6185 7045 7013 21133 5922
cat_boundaries=0 6 12 13 19 25
cat_threshold=237568 138865677 0 25165953 1006632960 95 107008 187878414 12583936 25314049 335544320 74 7 2554335768 2200965762 8388640 2511616 1073743104 160 2222981272 4456689 234946560 2350915584 136971520 177
is_linear=0
shrinkage=0.03


Tree=11
num_leaves=15
num_cat=5
split_feature=14 3 18 17 18 18 19 18 16 1 17 3 1 3
split_gain=4766.99 1524.74 834.196 378.116 188.866 160.098 116.587 74.8541 69.6155 68.6044 65.7238 100.534 64.0398 63.5422
threshold=0.041071428571428578 1.0000000180025095e-35 0 0.024157831598742019 1 2 3 4 0.48795003647426327 45.500000000000007 0.024738625186696298 1.0000000180025095e-35 3.5000000000000004 1.0000000180025095e-35
decision_type=10 2 9 8 9 9 1 9 10 2 10 2 2 2
left_child=3 2 6 -1 9 10 8 -6 -2 -4 -5 -12 -8 -7
right_child=1 -3 4 5 7 13 12 -9 -10 -11 11 -13 -14 -15
leaf_value=-0.026313799491397276 0.050293945794035538 -0.021761562714604058 0.033285008690047933 0.12985132385603496 0.013350676039196627 -0.0073615031164203041 0.087845383363868684 -0.011168740909794722 0.06986422373920359 0.0052377032956389983 0.022095920925634643 -0.023442947615736551 0.038334590085092934 -0.026831239678188991
leaf_weight=3050.160126209259 250.44760280847549 442.95903258770704 578.38552435487509 3.4018515832722178 268.16614263504744 587.19638357311487 24.484448701143265 177.42931658402085 566.55062292888761 91.267598211765289 211.16503702104092 54.050040166825056 476.79235806688666 202.63746586814523
leaf_count=92671 2744 13119 8844 37 5561 14721 222 4452 4694 1483 4022 1601 4726 6047
internal_value=-0.000219089 0.0293944 0.0387111 -0.0209539 0.0189928 -0.00549796 0.0548061 0.00355356 0.0631617 0.0290429 0.0141945 0.012762 0.0401241 -0.0122296
internal_weight=6985.09 2876.48 2433.52 4108.61 1115.25 1058.45 1318.28 445.595 816.998 669.653 268.617 265.215 501.277 789.834
internal_count=164944 45845 32726 119099 20340 26428 12386 10013 7438 10327 5660 5623 4948 20768
cat_boundaries=0 6 12 18 19 24
cat_threshold=237568 134654988 0 25165953 872415232 21 2554335744 2205172355 32 2228480 1207959808 234 107008 192072714 12583936 335692545 268435712 224 7 18584 4192 247467012 2487546368 17696256
is_linear=0
shrinkage=0.03


Tree=12
num_leaves=15
num_cat=5
split_feature=14 3 18 17 18 18 18 16 3 19 15 1 1 17
split_gain=4464.5 1384.5 740.656 373.861 168.987 151.484 128.423 79.2383 65.4157 63.7257 63.2193 60.5614 57.9385 54.9264
threshold=0.041071428571428578 1.0000000180025095e-35 0 0.024157831598742019 1 2 3 0.37796447300922736 1.0000000180025095e-35 4 1.0000000180025095e-35 34.500000000000007 25.500000000000004 0.024738625186696298
decision_type=10 2 9 8 9 9 9 10 2 1 10 2 2 10
left_child=3 2 4 10 -2 13 -4 -6 -7 -8 -1 -11 -9 -5
right_child=1 -3 6 5 7 8 9 12 -10 11 -12 -13 -14 -15
leaf_value=-0.028281900976141049 0.062484556082709163 -0.021547776109655623 -0.017659871410801029 0.11576999131739259 0.029928756531344868 -0.0068602677634586424 0.00044293979404158454 0.057582569360612026 -0.026620357390030998 0.029931901979322779 -0.017049917869658832 0.010963473115453608 0.038222809718612825 0.013041902895257704
leaf_weight=2414.4620326422155 604.8831624314189 434.07813322544098 95.726752556860447 3.7953128404915324 422.70325930416584 597.29358541965485 159.29218865558505 266.45957490429282 201.22824335284531 391.66503849253058 561.77140620164573 249.41085997596383 315.93469947576523 250.53970980644226
leaf_count=76370 4876 13119 2438 37 5225 15012 2949 2415 6160 7199 16301 4586 3038 5219
internal_value=-0.000224912 0.027878 0.0364442 -0.0207343 0.048538 -0.00536328 0.0139889 0.0395592 -0.0117203 0.0179623 -0.0261683 0.0222345 0.0471639 0.0144561
internal_weight=6969.24 2940.15 2506.08 4029.09 1609.98 1052.86 896.095 1005.1 798.522 800.368 2976.23 641.076 582.394 254.335
internal_count=164944 45845 32726 119099 15554 26428 17172 10678 21172 14734 92671 11785 5453 5256
cat_boundaries=0 6 8 14 19 20
cat_threshold=134455296 138865677 0 25165953 1006632960 95 237568 174080 107008 192072718 4194304 335696641 268435712 224 8650752 813694992 648147 671612932 12587013 16
is_linear=0
shrinkage=0.03


Tree=13
num_leaves=15
num_cat=5
split_feature=14 3 18 17 18 18 18 16 15 3 19 3 7 2
split_gain=4187.45 1261.64 653.167 369.586 143.997 137.105 123.38 66.4679 63.6925 61.4186 59.1142 56.564 86.775 52.3747
threshold=0.041071428571428578 1.0000000180025095e-35 0 0.024157831598742019 1 2 3 0.18898223650461335 1.0000000180025095e-35 1.0000000180025095e-35 4 1.0000000180025095e-35 inf 2.5000000000000004
decision_type=10 2 9 8 9 9 9 10 10 2 1 2 8 2
left_child=3 2 5 8 11 -2 10 -7 -1 -6 -4 -5 -13 -9
right_child=1 -3 6 4 9 7 -8 13 -10 -11 -12 12 -14 -15
leaf_value=-0.028180386316344744 0.059284641122017284 -0.021332466483864995 0.0018068717842399734 0.02057418136662462 -0.0070378767730680074 0.024312097867355345 -0.00039493351850557608 0.050792990884677078 -0.016806801394325086 -0.02656186165927403 0.026991889807223429 -0.023325206212735015 0.11075263390051379 0.035442692900407399
leaf_weight=2351.4214865770191 563.33927213400602 425.44680146686733 115.13457961380482 217.6515143327415 579.79239454120398 236.6680845245719 348.91173408553004 381.72075345739722 552.94974033534527 192.93186751566827 476.02251553162932 53.325737439095974 3.7325208038091651 453.2159982919693
leaf_count=76370 4232 13119 1896 4026 14721 2962 8097 3481 16301 6047 7591 1602 32 4467
internal_value=-0.000227995 0.0264872 0.0343932 -0.0205134 -0.00522988 0.0457888 0.0139122 0.0381639 -0.0260216 -0.0117882 0.0222094 0.0131447 -0.0127978 0.042513
internal_weight=6952.27 3000.46 2575.01 3951.81 1047.43 1634.94 940.069 1071.6 2904.37 772.724 591.157 274.71 57.0583 834.937
internal_count=164944 45845 32726 119099 26428 15142 17584 10910 92671 20768 9487 5660 1634 7948
cat_boundaries=0 6 12 14 20 21
cat_threshold=134455296 138865677 0 25165953 1006632960 93 107008 192072714 12583936 335692545 268435712 224 204800 174080 2420118032 2200965762 8388640 2511616 1073743104 162 16
is_linear=0
shrinkage=0.03


Tree=14
num_leaves=15
num_cat=6
split_feature=14 3 18 17 18 19 18 16 1 3 15 19 2 18
split_gain=3933.33 1153.53 576.385 365.313 138.463 128.452 120.652 68.8106 65.0194 60.5947 60.2388 58.1887 64.7405 58.001
threshold=0.041071428571428578 1.0000000180025095e-35 0 0.023156371391575902 1 2 3 0.18898223650461335 44.500000000000007 1.0000000180025095e-35 1.0000000180025095e-35 4 2.5000000000000004 5
decision_type=10 2 9 8 9 1 9 10 2 2 10 1 2 9
left_child=3 2 5 10 -5 7 -4 -2 -7 -6 -1 -8 -13 -14
right_child=1 -3 6 4 9 8 11 -9 -10 -11 -12 12 13 -15
leaf_value=-0.02808000633908871 0.032732087842473473 -0.021115662068501597 -0.01755048846766356 0.012729557403958322 -0.0070083265218291793 0.035307670105610305 0.00046192910773009977 0.054007852148541369 0.0094320163474940037 -0.026274403977241949 -0.016793262062938588 0.031566317697344894 0.020874854373892675 -0.0034648326818739711
leaf_weight=2281.4440805986524 168.8784700743854 417.05838528461754 95.025025609880686 275.26692699082196 595.13384535908699 533.26719753444195 165.50309291854501 881.99828323349357 105.5537011064589 194.63597916997969 530.1321413256228 300.42230167239904 256.0744071342051 133.55596886947751
leaf_count=76087 1962 13119 2458 5695 15172 4958 3027 7127 1089 6244 15901 5163 4106 2836
internal_value=-0.000228446 0.0252099 0.0325327 -0.020292 -0.00532258 0.042993 0.0133216 0.0501464 0.0305757 -0.0116365 -0.0259586 0.0169298 0.0208102 0.01299
internal_weight=6933.95 3057.34 2640.28 3876.61 1065.04 1689.7 950.581 1050.88 638.821 789.77 2811.58 855.556 690.053 389.63
internal_count=164944 45845 32726 119099 27111 15136 17590 9089 6047 21416 91988 15132 12105 6942
cat_boundaries=0 6 12 13 18 19 25
cat_threshold=134455296 138865677 0 25165953 872415232 95 107008 192072714 12582912 2483180289 256 224 7 60555264 268435472 648147 671612928 12587013 16 2420114072 53477602 234881056 2278144 151127296 32
is_linear=0
shrinkage=0.03


Tree=15
num_leaves=15
num_cat=6
split_feature=14 3 18 17 18 18 18 3 15 19 1 19 3 7
split_gain=3695.89 1056.53 511.758 361.022 131.401 120.086 111.787 64.4466 60.6695 53.3967 57.8773 50.685 49.4908 77.4242
threshold=0.041071428571428578 1.0000000180025095e-35 0 0.023156371391575902 1 2 3 1.0000000180025095e-35 1.0000000180025095e-35 4 34.500000000000007 5 1.0000000180025095e-35 inf
decision_type=10 2 9 8 9 9 9 2 10 1 2 1 2 8
left_child=3 2 5 8 12 -2 -4 -6 -1 -8 -11 -7 -5 -14
right_child=1 -3 6 4 7 11 9 -9 -10 10 -12 -13 13 -15
leaf_value=-0.027976591814233204 0.050551362771513626 -0.0208973903489224 -0.016524290460050474 0.019950396228333948 -0.0064795825014420062 0.038393830874316838 0.00040851233510024538 -0.026360198113921381 -0.016550517679147017 0.02702520123708382 0.0092690105954552193 0.021547996726235145 -0.023293922120722305 0.099535504218986381
leaf_weight=2222.0820395350456 747.83196848630905 408.90645840577781 97.931002613157034 209.54962073639035 603.3028060272336 621.43991295620799 164.81436393037438 193.38601749762893 521.91040706448257 429.76938023045659 270.41954693943262 371.48459718376398 49.302498433738947 4.0973618961870661
leaf_count=76087 5428 13119 2565 3738 15483 5834 3005 6367 15901 7282 4732 3880 1491 32
internal_value=-0.000232086 0.0240066 0.0308031 -0.0200682 -0.00518887 0.0404643 0.0127619 -0.011192 -0.0258102 0.0162434 0.0199067 0.0323964 0.0129081 -0.0122128
internal_weight=6916.23 3112.6 2703.69 3803.63 1059.64 1740.76 962.934 796.689 2743.99 865.003 700.189 992.925 262.949 53.3999
internal_count=164944 45845 32726 119099 27111 15142 17584 21850 91988 15019 12014 9714 5261 1523
cat_boundaries=0 6 12 17 22 23 24
cat_threshold=134455296 138865677 0 25165953 1006632960 93 107008 192072718 4194304 335696641 268435712 224 237568 174080 0 0 268435456 10223616 268959760 648147 671612932 8392709 16 7
is_linear=0
shrinkage=0.03


Tree=16
num_leaves=15
num_cat=7
split_feature=14 3 18 17 18 18 18 3 7 15 19 1 18 19
split_gain=3478.15 970.735 464.018 356.498 128.489 112.311 101.336 87.0068 76.5596 61.0824 60.4817 51.3773 43.6092 47.8639
threshold=0.041071428571428578 1.0000000180025095e-35 0 0.023156371391575902 1 2 3 1.0000000180025095e-35 inf 1.0000000180025095e-35 4 49.500000000000007 5 6
decision_type=10 2 9 8 9 9 9 2 8 10 1 2 9 1
left_child=3 2 5 9 -5 -2 -4 -6 -9 -1 11 -7 -8 -14
right_child=1 -3 6 4 7 10 12 8 -10 -11 -12 -13 13 -15
leaf_value=-0.027872113126159875 0.049387098563954145 -0.020677687443049656 -0.017136316291739746 -0.016040609070768746 0.011028986131633729 0.039862846566485213 -0.0035705152638016045 -0.024572480629462119 0.06271205857844464 -0.016307857244300693 0.021248459092332278 0.0067682686455367621 0.0008385045158399323 0.021193968554354594
leaf_weight=2164.3753762841225 622.88803926855326 400.98468891717494 92.18290601298213 492.61305672861636 441.38182265125215 716.25766838341951 103.64824139326811 111.36871331930161 8.8838363476097566 513.92288984544575 450.13254372775555 45.340606302022934 137.61816180869937 595.43986870720983
leaf_count=76087 4232 13119 2458 14317 9033 6449 2392 3624 137 15901 4587 455 2430 9723
internal_value=-0.000231049 0.0229025 0.0292312 -0.0198448 -0.00506097 0.037933 0.0114907 0.00478085 -0.0176602 -0.02566 0.0316537 0.0374135 0.014826 0.0174415
internal_weight=6897.04 3164.49 2763.51 3732.55 1054.25 1834.62 928.889 561.634 120.253 2678.3 1211.73 761.598 836.706 733.058
internal_count=164944 45845 32726 119099 27111 15723 17003 12794 3761 91988 11491 6904 14545 12153
cat_boundaries=0 6 12 14 19 20 25 26
cat_threshold=402891264 138865677 0 25165953 872415232 95 4210728 2416710144 101095967 675283080 1610620928 4 204800 174080 60030976 276824080 648147 671612932 8392709 7 69732384 537460736 3543048 3289384986 39952418 16
is_linear=0
shrinkage=0.03


Tree=17
num_leaves=15
num_cat=6
split_feature=14 3 18 17 18 18 18 3 7 15 1 19 19 1
split_gain=3275.75 893.747 424.016 351.801 122.686 95.7383 94.2679 84.8231 77.1841 61.4765 56.5287 47.3713 42.9762 49.738
threshold=0.041071428571428578 1.0000000180025095e-35 0 0.023156371391575902 1 2 3 1.0000000180025095e-35 inf 1.0000000180025095e-35 49.500000000000007 4 5 34.500000000000007
decision_type=10 2 9 8 9 9 9 2 8 10 2 1 1 2
left_child=3 2 6 9 -5 -4 -2 -6 -9 -1 11 -8 -7 -14
right_child=1 -3 5 4 7 12 10 8 -10 -11 -12 -13 13 -15
leaf_value=-0.027766503814636967 0.046479094411949952 -0.02045658834910977 -0.016920266202500159 -0.016169994675697814 0.01029483326620525 -6.1435313581768459e-05 0.040218675129539951 -0.024659535206147346 0.061153198855916489 -0.016065365285545075 0.0045890933054267644 0.02522934491401322 0.023990035057115205 0.0076142425910161494
leaf_weight=2108.2811328750104 642.38164860755205 393.28693455830216 90.754196811467409 467.42240551300347 459.09657599031925 161.75631262734532 480.60613782331347 113.37029935233295 9.3314947709441167 506.16320806182921 71.667259454727173 664.13309046626091 437.86406054720283 271.46013220027089
leaf_count=76087 4232 13119 2458 13778 9415 2956 4204 3780 138 15901 759 6300 7179 4638
internal_value=-0.000231338 0.0218705 0.0277775 -0.0196206 -0.0049399 0.0111742 0.0361041 0.00429843 -0.0176919 -0.0255081 0.0302576 0.0321233 0.0142757 0.0174962
internal_weight=6877.57 3213.91 2820.62 3663.67 1049.22 961.835 1858.79 581.798 122.702 2614.44 1216.41 1144.74 871.081 709.324
internal_count=164944 45845 32726 119099 27111 17231 15495 13333 3918 91988 11263 10504 14773 11817
cat_boundaries=0 6 12 17 19 20 21
cat_threshold=402890752 138865677 0 25165953 2080374784 93 4194336 2416710144 101095999 675283080 1610620928 4 59506688 813694992 648147 671612928 8392709 204800 174080 3 16
is_linear=0
shrinkage=0.03


Tree=18
num_leaves=15
num_cat=5
split_feature=14 3 18 17 18 18 19 3 1 15 17 19 11 1
split_gain=3087.84 824.603 384.552 347.132 123.09 91.1448 87.8641 61.8733 59.1113 58.7223 51.4106 45.5341 60.2386 43.6194
threshold=0.041071428571428578 1.0000000180025095e-35 0 0.021647253090552061 1 2 3 1.0000000180025095e-35 44.500000000000007 1.0000000180025095e-35 0.26886722635343158 4 inf 3.5000000000000004
decision_type=10 2 9 8 9 9 1 2 2 10 10 1 8 2
left_child=3 2 6 9 11 -4 10 -6 13 -1 -2 -5 -13 -8
right_child=1 -3 5 4 7 -7 8 -9 -10 -11 -12 12 -14 -15
leaf_value=-0.027709955597905248 0.032036849581925979 -0.020234134210158287 0.017002524922254125 0.020433781177416024 -0.0065215193721744284 -0.0026202699861983597 0.061175736352910084 -0.026196187126361865 0.0053113021933437502 -0.016016695929793986 0.045076540090914996 -0.012808582284566586 0.065013383006546979 0.0266323116932255
leaf_weight=2038.9972484521568 455.53576191887259 385.80715811811388 667.41631259396672 181.27913358807564 607.10958280228078 313.18763011693954 34.755237475037575 187.989217761904 116.22215811163187 483.12064463272691 733.73199103027582 89.262752566486597 8.9427122697234136 554.2844552770257
leaf_count=75551 4493 13119 9934 3216 15939 7317 271 6539 1135 15427 4800 2290 137 4776
internal_value=-0.00022998 0.0209085 0.0264344 -0.0193956 -0.00511103 0.0107758 0.0342916 -0.0110614 0.0245699 -0.0254773 0.0397787 0.0117709 -0.00466761 0.0287707
internal_weight=6857.64 3260.94 2875.13 3596.7 1074.58 980.604 1894.53 795.099 705.262 2522.12 1189.27 279.485 98.2055 589.04
internal_count=164944 45845 32726 119099 28121 17251 15475 22478 6182 90978 9293 5643 2427 5047
cat_boundaries=0 6 12 18 19 20
cat_threshold=2550374400 138865677 0 25165953 1946157056 93 106496 192072718 12582912 2483180289 256 224 4199056 2200965762 142607392 270947072 134219008 162 7 15
is_linear=0
shrinkage=0.03


Tree=19
num_leaves=15
num_cat=7
split_feature=14 3 18 18 18 18 18 19 18 16 7 2 16 0
split_gain=2927.75 941.919 490.793 202.467 110.755 94.4792 75.8028 62.7859 60.5592 55.9964 48.2574 40.49 40.3847 58.9258
threshold=0.026785714285714288 1.0000000180025095e-35 0 1 2 3 4 5 6 0.18898223650461335 inf 2.5000000000000004 0.95118973121134009 24.500000000000004
decision_type=10 2 9 9 9 9 9 1 9 10 8 2 10 2
left_child=3 2 5 10 -4 -2 -5 8 -6 -7 -1 -11 -3 -14
right_child=1 12 4 6 7 9 -8 -9 -10 11 -12 -13 13 -15
leaf_value=0.0049461614856799539 0.040259696229822672 -0.02505577361151809 -0.016092081786407697 -0.011937089066714897 0.022843824779117922 0.015113207944672495 -0.026582418840553911 0.0023675986044669377 0.0033413133508851311 0.036965691377260516 0.093387261668872124 0.023767945332405328 -0.014568365591121407 0.053893582457696099
leaf_weight=192.2384599018842 858.1022466532886 424.2580925822258 141.15240846015513 435.53436702676117 486.81312935240567 319.34309604391456 2377.5571478530765 450.98145344667137 222.59706272184849 397.51400457695127 4.7245419323444358 462.7926415912807 50.377436131238937 13.510627485811709
leaf_count=4476 5603 14823 3976 13332 7725 3952 87724 8534 5060 3296 32 4231 1719 461
internal_value=-0.000229791 0.0171773 0.0228674 -0.0223621 0.00822663 0.0320126 -0.0243703 0.0113081 0.0168688 0.025697 0.0071666 0.0299019 -0.0217146 0.000516958
internal_weight=6837.5 3827.44 3339.3 3010.05 1301.54 2037.75 2813.09 1160.39 709.41 1179.65 196.963 860.307 488.146 63.8881
internal_count=164944 59380 42377 105564 25295 17082 101056 21319 12785 11479 4508 7527 17003 2180
cat_boundaries=0 6 12 17 21 27 28 34
cat_threshold=402890752 155642893 0 25166209 1006632960 85 74240 187878538 12649472 27411201 268435456 82 537133120 268435456 648155 537395220 46413877 237568 174080 0 1 2160101384 2147491845 33331 2617512072 203432960 44 7 2160083512 2184184514 79693860 147968 1073743104 42
is_linear=0
shrinkage=0.03


Tree=20
num_leaves=15
num_cat=6
split_feature=14 3 18 18 18 19 18 19 1 16 2 1 1 7
split_gain=2776.57 876.306 445.449 195.219 105.042 93.9493 76.4477 61.877 59.231 58.2717 54.1394 46.7609 45.441 44.8436
threshold=0.026785714285714288 1.0000000180025095e-35 0 1 2 3 4 5 3.5000000000000004 0.18898223650461335 2.5000000000000004 44.500000000000007 34.500000000000007 inf
decision_type=10 2 9 9 9 1 9 1 2 10 2 2 2 8
left_child=3 2 5 13 -4 9 -5 -6 -7 -2 -9 -10 -11 -1
right_child=1 -3 4 6 7 8 -8 10 11 12 -12 -13 -14 -15
leaf_value=0.0050911266514218545 0.022620575363437784 -0.021505654624613641 -0.016777108480758765 -0.011435698854242435 -0.0035237967106574049 0.057699846614985735 -0.026359424898127266 0.022298237119145779 0.022951528101282433 0.043937521965317722 0.0079654891974690768 0.0028637848422166184 0.030883336211811101 0.089399162419169453
leaf_weight=185.68925732001662 243.46004900336266 478.26896035112441 129.89824310876429 419.58205460198224 221.22147287987173 37.79399673268199 2337.2666115798056 420.96193288080394 606.84412325546145 661.36320962756872 545.82786257751286 126.27031967043877 397.82982106134295 4.8650674261152735
leaf_count=4293 2744 17003 3749 12892 4311 291 88348 7271 5280 4537 9964 1258 2972 31
internal_value=-0.000230139 0.0164772 0.0218384 -0.0221639 0.00796337 0.0304637 -0.0241426 0.0107976 0.0211711 0.0357397 0.0140774 0.0195003 0.0390682 0.00731709
internal_weight=6817.14 3869.74 3391.47 2947.4 1317.91 2073.56 2756.85 1188.01 770.908 1302.65 966.79 733.114 1059.19 190.554
internal_count=164944 59380 42377 105564 25295 17082 101240 21546 6829 10253 17235 6538 7509 4324
cat_boundaries=0 6 12 17 18 24 25
cat_threshold=402890752 155642893 0 25166081 1006632960 93 74240 154324106 12649472 27411201 268435456 82 537133120 268435456 648155 537395220 63182901 7 2160101384 2181046277 33329 2617512072 203432960 44 16
is_linear=0
shrinkage=0.03


Tree=21
num_leaves=15
num_cat=7
split_feature=14 3 18 18 18 18 18 19 16 18 16 5 5 7
split_gain=2633.43 815.897 404.852 196.433 98.4933 85.9672 73.2576 59.8837 48.2141 41.9677 40.5487 58.9643 168.061 40.4483
threshold=0.026785714285714288 1.0000000180025095e-35 0 1 2 3 4 5 0.18898223650461335 6 0.95118973121134009 228.50000000000003 235.50000000000003 inf
decision_type=10 2 9 9 9 9 9 1 10 9 10 2 2 8
left_child=3 2 5 13 7 -2 -5 -4 -7 -6 -3 -12 -13 -1
right_child=1 10 4 6 9 8 -8 -9 -10 -11 11 12 -14 -15
leaf_value=0.0044409316693358172 0.037392356790771825 -0.02475228441874143 0.021068061434711283 -0.011633826762842511 0.0046197080573805753 0.013880102654392988 -0.026318949839529485 0.0034028521261171914 0.027128790268169868 -0.011933954804901004 -0.028931694349732119 0.2182496793447847 0.004758831651675662 0.082526925089987255
leaf_weight=199.99499161168933 791.96943043172359 406.04746505618095 475.94020679593086 419.81750160641968 332.18096744269133 333.42323596030474 2261.5197452679276 292.12905486486852 996.30447245761752 220.29385476000607 29.75335386954248 2.7360922992229453 30.135031001642346 5.1610741168260565
leaf_count=4686 4927 14823 7255 13122 7194 3959 87724 4828 8087 6127 1041 95 1044 32
internal_value=-0.000233131 0.0158072 0.0208635 -0.0219641 0.00759685 0.028941 -0.0240766 0.0144922 0.023642 -0.00208502 -0.0212947 0.00116026 0.028448 0.0064817
internal_weight=6797.41 3910.91 3442.24 2886.49 1320.54 2121.7 2681.34 768.069 1329.73 552.475 468.672 62.6245 32.8711 205.156
internal_count=164944 59380 42377 105564 25404 16973 100846 12083 12046 13321 17003 2180 1139 4718
cat_boundaries=0 6 12 18 20 26 27 32
cat_threshold=402890752 138865677 0 25166209 1006632960 93 74240 154324106 12649472 94520065 268435456 82 2147500568 2200961666 239078436 155648 1074267392 162 237568 174080 2160101384 2181046277 33331 2550403208 203432960 44 7 79696032 4208 9437184 2624888328 2294274
is_linear=0
shrinkage=0.03


Tree=22
num_leaves=15
num_cat=7
split_feature=14 3 18 18 18 18 19 18 19 16 1 16 5 5
split_gain=2499.84 760.752 368.139 186.418 127.456 74.4014 57.9069 52.9819 52.0291 41.7628 39.9887 39.9479 55.927 133.898
threshold=0.026785714285714288 1.0000000180025095e-35 0 1 2 3 4 5 6 0.18898223650461335 49.500000000000007 0.95118973121134009 228.50000000000003 235.50000000000003
decision_type=10 2 9 9 9 9 1 9 1 10 2 10 2 2
left_child=3 2 6 -1 8 -5 9 -6 10 -2 -4 -3 -13 -14
right_child=1 11 4 5 7 -7 -8 -9 -10 -11 -12 12 13 -15
leaf_value=0.0068745332235479384 0.020398699774936056 -0.024586691487673784 0.024277789875875783 -0.011027523673314242 0.0061406959109342844 -0.026036320117444993 0.021307022555784833 -0.010655948905062383 0.007526347047986038 0.037195778782711408 -0.0091564386954774216 -0.028853663786865377 0.18268723894823893 0.0046003744956278148
leaf_weight=192.42623274959624 160.27819956094027 396.66764682345092 610.39848930388689 403.75245789438486 484.79919724538922 2231.1193439438939 641.90531899407506 245.46079940721393 382.32891448587179 931.36033945903182 33.490703575313091 28.953587176278234 3.3545752614736548 30.270170325413346
leaf_count=4304 1623 14823 7527 12610 9643 88650 5016 6873 5322 5902 471 1041 95 1044
internal_value=-0.000232111 0.0151834 0.01996 -0.0217628 0.0100706 -0.0237919 0.0297391 0.000420526 0.0168604 0.0344353 0.0221833 -0.0210805 0.00118136 0.0271303
internal_weight=6776.57 3949.27 3490.02 2827.3 1756.48 2634.87 1733.54 730.26 1026.22 1091.64 643.889 459.246 62.5783 33.6247
internal_count=164944 59380 42377 105564 29836 101260 12541 16516 13320 7525 7998 17003 2180 1139
cat_boundaries=0 6 12 18 24 25 30 31
cat_threshold=402890752 138849293 0 25165825 872415232 1 74240 187878538 12649472 27411201 268435456 80 2147500560 53493890 234881060 139648 1207960832 254 2160101384 2147491845 33314 2617512072 740303872 46 7 12587176 2147488368 12585984 2490683912 2753024 7
is_linear=0
shrinkage=0.03


Tree=23
num_leaves=15
num_cat=8
split_feature=14 3 18 18 18 18 18 1 19 18 18 7 16 5
split_gain=2373.46 710.037 336.013 185.413 89.7308 76.8377 75.8042 54.8081 47.3629 49.09 40.8555 40.6765 39.3146 53.0528
threshold=0.026785714285714288 1.0000000180025095e-35 0 1 2 3 4 40.500000000000007 5 6 7 inf 0.95118973121134009 228.50000000000003
decision_type=10 2 9 9 9 9 9 2 1 9 9 8 10 2
left_child=3 2 5 11 -4 -2 -5 8 -6 -10 -9 -1 -3 -14
right_child=1 12 4 6 7 -7 -8 10 9 -11 -12 -13 13 -15
leaf_value=0.0041310553827615818 0.032743947648132855 -0.024419153617050458 -0.016693581283442654 -0.011068499045421547 -0.0016682210272121476 0.020451972043517785 -0.026049569696520981 0.012729114175397635 0.021708940185856205 0.0047507272981112394 -0.0098495144991322583 0.080739275966341617 -0.028775152247717303 0.025874399126171184
leaf_weight=196.52366148680449 1017.5162165164948 387.55250157415867 121.10276327095926 415.75860018283129 166.34053426980972 1187.3877519667149 2152.1996568404138 102.39085355401039 503.80490225926042 249.28553742542863 188.1193284522742 5.4491141587495795 28.176080053672194 34.369669510051608
leaf_count=4526 6197 14823 3611 13282 3257 10936 87724 1787 7515 5490 3584 32 1041 1139
internal_value=-0.00023225 0.0145893 0.019107 -0.0215586 0.00699935 0.0262588 -0.0236817 0.00949981 0.013164 0.0162447 -0.00177649 0.00627629 -0.0208657 0.00119005
internal_weight=6755.98 3986.05 3535.95 2769.93 1331.04 2204.9 2567.96 1209.94 919.431 753.09 290.51 201.973 450.098 62.5457
internal_count=164944 59380 42377 105564 25244 17133 101006 21633 16262 13005 5371 4558 17003 2180
cat_boundaries=0 6 12 17 22 28 29 35 41
cat_threshold=402890752 155642893 0 25166209 1006632960 89 107008 154324106 12649472 94520065 268435456 80 538181696 268500992 648155 537395220 38017077 237568 174080 0 1 268435456 2160068616 2181046277 33331 2550403208 203432960 46 16 2151698968 2184184386 180356132 4473344 1073743104 166 2222981248 35651760 75497472 67248136 1073938432 4
is_linear=0
shrinkage=0.03


Tree=24
num_leaves=15
num_cat=7
split_feature=14 3 18 17 18 19 18 1 6 19 18 18 16 0
split_gain=2254.55 663.711 308.865 182.961 82.9863 72.5393 68.3327 55.0044 50.8559 49.9643 48.2503 39.8842 38.5661 52.2309
threshold=0.026785714285714288 1.0000000180025095e-35 0 0.029222658128908133 1 2 3 49.500000000000007 27.500000000000004 4 5 6 0.95118973121134009 24.500000000000004
decision_type=10 2 9 8 9 1 9 2 2 1 9 9 10 2
left_child=3 2 5 -1 9 7 -5 8 -2 -4 -7 -6 -3 -14
right_child=1 12 4 6 11 10 -8 -9 -10 -11 -12 -13 13 -15
leaf_value=-0.025313182120581382 0.06716516015955816 -0.02424964762110102 0.018932593400902482 0.010937912916667002 -0.016586173166393447 0.011371897325823268 -0.012218019178772653 0.0037701179672667683 0.032526042774482199 0.0029757779258318775 0.024522001621545553 0.0022777309210266585 -0.01387380599539117 0.049620964587990236
leaf_weight=2156.553996168077 40.031378604471684 378.69493538141251 496.38660277426243 149.54689568467438 118.260707648471 455.28203745558858 407.89085148833692 57.285305086523294 838.15323593467474 294.71139308065176 827.23522192239761 452.64295930415392 48.366356713697314 14.265986431390045
leaf_count=89838 283 14823 7089 3214 3601 4691 12512 472 6050 4724 5477 9990 1719 461
internal_value=-0.000230946 0.0140269 0.0183066 -0.0213542 0.0068667 0.0251808 -0.00602031 0.031982 0.0341796 0.0131105 0.0199902 -0.00186953 -0.0206518 0.00114114
internal_weight=6735.31 4021.32 3579.99 2713.99 1362 2217.99 557.438 935.47 878.185 791.098 1282.52 570.904 441.327 62.6323
internal_count=164944 59380 42377 105564 25404 16973 15726 6805 6333 11813 10168 13591 17003 2180
cat_boundaries=0 6 12 13 19 20 26 31
cat_threshold=2550374400 138865677 0 25166209 1006632960 85 17048 2200961730 239077412 155648 1074267392 170 3 68096 187751434 8454144 2351317761 268435456 225 7 2147483648 4210701 0 384 738197504 85 538705984 268435456 648147 537395220 46405685
is_linear=0
shrinkage=0.03


Tree=25
num_leaves=15
num_cat=7
split_feature=14 3 18 18 18 18 19 1 18 16 5 5 0 18
split_gain=2141.81 620.869 286.526 183.062 110.821 71.983 52.3259 53.5497 48.9791 41.6684 38.6465 104.282 179.913 42.8761
threshold=0.026785714285714288 1.0000000180025095e-35 0 1 2 3 4 34.500000000000007 5 0.18898223650461335 228.50000000000003 235.50000000000003 24.500000000000004 6
decision_type=10 2 9 9 9 9 1 2 9 10 2 2 2 9
left_child=3 2 9 -1 6 -5 -4 -8 -6 -2 -3 12 -12 -13
right_child=1 10 4 5 8 -7 7 -9 -10 -11 11 13 -14 -15
leaf_value=0.0059275397930911179 0.014785541227290037 -0.029288512623226997 0.0014241000560960327 -0.010562666446517519 -0.016371784501381915 -0.025713051022039881 0.023943696016824965 0.0095944145531118123 0.003940934370416033 0.028812870922696923 -0.025480747725837274 0.0085993554563898126 0.25353744872460149 -0.022307432200322247
leaf_weight=209.64298176020384 223.89440532028675 218.75551720149815 213.91869335621595 384.59966795146465 116.49307089485228 2065.3121907375753 610.52805725857615 382.55801166966558 649.22584955580533 1425.6680720373988 4.5692643225193015 50.806286506354809 2.5852525532245636 156.05218772403896
leaf_count=4800 2125 8730 2866 12503 3597 88261 6790 4688 13531 8780 149 1865 69 6190
internal_value=-0.000228498 0.0134921 0.01755 -0.0211456 0.00965718 -0.0233925 0.0153058 0.0182477 0.000662553 0.026757 -0.0204354 -0.011292 0.0940689 -0.0153711
internal_weight=6714.61 4055.05 3622.29 2659.55 1972.72 2449.91 1207 993.086 765.719 1649.56 432.769 214.013 7.15452 206.858
internal_count=164944 59380 42377 105564 31472 100764 14344 11478 17128 10905 17003 8273 218 8055
cat_boundaries=0 6 12 18 24 25 30 34
cat_threshold=402890752 138849288 0 25165825 805306368 1 66048 187747466 12649472 94520065 268435456 82 2147500560 53493895 234881056 139648 1275068672 254 2160109576 2147622917 33331 2550403208 203431936 44 16 587464768 268435456 648147 537395220 54794293 41472 175108 0 25428609
is_linear=0
shrinkage=0.03


Tree=26
num_leaves=15
num_cat=6
split_feature=14 3 18 17 18 18 19 18 1 15 18 5 5 0
split_gain=2034.95 581.245 262.712 180.771 111.588 63.1371 53.2075 49.7505 45.2429 38.7905 45.4142 38.554 94.6742 138.047
threshold=0.026785714285714288 1.0000000180025095e-35 0 0.029222658128908133 1 2 3 4 34.500000000000007 1.0000000180025095e-35 5 228.50000000000003 235.50000000000003 24.500000000000004
decision_type=10 2 9 8 9 9 1 9 2 10 9 2 2 2
left_child=3 2 -2 9 6 -5 -4 -6 -8 -1 -11 -3 13 -13
right_child=1 11 4 5 7 -7 8 -9 -10 10 -12 12 -14 -15
leaf_value=-0.026828883610113933 0.026614642969377232 -0.029223475050024813 0.0021003613856309966 0.010114809541451724 -0.015952368987283933 -0.011899303816629018 0.023244828495460342 0.0044336603715508004 0.010711692018426351 0.0080063538490450867 -0.020320725537028819 -0.025349531513723284 -0.015145177966523244 0.2086167810979781
leaf_weight=1725.4790322761983 1472.259480252862 212.75787647999823 235.85637154430151 156.9955379422754 115.0299603883177 392.0886117387563 679.48037334531546 736.8918250054121 423.41474835947156 60.1933409627527 272.18799397721887 4.4619291592389336 204.00483649969101 3.2512645237147808
leaf_count=77286 9139 8730 2937 3343 3591 12383 6986 14953 4771 2178 10374 149 8055 69
internal_value=-0.000230055 0.0129784 0.0168301 -0.0209365 0.0100777 -0.00563047 0.0154712 0.00151279 0.0182817 -0.0250158 -0.0155515 -0.0202201 -0.0110776 0.0858959
internal_weight=6694.35 4087.41 3662.93 2606.94 2190.67 549.084 1338.75 851.922 1102.9 2057.86 332.381 424.476 211.718 7.71319
internal_count=164944 59380 42377 105564 33238 15726 14694 18544 11757 89838 12552 17003 8273 218
cat_boundaries=0 5 11 17 18 23 29
cat_threshold=402890752 134654976 0 25165825 268435456 2147484176 57688079 201326624 384 1811939584 255 2560 187751434 8455168 2351055617 268435456 229 16 538181696 268435456 648155 537395220 38017077 67113104 37749361 330752 2215119236 2230016 128
is_linear=0
shrinkage=0.03


Tree=27
num_leaves=15
num_cat=7
split_feature=14 3 18 17 18 18 1 0 18 19 15 18 19 5
split_gain=1934.19 544.438 241.298 178.79 95.5006 61.1579 44.672 44.2738 43.7654 41.1993 38.951 43.9871 38.9059 38.4816
threshold=0.026785714285714288 1.0000000180025095e-35 0 0.029222658128908133 1 2 37.500000000000007 30.500000000000004 3 4 1.0000000180025095e-35 5 6 228.50000000000003
decision_type=10 2 9 8 9 9 2 2 9 1 10 9 1 2
left_child=3 2 9 10 6 -5 12 -8 -6 -2 -1 -12 -4 -3
right_child=1 13 4 5 8 -7 7 -9 -10 -11 11 -13 -14 -15
leaf_value=-0.026709767770470034 0.028421508963885275 -0.029158002471982955 0.0028435331873119148 -0.015080966556860489 -0.015011716339897748 0.0047139700510212953 0.0043369615032988395 0.088756658958440302 0.0038016454018176887 0.017307936350708653 0.0077529068459380414 -0.020108369617797946 0.020898261241780458 -0.010854514485795705
leaf_weight=1681.8432924300432 1070.9178210943937 206.928805379197 145.01671371608973 276.15802785567939 122.47014011628926 270.02302441932261 369.40340887382627 4.6814115531742564 659.56749904155731 628.17329161241651 60.648811813443899 267.00554773211479 701.70931325480342 209.36150056682527
leaf_count=77286 6545 8730 1888 9272 3787 6454 4625 58 13539 4360 2178 10374 7575 8273
internal_value=-0.00022896 0.0124928 0.0161512 -0.0207257 0.00893531 -0.0054934 0.0141651 0.00562723 0.000688043 0.0244505 -0.0248611 -0.0153193 0.0180931 -0.0200008
internal_weight=6673.91 4118.23 3701.94 2555.68 2002.85 546.181 1220.81 374.085 782.038 1699.09 2009.5 327.654 846.726 416.29
internal_count=164944 59380 42377 105564 31472 15726 14146 4683 17326 10905 89838 12552 9463 17003
cat_boundaries=0 6 12 18 23 24 30 31
cat_threshold=402890752 138849288 0 25165825 805306368 1 2147500560 53493767 234881060 139648 1275068672 254 2155872296 2416705537 101063215 4194440 1811947776 8 537657408 269025280 910291 537395220 37754933 7 67113104 37749361 330752 2215119236 2230016 128 16
is_linear=0
shrinkage=0.03


Tree=28
num_leaves=15
num_cat=6
split_feature=14 3 18 17 18 18 19 18 15 18 16 5 5 1
split_gain=1839.31 510.684 223.537 176.7 94.7823 59.7143 46.7973 44.058 39.0946 42.5982 38.5112 47.3999 80.1795 36.5297
threshold=0.026785714285714288 1.0000000180025095e-35 0 0.029222658128908133 1 2 3 4 1.0000000180025095e-35 5 0.95118973121134009 228.50000000000003 235.50000000000003 37.500000000000007
decision_type=10 2 9 8 9 9 1 9 10 9 10 2 2 2
left_child=3 2 -2 8 6 -5 -4 -6 -1 -10 -3 -12 -13 -8
right_child=1 10 4 5 7 -7 13 -9 9 -11 11 12 -14 -15
leaf_value=-0.02658896055671723 0.02439487141192246 -0.023607356207854039 0.0017010467820647967 -0.014909363389743292 -0.016083875326820977 0.0046943436505794975 0.020529337808245052 0.0039703525339216976 0.0075087645014568606 -0.019894908900430396 -0.028449865422514275 0.12552298311550042 0.004617603790088614 0.0088666205662288836
leaf_weight=1639.4463190604001 1513.7306159622967 348.09454890526831 237.6276539042592 273.359769186005 102.39088280312717 270.09017700701952 781.42218817397952 750.56027377024293 61.092935318127275 261.96885786950588 25.218015423044562 4.919002689421176 30.252934882417321 353.16855109855533
leaf_count=77286 9139 14823 2945 9314 3318 6412 7796 15179 2178 10374 1041 95 1044 4000
internal_value=-0.000226274 0.012034 0.0155141 -0.0205138 0.00931312 -0.00536338 0.0141885 0.00138885 -0.0247043 -0.0150877 -0.0197805 0.00230307 0.0245296 0.0167624
internal_weight=6653.34 4147.38 3738.9 2505.96 2225.17 543.45 1372.22 852.951 1962.51 323.062 408.485 60.39 35.1719 1134.59
internal_count=164944 59380 42377 105564 33238 15726 14741 18497 89838 12552 17003 2180 1139 11796
cat_boundaries=0 5 11 17 18 23 29
cat_threshold=402890752 134654976 0 25165825 268435456 2147484176 57688079 100663328 384 1811939584 255 2155872296 2416705537 101063215 541065352 1811947776 8 16 537133120 268435456 648147 537395220 37754933 67113104 37749361 330752 2215119236 2230016 128
is_linear=0
shrinkage=0.03


Tree=29
num_leaves=15
num_cat=7
split_feature=14 3 18 17 18 18 18 19 15 18 5 5 0 18
split_gain=1749.04 479.085 205.692 174.56 87.6877 57.9157 42.0809 41.7487 39.2208 40.9577 38.7122 79.7414 102.799 43.948
threshold=0.026785714285714288 1.0000000180025095e-35 0 0.029222658128908133 1 2 3 4 1.0000000180025095e-35 5 228.50000000000003 235.50000000000003 24.500000000000004 6
decision_type=10 2 9 8 9 9 9 1 10 9 2 2 2 9
left_child=3 2 -2 8 7 -5 -6 -4 -1 -10 -3 12 -12 -13
right_child=1 10 4 5 6 -7 -8 -9 9 -11 11 13 -14 -15
leaf_value=-0.026466406379465051 0.023357889716474043 -0.029036711441959621 0.0018021216775960904 -0.015000838812083172 -0.015865541366136236 0.0043569508462672534 0.0038426482688385896 0.016033380587768205 0.0069480896713087232 -0.019733295936556056 -0.025459305245386105 0.0089896535402029919 0.16568654658686199 -0.02211823142677867
leaf_weight=1598.2545000240207 1533.6809090599418 196.67205685935915 237.71137262880802 262.21536333672702 100.86063862778246 278.57687379233539 754.86314055882394 1147.6703239008784 62.942056404426694 255.65784178301692 4.5193195100873691 52.498741067945957 4.1623854786157608 142.92212208174169
leaf_count=77286 9139 8730 2937 9116 3318 6610 15226 11757 2228 10324 149 1997 69 6058
internal_value=-0.000225477 0.0115922 0.014904 -0.0203004 0.00896664 -0.00523593 0.00134785 0.0136249 -0.0245456 -0.014857 -0.0195597 -0.0103306 0.073832 -0.0144264
internal_weight=6633.21 4175.56 3774.79 2457.65 2241.11 540.792 855.724 1385.38 1916.85 318.6 400.775 204.103 8.6817 195.421
internal_count=164944 59380 42377 105564 33238 15726 18544 14694 89838 12552 17003 8273 218 8055
cat_boundaries=0 5 11 17 22 23 29 33
cat_threshold=402890752 134654976 0 25165825 268435456 2147484176 57688079 201326624 384 1811939584 255 2155872296 2416705537 235280911 541065352 1811947776 8 537133120 268435456 648147 537395220 37754933 16 71307408 37749361 330752 2215119236 2230016 128 41472 1223684 0 25428609
is_linear=0
shrinkage=0.03


Tree=30
num_leaves=15
num_cat=6
split_feature=14 3 18 17 18 7 3 18 18 19 1 15 18 5
split_gain=1663.52 450.032 190.773 172.369 84.5703 56.295 63.707 56.712 40.1378 39.6673 40.6328 39.3284 39.662 38.5248
threshold=0.026785714285714288 1.0000000180025095e-35 0 0.029222658128908133 1 inf 1.0000000180025095e-35 2 3 4 3.5000000000000004 1.0000000180025095e-35 5 228.50000000000003
decision_type=10 2 9 8 9 8 2 9 9 1 2 10 9 2
left_child=3 2 9 11 -4 6 7 -5 -6 -2 -11 -1 -13 -3
right_child=1 13 4 5 8 -7 -8 -9 -10 10 -12 12 -14 -15
leaf_value=-0.0263420661433168 0.026944382356819813 -0.028969737938390042 0.01319584857486333 -0.01428315225715408 -0.015647790060998274 0.058536894155440805 -0.026372286979631451 0.007817263792210441 0.0037110448842178501 0.049998697226708834 0.013674063332586634 0.0067325120643009781 -0.01951821505947815 -0.010133402832734147
leaf_weight=1558.2349592167884 922.662592433393 191.29641866125166 1486.3592783398926 163.41203874908388 99.3720314912498 11.233333941549061 113.56586164794862 250.00209764763713 755.82546400278807 28.490675136446953 516.48647536709905 63.354604281485081 250.91417721286416 202.09169582091272
leaf_count=77286 5104 8730 15374 5326 3318 169 4448 5783 15179 156 3246 2228 10324 8273
internal_value=-0.000224466 0.0111706 0.0143261 -0.0200857 0.00887442 -0.00511132 -0.00657638 -0.00108788 0.00129144 0.0227964 0.0153795 -0.0243848 -0.0146272 -0.0193433
internal_weight=6613.3 4202.58 3809.2 2410.72 2341.56 538.213 526.98 413.414 855.197 1467.64 544.977 1872.5 314.269 393.388
internal_count=164944 59380 42377 105564 33871 15726 15557 11109 18497 8506 3402 89838 12552 17003
cat_boundaries=0 5 11 17 22 23 29
cat_threshold=402890752 437248 0 25165825 268435456 2147484176 191905807 100663328 384 1811939584 255 2155913248 2416705541 101062669 1614807176 671089024 8 537133120 268435456 648147 537395220 37754933 7 71307408 37749361 330752 2215119236 2230016 128
is_linear=0
shrinkage=0.03


Tree=31
num_leaves=15
num_cat=6
split_feature=14 3 18 17 19 18 18 19 1 1 6 15 18 5
split_gain=1582.66 422.906 177.781 170.057 59.0854 59.0701 53.0415 51.2283 41.0562 40.8534 42.7586 39.4179 38.4002 38.3743
threshold=0.026785714285714288 1.0000000180025095e-35 0 0.029222658128908133 1 2 3 4 38.500000000000007 49.500000000000007 27.500000000000004 1.0000000180025095e-35 5 228.50000000000003
decision_type=10 2 9 8 1 9 9 1 2 2 2 10 9 2
left_child=3 2 4 11 9 -4 -5 -7 -9 10 -2 -1 -13 -3
right_child=1 13 5 6 -6 7 -8 8 -10 -11 -12 12 -14 -15
leaf_value=-0.026215892707975027 0.055422393951600639 -0.028902140526019637 -0.014242535916642903 0.0094311376996701751 0.014410202358923168 -0.0053564750348839563 -0.01088201968836839 0.013557282630271159 0.0006416266352955557 0.00096919169799562907 0.024898920757273072 0.0065245818005529492 -0.019302170995082746 -0.009926723945047157
leaf_weight=1519.3556759897619 43.09171187132597 186.07274014502764 116.80567240342498 155.85479903593659 1368.8484287597239 236.00688304938376 379.58628004044294 804.11908584088087 305.72133403271437 60.851678960025311 906.39031164720654 63.756761960685253 246.30416765995324 200.16078806482255
leaf_count=77286 275 8730 3830 3275 9964 4383 12451 12346 5183 459 5937 2228 10324 8273
internal_value=-0.000222545 0.0107696 0.0137787 -0.0198714 0.0188189 0.00540742 -0.00498981 0.00721448 0.00991401 0.0245724 0.0263411 -0.0242219 -0.0143984 -0.0191194
internal_weight=6592.93 4228.07 3841.84 2364.86 2379.18 1462.65 535.441 1345.85 1109.84 1010.33 949.482 1829.42 310.061 386.234
internal_count=164944 59380 42377 105564 16635 25742 15726 21912 17529 6671 6212 89838 12552 17003
cat_boundaries=0 6 7 12 18 19 25
cat_threshold=2550374400 138865677 0 25165825 1006633216 93 3 537133120 276824064 648147 537395220 62928949 2560 187751434 8454144 2351317761 268435456 229 16 71307408 37749361 330752 2215119236 2230016 128
is_linear=0
shrinkage=0.03


Tree=32
num_leaves=15
num_cat=6
split_feature=14 3 18 17 18 7 3 18 15 13 5 18 18 19
split_gain=1505.38 397.475 170.522 167.84 79.2355 51.8072 62.1579 52.9142 39.4891 38.7544 39.4586 38.5938 37.1713 35.5725
threshold=0.026785714285714288 1.0000000180025095e-35 0 0.029222658128908133 1 inf 1.0000000180025095e-35 2 1.0000000180025095e-35 0.59500000000000008 228.50000000000003 3 4 5
decision_type=10 2 9 8 9 8 2 9 10 10 2 9 9 1
left_child=3 2 -2 8 13 6 7 -5 -1 -3 -11 -6 -10 -4
right_child=1 9 4 5 11 -7 -8 -9 12 10 -12 -13 -14 -15
leaf_value=-0.026087839304858695 0.022284236516394777 -0.022102478445096628 0.015887221565125714 -0.014304136373663554 -0.013420632155624772 0.055220058795653358 -0.026211536374532031 0.0073135738187479682 0.0063239718225917728 -0.026945186512324911 0.033683527995212258 0.0040124584250332994 -0.019085218317665804 0.0064643297476313409
leaf_weight=1481.5856229700148 1264.1630797386169 341.00793102011085 1091.2702467441559 153.15626064687967 122.68218099325895 11.620483702048658 110.16088990680873 257.97734878584743 64.148773465305567 15.20686326920986 23.068296061828732 784.58098257146776 241.8241264373064 611.66073563694954
leaf_count=77286 6968 15569 9709 5142 4000 169 4448 5967 2228 695 739 15239 10324 6461
internal_value=-0.000221911 0.0103807 0.0132507 -0.0196535 0.00874992 -0.00486542 -0.00630798 -0.000924282 -0.024057 -0.0188944 0.00952277 0.00152259 -0.0141705 0.0125659
internal_weight=6574.11 4253.64 3874.36 2320.47 2610.19 532.915 521.294 411.134 1787.56 379.283 38.2752 907.263 305.973 1702.93
internal_count=164944 59380 42377 105564 35409 15726 15557 11109 89838 17003 1434 19239 12552 16170
cat_boundaries=0 5 11 17 22 28 29
cat_threshold=402890752 174080 0 16777217 268435456 2147484160 192168975 67108864 8388992 1811939584 255 2155913248 269221893 101062669 1614807176 671089024 8 537133120 268959744 910299 537395220 38017077 71307408 37749361 330752 2215119236 2230016 128 7
is_linear=0
shrinkage=0.03


Tree=33
num_leaves=15
num_cat=6
split_feature=14 3 17 18 13 18 18 18 18 5 5 0 18 5
split_gain=1432.64 373.921 165.44 160.677 82.069 68.2339 49.9488 40.262 39.6886 38.5852 73.5037 84.6118 44.694 34.1302
threshold=0.026785714285714288 1.0000000180025095e-35 0.029222658128908133 0 1.0000000180025095e-35 1 2 3 4 228.50000000000003 235.50000000000003 24.500000000000004 5 459.50000000000006
decision_type=10 2 8 9 10 9 9 9 9 2 2 2 9 2
left_child=2 3 8 -2 5 -5 -4 13 -1 -3 11 -11 -12 -6
right_child=1 9 6 4 7 -7 -8 -9 -10 10 12 -13 -14 -15
leaf_value=-0.0073121483398646625 0.022041122669387937 -0.028780064193801334 -0.014593294081091184 0.010561150440517655 0.019422725099974853 -0.0041093495169974795 0.0036332168689942926 0.0061462750595270357 -0.025256599857387308 -0.025216233882790519 0.008301491930115661 0.14568548773764869 -0.022449517731537284 0.005883857221214997
leaf_weight=151.66824444383383 1171.1537494063377 177.13597372174263 237.53001481108367 507.25531338900328 831.48715968430042 626.87423209100962 292.75716243125498 556.54135944321752 1595.2271909397095 4.3187022749334556 58.25057889893651 4.731419749557972 128.06744812428951 211.19735912233591
leaf_count=6253 6351 8730 8618 6744 6591 12200 7108 8677 83585 149 2289 69 5766 1814
internal_value=-0.000219592 0.0100142 -0.0194368 0.0127548 0.00865708 0.0025126 -0.00474933 0.0130644 -0.02389 -0.0186692 -0.00940197 0.0697372 -0.0135978 0.0165303
internal_weight=6554.2 4277.01 2277.18 3904.51 2733.36 1134.13 530.287 1599.23 1746.9 372.504 195.368 9.05012 186.318 1042.68
internal_count=164944 59380 105564 42377 36026 18944 15726 17082 89838 17003 8273 218 8055 8405
cat_boundaries=0 5 11 17 23 29 35
cat_threshold=402890752 174080 0 1 268435456 2160067072 187711518 37751844 1081728 1610614016 102 2155872296 2416705537 101062703 541065352 1811939584 8 16 189027469 209715200 25309440 1811939328 159 12584992 2181570689 331297 2487615880 67117056 30 41472 1223692 1048576 25430657 0 64
is_linear=0
shrinkage=0.03


Tree=34
num_leaves=15
num_cat=6
split_feature=14 3 17 13 18 18 18 19 15 5 5 0 18 18
split_gain=1363.61 352.146 163.089 148.831 82.7472 75.3604 48.5518 44.2981 40.2562 38.3192 67.438 70.6233 43.2086 36.9908
threshold=0.026785714285714288 1.0000000180025095e-35 0.029222658128908133 1.0000000180025095e-35 0 1 2 3 1.0000000180025095e-35 228.50000000000003 235.50000000000003 24.500000000000004 4 5
decision_type=10 2 8 10 9 9 9 1 10 2 2 2 9 9
left_child=2 3 8 4 -2 7 -4 -5 -1 -3 11 -11 -12 -10
right_child=1 9 6 5 -6 -7 -8 -9 13 10 12 -13 -14 -15
leaf_value=-0.025834848657384359 0.013397060569870332 -0.028710477318756675 -0.013957564624564326 0.026442196882963634 -0.0023987721254131724 0.0096263352770875436 0.003988404876190556 0.01551586879423013 0.0056611394991441322 -0.025082783755662152 0.0088402823173214171 0.12838372719040164 -0.021851078473044898 -0.019017172690470541
leaf_weight=1411.5400855299085 474.46273120120168 172.31359961815178 247.86396045796573 695.49623366817832 771.64680206403136 1046.1136626135558 280.1372610963881 945.42375552654266 70.495177885517478 4.2182695399969798 55.022853799164295 5.3326701894402504 129.03908266499639 225.55376130528748
leaf_count=77286 5459 8730 9102 3789 14256 13174 6624 5699 2555 149 2131 69 5924 9997
internal_value=-0.000218569 0.00966343 -0.0192176 0.0122831 0.00370968 0.0162562 -0.00463503 0.0202922 -0.0237213 -0.0184509 -0.00921944 0.0646505 -0.0133812 -0.0135911
internal_weight=6534.66 4299.07 2235.59 3933.14 1246.11 2687.03 528.001 1640.92 1707.59 365.926 193.613 9.55094 184.062 296.049
internal_count=164944 59380 105564 42377 19715 22662 15726 9488 89838 17003 8273 218 8055 12552
cat_boundaries=0 6 12 18 19 25 31
cat_threshold=2558763520 185755662 1056 1048961 1073743104 100 268673024 4631553 67108864 25165825 1006632960 153 2155872296 2416705537 235280943 541065352 1811939584 8 3 41472 1223684 0 25428609 0 64 71307408 37749361 330752 2215127428 2492160 128
is_linear=0
shrinkage=0.03


Tree=35
num_leaves=15
num_cat=6
split_feature=14 3 17 18 13 18 18 2 18 19 5 5 0 18
split_gain=1298.09 331.85 160.693 140.263 70.2604 60.3511 60.1428 38.455 54.6704 54.058 38.0365 62.0685 59.904 42.7883
threshold=0.026785714285714288 1.0000000180025095e-35 0.021647253090552061 0 1.0000000180025095e-35 1 2 2.5000000000000004 3 4 228.50000000000003 235.50000000000003 24.500000000000004 5
decision_type=10 2 8 9 10 9 9 2 9 1 2 2 2 9
left_child=2 3 -1 -2 5 -5 -4 9 -9 -6 -3 12 -12 -13
right_child=1 10 6 4 7 -7 -8 8 -10 -11 11 13 -14 -15
leaf_value=-0.024089070893837491 0.020421182188104445 -0.028640084711373325 0.0092977417863891829 0.0097853795879013078 -0.0012640870073230622 -0.0039639528962417594 -0.011491858081020871 0.013369383109889188 -0.0022000073488073323 0.020412932881233772 -0.024948915712612936 0.0080602425711519109 0.11455817419758683 -0.022122182368561678
leaf_weight=1574.6884691622108 1193.6094023510814 167.62822612375021 163.20786974206567 517.25558348745108 130.57878225296736 621.81280156038702 457.09077833779156 542.77086059004068 322.12050155736506 632.47028069756925 4.1205214112997037 58.659273788332939 5.9080928079783916 123.19816108606756
leaf_count=85712 6351 8730 3320 6715 1545 12229 16532 4677 4694 6166 149 2269 69 5786
internal_value=-0.000215221 0.00932949 -0.0189966 0.0118354 0.00802287 0.00233384 -0.00605102 0.0120488 0.00770386 0.0169572 -0.0182328 -0.00903984 0.0601732 -0.0131648
internal_weight=6515.12 4320.13 2194.99 3960.62 2767.01 1139.07 620.299 1627.94 864.891 763.049 359.514 191.886 10.0286 181.857
internal_count=164944 59380 105564 42377 36026 18944 19852 17082 9371 7711 17003 8273 218 8055
cat_boundaries=0 5 11 17 23 24 30
cat_threshold=402890752 174080 0 1 268435456 2155872768 191905822 37751844 1082240 1610614016 100 68096 187747338 12648448 2485273345 268959744 225 24 191890633 201326592 25321864 537010176 91 16 41472 1223692 0 25428609 0 64
is_linear=0
shrinkage=0.03


Tree=36
num_leaves=15
num_cat=6
split_feature=14 3 17 18 13 18 18 5 5 0 18 18 19 15
split_gain=1235.52 312.894 158.612 129.924 65.1926 57.1653 56.7812 37.7302 57.2946 51.5008 41.4671 37.0658 35.5117 30.8484
threshold=0.026785714285714288 1.0000000180025095e-35 0.021647253090552061 0 1.0000000180025095e-35 1 2 228.50000000000003 235.50000000000003 24.500000000000004 3 4 5 1.0000000180025095e-35
decision_type=10 2 8 9 10 9 9 2 2 2 9 9 1 10
left_child=2 3 13 -2 6 -4 12 -3 9 -9 -10 -6 -5 -1
right_child=1 7 5 4 11 -7 -8 8 10 -11 -12 -13 -14 -15
leaf_value=-0.025733130137339848 0.019627916435182205 -0.028568839348752019 0.008966910618782643 0.018729163565430435 0.015056715913534925 -0.011274906284531278 -0.003723852337158141 -0.024814628642342219 0.0078055363207698413 0.10327535395134972 -0.021941120196408127 0.0054211480216002977 0.0025344848170681549 -0.013832764596704966
leaf_weight=1303.2621818464249 1204.862583052367 163.07611862756312 164.53766752779484 214.06158715486526 1029.8853843025863 452.1961572971195 634.27562000416219 4.0253869909793121 59.108212182298303 6.4571507498621941 120.61829393729568 611.0190571192652 292.7326574139297 235.33933321386576
leaf_count=75168 6351 8730 3320 2634 8118 16532 12365 149 2269 69 5786 8964 3945 10544
internal_value=-0.000211154 0.00900889 -0.0187728 0.0114075 0.00774317 -0.00590621 0.0022609 -0.0180156 -0.0088656 0.0562103 -0.0129512 0.011599 0.00962742 -0.0239231
internal_weight=6495.46 4340.12 2155.34 3986.84 2781.97 616.734 1141.07 353.285 190.209 10.4825 179.727 1640.9 506.794 1538.6
internal_count=164944 59380 105564 42377 36026 19852 18944 17003 8273 218 8055 17082 6579 85712
cat_boundaries=0 5 11 17 23 29 30
cat_threshold=402890752 174080 0 1 268435456 68096 187747338 12648448 2485273345 268959744 225 2160067072 189808670 37751844 1081728 1610614016 102 41472 1223692 0 25428609 0 64 16 189011085 209715200 25309440 1811939584 159 3
is_linear=0
shrinkage=0.03


Tree=37
num_leaves=15
num_cat=7
split_feature=14 3 17 18 18 19 1 18 18 5 18 18 5 5
split_gain=1176.09 295.17 156.492 120.448 62.3859 56.1525 63.9858 55.3076 44.4321 43.1203 41.4713 38.9476 37.4057 53.0263
threshold=0.026785714285714288 1.0000000180025095e-35 0.021647253090552061 0 1 2 34.500000000000007 3 4 451.50000000000006 5 6 228.50000000000003 235.50000000000003
decision_type=10 2 8 9 9 1 2 9 9 2 9 9 2 2
left_child=2 3 -1 -2 -5 8 9 -4 -6 -7 -8 -11 -3 -14
right_child=1 12 7 4 5 6 10 -9 -10 11 -12 -13 13 -15
leaf_value=-0.023755399355732926 0.018875146104959373 -0.02849669443630156 -0.015593547190947171 -0.013357237742055432 0.0079914291850060829 0.016488745607806655 0.0099873391133078835 0.0023523293917025083 -0.010120928921031868 0.013591293038547003 -0.0033668025051335998 -0.012230861969227147 0.052682203269557262 -0.012739224800762169
leaf_weight=1503.5520467944443 1215.5979841947556 158.65363999456167 269.57224498316646 115.49965274706483 232.94728410989046 1200.8331253528595 440.85306923463941 343.69826157018542 232.93951086141169 96.407395230606198 384.8263111654669 92.086701588705182 10.912745371460913 177.65656004287302
leaf_count=85712 6351 8730 11054 3825 2710 13301 4653 8798 3732 921 5568 1316 218 8055
internal_value=-0.000207038 0.00870164 -0.0185483 0.010999 0.00747552 0.00842397 0.0104204 -0.00576415 -0.00108916 0.0143964 0.00384689 0.00104999 -0.0177988 -0.00869527
internal_weight=6476.04 4359.21 2116.82 4011.99 2796.39 2680.89 2215.01 613.271 465.887 1389.33 825.679 188.494 347.223 188.569
internal_count=164944 59380 105564 42377 36026 32201 25759 19852 6442 15538 10221 2237 17003 8273
cat_boundaries=0 5 10 11 17 23 29 35
cat_threshold=402890752 174080 0 1 268435456 537133120 268435456 779219 537395220 37763125 16 8405024 269226497 101095501 1749024904 1744838912 8 2147485824 141317127 134217728 2424439176 673711360 15 2155872384 190841017 100663296 19030408 1677852672 93 2151677952 2148549647 100663296 131584 1814036480 64
is_linear=0
shrinkage=0.03


Tree=38
num_leaves=15
num_cat=5
split_feature=14 3 17 13 18 18 18 19 5 18 5 3 7 5
split_gain=1119.36 278.211 154.26 114.086 68.48 64.6488 53.8173 42.4686 37.1393 49.8919 36.6179 33.3123 50.9559 32.7
threshold=0.026785714285714288 1.0000000180025095e-35 0.021647253090552061 1.0000000180025095e-35 0 1 2 3 228.50000000000003 4 235.50000000000003 1.0000000180025095e-35 inf 549.50000000000011
decision_type=10 2 8 10 9 9 9 1 2 9 2 2 8 2
left_child=2 3 -1 4 -2 7 -4 -5 -3 10 -10 -8 -13 -12
right_child=1 8 6 5 -6 -7 11 -9 9 -11 13 12 -14 -15
leaf_value=-0.02358496468303398 0.012048081488128646 -0.028423601275302631 -0.016116924124458865 0.024363946405486604 -0.0022912861945429681 0.0087127653120302045 0.0067083578746586787 0.013410112349781723 0.082345561886214599 -0.020453241695945704 -0.0091418554408321459 -0.024478873518357935 0.043192658483186326 0.032932136119485561
leaf_weight=1469.5082021746784 469.38143230043352 154.35724414885044 245.15867269597948 643.38514753058553 793.07466488145292 1255.7679511345923 284.37736879475415 875.28464055433869 4.9678400512784711 109.06717941723764 48.901871534064412 69.774335129186511 10.731226127594708 23.961686059832573
leaf_count=85712 5242 8730 10284 3408 14473 14134 6728 5120 79 5247 1974 2701 139 973
internal_value=-0.000205164 0.00840269 -0.0183229 0.0106023 0.00312263 0.0140034 -0.00562948 0.0181925 -0.0175725 -0.00850721 0.00965054 0.00183206 -0.0150391 0.004953
internal_weight=6457.7 4378.15 2079.55 4036.89 1262.46 2774.44 610.042 1518.67 341.256 186.899 77.8314 364.883 80.5056 72.8636
internal_count=164944 59380 105564 42377 19715 22662 19852 8528 17003 8273 3026 9568 2840 2947
cat_boundaries=0 6 12 18 19 25
cat_threshold=2558763520 185755678 1056 1048705 1073743104 100 268673024 4631681 67108864 25165824 335544320 153 8405024 269226497 101095501 1749024904 671088896 8 3 107008 3582988 0 428081793 41943040 89
is_linear=0
shrinkage=0.03


Tree=39
num_leaves=15
num_cat=6
split_feature=14 3 17 18 18 13 18 2 19 18 5 18 7 3
split_gain=1065.74 262.681 152.514 108.521 68.1229 61.5221 54.9794 39.8657 50.1047 44.249 36.7977 47.9931 32.6786 48.6038
threshold=0.026785714285714288 1.0000000180025095e-35 0.012055459473600072 0 1 1.0000000180025095e-35 2 2.5000000000000004 3 4 228.50000000000003 5 40.000000000000007 1.0000000180025095e-35
decision_type=10 2 8 9 9 10 9 2 1 9 2 9 8 2
left_child=2 3 -1 -2 -4 6 -5 8 -7 -9 -3 -12 13 -6
right_child=1 10 4 5 12 7 -8 9 -10 -11 11 -13 -14 -15
leaf_value=-0.024537411923818555 0.01949779583851145 -0.028349515622945982 0.0095239584008499044 0.009202433812444559 -0.0082980611477001982 -0.00061664339956994088 -0.0035950893655234861 0.011062376773342658 0.018429129921783177 -0.0019971137897088261 0.0093181293256821961 -0.020255878314659526 0.046269727646785094 -0.028166708111165215
leaf_weight=1263.0856265164912 885.6465626694262 150.18346534855664 159.68677127361298 540.69865457341075 468.04628661833704 156.46063198894262 659.91780452430248 705.01992668956518 764.48578220792115 348.06570921838284 78.493073018267751 106.96509526483715 7.5226201824843875 144.82156934216619
leaf_count=76496 4416 8730 3478 6665 18165 1678 12637 5310 6698 4973 3026 5247 137 7288
internal_value=-0.00020168 0.00811885 -0.0180988 0.0102282 -0.0076555 0.00755168 0.00221781 0.0108312 0.0153895 0.00683416 -0.0173524 -0.00834278 -0.0120451 -0.0130313
internal_weight=6439.1 4395.94 2043.16 4060.3 780.077 3174.65 1200.62 1974.03 920.946 1053.09 335.642 185.458 620.39 612.868
internal_count=164944 59380 105564 42377 29068 37961 19302 18659 8376 10283 17003 8273 25590 25453
cat_boundaries=0 2 8 14 15 21 27
cat_threshold=402857984 174080 6672 187747466 8455168 2150256897 512 225 2160099840 185614366 37749792 1082241 1610614016 102 16 32792 187696329 201326592 25305481 805314560 91 107008 3582988 0 428081793 41943040 89
is_linear=0
shrinkage=0.03


Tree=40
num_leaves=15
num_cat=8
split_feature=14 3 15 18 18 18 1 19 18 18 18 3 18 15
split_gain=1014.48 248.066 151.77 100.887 72.4738 58.788 54.215 57.0017 48.3397 44.8431 44.3826 43.7278 41.2862 38.753
threshold=0.026785714285714288 1.0000000180025095e-35 1.0000000180025095e-35 0 1 2 49.500000000000007 3 4 5 6 1.0000000180025095e-35 7 1.2944444444444447
decision_type=10 2 8 9 9 9 2 1 9 9 9 2 9 8
left_child=2 3 10 -2 -4 -5 7 9 -9 -7 -1 12 -6 -11
right_child=1 -3 4 5 11 6 -8 8 -10 13 -12 -13 -14 -15
leaf_value=0.00035179592374603362 0.018770489623842868 -0.017127730402782343 0.0081252108588400623 -0.014948519847117593 0.0036994180117527688 -0.0042206553760302593 -0.0086914508160827984 -0.0048995990929821915 0.0077899162969696008 0.017093942541064916 -0.02635272590635291 -0.026048638764550297 -0.01436452604414872 -0.0076426460380089678
leaf_weight=68.4597780238837 892.68049914762378 330.23012951482087 185.44520615413785 94.850939530879259 169.65085306949914 113.50984071940184 164.06029947660863 331.89428322575986 1347.731521083042 1077.9540737904608 1081.731965566054 170.58340891450644 331.79943437315524 59.63234513066709
leaf_count=3262 4416 17003 4541 3338 6000 2302 2026 5413 14140 10164 67604 8735 15422 578
internal_value=-0.000197206 0.00784662 -0.0178714 0.00987057 -0.00830446 0.00729296 0.00802517 0.00899097 0.0052669 0.0138299 -0.0249902 -0.0127744 -0.00847019 0.0156542
internal_weight=6420.21 4412.54 2007.67 4082.31 857.479 3189.63 3094.78 2930.72 1679.63 1251.1 1150.19 672.034 501.45 1137.59
internal_count=164944 59380 105564 42377 34698 37961 34623 32597 19553 13044 70866 30157 21422 10742
cat_boundaries=0 2 8 13 14 20 26 32 38
cat_threshold=402857984 174080 66056 154193034 79888384 2114305 471991296 65 570687552 268435456 648147 537395220 37754933 3 14680584 2147484304 4460556 71614976 78094912 36 6176 528384 33947656 2553427968 28090368 128 2160068640 2148008065 66071 476319752 67117056 54 4200592 33825284 33588272 2634684420 271104 144
is_linear=0
shrinkage=0.03


Tree=41
num_leaves=15
num_cat=5
split_feature=17 3 15 13 13 18 18 18 3 19 5 18 5 7
split_gain=971.146 271.325 120.9 108.079 84.8581 76.4323 68.9848 45.7677 43.8181 38.3301 37.8219 31.5869 29.3999 26.3237
threshold=0.021647253090552061 1.0000000180025095e-35 1.0000000180025095e-35 0.059285714285714296 0.59500000000000008 0 1 2 1.0000000180025095e-35 3 516.50000000000011 4 672.50000000000011 0.41500000000000009
decision_type=8 2 10 8 8 9 9 9 2 1 2 9 2 10
left_child=2 3 11 6 -3 8 12 9 -4 -5 -6 -1 -2 -12
right_child=1 4 5 7 10 -7 -8 -9 -10 -11 13 -13 -14 -15
leaf_value=-0.0013407438065408961 0.012488754425126368 -0.021523888371551649 0.018292928198056866 0.021776516016963451 -0.0028636171533297813 -0.014366838211640063 -0.00243509869265135 0.0079500653982674425 -0.029111112768365918 0.011607123463801029 0.062810921899674688 -0.026053096274568286 -0.011920753209138367 -0.023781192495409678
leaf_weight=61.015101794153452 567.45586546510458 360.42031506169587 121.77883118577302 660.94171015545726 28.491074437275529 389.74187828227878 934.1973147187382 1186.2958850245923 19.557003997266293 895.21616704761982 18.091607213020328 1108.9624721379951 47.39350176975131 3.2384609319269648
leaf_count=3326 6934 18458 2641 3402 1153 15983 21202 12295 1062 5103 368 72225 692 100
internal_value=-0.000196709 0.00683117 -0.0196145 0.0090601 -0.0164508 -0.00772415 0.002723 0.0126372 0.0108152 0.0160489 0.0199506 -0.0250005 0.0104217 0.0491877
internal_weight=6402.8 4701.74 1701.06 4291.5 410.241 531.078 1549.05 2742.45 141.336 1556.16 49.8211 1169.98 614.849 21.3301
internal_count=164944 69707 95237 49628 20079 19686 28828 20800 3703 8505 1621 75551 7626 468
cat_boundaries=0 6 12 18 19 25
cat_threshold=406999184 37749488 134290440 2281832704 1075971328 128 2147721728 187721742 1056 2483044737 525568 100 237568 4631553 67108864 25165824 469762048 25 3 8390688 2181046401 298037 407109760 67117057 30
is_linear=0
shrinkage=0.03


Tree=42
num_leaves=15
num_cat=4
split_feature=17 3 15 13 13 18 18 18 3 5 5 18 1 0
split_gain=927.216 256.301 119.685 100.62 81.3377 72.6082 64.5061 43.8116 39.2114 34.5746 32.7204 31.4017 30.166 50.5935
threshold=0.021647253090552061 1.0000000180025095e-35 1.0000000180025095e-35 0.059285714285714296 0.59500000000000008 0 1 2 1.0000000180025095e-35 228.50000000000003 672.50000000000011 3 35.500000000000007 30.500000000000004
decision_type=8 2 10 8 8 9 9 9 2 2 2 9 2 2
left_child=2 3 11 6 -3 8 10 -5 -4 -6 -2 -1 -9 -14
right_child=1 4 5 7 9 -7 -8 12 -10 -11 -12 -13 13 -15
leaf_value=-0.0029530811882215553 0.012135271161319487 -0.021320395415675503 0.017815599990514557 0.019243967577680425 -0.025604691047037446 -0.014015273653128203 -0.0024151118760833367 0.012475624843746164 -0.0275597633842318 0.032261037940010659 -0.013167072573741912 -0.026049168775583921 0.0039183532678338604 0.076344150294284222
leaf_weight=71.745445274747908 577.10161331854761 353.06582756806165 119.95620399154723 629.02034685947001 11.265978924930094 388.25692541431636 925.91260297782719 1439.1833847314119 19.055783485993743 39.229710036888719 49.163336537778378 1070.5058962153271 684.07285995595157 7.7966089509427539
leaf_count=3946 6993 18458 2647 3057 651 15974 21101 11762 1065 970 734 71605 5919 62
internal_value=-0.000194702 0.00660759 -0.0194013 0.00874788 -0.0162275 -0.00755964 0.00263471 0.0121835 0.0106803 0.0191042 0.00997217 -0.024856 0.00995452 0.00484352
internal_weight=6385.33 4715.81 1669.52 4312.25 403.562 527.269 1552.18 2760.07 139.012 50.4957 626.265 1142.25 2131.05 691.869
internal_count=164944 69707 95237 49628 20079 19686 28828 20800 3712 1621 7727 75551 17743 5981
cat_boundaries=0 6 12 17 23
cat_threshold=406999184 37749488 134290440 2286035200 1075970304 128 2147721728 187721742 1056 2483045249 525568 96 65536 434176 0 0 268435456 8390688 2181570689 33852469 474349696 67117057 30
is_linear=0
shrinkage=0.03


Tree=43
num_leaves=15
num_cat=6
split_feature=17 3 15 18 13 18 19 1 1 18 3 18 18 5
split_gain=885.173 242.133 118.436 95.1234 77.9277 71.6341 65.2502 51.2401 49.0687 48.9476 42.1776 41.3124 40.4947 32.2697
threshold=0.021647253090552061 1.0000000180025095e-35 1.0000000180025095e-35 0 0.59500000000000008 1 2 44.500000000000007 49.500000000000007 3 1.0000000180025095e-35 4 5 516.50000000000011
decision_type=8 2 10 9 8 9 1 2 2 9 2 9 9 2
left_child=2 3 -1 -2 -3 10 8 12 9 -5 -4 -9 -8 -6
right_child=1 4 5 6 13 -7 7 11 -10 -11 -12 -13 -14 -15
leaf_value=-0.024709529627013133 -0.0049994838681562829 -0.02111506462230197 0.016091826701526989 0.021929916654725563 -0.0030467267010980221 -0.014394761021683876 0.011910500514480293 0.0087266661577581721 -0.006188579087102429 0.010698389193088303 -0.029146459460602139 -0.011403435601000532 0.0027037733423588002 0.044229536899020393
leaf_weight=1115.3401793148369 425.18173578009009 345.92246156930923 135.48719351924956 681.03060297109187 28.637223529629409 367.55391038581729 1169.5623523462564 140.70001447200775 96.437623057514429 883.92475504800677 20.530807477422059 225.65033263154328 710.24311763420701 22.607942033559084
leaf_count=75551 13425 18458 2924 4768 1153 15586 8736 1056 994 8734 1176 2893 9022 468
internal_value=-0.000193562 0.00639027 -0.0191868 0.0084461 -0.0160018 -0.00739729 0.00989749 0.00648443 0.0144388 0.0158053 0.00939289 -0.00374245 0.00851293 0.0182576
internal_weight=6368.81 4729.9 1638.91 4332.73 397.168 523.572 3907.55 2246.16 1661.39 1564.96 156.018 366.35 1879.81 51.2452
internal_count=164944 69707 95237 49628 20079 19686 36203 21707 14496 13502 4100 3949 17758 1621
cat_boundaries=0 5 11 12 18 24 30
cat_threshold=12603424 268964352 102210143 1749024776 2105344 406999184 37749488 134290440 2281832704 1075971840 128 3 238080 174208 4194304 278528 469762304 54 2147551232 167938056 0 293609601 268436480 128 239616 141995015 0 19009921 268960768 73
is_linear=0
shrinkage=0.03


Tree=44
num_leaves=15
num_cat=5
split_feature=17 3 15 13 16 18 18 0 18 19 3 18 5 5
split_gain=844.878 228.785 117.097 89.6965 74.9872 66.234 58.9467 47.873 40.7731 36.9385 35.0864 32.6269 29.9803 49.7724
threshold=0.021647253090552061 1.0000000180025095e-35 1.0000000180025095e-35 0.059285714285714296 0.95118973121134009 0 1 24.500000000000004 2 3 1.0000000180025095e-35 4 367.50000000000006 383.50000000000006
decision_type=8 2 10 8 8 9 9 2 9 1 2 9 2 2
left_child=2 3 11 6 12 10 -2 -6 9 -5 -4 -1 -3 -14
right_child=1 4 5 8 7 -7 -8 -9 -10 -11 -12 -13 13 -15
leaf_value=-0.0018668573097051604 0.0095129027523872707 -0.028677681048699496 0.016408778696356166 0.019815600665130918 -0.0094075055944932706 -0.013574382923144796 -0.002335212031096497 0.040706465645110802 0.006806254226781017 0.010222612134645015 -0.02737376836605936 -0.025787038818307986 0.075030028222497061 -0.013945357988566104
leaf_weight=67.599337838590145 616.78037230484188 205.7211796566844 123.30070783384144 702.16200195997953 38.314635341055691 378.59991823602468 943.92337009496987 29.639283979311585 1143.1894211973995 945.9869992621243 18.068219158798456 1021.3229028908536 4.9686740003526202 112.2478647697717
leaf_count=3791 7359 11830 2647 3614 1698 15974 21469 638 11759 5427 1065 71760 254 5659
internal_value=-0.000190178 0.00618264 -0.0189691 0.00815807 -0.0157757 -0.00723829 0.00239614 0.0127239 0.0113777 0.0144138 0.00996039 -0.0245589 -0.0217935 -0.00957101
internal_weight=6351.82 4742.93 1608.89 4352.04 390.892 519.969 1560.7 67.9539 2791.34 1648.15 141.369 1088.92 322.938 117.217
internal_count=164944 69707 95237 49628 20079 19686 28828 2336 20800 9041 3712 75551 17743 5913
cat_boundaries=0 6 12 18 19 25
cat_threshold=406999184 37749488 134290440 2286035200 1075970304 128 2147721728 187852814 1056 2483044737 525568 96 237568 4631681 67108864 25165824 1006632960 25 3 8390688 2181046401 298037 474353792 67117057 30
is_linear=0
shrinkage=0.03


Tree=45
num_leaves=15
num_cat=6
split_feature=17 3 15 18 16 18 1 19 18 0 18 3 18 15
split_gain=806.698 216.244 115.764 85.0025 72.2923 65.2809 58.404 62.6959 45.4296 43.7167 42.4062 35.4827 33.3628 31.7021
threshold=0.021647253090552061 1.0000000180025095e-35 1.0000000180025095e-35 0 0.95118973121134009 1 49.500000000000007 2 3 24.500000000000004 4 1.0000000180025095e-35 5 0.008333333333333335
decision_type=8 2 10 9 8 9 2 1 9 2 9 2 9 10
left_child=2 3 12 -2 -3 11 7 8 -5 -6 -9 -4 -1 -10
right_child=1 4 5 6 9 -7 -8 10 13 -11 -12 -13 -14 -15
leaf_value=-0.0022016555386866494 -0.0048649126276243057 -0.021594825905184852 0.014954342106270837 0.021303345720196019 -0.0092134748349014736 -0.013851235414355784 -0.0054272970320619913 0.00081899705112386948 -0.0096262002806935931 0.038385641049662675 0.0097680622182796488 -0.027553573345494537 -0.025728523994600794 0.011934948608364731
leaf_weight=71.715112457051873 423.02474695071578 316.21110291406512 136.07239393144846 608.91477951966226 37.974157282151282 361.0382024589926 228.871762143448 737.34216595254838 65.064573192968965 30.53463332913816 1394.2005771659315 19.355062521994114 991.8207230316475 912.93177280947566
leaf_count=4063 13425 17743 2931 4246 1698 15575 2487 9693 995 638 10521 1180 71488 8261
internal_value=-0.000187532 0.00598377 -0.0187523 0.00788268 -0.015552 -0.00708108 0.00923861 0.0101674 0.014693 0.0122487 0.0066925 0.00894668 -0.024408 0.0103861
internal_weight=6335.07 4755.07 1580 4370.35 384.72 516.466 3947.33 3718.45 1586.91 68.5088 2131.54 155.427 1063.54 977.996
internal_count=164944 69707 95237 49628 20079 19686 36203 33716 13502 2336 20214 4111 75551 9256
cat_boundaries=0 5 11 12 18 24 30
cat_threshold=12603424 268964352 102210143 1749024776 2105344 406999184 37748976 134290440 134381824 1075971840 128 3 229376 174208 4194304 278528 469762304 54 2147484168 2164277381 146801696 2216968704 1811939584 182 8390688 2181570689 298037 474353792 67117057 30
is_linear=0
shrinkage=0.03


Tree=46
num_leaves=15
num_cat=7
split_feature=17 3 15 13 13 18 18 19 18 18 18 5 3 18
split_gain=770.488 212.843 104.23 83.3606 70.2833 68.5416 59.3881 42.6986 40.0171 38.4528 38.3828 37.3277 35.3104 32.2416
threshold=0.019423763770813424 1.0000000180025095e-35 1.0000000180025095e-35 0.059285714285714296 0.53571428571428581 0 1 2 3 4 5 228.50000000000003 1.0000000180025095e-35 6
decision_type=8 2 10 8 8 9 9 1 9 9 9 2 2 9
left_child=2 3 13 6 -3 12 -2 10 -5 -9 -8 -6 -4 -1
right_child=1 4 5 8 11 -7 7 9 -10 -11 -12 -13 -14 -15
leaf_value=-0.00036680282272726815 -0.0089248442353433814 -0.021575947725330134 0.014998601412857387 0.014051953888846691 -0.025623077229405673 -0.015075876343381639 -0.001365327750423794 0.0078010207876684267 0.0067137153614313357 -0.0058194374027217043 0.016558119119915539 0.023837781332355746 -0.02633128816949919 -0.025520079511491087
leaf_weight=58.762246767990291 339.65053439605981 318.94909418746829 135.1628895252943 1472.0987756904215 17.504940076731145 309.95257362909615 154.55335733760148 326.75723791308701 1359.7300259191543 405.73117251787335 377.14225474651903 53.040674773976207 20.617652138695121 969.40058278106153
leaf_count=3379 9583 18257 3156 7738 1067 13675 2926 4475 13295 7905 5341 1413 1277 71457
internal_value=-0.000186081 0.00564322 -0.0190054 0.0075111 -0.0155934 -0.00721099 0.0020445 0.00502718 0.0106053 0.000282063 0.0114261 0.0113781 0.00883216 -0.0243358
internal_weight=6319.05 4825.16 1493.9 4435.66 389.495 465.733 1603.83 1264.18 2831.83 732.488 531.696 70.5456 155.781 1028.16
internal_count=164944 72000 92944 51263 20737 18108 30230 20647 21033 12380 8267 2480 4433 74836
cat_boundaries=0 6 12 13 19 25 31 37
cat_threshold=469913744 37749488 134287364 2286070016 1075970560 128 16512 269227520 236329051 1774190592 276824064 8 3 204800 4631553 67108864 25169920 335544320 25 2147721216 2285035527 32768 2485260929 525312 225 4128 2283962369 33280 2418151944 136847360 129 8390688 2148016257 33852469 407109760 67117057 30
is_linear=0
shrinkage=0.03


Tree=47
num_leaves=15
num_cat=6
split_feature=15 3 18 18 5 13 19 6 1 0 18 18 18 1
split_gain=739.497 247.309 101.289 86.6388 81.7684 69.3403 68.8862 57.3217 56.0283 79.2213 58.7809 55.7892 51.9376 40.8739
threshold=0.019444444444444448 1.0000000180025095e-35 0 1 672.50000000000011 0.53571428571428581 2 2.5000000000000004 34.500000000000007 5.5000000000000009 3 4 5 44.500000000000007
decision_type=8 2 9 9 2 8 1 2 2 2 9 9 9 2
left_child=3 2 -2 -1 6 -3 8 -6 9 -4 -10 -11 -8 -14
right_child=1 5 4 -5 7 -7 12 -9 10 11 -12 -13 13 -15
leaf_value=0.0035369336584286314 -0.016503630018908488 -0.022251966688717859 0.0001158707359386856 -0.023950523556271627 0.036634686962240225 0.009408715885833965 -0.007682292932651707 -0.013537776995307893 0.013813976077301433 0.022552776995883331 -0.00084944404301924624 0.0098572241842606202 0.0083514344251180532 -0.007109761944560514
leaf_weight=118.46132694836706 153.04867678880692 360.57846741378307 276.20591788832098 1078.3616162892431 21.556369068101048 74.616966066882014 292.77987763471901 227.11651665717363 440.90976247377694 855.9721089489758 545.09981318376958 580.37660593912005 1100.0875654760748 178.10527157783508
leaf_count=5448 6813 21671 2918 74853 243 2679 5493 5557 3453 5764 7087 9403 11583 1979
internal_value=-0.000184571 0.0047909 0.00680692 -0.0213996 0.00761967 -0.0168144 0.00861084 -0.00905923 0.011509 0.0148312 0.00584624 0.0176589 0.00353264 0.00614514
internal_weight=6303.28 5106.45 4671.26 1196.82 4518.21 435.195 4269.54 248.673 2698.56 1712.55 986.01 1436.35 1570.97 1278.19
internal_count=164944 84643 60293 80301 53480 24350 47680 5800 28625 18085 10540 15167 19055 13562
cat_boundaries=0 5 11 12 18 24 30
cat_threshold=54263872 277413888 553434 541590534 4231172 2151680032 2181562369 12681750 73793928 1342742528 26 7 2428698760 191031432 67108864 16768 537002496 73 242176 50768906 12584996 25165825 469762048 118 12583464 2147484354 81070628 67389464 67174400 34
is_linear=0
shrinkage=0.03


Tree=48
num_leaves=15
num_cat=6
split_feature=15 3 18 18 5 13 19 6 1 0 18 18 18 1
split_gain=708.2 234.657 96.955 85.0651 77.0652 67.2009 63.8965 53.4327 52.1229 73.7939 58.8215 52.258 49.2585 38.8498
threshold=0.01388888888888889 1.0000000180025095e-35 0 1 672.50000000000011 0.53571428571428581 2 2.5000000000000004 34.500000000000007 5.5000000000000009 3 4 5 44.500000000000007
decision_type=8 2 9 9 2 8 1 2 2 2 9 9 9 2
left_child=3 2 -2 -1 6 -3 8 -6 9 -4 -10 -11 -8 -14
right_child=1 5 4 -5 7 -7 12 -9 10 11 -12 -13 13 -15
leaf_value=0.0034291563658876917 -0.017118845599324736 -0.022066406977449049 5.42278532690561e-05 -0.023806766209979398 0.034582811151099006 0.0090569711971229174 -0.0075259564097256131 -0.01331514764886477 0.013429376574943502 0.021685120965417137 -0.0011661033544416992 0.0094871957673033948 0.0080748524430312909 -0.0070039178558824302
leaf_weight=118.85857632663101 141.29336439352483 353.16505906637758 276.73340871650726 1052.3192581972107 22.144648289307952 75.21888020914048 292.35781080462039 225.11724410392344 452.20097742043436 862.94322214834392 539.55383570864797 589.97932667192072 1107.74281722866 177.75576958805323
leaf_count=5448 6600 21685 2928 74806 246 2679 5548 5575 3584 5821 7016 9409 11599 2000
internal_value=-0.000182332 0.00463579 0.00657887 -0.021216 0.00734043 -0.0165932 0.00829358 -0.00890341 0.0110696 0.0142537 0.00561921 0.0169563 0.00340993 0.0059398
internal_weight=6287.38 5116.21 4687.82 1171.18 4546.53 428.384 4299.27 247.262 2721.41 1729.66 991.755 1452.92 1577.86 1285.5
internal_count=164944 84690 60326 80254 53726 24364 47905 5821 28758 18158 10600 15230 19147 13599
cat_boundaries=0 5 11 12 18 24 30
cat_threshold=54263872 277413888 553434 537396230 12619780 2151680032 2181562369 12681750 73793928 1342742528 26 7 2562916488 191031432 67108864 278912 537002496 73 242176 50768906 12584996 25165825 1543503872 114 12583464 2147484354 81070628 68438040 67174400 34
is_linear=0
shrinkage=0.03


Tree=49
num_leaves=15
num_cat=5
split_feature=15 3 18 13 17 18 18 18 5 5 11 5 2 19
split_gain=681.05 262.814 108.883 72.1033 70.3664 51.4819 45.3527 43.3894 41.341 38.8652 27.4361 34.403 23.3727 22.1424
threshold=1.0000000180025095e-35 1.0000000180025095e-35 0 1.0000000180025095e-35 0.22402827958039231 1 2 3 367.50000000000006 383.50000000000006 0.41500000000000009 672.50000000000011 2.5000000000000004 4
decision_type=8 2 9 8 8 9 9 9 2 2 8 2 2 1
left_child=5 2 -2 6 -3 -1 10 12 -6 -10 11 13 -5 -4
right_child=1 4 3 7 8 -7 -8 -9 9 -11 -12 -13 -14 -15
leaf_value=0.0021511373714101782 -0.021145777771820574 -0.023834781683212014 0.015337196667766997 0.01783821607244555 -0.017401059704142428 -0.025537793551282325 -0.0015309636012102968 0.0059597651881429089 0.13558880908571985 0.014850286999445695 0.023124797366170461 -0.020333482543006345 0.01010594074092025 0.0022415543940402546
leaf_weight=71.529235630296171 119.31127290055156 359.95006779301912 202.43392519280314 625.3964744405821 45.668972002342343 870.34223359730095 1157.8347355015576 1519.0995548386127 1.5290972851216782 58.889387225732207 97.380262084305286 40.703797923400998 817.63532552868128 284.07242540735751
leaf_count=3793 6490 22545 2796 3279 2442 67073 28463 15386 64 2001 978 844 4467 4323
internal_value=-0.000180159 0.00397679 0.00603981 0.00675807 -0.017521 -0.023683 0.00200317 0.00964045 0.00392392 0.0200639 0.00843615 0.0058441 0.0133745 0.00807148
internal_weight=6271.78 5329.91 4863.87 4744.56 466.038 941.871 1782.43 2962.13 106.087 60.4185 624.59 527.21 1443.03 486.506
internal_count=164944 94078 67026 60536 27052 70866 37404 23132 4507 2065 8941 7963 7746 7119
cat_boundaries=0 5 11 17 23 24
cat_threshold=1125908544 276889856 3758641600 18 2152798261 2160068640 2148008065 66067 2623803544 1140858880 54 2286133896 185624582 33555488 67127425 134219008 96 268640272 4635777 67108864 25178112 268435456 145 3
is_linear=0
shrinkage=0.03


Tree=50
num_leaves=15
num_cat=5
split_feature=15 3 18 16 13 18 5 18 18 0 5 18 15 14
split_gain=654.229 249.462 100.884 69.5402 67.879 50.1995 43.078 45.3947 40.4311 33.6598 33.5553 32.3643 26.4636 28.3831
threshold=1.0000000180025095e-35 1.0000000180025095e-35 0 0.95118973121134009 1.0000000180025095e-35 1 672.50000000000011 2 3 24.500000000000004 699.50000000000011 4 1.1388888888888891 0.32732142857142865
decision_type=8 2 9 8 8 9 2 9 9 2 2 9 8 8
left_child=5 2 -2 -3 6 -1 7 -4 -6 12 -8 -12 -5 -14
right_child=1 3 4 9 8 -7 10 -9 -10 -11 11 -13 13 -15
leaf_value=0.0021661546172935249 -0.020535199884062754 -0.022408919236919518 0.0097247018647647482 -0.018958514503177166 0.013029817557601974 -0.025378465527474893 -0.028809859930439077 -0.00056417319698165002 0.0058785333187059852 0.030276575669648406 -0.021112514564286106 0.01445813388176574 0.12758783691067455 -0.0079506892580751519
leaf_weight=70.5766087975353 117.32822754792869 384.17638026271015 605.18643166776747 34.635065737180412 1401.1289194477722 850.07460154499859 68.566925279796124 1037.0993832731619 1574.4456201354042 34.860104073770344 27.464932180941105 46.340780426748097 1.4662575423717488 2.9394442830234766
leaf_count=3736 6401 24485 7812 1620 7420 67130 2636 25261 15715 799 684 1097 54 94
internal_value=-0.000178299 0.00385268 0.00584154 -0.017291 0.00652526 -0.0235187 0.00191171 0.00328666 0.00931268 0.00925859 -0.0138608 0.000226577 -0.00979613 0.0524156
internal_weight=6256.29 5335.64 4877.56 458.077 4760.23 920.651 1784.66 1642.29 2975.57 73.9009 142.373 73.8057 39.0408 4.4057
internal_count=164944 94078 67026 27052 60625 70866 37490 33073 23135 2567 4417 1781 1768 148
cat_boundaries=0 5 11 17 23 29
cat_threshold=1125908544 276889856 3758641608 18 2152728629 2160068640 2148008065 66071 2623803544 67117056 54 2281939592 187721734 33555488 19329 1280 96 268640272 4635777 67108864 25178112 268435456 129 536875520 589299712 146867250 4359048 2490624 88
is_linear=0
shrinkage=0.03


Tree=51
num_leaves=15
num_cat=5
split_feature=15 3 18 17 18 5 18 18 5 1 0 5 5 19
split_gain=628.424 236.838 99.1479 68.5008 65.29 63.1609 64.505 50.8489 39.3272 86.8596 42.168 38.3603 34.3349 32.2835
threshold=1.0000000180025095e-35 1.0000000180025095e-35 0 0.22402827958039231 1 459.50000000000006 2 3 411.50000000000006 7.5000000000000009 29.500000000000004 367.50000000000006 383.50000000000006 4
decision_type=8 2 9 8 9 2 9 9 2 2 2 2 2 1
left_child=7 2 -2 -3 -4 8 -7 -1 13 10 -10 -5 -13 -6
right_child=1 3 4 11 5 6 -8 -9 9 -11 -12 12 -14 -15
leaf_value=0.0020492635680466349 -0.020641859281551413 -0.023520855797752906 0.012720060574521306 -0.01697761755321309 0.0094471304482804056 0.0059957891798203232 -0.010131056591250511 -0.02530414381439414 0.0061773098610851968 0.065907930206296386 0.06342576589317854 0.12396696857691115 0.014316305647529292 0.0026585847585942333
leaf_weight=72.724302648566663 115.92921483889222 344.79723521787673 1102.1202056445181 44.256296473555267 1120.6704247482121 409.8163381209597 466.89896390307695 827.31855576205999 146.53975065983832 29.826189478859305 11.607236284762619 1.7177918851375569 59.399486735463142 1487.635517783463
leaf_count=3945 6500 22545 5774 2442 14038 5205 12144 66921 1811 356 130 64 2001 21068
internal_value=-0.00017672 0.0037322 0.00564966 -0.0170671 0.00632213 0.00437012 -0.00264151 -0.0233522 0.00658426 0.0198055 0.0107512 0.0040731 0.0193443 0.00562421
internal_weight=6241.26 5341.21 4891.04 450.171 4775.11 3672.99 876.715 900.043 2796.28 187.973 158.147 105.374 61.1173 2608.31
internal_count=164944 94078 67026 27052 60526 54752 17349 70866 37403 2297 1941 4507 2065 35106
cat_boundaries=0 5 9 15 21 22
cat_threshold=1128005632 276889856 3758641600 18 2186348597 402857984 174080 67108864 1 2147516928 3162303 33686016 134365312 2088772096 64 2160068640 2148008065 66051 2623803544 1140858881 54 3
is_linear=0
shrinkage=0.03


Tree=52
num_leaves=15
num_cat=7
split_feature=15 3 18 16 5 19 18 1 0 18 5 18 18 18
split_gain=603.633 224.822 93.3563 67.0313 62.2532 60.331 51.518 49.4899 69.6333 57.017 48.0126 47.0242 46.2963 38.0126
threshold=1.0000000180025095e-35 1.0000000180025095e-35 0 0.95118973121134009 672.50000000000011 1 2 34.500000000000007 5.5000000000000009 3 696.50000000000011 4 5 6
decision_type=8 2 9 8 2 1 9 2 2 9 2 9 9 9
left_child=6 2 -2 -3 5 7 -1 8 13 -9 -6 -7 -10 -4
right_child=1 3 4 -5 10 11 -8 9 12 -11 -12 -13 -14 -15
leaf_value=0.0019439410650711627 -0.021242298081704841 -0.022052077412980074 0.012480105188341929 0.0091468795302367331 -0.029564259112974389 -0.0087116824108894597 -0.025231449663695296 0.012041946138004668 0.019582986990888378 -0.0019465273367576875 -0.00026654067616847956 0.0045681432645365274 0.0085795172582321545 -0.0090421100180101879
leaf_weight=74.890329323709011 105.07793305441737 368.78814662154764 108.22529867943376 73.877620177343488 69.085088953375816 279.47341946698725 805.14189627114683 463.90171954408288 881.34701537713408 584.63286183122545 178.77198331523687 1390.7835418330505 659.87338518630713 183.34479543846101
leaf_count=4136 6056 24485 956 2567 2484 5541 66730 3824 5837 8489 3490 16440 11506 2403
internal_value=-0.00017457 0.00361585 0.00546485 -0.0168363 0.00608545 0.00689578 -0.0231836 0.00951503 0.0125212 0.00434414 -0.00851867 0.00230365 0.0150631 -0.000920609
internal_weight=6227.22 5347.18 4904.52 442.666 4799.44 4551.58 880.032 2881.33 1832.79 1048.53 247.857 1670.26 1541.22 291.57
internal_count=164944 94078 67026 27052 60970 54996 70866 33015 20702 12313 5974 21981 17343 3359
cat_boundaries=0 5 6 12 18 24 30 36
cat_threshold=1125908544 276889856 3758641600 2 2152798261 7 2160068640 2148008065 66071 2621706392 67117057 54 2562917000 191015048 67108864 278920 537001984 73 14680576 2147483794 12921382 67387412 67141696 34 238080 50768906 12584996 25165825 1543503872 114 229408 2148981253 196608 201589248 471859200 134
is_linear=0
shrinkage=0.03


Tree=53
num_leaves=15
num_cat=6
split_feature=15 3 18 17 18 5 19 18 1 0 18 0 5 18
split_gain=579.783 213.526 90.5144 66.6494 58.9576 56.2653 49.8006 49.3825 40.4205 59.1361 47.7676 42.2957 39.3008 39.22
threshold=1.0000000180025095e-35 1.0000000180025095e-35 0 0.22402827958039231 1 672.50000000000011 2 3 34.500000000000007 5.5000000000000009 4 30.500000000000004 696.50000000000011 5
decision_type=8 2 9 8 9 2 1 9 2 2 9 2 2 9
left_child=7 2 -2 -3 -4 6 8 -1 9 -6 -10 -12 -7 -8
right_child=1 3 4 -5 5 12 13 -9 10 -11 11 -13 -14 -15
leaf_value=0.0027086735650983605 -0.020147950833286594 -0.023200935948021965 0.015395266659562824 0.0042050209090925021 -0.0022465393660485687 -0.029734484419554449 -0.0087083640669896861 -0.024954109659400241 -0.012683304617670794 0.013334494630181127 0.0053417484337880084 0.08393717415800904 -0.0018575389638078518 0.0034997597159806978
leaf_weight=68.412128902040422 112.8594381744042 330.61173031199723 520.53837864194065 104.8358395928517 259.81645680777729 63.501617055386305 283.7693894924596 792.19192236755043 137.29556017182767 1393.4025724427775 786.66447716392577 5.2167484927922478 155.12739395629615 1198.6498300125822
leaf_count=3704 6455 22545 2719 4507 3187 2358 5748 67162 3085 16467 8566 52 3259 15130
internal_value=-0.000172852 0.00350322 0.00528736 -0.0166083 0.00591859 0.00473047 0.00553953 -0.0230127 0.00804203 0.0108859 0.00306226 0.00589044 -0.010053 0.00111591
internal_weight=6212.89 5352.29 4916.84 435.448 4803.98 4283.44 4064.82 860.604 2582.4 1653.22 929.177 791.881 218.629 1482.42
internal_count=164944 94078 67026 27052 60571 57852 52235 70866 31357 19654 11703 8618 5617 20878
cat_boundaries=0 5 7 8 14 20 26
cat_threshold=1128005632 276889856 3758641608 18 2152732725 402849792 139264 7 2160068640 2148008065 66067 2621706392 1073750016 54 22544 2148270084 4295735 676338176 1090527232 128 12583424 2147483794 81078822 604259332 100761664 34
is_linear=0
shrinkage=0.03


Tree=54
num_leaves=15
num_cat=6
split_feature=15 3 18 17 18 5 18 18 5 5 18 1 19 1
split_gain=556.753 202.748 85.3534 64.9407 57.0291 61.6047 49.6653 38.6216 35.9283 30.3891 25.9792 25.1749 25.1065 29.5975
threshold=1.0000000180025095e-35 1.0000000180025095e-35 0 0.22402827958039231 1 479.50000000000006 2 3 367.50000000000006 383.50000000000006 4 46.500000000000007 5 31.500000000000004
decision_type=8 2 9 8 9 2 9 9 2 2 9 2 1 2
left_child=6 2 -2 -3 10 11 -1 -7 -5 -10 -4 12 13 -6
right_child=1 3 4 8 5 7 -8 -9 9 -11 -12 -13 -14 -15
leaf_value=0.001979171447729077 -0.020733266940113165 -0.02302357102739358 0.014801477457214855 -0.016673478444128684 -0.0099747684727572831 0.0030857633970258693 -0.024927104745361306 -0.014362513288776486 0.1135873629506957 0.013764367545836433 0.0071093067634156303 -0.0078306208750059288 0.0074472274511805381 0.010734716380466004
leaf_weight=73.84030203986913 102.34261342417449 323.28276451677084 514.14260137174278 43.304538800381124 174.92070503532887 188.25364254508168 767.88806838355958 278.09874121285975 1.9115167036652554 60.011983606033027 2131.4047750299796 131.93917504977435 1312.910453479737 95.044006878510118
leaf_count=4032 6111 22545 2579 2442 3532 3675 66834 9444 64 2001 15607 2650 21545 1883
internal_value=-0.000172663 0.00339213 0.0051138 -0.0163776 0.00569717 0.00207893 -0.0228395 -0.00756888 0.00406477 0.018602 0.00865932 0.0047177 0.00576794 -0.00257599
internal_weight=6199.3 5357.57 4929.06 428.511 4826.71 2181.17 841.728 466.352 105.228 61.9235 2645.55 1714.81 1582.88 269.965
internal_count=164944 94078 67026 27052 60915 42729 70866 13119 4507 2065 18186 29610 26960 5415
cat_boundaries=0 5 11 17 23 25 26
cat_threshold=1128005696 276889856 3758641600 2 2186283061 402890760 138865678 100663296 25166081 1006634240 1 2160068640 2148008065 66071 2489585816 67117057 54 2147484160 3145905 4325376 403325056 1084269058 64 268632064 139264 16
is_linear=0
shrinkage=0.03


Tree=55
num_leaves=15
num_cat=5
split_feature=15 3 18 13 16 18 18 18 1 5 19 1 0 11
split_gain=534.685 192.465 79.8569 64.0257 54.7007 48.9081 47.4474 47.441 30.1687 30.1163 27.8411 22.7444 26.5223 22.1652
threshold=1.0000000180025095e-35 1.0000000180025095e-35 0 0.53571428571428581 0.3779644730092423 1 2 3 26.500000000000004 228.50000000000003 4 12.500000000000002 16.500000000000004 0.41500000000000009
decision_type=8 2 9 8 8 9 9 9 2 2 1 2 2 8
left_child=5 2 -2 -3 6 -1 10 8 -6 -5 -4 12 -9 -12
right_child=1 3 4 9 7 -7 -8 11 -10 -11 13 -13 -14 -15
leaf_value=0.002928572080273366 -0.020757513787666718 -0.021578934785843842 0.017096877103623568 -0.025416960998622392 0.016952718542393309 -0.02467864196249786 -0.00040559934194870934 0.00043196929154065922 0.0082308141708143431 0.019066378697840471 0.0027536085411196203 -0.0004454240290732516 0.02488983815072434 0.016102346600901429
leaf_weight=67.923223873600364 96.352482187561691 346.50601420179009 220.31565997749567 16.883850269019604 662.98044658638537 755.48165693506598 1699.8833342697471 81.225619379431009 780.08933652564883 58.241937046870589 653.80979967862368 534.43695267476141 77.507104253396392 134.24812071956694
leaf_count=3795 5708 24373 2403 1117 3513 67071 35106 737 4106 1562 8327 5301 661 1164
internal_value=-0.000171124 0.00328627 0.00494748 -0.016146 0.00549441 -0.0226643 0.00267296 0.00909413 0.0121626 0.00886659 0.00778486 0.00248669 0.0124555 0.00498199
internal_weight=6185.89 5362.48 4940.85 421.632 4844.5 823.405 2708.26 2136.24 1443.07 75.1258 1008.37 693.17 158.733 788.058
internal_count=164944 94078 67026 27052 61318 70866 47000 14318 7619 2679 11894 6699 1398 9491
cat_boundaries=0 5 11 17 23 24
cat_threshold=1125908480 276889856 3758641608 2 2152798229 2155874336 2148008065 66051 2621706392 1073750017 54 402882696 19949711 67108896 2115585 201852160 96 2147688960 172407808 142606336 25170176 1879048448 159 1
is_linear=0
shrinkage=0.03


Tree=56
num_leaves=15
num_cat=5
split_feature=15 3 18 17 5 19 18 6 5 18 18 1 5 5
split_gain=513.451 182.856 78.8567 62.6956 52.4287 50.0535 47.3857 46.5461 43.2628 41.0195 39.1091 33.4434 33.1365 30.2433
threshold=1.0000000180025095e-35 1.0000000180025095e-35 0 0.22402827958039231 672.50000000000011 1 2 2.5000000000000004 666.50000000000011 3 4 44.500000000000007 367.50000000000006 696.50000000000011
decision_type=8 2 9 8 2 1 9 2 2 9 9 2 2 2
left_child=6 2 -2 -3 5 8 -1 -6 10 -7 -4 -11 -5 -9
right_child=1 3 4 12 7 9 -8 13 -10 11 -12 -13 -14 -15
leaf_value=0.0023559339964658349 -0.01905804141227364 -0.022687146889943489 0.011652754758553548 -0.016272884049728178 0.031587772042236027 -0.0083237869840133982 -0.024554418986482005 -0.029356534346761123 0.057129690318078068 0.0059098453150426026 0.0045771952394991515 -0.0076066703415520586 0.017785501037452325 -0.0051302589735588069
leaf_weight=70.137173868715763 111.75735373049974 310.03824190609157 1469.1652222238481 42.093317199498415 23.002962682396173 281.37233070656657 735.46775705739856 65.525888779200613 15.396602533757685 1206.3309522913769 1434.0029508834705 189.90432243514806 62.822808103635907 155.01154562830925
leaf_count=3748 6593 22545 10111 2442 258 5614 67118 2466 411 13825 22210 2360 2065 3178
internal_value=-0.000169633 0.00318417 0.00478821 -0.0159217 0.00537096 0.00610117 -0.0224868 -0.00815877 0.00846501 0.00192428 0.00821649 0.00403841 0.00409634 -0.0124284
internal_weight=6172.03 5366.42 4951.47 414.954 4839.71 4596.17 805.605 243.54 2918.56 1677.61 2903.17 1396.24 104.916 220.537
internal_count=164944 94078 67026 27052 60433 54531 70866 5902 32732 21799 32321 16185 4507 5644
cat_boundaries=0 5 6 12 18 24
cat_threshold=1128005696 276889856 3758649794 18 2152728597 7 2160068640 2148008065 66071 2489585816 1073750016 54 12583456 2147483794 81070628 604259332 67207232 34 12821000 21408906 71303168 8404993 335544320 50
is_linear=0
shrinkage=0.03


Tree=57
num_leaves=15
num_cat=7
split_feature=15 3 18 16 5 18 19 5 18 1 0 18 18 18
split_gain=492.997 173.679 75.4187 61.3712 50.2043 47.9969 47.8302 44.1082 40.7744 40.3288 59.0767 49.6776 43.7292 36.5484
threshold=1.0000000180025095e-35 1.0000000180025095e-35 0 0.95118973121134009 672.50000000000011 1 2 696.50000000000011 3 34.500000000000007 5.5000000000000009 4 5 6
decision_type=8 2 9 8 2 9 1 2 9 2 2 9 9 9
left_child=5 2 -2 -3 6 -1 9 -6 -8 10 13 -11 -12 -4
right_child=1 3 4 -5 7 -7 8 -9 -10 11 12 -13 -14 -15
leaf_value=0.0020139402230588978 -0.020240390728188767 -0.021149769534938464 0.01134009698637886 0.0089443049529814387 -0.029237348351578023 -0.024503405415179466 -0.0089798702733195259 -0.00039531841545325456 0.0037882503044042492 0.010773180478086314 0.017503991723961543 -0.0022127404176068986 0.0070707853367348132 -0.0095790575419910529
leaf_weight=73.77770718652755 97.210365147329867 334.58966017700732 112.5973827727139 73.938974351622164 64.099487830884755 714.54437370877713 256.46243605948985 178.86840340774506 1426.9756952868775 462.32414997555315 895.81980743911117 599.66777741815895 687.03156293556094 181.4819922586903
leaf_count=4064 6089 24485 1011 2567 2484 66802 5608 3490 16359 3749 5998 8531 11357 2350
internal_value=-0.000168756 0.0030841 0.00463285 -0.0156945 0.00516486 -0.0223072 0.00587451 -0.00809304 0.00179743 0.00817458 0.0108451 0.00352586 0.013138 -0.00149855
internal_weight=6159.39 5371.07 4962.54 408.529 4865.33 788.322 4622.36 242.968 1683.44 2938.92 1876.93 1061.99 1582.85 294.079
internal_count=164944 94078 67026 27052 60937 70866 54963 5974 21967 32996 20716 12280 17355 3361
cat_boundaries=0 5 11 12 18 24 30 36
cat_threshold=1125908480 276889856 3758641600 2 2186352693 2151680032 2148008065 66071 2621706392 67117057 62 7 14680608 2147483794 72690214 604259348 67403840 32 2562916488 191015048 67108864 278920 537002496 73 111104 50768906 12650532 25165825 1543503872 114 8618016 2148981253 196608 201589248 471859456 134
is_linear=0
shrinkage=0.03


Tree=58
num_leaves=15
num_cat=6
split_feature=15 3 18 17 18 5 18 18 1 0 18 19 1 0
split_gain=473.374 164.962 70.1506 60.6608 47.4717 49.0752 47.2968 41.2459 36.9403 99.0679 36.2648 34.0423 44.6241 35.5472
threshold=1.0000000180025095e-35 1.0000000180025095e-35 0 0.22402827958039231 1 609.50000000000011 2 3 38.500000000000007 30.500000000000004 4 5 31.500000000000004 5.5000000000000009
decision_type=8 2 9 8 9 2 9 9 2 2 9 1 2 2
left_child=6 2 -2 -3 -4 8 -1 -7 11 10 -10 12 -6 -13
right_child=1 3 4 -5 5 7 -8 -9 9 -11 -12 13 -14 -15
leaf_value=0.0035021956434033328 -0.018052693072511679 -0.022349430429643852 0.010422818226463433 0.0041670224653773819 -0.0070798687913213544 0.00566953272835678 -0.02418573662691453 -0.013642551314363141 -0.012502201479499578 0.072276347034290409 0.0014916714561506856 -0.0009732593945874032 0.016161620996246601 0.0099615411674260999
leaf_weight=64.826114870607853 111.26989723090082 297.75094504095614 1125.6737679094076 104.53390364069492 306.18555615097284 155.55486829113215 706.71930620726198 250.5532272933051 205.35057652276009 15.565848327241836 720.83822620473802 318.52800129726529 97.099532610736787 1665.7285637687892
leaf_count=3607 6461 22545 5774 4507 4615 2448 67259 8032 4625 220 9029 4085 1492 20245
internal_value=-0.000167092 0.00298865 0.00448451 -0.0154659 0.00503077 0.00338003 -0.0221256 -0.00644538 0.00459026 -0.00044113 -0.00173988 0.00657423 -0.00142266 0.00816547
internal_weight=6146.18 5374.63 4972.35 402.285 4861.08 3735.4 771.545 406.108 3329.3 941.755 926.189 2387.54 403.285 1984.26
internal_count=164944 94078 67026 27052 60565 54791 70866 10480 44311 13874 13654 30437 6107 24330
cat_boundaries=0 5 9 15 21 27 28
cat_threshold=1125646400 276889856 3758649801 2 2161117205 402857984 174080 67108864 1 2155874336 2148008065 515 474222744 1073750017 54 2147516416 1049791 33685508 343932928 1864368736 64 4216864 2148270594 12651574 274747904 52437248 32 16
is_linear=0
shrinkage=0.03


Tree=59
num_leaves=15
num_cat=7
split_feature=15 3 18 17 18 18 5 5 19 1 18 5 18 18
split_gain=454.412 156.637 68.7779 58.9991 47.1334 46.309 46.8325 30.9177 29.4046 30.0677 38.4189 27.2367 26.3927 24.0659
threshold=1.0000000180025095e-35 1.0000000180025095e-35 0 0.22402827958039231 1 2 606.50000000000011 367.50000000000006 3 34.500000000000007 4 383.50000000000006 5 6
decision_type=8 2 9 8 9 9 2 2 1 2 9 2 9 9
left_child=4 2 -2 -3 -1 -4 8 -5 12 13 -11 -9 -7 -10
right_child=1 3 5 7 -6 6 -8 11 9 10 -12 -13 -14 -15
leaf_value=0.0033881367530277312 -0.020670195317470264 -0.022161623060558824 0.0076084448285040395 -0.015975842820515639 -0.024066671702212279 0.0064241300752804383 -0.010333686366101351 0.10375814310005341 -0.0010753914222496914 -0.012481254254699925 0.0039604446473814692 0.012432217533076259 -0.010378591790605731 0.010170855734851649
leaf_weight=65.945248881354928 86.791567792184651 291.37130959238857 2557.606423869729 41.245049076154828 689.29529963899404 121.51437652483582 255.87464523129165 2.1217027604579917 218.85207653231919 160.00234804302454 496.57426846213639 61.55267140455544 231.48125791829079 853.42072372511029
leaf_count=3658 5625 22545 17183 2442 67208 2487 8843 64 5126 4276 7422 2001 4614 11450
internal_value=-0.000166802 0.00289433 0.00433916 -0.0152351 -0.0219415 0.00481907 0.00174598 0.00402825 0.0032433 0.00483985 -0.000188729 0.0170326 -0.00457512 0.00796137
internal_weight=6133.65 5378.41 4982.12 396.291 755.241 4895.33 2337.72 104.919 2081.85 1728.85 656.577 63.6744 352.996 1072.27
internal_count=164944 94078 67026 27052 70866 61401 44218 4507 35375 28274 11698 2065 7101 16576
cat_boundaries=0 5 11 17 18 23 29 34
cat_threshold=1127743488 8454400 3759690176 2 2186287157 2147485728 2148008065 531 342102168 1073750017 54 402890752 138865670 100663296 25165825 1006634240 133 16 22576 2148007936 138513975 609229328 8658944 2147485872 2101761 1042 2419757324 2761216 8 2156134592 270536832 270859 403309580 28017218
is_linear=0
shrinkage=0.03


Tree=60
num_leaves=15
num_cat=7
split_feature=15 3 18 16 18 18 5 19 18 5 6 18 18 0
split_gain=436.202 148.67 68.5217 58.2711 45.0126 44.1573 42.7099 40.624 42.9831 36.5432 31.9729 30.8312 30.1427 28.2773
threshold=1.0000000180025095e-35 1.0000000180025095e-35 0 0.95118973121134009 1 2 672.50000000000011 3 4 696.50000000000011 9.5000000000000018 5 6 24.500000000000004
decision_type=8 2 9 8 9 9 2 1 9 2 2 9 9 2
left_child=5 2 -2 -3 -4 -1 7 8 -6 -8 -9 -11 -12 -5
right_child=1 3 4 13 6 -7 9 10 -10 11 12 -13 -14 -15
leaf_value=0.0022906363155994771 -0.021051109810559583 -0.020595207029737723 0.012849802883420941 -0.0091614633008810179 0.016589645771542084 -0.023923013334420547 -0.029418796588359317 -0.027850487244945293 0.0032576841928926093 0.012757304156609644 -0.0065618750985845554 -0.012580553228181955 0.0038911898073056253 0.02751753104679424
leaf_weight=69.387509251013398 84.584518575109541 316.39973275922239 532.60677167307585 37.828283209353685 441.63064452074468 670.020906268619 58.437992285005748 29.456416371278465 453.89955715741962 65.909923543222249 261.88358609005809 88.112791759893298 2975.4916055733338 36.108945778571069
leaf_count=3745 5641 24485 2719 1768 3659 67121 2376 348 6946 999 8324 2293 33721 799
internal_value=-0.000165781 0.00280362 0.00419874 -0.0150037 0.00467152 -0.0217555 0.00364614 0.00432478 0.00995386 -0.00943651 0.00274027 -0.00171414 0.00303559 0.00887973
internal_weight=6121.76 5382.35 4992.01 390.337 4907.43 739.408 4374.82 4162.36 895.53 212.461 3266.83 154.023 3237.38 73.9372
internal_count=164944 94078 67026 27052 61385 70866 58666 52998 10605 5668 42393 3292 42045 2567
cat_boundaries=0 5 7 13 14 20 26 31
cat_threshold=1128005696 8454400 3758649792 2 2152798229 402849792 139264 2160068640 2148008065 66071 2621706376 67641344 62 1 8421896 2165362308 12584960 25444609 1277166080 22 2218786832 152092863 512 344473601 1946198528 4 12599296 2415919856 1346074 1615332372 41976418
is_linear=0
shrinkage=0.03


Tree=61
num_leaves=15
num_cat=6
split_feature=15 3 18 18 18 5 5 18 5 19 18 6 6 5
split_gain=418.734 141.231 66.2454 57.1349 46.0914 42.978 67.2172 41.9346 39.9643 38.1093 38.5131 36.0705 30.4924 29.8295
threshold=1.0000000180025095e-35 1.0000000180025095e-35 0 1 2 367.50000000000006 383.50000000000006 3 672.50000000000011 4 5 2.5000000000000004 9.5000000000000018 516.50000000000011
decision_type=8 2 9 9 9 2 2 9 2 1 9 2 2 2
left_child=4 2 -2 5 -1 -3 -7 -4 9 10 -9 -10 -11 -8
right_child=1 3 7 -5 -6 6 13 8 11 12 -12 -13 -14 -15
leaf_value=0.0034203650503499259 -0.019916720026504662 -0.014826997132881936 0.012423591414811419 -0.021786271869504773 -0.023762989980911715 0.14974981876008955 -0.018948777250290066 0.015492749546139007 0.028327742822153106 -0.027525831688681741 0.0028623773223335025 -0.013230208027823341 0.0029552496370461542 0.027902452519578218
leaf_weight=65.915009629912674 91.289860649034381 55.255448157899082 534.69720212649554 271.30195000767708 658.12908246461302 2.4894989673048249 16.882602624595165 475.28970937803388 19.906613750383258 28.817279527895153 423.67549519520253 190.14847766514868 3237.3108787033707 38.530869692564011
leaf_count=3826 6071 3735 2719 20741 67040 92 848 3788 243 344 6741 5374 41746 1636
internal_value=-0.000164 0.00271698 0.00406486 -0.0147815 -0.0215676 0.0036454 0.0218445 0.00454602 0.00355454 0.00420716 0.00964671 -0.00917626 0.0026698 0.0135456
internal_weight=6109.64 5385.6 5001.14 384.46 724.044 113.158 57.903 4909.85 4375.15 4165.09 898.965 210.055 3266.13 55.4135
internal_count=164944 94078 67026 27052 70866 6311 2576 60955 58236 52619 10529 5617 42090 2484
cat_boundaries=0 5 11 17 19 20 26
cat_threshold=1128005632 276889856 3759698368 18 2152732693 536977408 20098060 12582976 1092632577 128 74 2147485728 2148008065 519 340005016 1074274305 54 402849792 139264 1 8430088 2165362308 12584960 25444609 1277166080 22
is_linear=0
shrinkage=0.03


Tree=62
num_leaves=15
num_cat=5
split_feature=15 3 18 18 5 5 18 16 18 18 8 1 5 11
split_gain=401.904 134.24 60.6842 58.2081 45.7095 52.0514 45.3789 39.3344 40.3103 39.8287 29.4439 27.1684 25.7183 22.6618
threshold=1.0000000180025095e-35 1.0000000180025095e-35 0 1 367.50000000000006 383.50000000000006 2 0.3779644730092423 3 4 1.0000000180025095e-35 26.500000000000004 549.50000000000011 1.1500000000000001
decision_type=8 2 9 9 2 2 9 8 9 9 8 2 2 8
left_child=6 2 -2 4 -3 -6 -1 9 11 13 -7 -9 -12 -4
right_child=1 3 7 -5 5 10 -8 8 -10 -11 12 -13 -14 -15
leaf_value=0.0021749616594898095 -0.017030174420075421 -0.015587043301040691 0.0057520925299056639 -0.022115329556277426 0.1257051693188484 -0.00011035681980655699 -0.023754391961052453 0.014746138643994745 0.0014431106608318342 -0.00071172455182520581 -0.0077532822763954883 0.0065508476929332761 0.068196886250481051 0.025402816071524125
leaf_weight=73.338083693757653 111.14304989390075 58.199950377456844 937.44768169149756 258.0911178579554 3.0217978022992602 42.179069068282843 635.78064697049558 675.71645747311413 703.71218212507665 1732.7756242351606 5.5202062148600843 794.46566218882799 12.059408820234237 55.104755323380232
leaf_count=4010 6846 4033 11296 20233 100 2224 66856 3513 6649 34102 224 4106 238 514
internal_value=-0.000162306 0.00263252 0.00393573 -0.0145576 0.00316791 0.0210229 -0.0213773 0.00444043 0.00745845 0.0020475 0.0137477 0.0102553 0.045214 0.0067991
internal_weight=6098.56 5389.44 5010.37 379.072 120.98 62.7805 709.119 4899.22 2173.89 2725.33 59.7587 1470.18 17.5796 992.552
internal_count=164944 94078 67026 27052 6819 2786 70866 60180 14268 45912 2686 7619 462 11810
cat_boundaries=0 5 11 17 23 29
cat_threshold=1125646400 8454400 3758641609 2 2194737205 536977408 20098060 12582976 1092633089 134217856 74 2160068640 2148008065 531 2623803544 67117057 62 2147688960 172407808 142606336 25170176 1879048448 159 402882696 18901167 67110944 2115585 201852160 96
is_linear=0
shrinkage=0.03


Tree=63
num_leaves=15
num_cat=5
split_feature=15 3 18 16 18 5 5 5 19 18 18 17 1 6
split_gain=385.706 127.605 56.9296 55.8676 45.9284 40.1496 43.6326 41.2322 37.4576 35.2505 34.8588 34.0533 32.7641 36.5585
threshold=1.0000000180025095e-35 1.0000000180025095e-35 0 0.95118973121134009 1 672.50000000000011 666.50000000000011 696.50000000000011 2 3 4 0.067754246642453428 3.5000000000000004 207.50000000000003
decision_type=8 2 9 8 9 2 2 2 1 9 9 10 2 2
left_child=4 2 -2 -3 -1 6 8 -7 10 -10 -4 -8 -11 -14
right_child=1 3 5 -5 -6 7 11 -9 9 12 -12 -13 13 -15
leaf_value=0.0021025414945678809 -0.021197537152434609 -0.020056205602517644 0.010014706008024926 0.0090563433133371615 -0.023672577489208389 -0.028975617667137406 -0.0058082544371364578 -0.00045696508921382159 -0.0080506497371944877 0.023392609501686017 0.0034545989669278214 0.071395642705078768 0.010113319908174451 -0.0010138545354607413
leaf_weight=75.409277032129467 70.187240093946457 300.38779809791595 1434.8243031650782 73.240943157114089 619.22608487866819 60.414590096101165 7.4762961408123401 177.61882796790451 303.7601218316704 66.996008472517133 1549.4578434145078 14.525248473510144 365.25651257205755 967.76746983919293
leaf_count=4265 4952 24485 10518 2567 66601 2538 431 3526 5814 646 22685 133 4009 11774
internal_value=-0.000161631 0.00255028 0.00381046 -0.0143404 -0.0211855 0.00420374 0.00482013 -0.00778614 0.00461686 0.00103714 0.00663385 0.0460492 0.00305629 0.00204035
internal_weight=6086.55 5391.91 5018.28 373.629 694.635 4948.1 4710.06 238.033 4688.06 1703.78 2984.28 22.0015 1400.02 1333.02
internal_count=164944 94078 67026 27052 70866 62074 56010 6064 55446 22243 33203 564 16429 15783
cat_boundaries=0 5 11 12 18 24
cat_threshold=1125908480 8454400 3759690176 536870914 2152728597 2155874336 2148008065 66071 2623803528 1074274305 54 7 12583424 2147483802 80030246 279572 67469376 34 281256456 21408906 71370756 16385 335544576 34
is_linear=0
shrinkage=0.03


Tree=64
num_leaves=15
num_cat=5
split_feature=15 3 18 18 18 5 13 18 18 0 0 5 5 0
split_gain=370.132 121.163 59.7234 57.2784 45.3986 45.2709 36.8819 34.4936 33.9483 23.5031 27.6926 43.69 41.9369 35.8181
threshold=1.0000000180025095e-35 1.0000000180025095e-35 0 1 2 228.50000000000003 1.0000000180025095e-35 3 4 4.5000000000000009 8.5000000000000018 642.50000000000011 367.50000000000006 6.5000000000000009
decision_type=8 2 9 9 9 2 8 9 9 2 2 2 2 2
left_child=4 3 5 -2 -1 -3 7 -5 -8 -7 11 12 -11 -14
right_child=1 2 -4 6 -6 9 8 -9 -10 10 -12 -13 13 -15
leaf_value=0.0021377199714016962 -0.017747884198250293 -0.023524691383490805 -0.022350244286787054 0.0064295047248348865 -0.023516586079081185 -0.027718650577196517 0.01513488417515382 -0.0021966575787794903 0.0049991680905328278 -0.01944432302943893 0.013044524697034324 -0.023577337399048885 0.043821733500699921 0.20536789566899269
leaf_weight=75.32969060447067 99.492047159932554 38.379575242288411 241.28035046812147 625.26360179390758 605.2463925331831 9.4180801175534707 331.71983746439219 1202.1877426123247 2768.0707215471193 1.7459285072982291 68.887497528456151 3.2045783419162035 3.0274805035442114 2.4316388061270118
leaf_count=4456 6395 3178 19834 8976 66410 513 1723 28538 21394 105 3048 138 134 102
internal_value=-0.000160585 0.0024706 -0.0141139 0.00368853 -0.0209917 0.00307901 0.00415248 0.000779841 0.00615329 0.0150653 0.0204287 0.0638684 0.100895 0.136433
internal_weight=6075.69 5395.11 368.375 5026.73 680.576 127.095 4927.24 1827.45 3099.79 88.7152 79.2971 10.4096 7.20505 5.45912
internal_count=164944 94078 27052 67026 70866 7218 60631 37514 23117 4040 3527 479 341 236
cat_boundaries=0 6 11 17 23 29
cat_threshold=536993792 20098060 12582976 1101021697 134217856 74 1664614400 8454400 3758649794 6 2169509909 2151680032 2148008065 66071 340005016 1141383184 62 2294522504 152070166 33555488 67127809 1280 96 268500992 397312 67108864 8192 0 128
is_linear=0
shrinkage=0.03


Tree=65
num_leaves=15
num_cat=7
split_feature=15 3 18 18 18 5 5 5 5 19 18 18 18 6
split_gain=355.169 115.175 56.2256 55.6817 45.8918 42.6104 36.5162 40.3504 40.2499 35.6582 32.5219 31.4261 31.1562 30.9278
threshold=1.0000000180025095e-35 1.0000000180025095e-35 0 1 2 228.50000000000003 672.50000000000011 696.50000000000011 666.50000000000011 3 4 5 6 2.5000000000000004
decision_type=8 2 9 9 9 2 2 2 2 1 9 9 9 2
left_child=4 3 5 -2 -1 -3 8 -8 9 12 -11 13 -5 -9
right_child=1 2 -4 6 -6 -7 7 11 -10 10 -12 -13 -14 -15
leaf_value=0.0020688395210024116 -0.019322757066148315 -0.023191637367798008 -0.021766392087171581 0.0096107098961631682 -0.023433820244307894 0.015058325481321569 -0.028854647456510469 0.062460734060713036 0.043706084810206887 0.0056708822021741684 -0.0026655451269523693 -0.010274340029225762 0.003406351110518257 0.0074464349974586713
leaf_weight=77.381564346142113 83.439817188307643 36.629016727209091 241.35006862133741 1404.2990625659004 589.54377344809473 85.478276650421321 58.571864535100758 9.8943205066025239 22.555014130659401 722.32553559914231 979.74265104159713 106.1377451363951 1586.2549498472363 61.556800838559866
leaf_count=4697 5916 3141 20037 10478 66169 3874 2484 84 552 6228 15673 2557 22205 849
internal_value=-0.000158966 0.00239402 -0.0138925 0.00357226 -0.020796 0.00322702 0.00399286 -0.00748921 0.00457788 0.00438053 0.000885974 -0.000320404 0.00634433 0.0139027
internal_weight=6065.16 5398.24 363.457 5034.78 666.925 122.107 4951.34 236.161 4715.18 4692.62 1702.07 177.589 2990.55 71.4511
internal_count=164944 94078 27052 67026 70866 7015 61110 5974 55136 54584 21901 3490 32683 933
cat_boundaries=0 6 11 17 18 24 29 35
cat_threshold=536977408 20360204 12582976 1092633089 134217856 74 1125646400 276889856 3759690176 2 2186352661 2155874336 2148008065 515 2623803544 1074274321 62 7 402761728 135180288 1024 287486337 805831936 129 2151874560 135323837 512 344473601 1946198528 281223688 21408906 71370756 16385 335544576 38
is_linear=0
shrinkage=0.03


Tree=66
num_leaves=15
num_cat=7
split_feature=15 3 18 18 18 5 1 19 18 18 18 15 6 5
split_gain=340.726 109.565 56.4316 54.5883 44.7236 41.1116 35.7815 36.8433 51.8885 42.7363 30.6016 29.8386 29.1715 35.53
threshold=1.0000000180025095e-35 1.0000000180025095e-35 0 1 2 228.50000000000003 49.500000000000007 3 4 5 6 1.2944444444444447 10.500000000000002 708.50000000000011
decision_type=8 2 9 9 9 2 2 1 9 9 9 8 2 2
left_child=4 3 5 -2 -1 -3 7 8 -5 -9 -8 -10 -11 -14
right_child=1 2 -4 6 -6 -7 10 9 11 12 -12 -13 13 -15
leaf_value=0.0021342322189342182 -0.018660595450394054 -0.023230252727619406 -0.021978684882779768 0.013564775022195986 -0.023233092407837167 0.013925308964953687 0.0064068065618188919 -0.008312163718407645 0.004986032861266052 -0.022321325998270997 -0.013940397835949948 -0.01276111669947076 0.0037650706318749687 0.073592798244342825
leaf_weight=76.227338257245719 88.079489570111036 36.85712231323123 231.08109780587256 785.87073803599924 577.44644245412201 90.856596078723669 99.519033707678318 300.4670174876228 1142.3352160425857 37.648283616639674 170.18520192988217 91.184252866543829 2321.5060060797259 5.5799631234258404
leaf_count=4238 6102 3204 19756 6315 66628 4092 1054 8005 13829 407 2577 2828 25699 210
internal_value=-0.000158871 0.00231817 -0.013677 0.00345881 -0.0205985 0.00288148 0.00388556 0.00450545 0.0075521 0.00215865 -0.00671478 0.00363541 0.00352142 0.00396404
internal_weight=6054.84 5401.17 358.795 5042.38 653.674 127.714 4954.3 4684.59 2019.39 2665.2 269.704 1233.52 2364.73 2327.09
internal_count=164944 94078 27052 67026 70866 7296 60924 57293 22972 34321 3631 16657 26316 25909
cat_boundaries=0 6 11 17 18 24 30 36
cat_threshold=536993792 20360204 79691840 1101021697 128 74 1664876544 8454400 3758641608 2 2161117301 2160068640 2148008065 66071 474222744 1140858881 54 3 12812808 4385472 71368704 278528 469762816 52 12582920 2415919856 5579286 1141654556 98816 32 2558724136 2282005547 512 2157979648 1610614272 128
is_linear=0
shrinkage=0.03


Tree=67
num_leaves=15
num_cat=8
split_feature=15 3 18 18 18 5 19 18 5 18 5 18 5 18
split_gain=326.813 104.223 56.9132 50.4673 44.1139 39.9017 33.5407 46.8785 41.0038 64.6928 53.4383 50.6561 34.4505 36.8097
threshold=1.0000000180025095e-35 1.0000000180025095e-35 0 1 2 228.50000000000003 3 4 479.50000000000006 5 407.50000000000006 6 419.50000000000006 7
decision_type=8 2 9 9 9 2 1 9 2 9 2 9 2 9
left_child=4 3 5 -2 -1 -3 7 -5 10 -10 11 -8 -12 -14
right_child=1 2 -4 6 -6 -7 8 -9 9 -11 12 -13 13 -15
leaf_value=0.0021435894717392713 -0.017849085706150913 -0.022659338845850044 -0.022157441688752662 0.015263784947610781 -0.023071522917228936 0.013390919707760874 0.0080427528152873119 0.0026006714331355879 0.0057485867443226877 -0.010704816899623189 0.03663798449426782 -0.00038713496683130574 0.020115782042515455 -0.0034262227721806875
leaf_weight=76.235025337897241 88.74107538536191 37.992639063857496 222.35146269481629 487.66150551196188 564.56799331121147 93.920062112621963 1012.9847552739084 589.38966169767082 382.12796390429139 468.07404074445367 58.283917628228664 1722.9325447101146 139.74086065404117 100.20501702651381
leaf_count=4593 6018 3390 19486 3846 66273 4176 8386 8429 4107 10439 568 22583 1120 1530
internal_value=-0.000159335 0.00224384 -0.0134631 0.00334812 -0.0203991 0.00271158 0.00375917 0.00843056 0.00244374 -0.0033699 0.00408141 0.00276384 0.0161191 0.0110035
internal_weight=6045.21 5404.41 354.264 5050.14 640.803 131.913 4961.4 1077.05 3884.35 850.202 3034.15 2735.92 298.23 239.946
internal_count=164944 94078 27052 67026 70866 7566 61008 12275 48733 14546 34187 30969 3218 2650
cat_boundaries=0 6 11 17 18 24 29 35 40
cat_threshold=536977408 20360332 12582976 1101021697 134217856 74 1662517248 545325312 3758649793 536870930 2152728597 2151680032 2148008065 535 2489585816 67641361 30 1 8585736 2165501636 12584960 278785 1275068928 18 2281939456 2138159 100794368 268435457 2124455970 402862096 172371968 134217728 276838656 263424 223 4259872 2282941455 113378848 2164261377 1543503872
is_linear=0
shrinkage=0.03


Tree=68
num_leaves=15
num_cat=6
split_feature=15 3 18 18 18 5 5 5 5 19 6 18 18 0
split_gain=313.503 99.1811 53.3293 50.1948 45.1734 38.0548 33.0532 38.8869 37.5677 31.221 42.0824 44.5072 35.1807 31.1601
threshold=1.0000000180025095e-35 1.0000000180025095e-35 0 1 2 228.50000000000003 672.50000000000011 696.50000000000011 666.50000000000011 3 71.500000000000014 4 5 5.5000000000000009
decision_type=8 2 9 9 9 2 2 2 2 1 2 9 9 2
left_child=4 3 5 -2 -1 -3 8 -8 9 10 -5 13 -11 -12
right_child=1 2 -4 6 -6 -7 7 -9 -10 12 11 -13 -14 -15
leaf_value=0.0020661306316372544 -0.0190595047498376 -0.023006121227682655 -0.021626596361792025 0.02790107483290254 -0.023028426860061738 0.012991981683328997 -0.028727507435729997 -0.000371869600501089 0.041506462262414542 0.0060710298923571633 -0.004533772318901866 0.00061846705363526109 0.00015599268040775155 0.017657471427085986
leaf_weight=79.250486492179334 78.751479357481003 35.801929380744696 221.20625878404826 92.399837920442224 549.05741708632559 92.855805533006787 56.767765688709915 176.69103501923382 23.157306580804288 1571.0318540893495 67.364312503486872 508.53948296606541 2127.2113546514884 355.0229010861367
leaf_count=4977 5804 3283 19536 919 65889 4233 2484 3490 552 11514 514 6793 32266 2690
internal_value=-0.000157641 0.00217449 -0.0132505 0.00324408 -0.020198 0.00266869 0.00363165 -0.00735994 0.00418157 0.00398976 0.0086083 0.00675786 0.00267928 0.0137902
internal_weight=6035.11 5406.8 349.864 5056.94 628.308 128.658 4978.19 233.459 4744.73 4721.57 1023.33 930.927 3698.24 422.387
internal_count=164944 94078 27052 67026 70866 7516 61222 5974 55248 54696 10916 9997 43780 3204
cat_boundaries=0 6 11 17 18 24 30
cat_threshold=536928768 20360332 79691840 1101021185 134217856 74 1125646400 8454400 3758641600 536871938 2203064341 2155874336 2148008065 66067 476319880 1074274353 54 1 12780040 2165501636 67111424 278785 469795328 2 2550378512 172406785 167772160 285227009 268436736 129
is_linear=0
shrinkage=0.03


Tree=69
num_leaves=15
num_cat=8
split_feature=15 3 18 18 18 5 1 18 19 15 18 1 18 18
split_gain=300.655 94.3552 55.6757 51.5374 42.9455 37.8464 32.1461 34.7587 34.0567 39.5772 32.6747 30.6139 28.4095 28.046
threshold=1.0000000180025095e-35 1.0000000180025095e-35 0 1 2 228.50000000000003 49.500000000000007 3 4 1.2944444444444447 5 48.500000000000007 6 7
decision_type=8 2 9 9 9 2 2 9 1 8 9 2 9 9
left_child=4 3 5 -2 -1 -3 7 -5 9 11 -10 13 -8 -9
right_child=1 2 -4 6 -6 -7 12 8 10 -11 -12 -13 -14 -15
leaf_value=0.0021848417650798561 -0.020327753560056748 -0.022578478700465077 -0.022156372924650343 -0.0070321238277949848 -0.022742455008647522 0.012392909027391097 0.0058477942643668573 0.013780838203737489 -0.0038426417953411067 -0.00824522856348406 0.0042168911417751276 0.033477625743601656 -0.013694725123259541 0.0055064598933870787
leaf_weight=76.179429789073765 72.291599491611123 37.667143813334405 209.28959596157074 231.95817339420319 540.00052916258574 98.637989760376513 102.30015934631228 559.56659740954638 579.35713720973581 129.80238363146782 1964.8369273627177 43.441538097336888 166.37891804147512 1213.5943677742034
leaf_count=4796 5523 3519 19206 9772 66070 4327 1099 4338 9788 2776 19033 427 2521 11749
internal_value=-0.000157511 0.00210558 -0.0130385 0.00314155 -0.0199952 0.00245585 0.00351915 0.00410077 0.0046825 0.00767106 0.00237295 0.00885445 -0.00655075 0.00823266
internal_weight=6025.3 5409.12 345.595 5063.53 616.18 136.305 4991.24 4722.56 4490.6 1946.4 2544.19 1816.6 268.679 1773.16
internal_count=164944 94078 27052 67026 70866 7846 61503 57883 48111 19290 28821 16514 3620 16087
cat_boundaries=0 6 11 17 22 23 29 35 41
cat_threshold=536977920 20360332 12582976 1101021697 134217856 74 1664876544 545325312 3759698368 2 2152794133 2155874336 2148008065 519 2621706392 1074274352 62 67110976 268959744 2359835 1616380956 58773730 3 2160067080 2147484400 79758372 2214904320 201720320 52 2558724136 2282005547 512 2225088512 1610614272 128 12780032 141952 4259840 278528 469762816 52
is_linear=0
shrinkage=0.03


Tree=70
num_leaves=15
num_cat=5
split_feature=15 3 16 18 18 5 5 18 1 5 18 5 5 18
split_gain=288.287 89.7722 52.6138 46.0953 41.8673 32.7628 42.7989 30.3294 30.4946 26.7821 65.572 31.0996 91.5798 43.098
threshold=1.0000000180025095e-35 1.0000000180025095e-35 0.48795003647426644 0 1 228.50000000000003 235.50000000000003 2 49.500000000000007 503.50000000000006 3 411.50000000000006 419.50000000000006 4
decision_type=8 2 8 9 9 2 2 9 2 2 9 2 2 9
left_child=4 3 -3 -2 -1 -4 -7 -5 9 11 -11 -9 -13 -14
right_child=1 2 5 7 -6 6 -8 8 -10 10 -12 12 13 -15
leaf_value=0.002274783992712838 -0.019566845188786777 -0.021082445686345125 -0.023257029294320171 0.009941048950872786 -0.022530769657096848 0.074863378951280118 0.0058964398772512524 0.0033631953279076067 -0.0080663361559285898 0.0061254646283184023 -0.01086896676365302 0.056041885785212596 0.015940142030475262 -0.0073024615130415759
leaf_weight=74.950402894057333 69.340147724375129 228.44170752353966 28.739657927304506 557.11990015115589 529.4523435072042 8.0939436899498087 76.162206017412245 3088.9900759831071 229.77737172320485 430.11715204641223 370.47623914387077 38.351987015455961 174.1746222935617 111.34333367273211
leaf_count=4362 5413 21207 2770 2990 66504 132 2943 36588 3410 4538 10452 380 1424 1831
internal_value=-0.000157645 0.00203853 -0.0128288 0.00304216 -0.0197906 0.00389602 0.013322 0.00339188 0.00254818 0.00313485 -0.00180167 0.00429306 0.0131242 0.00718385
internal_weight=6015.53 5411.13 341.438 5069.69 604.403 112.996 84.2561 5000.35 4443.23 4213.45 800.593 3412.86 323.87 285.518
internal_count=164944 94078 27052 67026 70866 5845 3075 61613 58623 55213 14990 40223 3635 3255
cat_boundaries=0 5 11 14 20 25
cat_threshold=1664614400 545325312 3758641600 2 2152728693 2160068640 2148008065 66071 342102168 67149825 54 402849792 139264 67108864 2147492352 3197167 37748736 134365441 2090868736 64 4235296 2282802191 46337060 21103105 1879048192
is_linear=0
shrinkage=0.03


Tree=71
num_leaves=15
num_cat=4
split_feature=15 3 16 18 18 5 5 18 1 19 15 6 5 0
split_gain=276.452 85.2206 51.0053 44.2613 43.9778 31.1404 38.0443 29.4769 32.4237 29.8099 37.2872 30.011 30.1287 54.7054
threshold=1.0000000180025095e-35 1.0000000180025095e-35 0.48795003647426644 0 1 228.50000000000003 235.50000000000003 2 49.500000000000007 3 1.2944444444444447 11.500000000000002 708.50000000000011 3.5000000000000004
decision_type=8 2 8 9 9 2 2 9 2 1 8 2 2 2
left_child=4 3 -3 -2 -1 -4 -7 -5 9 10 -9 -11 -13 -14
right_child=1 2 5 7 -6 6 -8 8 -10 11 -12 12 13 -15
leaf_value=0.0021475483649245693 -0.019203804857504368 -0.020882655816408795 -0.023092522440133396 -0.006562663984464796 -0.022571964957103487 0.069280250751782235 0.0056929923455350659 0.0083446405089790503 -0.0065221675619173466 -0.020638238420740713 -0.0082943761486205005 0.0025438304580243554 -0.023949024508224576 0.13608875256282094
leaf_weight=79.958233895711601 69.362384614534676 223.78871525079012 28.092990878969431 250.71157210599631 513.00459882616997 8.5569565640762431 76.547213225625455 1822.8578541092575 256.69735446665436 49.503452800214291 129.05864833388478 2491.3801060086116 3.1240262677893034 3.1240262677893043
leaf_count=5130 5422 21207 2770 10600 65736 132 2943 16367 3189 542 2802 27890 107 107
internal_value=-0.000155725 0.00197589 -0.0126113 0.00294663 -0.0195845 0.00378077 0.0128168 0.00328907 0.00382238 0.00442241 0.00720391 0.00225178 0.00272256 0.0638057
internal_weight=6005.77 5412.81 336.986 5075.82 592.963 113.197 85.1042 5006.46 4755.75 4499.05 1951.92 2547.13 2497.63 6.24805
internal_count=164944 94078 27052 67026 70866 5845 3075 61604 51004 47815 19169 28646 28104 214
cat_boundaries=0 5 11 16 17
cat_threshold=1125908480 8454400 3759690176 1026 2161121301 2147485728 2148008065 531 2621706392 1141383217 30 547356736 805830656 2400795 1616379932 50430178 3
is_linear=0
shrinkage=0.03


Tree=72
num_leaves=15
num_cat=8
split_feature=15 3 18 18 18 5 5 18 19 1 18 18 18 8
split_gain=265.043 80.8794 49.6732 43.8563 41.4068 34.2126 50.8569 28.6093 28.3592 37.773 47.8667 37.8682 32.6417 26.5444
threshold=1.0000000180025095e-35 1.0000000180025095e-35 0 1 2 367.50000000000006 383.50000000000006 3 4 12.500000000000002 5 6 7 1.0000000180025095e-35
decision_type=8 2 9 9 9 2 2 9 1 2 9 9 9 8
left_child=4 3 5 -2 -1 -3 -7 -5 12 10 -10 -11 -9 -8
right_child=1 2 -4 7 -6 6 13 8 9 11 -12 -13 -14 -15
leaf_value=0.0023257196599017036 -0.020183297875258868 -0.013921930954209724 -0.020736010880406684 0.011584125611374707 -0.022237075414486347 0.11500351642182227 -0.0018955579011268467 0.0049474555693204874 -0.0040536026464086314 -0.0084911832484827112 0.013832674236874112 0.00319342714582949 -0.0072719735659674163 0.03967614481636652
leaf_weight=75.881889983545989 62.699545077979565 55.491940545849502 209.04335195478052 330.90614181384444 505.98069840762764 3.5163541082292786 45.870664275251329 313.31291847396642 175.23125712946057 263.11556288320571 564.48191353306174 2878.1859871177003 495.07903953827918 18.734541334211826
leaf_count=5250 5172 4397 19645 1674 65616 104 2455 3633 2284 8062 5216 32632 8353 451
internal_value=-0.000154693 0.00191375 -0.0123952 0.00285245 -0.0193769 0.00317252 0.0175566 0.00317798 0.00255908 0.00362393 0.00972785 0.00219547 -0.00253318 0.0105806
internal_weight=5997.53 5415.67 332.657 5083.01 581.863 123.614 68.1216 5020.31 4689.41 3881.01 739.713 3141.3 808.392 64.6052
internal_count=164944 94078 27052 67026 70866 7407 3010 61854 60180 48194 7500 40694 11986 2906
cat_boundaries=0 6 11 17 19 20 26 31 37
cat_threshold=536986112 20360332 12582976 1092633089 134217856 74 1662779392 545325312 3758645696 536870914 2152794133 2160068608 2148008577 98838 340005000 1074307120 54 402718720 131072 16 2155874304 184582784 67371025 472010756 9472 157 2097248 269225984 1150514 1077937196 11030752 2147655712 2282017795 18 271716613 2760960 13
is_linear=0
shrinkage=0.03


end of trees

feature_importances:
codigo_producto_enc=354
dias_hasta_proximo_evento=113
es_fin_de_semana=110
dia_semana=71
rolling_mean_90=67
semana_anio=65
rolling_mean_28=53
historico_promedio_producto=51
dia_mes=30
rolling_std_7=30
rolling_mean_7=29
lag_1=22
dias_desde_evento_anterior=13
trimestre=7
lag_14=5
lag_2=2

parameters:
[boosting: gbdt]
[objective: binary]
[metric: auc,binary_logloss]
[tree_learner: serial]
[device_type: cpu]
[data_sample_strategy: bagging]
[data: ]
[valid: ]
[num_iterations: 1500]
[learning_rate: 0.03]
[num_leaves: 15]
[num_threads: 6]
[seed: 42]
[deterministic: 0]
[force_col_wise: 0]
[force_row_wise: 0]
[histogram_pool_size: -1]
[max_depth: -1]
[min_data_in_leaf: 50]
[min_sum_hessian_in_leaf: 0.001]
[bagging_fraction: 1]
[pos_bagging_fraction: 1]
[neg_bagging_fraction: 1]
[bagging_freq: 0]
[bagging_seed: 400]
[bagging_by_query: 0]
[feature_fraction: 1]
[feature_fraction_bynode: 1]
[feature_fraction_seed: 30056]
[extra_trees: 0]
[extra_seed: 12879]
[early_stopping_round: 0]
[early_stopping_min_delta: 0]
[first_metric_only: 0]
[max_delta_step: 0]
[lambda_l1: 0]
[lambda_l2: 1]
[linear_lambda: 0]
[min_gain_to_split: 0]
[drop_rate: 0.1]
[max_drop: 50]
[skip_drop: 0.5]
[xgboost_dart_mode: 0]
[uniform_drop: 0]
[drop_seed: 17869]
[top_rate: 0.2]
[other_rate: 0.1]
[min_data_per_group: 100]
[max_cat_threshold: 32]
[cat_l2: 10]
[cat_smooth: 10]
[max_cat_to_onehot: 4]
[top_k: 20]
[monotone_constraints: ]
[monotone_constraints_method: basic]
[monotone_penalty: 0]
[feature_contri: ]
[forcedsplits_filename: ]
[refit_decay_rate: 0.9]
[cegb_tradeoff: 1]
[cegb_penalty_split: 0]
[cegb_penalty_feature_lazy: ]
[cegb_penalty_feature_coupled: ]
[path_smooth: 0]
[interaction_constraints: ]
[verbosity: 1]
[saved_feature_importance_type: 0]
[use_quantized_grad: 0]
[num_grad_quant_bins: 4]
[quant_train_renew_leaf: 0]
[stochastic_rounding: 1]
[linear_tree: 0]
[max_bin: 255]
[max_bin_by_feature: ]
[min_data_in_bin: 3]
[bin_construct_sample_cnt: 200000]
[data_random_seed: 175]
[is_enable_sparse: 1]
[enable_bundle: 1]
[use_missing: 1]
[zero_as_missing: 0]
[feature_pre_filter: 1]
[pre_partition: 0]
[two_round: 0]
[header: 0]
[label_column: ]
[weight_column: ]
[group_column: ]
[ignore_column: ]
[categorical_feature: 18,19,20]
[forcedbins_filename: ]
[precise_float_parser: 0]
[parser_config_file: ]
[objective_seed: 16083]
[num_class: 1]
[is_unbalance: 0]
[scale_pos_weight: 1]
[sigmoid: 1]
[boost_from_average: 1]
[reg_sqrt: 0]
[alpha: 0.9]
[fair_c: 1]
[poisson_max_delta_step: 0.7]
[tweedie_variance_power: 1.5]
[lambdarank_truncation_level: 30]
[lambdarank_norm: 1]
[label_gain: ]
[lambdarank_position_bias_regularization: 0]
[eval_at: ]
[multi_error_top_k: 1]
[auc_mu_weights: ]
[num_machines: 1]
[local_listen_port: 12400]
[time_out: 120]
[machine_list_filename: ]
[machines: ]
[gpu_platform_id: -1]
[gpu_device_id: -1]
[gpu_device_id_list: ]
[gpu_use_dp: 0]
[num_gpu: 1]

end of parameters

pandas_categorical:[]
