tree
version=v4
num_class=1
num_tree_per_iteration=1
label_index=0
max_feature_idx=17
objective=tweedie
feature_names=dia_mes semana_anio trimestre es_fin_de_semana es_evento dias_hasta_proximo_evento dias_desde_evento_anterior lag_7 lag_14 lag_28 rolling_mean_7 rolling_mean_28 rolling_mean_90 rolling_std_7 historico_promedio_producto codigo_producto_enc dia_semana tipo_evento_activo_enc
feature_infos=[1:31] [1:52] [1:4] [0:1] [0:1] [0:999] [0:999] [0:100] [0:100] [0:100] [0:14.714285714285714] [0:4.2857142857142856] [0:2.088888888888889] [0:37.796447300922722] [0:42] -1:0:1:2:3:4:5:6:7:8:9:10:11:12:13:14:15:16:17:18:19:20:21:22:23:24:25:26:27:28:29:30:31:32:33:34:35:36:37:38:39:40:41:42:43:44:45:46:47:48:49:50:51:52:53:54:55:56:57:58:59:60:61:62:63:64:65:66:67:68:69:70:71:72:73:74:75:76:77:78:79:80:81:82:83:84:85:86:87:88:89:90:91:92:93:94:95:96:97:98:99:100:101:102:103:104:105:106:107:108:109:110:111:112:113:114:115:116:117:118:119:120:121:122:123:124:125:126:127:128:129:130:131:132:133:134:135:136:137:138:139:140:141:142:143:144:145:146:147:148:149:150:151:152:153:154:155:156:157:158:159:160:161:162:163:164:165:166:167:168:169:170:171:172:173 -1:0:5:6:1:2:3:4 -1:1:2
tree_sizes=3592 3594 3547 3573 3609 3586 3671 3595 3626 3639 3659 3664 3672 3692 3769 3703 3747 3698 3758 3757 3763 3639 3801 3749 3795 3729 3789 3756 3766 3750 3703 3768 3787 3851 3754 3811 3755

Tree=0
num_leaves=31
num_cat=7
split_feature=15 12 3 3 14 15 11 15 14 11 11 10 3 6 13 12 14 5 14 15 1 15 1 14 1 3 15 1 14 15
split_gain=27460.9 5908.61 5560.06 2888.76 2694.59 1407.06 1395.75 976.132 816.926 512.325 440.098 376.829 313.623 292.41 271.858 265.474 253.278 225.774 261.175 196.39 191.396 190.673 182.456 318.708 171.509 162.455 160.433 147.684 139.339 130.715
threshold=0 0.059722222222222225 1.0000000180025095e-35 1.0000000180025095e-35 inf 1 0.2648214285714286 2 inf 0.24392857142857147 0.041071428571428578 0.75000000000000011 1.0000000180025095e-35 179.50000000000003 0.37796447300922648 1.0000000180025095e-35 0.37336743393009381 68.500000000000014 0.15279517018982924 3 50.500000000000007 4 47.500000000000007 0.43371652572233971 34.500000000000007 1.0000000180025095e-35 5 25.500000000000004 inf 6
decision_type=9 10 2 2 8 9 10 9 8 10 10 10 2 2 8 10 10 2 10 9 2 9 2 8 2 2 9 2 8 9
left_child=2 7 6 5 -4 9 10 8 12 20 22 16 14 17 -2 28 -8 -12 -19 -11 -3 -7 -1 -24 -18 29 -16 -13 -9 -17
right_child=1 3 4 -5 -6 21 11 15 -10 19 13 27 -14 -15 26 25 24 18 -20 -21 -22 -23 23 -25 -26 -27 -28 -29 -30 -31
leaf_value=-2.4839420530478145 -2.5300665195819931 -2.458075524311448 -2.5559892883749615 -2.5757854209340079 -2.0574707269197923 -2.5585474971644642 -2.3723059404294009 -2.5808411443173012 -2.1461357268344279 -2.3644945194974096 -2.0987822833644243 -2.2365214634531076 -2.5770606039045361 -2.3915635184534785 -2.5266188543970212 -2.5264898817588337 -2.2894665273670869 -2.0604033145508356 -2.3648336460849553 -2.440328290245835 -2.558664851813222 -2.5061183016734097 -2.4833255428436267 -2.0575978905116736 -2.3376117671551393 -2.5824504460490125 -2.423920369018981 -2.2987495716715678 -2.4336643652000096 -2.5605272646067783
leaf_weight=153.71793921291828 590.23609708249569 1001.9684860557318 434.92934142053127 916.02010536193848 28.907896652817726 202.08873918652534 195.78482660651207 7913.8941882699728 14.031898826360701 234.17661428451538 13.989542260766028 221.97083711624146 265.31342151761055 287.2108439207077 68.664718255400658 355.29465284943581 464.67640689015388 8.1886243224143964 50.455904334783554 310.61342605948448 49.632355362176895 984.40969980508089 11.301509305834772 7.1947803348302832 307.3144513219595 695.41645936667919 103.42616464197636 167.1373592466116 16.114574700593948 1463.4546693488955
leaf_count=1362 5760 8373 4464 9755 16 2090 1309 85057 32 1498 19 897 2832 2028 665 3442 2357 5 330 2471 512 9143 100 4 1847 7496 775 878 127 15156
internal_value=-2.52906 -2.55371 -2.37048 -2.49877 -2.52492 -2.47342 -2.33172 -2.57143 -2.5251 -2.44297 -2.40036 -2.30481 -2.53024 -2.3689 -2.51394 -2.57601 -2.32151 -2.27927 -2.32233 -2.40308 -2.46282 -2.51522 -2.46609 -2.31772 -2.30863 -2.5619 -2.45865 -2.26325 -2.58054 -2.55404
internal_weight=17537.5 15184.8 2352.78 3698.91 463.837 2782.89 1888.94 11485.8 1041.67 1596.39 532.059 1356.88 1027.64 359.845 762.327 10444.2 967.776 72.6341 58.6445 544.79 1051.6 1186.5 172.214 18.4963 771.991 2514.17 172.091 389.108 7930.01 1818.75
internal_count=170800 155184 15616 33842 4480 24087 11136 121342 10064 12854 3848 7288 10032 2382 7200 111278 5513 354 335 3969 8885 11233 1466 104 4204 26094 1440 1775 85184 18598
cat_boundaries=0 6 12 18 24 29 35 41
cat_threshold=106496 134392840 2 805307400 0 2 135680 50610183 1073750144 20023296 2147524608 8141 2147484160 53493895 101195932 17963008 2147483648 5773 131072 262144 0 2048 0 1860 16515120 536871008 814091044 134479904 1619394565 512 51396736 34078720 16912384 0 1664 1010827416 4456544 1881162240 8454144 71475216 8256
is_linear=0
shrinkage=1


Tree=1
num_leaves=31
num_cat=5
split_feature=15 3 12 14 12 3 11 13 15 14 1 15 14 15 6 12 12 5 14 14 14 1 1 1 13 0 5 13 0 15
split_gain=24002.7 5831.05 4137.01 3145.31 2373.21 1161.25 868.818 558.466 537.238 450.728 343.037 339.771 491.573 282.77 247.01 201.801 193.499 186.684 177.942 176.682 173.945 172.271 159.816 196.316 152.405 258.878 178.802 146.541 145.603 144.245
threshold=0 1.0000000180025095e-35 0.27405555555555555 inf 0.034722222222222231 1.0000000180025095e-35 0.026785714285714288 0.37796447300922814 1 0.34674373795761088 29.500000000000004 2 inf 3 615.50000000000011 0.69166666666666676 1.0000000180025095e-35 68.500000000000014 0.53958615285989042 0.48935414651837528 0.34674373795761088 37.500000000000007 34.500000000000007 33.500000000000007 1.5735915849388851 24.500000000000004 228.50000000000003 1.8898223650461354 30.500000000000004 4
decision_type=9 2 10 8 10 2 10 10 9 10 2 9 8 9 2 10 8 2 10 10 10 2 2 2 10 2 2 10 2 9
left_child=1 2 6 24 11 8 13 -4 22 21 15 12 27 16 17 18 -1 -11 -9 -12 -17 -8 23 -6 -3 -26 -27 -2 -23 -10
right_child=4 3 7 -5 5 -7 9 10 29 14 19 -13 -14 -15 -16 20 -18 -19 -20 -21 -22 28 -24 -25 25 26 -28 -29 -30 -31
leaf_value=0.47354837216449175 -0.025300470341732759 -0.040273456439972738 0.13490538777332403 0.43626604037444583 0.056278624597519117 -0.049029754468132347 0.095798080429643662 0.18855075881447803 -0.027661446117589163 0.49194481318438604 0.14115635519576514 -0.049803740859530959 0.31091162223260682 -0.021327102960736654 0.14496992429292394 0.43178929347265049 0.064518296063349009 0.21452518934756948 0.24891141269890238 0.19482549024009019 0.25415955607945617 0.048512821629106154 0.024596969673079651 0.17557137363084008 -0.027048457440873471 -0.05555555487198971 0.2879604643721469 0.26177027137776421 0.26456121502488239 0.009184046506378751
leaf_weight=2.9667072296142569 1208.5967793390155 767.9519861638546 450.5099241733551 37.116543598473072 592.18942926824093 793.11912686377764 770.46742358803749 381.85423639416695 359.31775079667568 9.3875722885131854 266.8886506408453 8582.1560116410255 11.039974108338354 264.60330881923437 127.11613339930773 15.112206205725668 113.9157432243228 17.129637837409973 179.49054626375437 360.47141452133656 156.61328947544098 341.00873593986034 466.31127044558525 36.620786398649216 42.778801612555981 5.2075773701071766 13.896896600723265 4.4619181752204886 7.9809823781251898 936.33911115676165
leaf_count=1 12696 8359 2795 32 4902 8857 5598 1929 3775 1 1594 96035 32 2682 756 16 930 79 698 1778 594 2787 4161 222 452 58 59 20 34 8868
internal_value=-8.63468e-05 0.10169 0.130938 -0.0140493 -0.0340829 0.00339707 0.0737851 0.183156 0.0207892 0.0936186 0.199134 -0.0462867 -0.0210499 0.00759671 0.173927 0.222361 0.0689972 0.312737 0.207851 0.171994 0.269791 0.0825972 0.0463542 0.063226 -0.0341908 0.041293 0.194323 -0.0242446 0.0534536 -0.00116772
internal_weight=17322.6 4332.47 3465.52 866.952 12990.2 3183.9 1654.58 1810.94 2390.78 1273.09 1360.43 9806.25 1224.1 381.486 153.633 733.07 116.882 26.5172 561.345 627.36 171.725 1119.46 1095.12 628.81 829.835 61.8833 19.1045 1213.06 348.99 1295.66
internal_count=170800 31232 22272 8960 139568 30785 12868 9404 21928 9255 6609 108783 12748 3613 836 3237 931 80 2627 3372 610 8419 9285 5124 8928 569 117 12716 2821 12643
cat_boundaries=0 6 12 18 24 29
cat_threshold=238080 134409230 8322 805309448 2147483648 5959 2550140928 57934337 1073758224 20021248 40976 10376 2151680040 54263937 101191772 2167541824 262161 128 512 134269954 8320 805306376 0 2 553386032 814219264 8784676 134234272 1744961573
is_linear=0
shrinkage=0.05


Tree=2
num_leaves=31
num_cat=5
split_feature=15 3 15 14 12 3 11 11 15 15 10 14 1 12 14 16 1 1 14 13 5 11 6 10 0 0 12 5 6 11
split_gain=21031.2 4653.29 3261.17 2742.54 2255.86 1070.32 923.122 565.524 454.482 376.733 278.847 266.247 226.056 223.457 202.287 170.689 157.524 155.718 154.985 232.303 154.74 150.538 203.133 147.443 168.793 204.205 143.836 140.641 136.088 316.136
threshold=0 1.0000000180025095e-35 1 inf 0.034722222222222231 1.0000000180025095e-35 0.046964285714285722 0.041071428571428578 2 3 0.82142857142857151 inf 47.500000000000007 0.31944444444444448 0.52140947288006123 4 44.500000000000007 37.500000000000007 0.27504325259515577 1.618347187425375 672.50000000000011 0.098214285714285726 109.50000000000001 0.59500000000000008 24.500000000000004 25.500000000000004 1.0000000180025095e-35 663.50000000000011 164.50000000000003 0.20821428571428574
decision_type=9 2 9 8 10 2 10 10 9 9 10 8 2 10 10 1 2 2 10 10 2 10 2 10 2 2 10 2 2 10
left_child=1 2 7 23 9 8 -4 12 17 11 16 21 -1 15 -14 -8 20 -6 19 -12 28 -2 -23 -3 27 -26 -11 -25 29 -9
right_child=4 3 6 -5 5 -7 13 10 -10 26 18 -13 14 -15 -16 -17 -18 -19 -20 -21 -22 22 -24 24 25 -27 -28 -29 -30 -31
leaf_value=0.043018011561941044 -0.014674765257136475 -0.042897896705998556 0.005742280392841595 0.40600836512125338 0.050231490427928654 -0.048897037030707885 0.093852879117539395 0.3517763945574397 -0.0058866191950711945 -0.051192864155612895 0.47522835995433382 0.29030635318031994 0.073658470069175419 0.12489110937253672 0.44493456093239558 0.049226088645109765 0.12193703343817426 0.01495271038205543 0.20071330734147855 0.15069264578098265 -0.039813960694681252 0.37882549696443135 0.043194325411186459 -0.038326155240722831 0.24870448894456598 0.004473898862206129 -0.035302362371046302 0.16975249858081065 0.16133591884373694 0.18163270309065405
leaf_weight=116.97250026464462 408.19526024162769 671.91399253159761 431.07056918740273 37.149141222238541 905.00973901152611 759.41643179953098 721.56422334164381 31.773915335536003 1044.2249854132533 7182.3906319141388 12.796149611473085 7.7219345569610587 7.6797294020652753 333.53446458280087 7.0243159681558609 430.5526726692915 209.60654167830944 477.99487364292145 428.72620806097984 9.6893102377653104 8.7389773651957494 5.2284735739231101 32.721591226756573 87.742929108440876 14.977885641157625 19.969860501587391 1776.2526357397437 8.9490454420447332 755.08592441678047 193.94670798629522
leaf_count=943 4222 7627 4026 32 7293 8859 4836 66 10360 84376 4 17 59 1853 4 3205 1138 4281 1638 45 69 12 287 976 68 196 19861 61 3552 834
internal_value=-0.000176179 0.09198 0.116317 -0.0140004 -0.0334264 0.00290847 0.0697957 0.165037 0.0191171 -0.0457633 0.173919 -0.000763962 0.0662454 0.088851 0.251022 0.0784175 0.161312 0.0377654 0.207424 0.335381 0.169653 -0.00581896 0.0894351 -0.0334178 0.0149703 0.109146 -0.0479886 -0.019068 0.171519 0.205583
internal_weight=17138.6 4539.47 3698.76 840.703 12599.2 3186.65 1916.72 1782.04 2427.23 9412.51 1650.36 453.867 131.677 1485.65 14.704 1152.12 1199.15 1383 451.212 22.4855 989.546 446.145 37.9501 803.554 131.64 34.9477 8958.64 96.692 980.807 225.721
internal_count=170800 31232 22272 8960 139568 30793 13920 8352 21934 108775 7346 4538 1006 9894 63 8041 5659 11574 1687 49 4521 4521 299 8928 1301 264 104237 1037 4452 900
cat_boundaries=0 6 12 18 24 25
cat_threshold=238080 151186444 8322 805309448 2147483648 5959 73728 175104 2 805306376 0 2 2550140928 41157123 1109413904 20156416 40976 10376 2151677952 3145859 101187612 16912384 0 128 7
is_linear=0
shrinkage=0.05


Tree=3
num_leaves=31
num_cat=7
split_feature=15 3 15 14 12 3 11 11 15 15 16 14 6 14 1 0 12 1 16 3 11 6 13 15 10 0 5 5 13 0
split_gain=18488 3716.87 2513.64 2450.98 2210.74 993.684 734.229 413.938 408.87 342.464 331.759 323.679 223.358 287.264 197.809 191.531 189.528 176.659 161.114 143.586 147.782 138.012 142.166 136.342 135.783 185.207 135.626 226.094 127.538 123.846
threshold=0 1.0000000180025095e-35 1 inf 0.034722222222222231 1.0000000180025095e-35 0.046964285714285722 0.041071428571428578 2 3 4 inf 163.50000000000003 0.37336743393009381 47.500000000000007 17.500000000000004 0.25738888888888894 28.500000000000004 5 1.0000000180025095e-35 0.098214285714285726 109.50000000000001 1.2149857925879128 6 0.82142857142857151 24.500000000000004 228.50000000000003 255.50000000000003 0.37796447300922736 25.500000000000004
decision_type=9 2 9 8 10 2 10 10 9 9 1 8 2 10 2 2 10 2 1 2 10 2 8 9 10 2 2 2 10 2
left_child=1 2 7 24 9 8 -4 14 28 11 12 19 13 -9 -1 -16 18 29 -8 20 -2 -22 -23 -10 -3 -26 -27 -28 -6 -12
right_child=4 3 6 -5 5 -7 16 10 23 -11 17 -13 -14 -15 15 -17 -18 -19 -20 -21 21 22 -24 -25 25 26 27 -29 -30 -31
leaf_value=0.039578227393723027 -0.015268111095588172 -0.040728685845924401 0.0058900317712384494 0.37183909883147992 0.030898179361255843 -0.048374631947600596 0.082189472163757396 0.36708507285879832 -0.026814696795748102 -0.049027658806156046 0.15854142371395019 0.241435089181949 0.16641954412735749 0.20198464104598562 -0.055555556254010124 0.3413187036705409 0.10364467424207549 0.1062376658772573 0.037536071849147666 -0.05219246659554766 0.29884031801584288 0.0048329623351738311 0.347460545616538 0.0089947706735518228 -0.025115241446341446 -0.055555555475088225 0.35834932783199314 0.040464632323065644 0.069701988706789716 0.090019232357418238
leaf_weight=120.68164779990911 745.00508609414101 684.5665441006422 431.90533506125212 39.271807357668877 815.17698072642088 727.25024682283401 659.18739607930183 31.108309909701347 349.53090979903936 7960.3929418846965 433.76753576099873 11.842308714985846 585.61101032048464 172.12436093389988 4.2076325193047515 10.954740822315214 535.53313362598419 495.60435254126787 379.54197108745575 279.32779005914927 6.3740196451544753 27.1390819773078 3.4076906740665427 1009.7545249760151 63.297712951898575 7.7159506157040623 10.399293124675753 12.104198291897772 286.06375739723444 77.763292454183102
leaf_count=943 8006 8030 3998 32 6665 8857 4229 45 3775 97157 1669 30 2316 582 39 24 2893 2374 2800 3301 22 260 7 9404 700 87 19 92 2084 360
internal_value=-0.000249106 0.0832966 0.103611 -0.0135568 -0.0327984 0.00297323 0.0633237 0.144373 0.01815 -0.045458 0.151486 -0.0183497 0.179814 0.227256 0.0609645 0.231184 0.0794831 0.126259 0.0670262 -0.0214215 -0.0104291 0.0872141 0.0430553 -0.00034197 -0.0330087 0.0235034 0.12534 0.187365 0.0406093 0.148125
internal_weight=16976.6 4755.35 3937.99 817.356 12221.3 3187.78 2006.17 1931.82 2460.53 9033.49 1795.98 1073.1 788.844 203.233 135.844 15.1624 1574.26 1007.14 1038.73 1061.25 781.926 36.9208 30.5468 1359.29 778.084 93.5172 30.2194 22.5035 1101.24 511.531
internal_count=170800 31232 22272 8960 139568 30785 13920 8352 21928 108783 7346 11626 2943 627 1006 63 9922 4403 7029 11596 8295 289 267 13179 8928 898 198 111 8749 2029
cat_boundaries=0 6 12 18 24 25 26 31
cat_threshold=238080 134409230 8322 805309448 2147483648 5959 73728 175104 2 805306376 0 2 402657280 57934337 1073758224 20021248 40976 10376 2151680032 54263937 101191708 2167541824 262161 128 3 7 553386032 814219264 545655588 134217888 1744961573
is_linear=0
shrinkage=0.05


Tree=4
num_leaves=31
num_cat=6
split_feature=14 3 15 12 14 3 15 11 16 13 15 11 10 15 12 12 14 11 1 11 5 10 5 5 1 6 15 11 12 11
split_gain=16333 2937.22 2250.68 2244.04 2014.82 990.533 521.363 359.09 286.565 282.788 212.223 208.183 204.426 184.557 182.337 160.984 211.021 139.373 134.304 129.764 172.596 125.368 136.114 237.06 112.662 114.141 112.441 107.629 160.295 115.851
threshold=0.10490700029563654 1.0000000180025095e-35 0 0.025000000000000005 0.10490700029563654 1.0000000180025095e-35 1 0.11696428571428573 2 1.8898223650461354 3 0.16357142857142862 1.5000000000000002 4 1.4833333333333336 0.93888888888888899 0.34674373795761088 0.11696428571428573 37.500000000000007 0.17250000000000001 204.50000000000003 0.59500000000000008 228.50000000000003 235.50000000000003 50.500000000000007 23.500000000000004 5 0.026785714285714288 0.030555555555555558 0.098214285714285726
decision_type=8 2 9 10 10 2 9 10 1 10 9 10 8 9 8 10 10 10 2 10 2 10 2 2 2 2 9 10 10 10
left_child=3 2 8 9 -3 6 11 -4 14 10 -1 -5 17 -8 15 24 -17 -10 19 20 -19 -6 -23 -24 25 -2 -9 28 -27 -29
right_child=1 4 7 5 21 -7 13 26 12 -11 -12 -13 -14 -15 -16 16 -18 18 -20 -21 -22 22 23 -25 -26 27 -28 29 -30 -31
leaf_value=-0.019264414196546842 0.22952121450252394 0.25315586059394252 0.027761962142579779 0.026186607277249793 -0.042943932070345858 -0.048437886907120961 0.012142247697777492 0.081767681313441615 0.043655609662939604 0.40247628986403972 -0.049264857091392319 0.072078252148947822 0.1896076117487025 -0.021239741866811476 0.066756426967843938 0.42451329238212782 0.18296813488485716 0.37856332959894912 0.080829054744413514 0.1170369084431592 0.078712735209353943 -0.052677143629418915 0.25229553612623368 0.01456140027382398 0.059985275634442108 0.33356465013734371 0.04556864572634009 0.25355194791403279 -0.041056051828986154 0.15234572723045012
leaf_weight=686.6925370246172 52.733605220913887 66.494029402732849 784.22136629372835 710.73002276569605 633.99604752659798 789.88318930566311 924.88462813943624 854.58176799863577 88.944271422922611 3.503050595521926 7586.33703456074 378.8579638749361 73.828366652131081 733.60162547975779 56.066139183938503 12.741521120071409 31.142847195267677 11.000140912830831 301.09913705289364 705.81687438488007 8.5132616087794286 50.363302007317543 12.502018027007578 65.032964020967484 30.165125772356987 3.5564720630645779 425.67739611119032 29.45299357175827 14.48659025877714 707.89459902793169
leaf_count=7541 142 175 6367 5810 7775 10000 8489 4792 592 4 96646 2486 225 7959 298 7 94 15 1440 2763 39 607 45 644 146 7 2995 92 125 2480
internal_value=-0.000316358 0.0752347 0.0922361 -0.0324201 -0.0107978 0.000909126 0.015093 0.0541435 0.128344 -0.0466674 -0.0468575 0.0417602 0.108122 -0.00266248 0.152564 0.159747 0.253099 0.103697 0.1089 0.120553 0.247745 -0.0338342 0.0113229 0.0528945 0.15486 0.158401 0.0707264 0.153436 0.0327855 0.156388
internal_weight=16834.8 5020.31 4191.92 11814.5 828.388 3537.96 2748.07 2064.48 2127.44 8276.53 8273.03 1089.59 1189.2 1658.49 938.24 882.174 43.8844 1115.37 1026.43 725.33 19.5134 761.894 127.898 77.535 838.289 808.124 1280.26 755.391 18.0431 737.348
internal_count=170800 31865 22619 138935 9246 34744 24744 14154 8465 104191 104187 8296 5074 16448 3391 3093 101 4849 4257 2817 54 9071 1296 689 2992 2846 7787 2704 132 2572
cat_boundaries=0 6 12 13 19 24 30
cat_threshold=204800 175104 2 805306376 0 1026 402788352 56885249 1075847186 20024320 40960 12232 3 2151680032 50864257 101200030 2165442560 2147745793 1664 2147500552 672 102289480 2152075264 89145362 32768 134217740 8320 3072 2147483648 964
is_linear=0
shrinkage=0.05


Tree=5
num_leaves=31
num_cat=7
split_feature=15 3 12 14 15 3 11 15 15 14 10 16 11 0 16 14 13 11 5 10 5 5 15 11 12 3 13 1 0 11
split_gain=14459.3 2453.42 2043.99 1796.12 1526.76 922.715 559.297 389.687 286.064 250.158 248.126 212.657 201.397 183.729 160.817 140.614 301.116 136.421 161.543 127.432 136.21 219.154 127.306 117.614 111.559 110.72 111.543 109.38 129.863 107.013
threshold=0 1.0000000180025095e-35 0.025000000000000005 inf 1 1.0000000180025095e-35 0.046964285714285722 2 3 inf 0.82142857142857151 4 0.11696428571428573 5.5000000000000009 5 0.27504325259515577 1.618347187425375 0.075892857142857165 144.50000000000003 0.59500000000000008 228.50000000000003 235.50000000000003 6 0.2648214285714286 0.01388888888888889 1.0000000180025095e-35 1.8898223650461354 37.500000000000007 30.500000000000004 0.2916071428571429
decision_type=9 2 10 8 9 2 10 9 9 8 10 1 10 2 1 10 10 8 2 10 2 2 9 10 8 2 10 2 2 8
left_child=1 4 8 19 10 7 24 27 9 25 11 13 -13 -1 -8 16 -12 18 -15 -3 -21 -22 -9 -16 -6 26 -2 -4 -29 -23
right_child=2 3 5 -5 6 -7 14 22 -10 -11 15 12 -14 17 23 -17 -18 -19 -20 20 21 29 -24 -25 -26 -27 -28 28 -30 -31
leaf_value=0.061198384829134124 -0.014068507980243778 -0.041231718500272962 0.038584603668937574 0.29847983891038993 -0.037368145131400861 -0.048599346476956157 0.085145471266176442 -0.031740041547581969 -0.049368949894381994 0.18001658626898207 0.43949540493007416 0.032686050233992764 0.099467123484810335 0.34981178513287192 0.03845780356620504 0.13894036278224117 0.092178676863484604 0.14877430624635313 0.1493451276954631 -0.052553089083361509 0.22655980902394265 0.17494316106126209 0.0022902479029671412 0.071876155080431825 0.01978922868190796 -0.052427497047753659 0.2418846022125688 0.0072865918686720391 0.18040178242970867 -0.01134538339075823
leaf_weight=53.430200882256031 673.45016761124134 601.22279614955187 1044.2758503034711 43.689818263053894 114.14768153429031 789.43367630243301 804.19703466445208 383.31444396823645 6945.9566683545709 15.482465073466299 12.100278675556185 126.72181599587202 1034.9177225530148 19.690831787884235 601.29088021069765 519.41741970181465 12.886679857969282 269.34352235496044 20.524352297186852 48.537406757473946 14.905317083001135 8.9287221506237966 914.34174808859825 468.37439911812544 338.61288532614708 232.66015945374966 4.2836466282606116 527.45017801970243 11.060348011553286 56.439938835799694
leaf_count=225 7500 7627 7976 32 1245 10454 4193 4423 92732 32 4 859 3977 30 3912 1544 45 868 104 613 47 59 8853 2370 2896 2969 11 4557 61 582
internal_value=-0.000374535 0.0690429 -0.0314982 -0.0129259 0.0836282 -0.000708802 0.0550152 0.0124164 -0.0458924 -0.0190719 0.114982 0.105191 0.0913953 0.142885 0.0673019 0.144514 0.260372 0.1616 0.247501 -0.0315624 0.013569 0.0535495 -0.00792781 0.052599 0.005379 -0.0226672 -0.0124507 0.0289628 0.0108422 0.0140998
internal_weight=16711.1 5169.38 11541.7 773.724 4395.66 3669.88 2326.62 2880.44 7871.83 925.876 2069.03 1524.63 1161.64 362.989 1873.86 544.404 24.987 309.559 40.2152 730.034 128.811 80.274 1297.66 1069.67 452.761 910.394 677.734 1582.79 538.511 65.3687
internal_count=170800 31232 139568 8960 22272 36324 14616 25870 103244 10512 7656 6063 4836 1227 10475 1593 49 1002 134 8928 1301 688 13276 6282 4141 10480 7511 12594 4618 641
cat_boundaries=0 6 12 18 24 25 26 31
cat_threshold=238080 151186444 8322 805309448 2147483648 5959 73728 174080 2 805306376 0 2 2550140928 41156739 1143488536 20152320 57344 10376 2151680032 37486723 101191772 2167541824 17039377 128 1 3 54263840 277413888 8784676 16544 2024014853
is_linear=0
shrinkage=0.05


Tree=6
num_leaves=31
num_cat=7
split_feature=14 12 3 14 15 3 15 15 15 13 11 6 14 5 10 11 15 5 10 15 10 5 5 8 13 1 15 1 14 1
split_gain=12821.7 2093.86 1966.87 1447.23 1429.95 857.592 401.16 281.599 246.852 215.294 210.813 172.011 254.154 282.409 216.576 162.311 155.585 151.136 127.855 125.123 113.323 130.823 206.641 111.827 104.611 98.5906 94.7482 89.9226 88.9906 88.8533
threshold=0.10490700029563654 0.025000000000000005 1.0000000180025095e-35 0.10490700029563654 0 1.0000000180025095e-35 1 2 3 1.4960264830861922 0.026785714285714288 163.50000000000003 0.34674373795761088 68.500000000000014 0.082857142857142865 0.16357142857142862 4 174.50000000000003 1.0000000180025095e-35 5 0.53571428571428581 228.50000000000003 235.50000000000003 1.0000000180025095e-35 5.1823857198584138 45.500000000000007 6 34.500000000000007 0.46987809487809495 23.500000000000004
decision_type=8 10 2 10 9 2 9 9 9 10 10 2 10 2 10 10 9 2 8 9 10 2 2 8 10 2 9 2 10 2
left_child=1 8 4 -4 7 6 15 11 9 -1 -6 12 17 -14 29 -3 -8 -2 23 25 -5 -22 -23 -9 -16 -12 -17 -20 -15 -13
right_child=2 5 3 20 10 -7 16 18 -10 -11 19 14 13 28 24 26 -18 -19 27 -21 21 22 -24 -25 -26 -27 -28 -29 -30 -31
leaf_value=-0.019051573030716678 0.39667747256020319 0.022234968546815052 0.19405032166227293 -0.044265868648204157 -0.0044566532767209869 -0.0477522775538178 -0.030618647399800126 0.02657845180592034 -0.048691576931533857 0.33056009292524763 0.063607246522805236 0.013994218047980104 0.38651758757941485 0.021025441778945116 0.11320882009587739 0.023419688489568709 0.005651211404066641 0.17929471132129773 0.096734450093968916 0.026572645371312233 -0.051449039194402295 0.19616182284397074 0.0064125851500017915 0.10487610710396787 0.24218650474194328 0.016651746470138794 0.079316397265867339 0.06736918408800939 0.13069082245053612 0.085980903719791835
leaf_weight=689.54491284489632 14.871200174093245 760.60583028942347 78.118542343378067 532.46593183279037 231.22411474585533 725.37529218196869 374.88834165781736 178.79937425255775 6932.1828783005476 4.4318156242370597 899.40797127783298 76.09016639739275 10.569955721497534 19.75837666541338 865.14756868779659 147.22691085189581 1267.7942881211638 17.294258937239647 759.17189714312553 586.88152162730694 71.346835762262344 16.925432898104191 94.227501764893532 61.21545023471117 16.012185260653496 127.65665133297443 256.26683139801025 397.04538668692112 290.19857728481293 98.169896341860294
leaf_count=7852 7 5987 175 7077 2180 10000 4419 1038 96333 6 4979 427 7 89 2737 1039 11877 40 2758 4276 947 55 992 250 29 851 1422 1704 816 431
internal_value=-0.000425703 -0.0311146 0.062492 -0.0102858 0.074906 0.000711061 0.0132358 0.0973981 -0.045855 -0.01658 0.0399774 0.114767 0.145813 0.132367 0.10548 0.0355281 -0.00276137 0.279798 0.0791896 0.046591 -0.032612 0.00138981 0.035306 0.0465482 0.115553 0.057214 0.061467 0.0866504 0.1237 0.0545481
internal_weight=16600.9 11158.3 5442.6 793.084 4649.51 3532.16 2806.78 2804.34 7626.16 693.977 1845.17 1408.11 352.692 320.527 1055.42 1164.1 1642.68 32.1655 1396.23 1613.95 714.966 182.5 111.153 240.015 881.16 1027.06 403.494 1156.22 309.957 174.26
internal_count=170800 138935 31865 9246 22619 34744 24744 10333 104191 7858 12286 4583 959 912 3624 8448 16296 47 5750 10106 9071 1994 1047 1288 2766 5830 2461 4462 905 858
cat_boundaries=0 6 12 16 22 27 33 39
cat_threshold=237568 134392832 2 805306376 0 1346 402788864 56885249 1074266130 20024320 40960 12232 65536 172032 2 805306368 2151680032 50864257 101200030 2165442560 2147745809 1664 54263840 277413888 8784672 134217952 2024014853 0 16793612 8320 3072 2147483648 645 134217728 54525952 524288 2164736 40960 2056
is_linear=0
shrinkage=0.05


Tree=7
num_leaves=31
num_cat=7
split_feature=15 12 3 14 15 3 11 15 15 16 13 6 12 5 5 14 10 5 5 15 1 14 10 1 3 11 5 16 5 0
split_gain=11415.6 1931.31 1649.61 1352.83 951.702 804.408 399.94 316.539 269.851 200.98 163.402 154.522 152.504 143.121 137.883 143.681 111.152 110.533 136.745 109.853 106.379 100.595 104.771 93.5034 93.0317 91.1979 86.9628 110.575 130.065 83.2209
threshold=0 0.025000000000000005 1.0000000180025095e-35 inf 1 1.0000000180025095e-35 0.11696428571428573 2 3 4 1.5735915849388871 85.500000000000014 0.01388888888888889 675.50000000000011 170.50000000000003 0.37336743393009381 0.59500000000000008 228.50000000000003 235.50000000000003 5 36.500000000000007 0.07110860295961878 3.5000000000000004 37.500000000000007 1.0000000180025095e-35 0.2648214285714286 239.50000000000003 6 231.50000000000003 30.500000000000004
decision_type=9 10 2 8 9 2 10 9 9 1 8 2 8 2 2 10 10 2 2 9 2 10 8 2 2 8 2 1 2 2
left_child=2 8 4 16 9 7 12 20 10 11 24 14 -6 -13 15 -1 -4 -18 -19 -9 26 -11 -23 -8 -2 -20 27 28 -3 -22
right_child=1 5 3 -5 6 -7 23 19 -10 21 -12 13 -14 -15 -16 -17 17 18 25 -21 29 22 -24 -25 -26 -27 -28 -29 -30 -31
leaf_value=0.37290996874879573 -0.014100732065147196 0.057979403316941902 -0.040058682443294844 0.23471002729171564 -0.036174530006854611 -0.047740584148360202 0.067944734206676266 -0.033070952615797178 -0.048767121697479376 -0.055555554385225206 0.077477894358588081 0.10803607642604002 0.02757628191511087 -0.04539174272082741 0.13252478058342362 0.16972634731006275 -0.052227060308113166 0.17073580198925242 0.17716877757328056 0.00069575806801003076 0.0057123676527615031 0.077275398572485055 0.19266928918326745 0.042947254580126243 -0.052138723750899313 -0.0081895336700079351 0.017298494929152555 0.017236514163398681 0.20865167728483108 0.1407011818866768
leaf_weight=13.621244013309477 638.83875209093094 387.92711228877306 559.24614652246237 51.724865257740021 107.71348513662815 725.49800798296928 1345.7601686567068 315.45247397571802 6365.1124218776822 14.005684174597262 41.886315263807774 793.36113072186708 726.77005211263895 15.49663984030485 111.54651857167482 24.08698034286499 44.240853533148766 17.290467649698257 7.4832086637616149 933.68044509738684 586.16120312362909 1154.8733638525009 20.011294707655907 518.11141676455736 214.78976433724165 58.607351057231426 434.82211184501648 247.5241552516818 14.872045733034609 11.644473411142824
leaf_count=8 7391 2623 7626 32 1245 10454 6181 3873 92661 123 243 2340 5217 120 270 52 613 45 42 9131 4908 3998 49 2669 2949 602 3387 1823 63 62
internal_value=-0.000467771 -0.0302023 0.0576227 -0.0118806 0.0683362 -0.000601475 0.0479383 0.0110624 -0.0451555 0.0933144 -0.0187315 0.112547 0.0193475 0.105097 0.160466 0.243122 -0.0304503 0.0116544 0.045549 -0.00802652 0.025129 0.0770052 0.0792409 0.060996 -0.0236718 0.012798 0.0346087 0.0461827 0.0620032 0.00834177
internal_weight=16502.2 10918.2 5583.95 738.593 4845.36 3657.58 2698.36 2932.08 7260.63 2147 895.515 958.113 834.484 808.858 149.255 37.7082 686.868 127.622 83.381 1249.13 1682.95 1188.89 1174.88 1863.87 853.629 66.0906 1085.15 650.323 402.799 597.806
internal_count=170800 139568 31232 8960 22272 36324 15312 25870 103244 6960 10583 2790 6462 2460 330 60 8928 1302 689 13004 12866 4170 4047 8850 10340 644 7896 4509 2686 4970
cat_boundaries=0 6 12 18 24 25 30 31
cat_threshold=238080 134409230 8322 805309448 2147483648 5959 73728 174080 2 805306368 0 2 2550140928 57933953 1109934104 20152320 40976 10376 2151680032 54263937 101453916 2167541824 262161 128 3 54263840 277413888 8784676 160 2023752709 11
is_linear=0
shrinkage=0.05


Tree=8
num_leaves=31
num_cat=9
split_feature=14 15 12 3 14 16 3 15 11 14 3 13 16 1 1 5 0 16 15 15 15 10 5 6 5 5 12 11 1 15
split_gain=10236.1 1800.2 1371.63 728.848 931.586 710.923 586.431 337.552 249.462 232.676 217.554 214.807 180.397 145.064 131.706 188.698 128.865 128.259 127.611 122.716 118.495 113.72 112.335 222.659 103.188 103.626 101.969 95.957 92.6279 89.1436
threshold=0.077435530483306439 0 0.019444444444444448 1.0000000180025095e-35 0.078921432002159619 1 1.0000000180025095e-35 2 0.026785714285714288 0.077435530483306439 1.0000000180025095e-35 0.37796447300922814 3 34.500000000000007 34.500000000000007 447.50000000000006 9.5000000000000018 4 5 6 7 3.5000000000000004 72.500000000000014 197.50000000000003 228.50000000000003 235.50000000000003 0.25461111111111118 0.17250000000000001 2.5000000000000004 8
decision_type=8 9 10 2 10 1 2 9 10 10 2 8 1 2 2 2 2 1 9 9 9 8 2 2 2 2 10 10 2 9
left_child=2 3 18 11 -5 8 7 27 -3 -7 -11 17 14 20 15 29 -16 22 -1 -9 -10 28 23 26 -6 -26 -2 -4 -14 -13
right_child=1 5 6 4 24 9 -8 19 13 10 -12 12 21 -15 16 -17 -18 -19 -20 -21 -22 -23 -24 -25 25 -27 -28 -29 -30 -31
leaf_value=-0.021490601310307958 0.39537456235888735 -0.0061051740470157746 0.019653160773165302 0.23712520107002641 -0.051770261699135248 0.08712276893184534 -0.049360292146852926 -0.035116195348758865 0.065438869525237933 0.0035505225760289992 -0.042604162282342546 0.14042094128200996 0.15016499066720829 0.023197985174606556 0.11161927137573531 0.053206439783681718 0.05803321100291442 0.044545331726507181 -0.049505816578126575 -0.0018804660775104363 0.031687462068520231 0.19151345224483032 0.07681156251781146 0.059723779485393175 0.12960545105307961 -0.0076728126029245031 0.18476290930205508 0.057572286114339316 0.059052363460253027 0.092965254166544886
leaf_weight=493.26078990846872 9.9194156825542468 313.99522341042757 576.24102754890919 38.661938428878784 156.21384339034557 53.483949407935143 649.43725674599409 342.54079969227314 721.54598792642355 503.35113845020533 518.11998902261257 388.9779185205698 28.914150804281235 667.68248285353184 173.27165354788303 133.27177704125643 318.28836686909199 688.59098020941019 5885.1150905415416 1331.0216650366783 518.87271824479103 17.379121676087379 169.69950644671917 25.26459202170372 14.978605255484579 167.18549217283726 13.662994682788847 234.83104185014963 791.31254595518112 470.90162076056004
leaf_count=6073 6 2989 4751 25 2252 157 9741 4525 3605 3716 7460 814 74 4546 504 460 1063 3124 89506 13427 3735 40 641 101 48 2033 34 1380 2631 1339
internal_value=-0.00050649 0.0458397 -0.0341417 0.0702011 0.00461228 0.0189216 -0.00705578 0.00400183 0.0350353 -0.0144036 -0.0198605 0.078076 0.0861354 0.0419889 0.0974333 0.108566 0.0769219 0.0574434 -0.0474506 -0.00885125 0.0521035 0.0641797 0.0918416 0.162859 -0.0219539 0.00361501 0.273352 0.0302589 0.0622642 0.117147
internal_weight=16416 6903.55 9512.45 3606.49 377.04 3297.05 3134.07 2484.63 2222.1 1074.96 1021.47 3229.45 2322.32 1908.1 1484.71 993.151 491.56 907.137 6378.38 1673.56 1240.42 837.606 218.547 48.847 338.378 182.164 23.5824 811.072 820.227 859.88
internal_count=170800 41397 129403 15189 4358 26208 33824 24083 14875 11333 11176 10831 6925 11886 4180 2613 1567 3906 95579 17952 7340 2745 782 141 4333 2081 40 6131 2705 2153
cat_boundaries=0 6 7 13 14 15 21 26 32 38
cat_threshold=237568 134392832 2 805306376 0 1602 15 402788352 54788737 1174429844 17927168 40960 10568 7 1 2151680032 50864257 798942 2167408704 2214592528 1664 54001696 276889600 21432576 138420275 402656965 0 17055757 8336 3072 2147483648 389 65536 131072 2 805306368 0 2
is_linear=0
shrinkage=0.05


Tree=9
num_leaves=31
num_cat=8
split_feature=14 15 11 16 3 14 3 10 15 10 3 15 15 16 15 10 1 5 11 6 5 1 12 10 1 12 5 15 1 5
split_gain=9237.94 1909.8 893.836 810.432 574.777 797.073 341.841 271.641 228.793 208.82 266.42 181.625 170.143 161.87 159.017 119.822 153.453 218.896 164.967 129.772 249.493 115.283 114.018 103.069 97.8626 97.295 92.5325 85.9266 81.4698 74.793
threshold=0.053549915407443284 0 0.026785714285714288 1 1.0000000180025095e-35 0.053549915407443284 1.0000000180025095e-35 1.0000000180025095e-35 2 1.1785714285714286 1.0000000180025095e-35 3 4 5 6 0.059285714285714296 23.500000000000004 72.500000000000014 0.098214285714285726 71.500000000000014 164.50000000000003 34.500000000000007 0.008333333333333335 1.5000000000000002 34.500000000000007 0.069444444444444461 228.50000000000003 7 44.500000000000007 10.500000000000002
decision_type=8 9 10 1 2 10 2 8 9 8 2 9 9 1 9 10 2 2 10 2 2 2 10 8 2 8 2 9 2 2
left_child=2 4 11 7 13 -6 8 12 -4 10 27 -1 21 15 -9 16 -2 18 -18 20 -17 29 -19 28 -24 -21 -7 -5 -15 -3
right_child=1 3 6 9 5 26 -8 14 -10 -11 -12 -13 -14 23 -16 19 17 22 -20 25 -22 -23 24 -25 -26 -27 -28 -29 -30 -31
leaf_value=-0.018122028302124026 -0.00090303270001999771 0.19582941262095366 0.029652001944460785 0.021489429510305587 0.21495421163638617 -0.051380914757430486 -0.048778230127935626 0.057389907806867049 -0.01080533863081002 0.065677580879234879 -0.043852437059417528 -0.048285873691785552 0.00047139163587510744 0.061584584674939526 0.019842772923260001 0.31165625531593083 0.37995736880932812 0.17604161123587739 0.12388807563923021 0.25406699918293135 0.11121417846124829 0.010033180704580159 0.105674094421078 0.10776299105202775 0.0033403493702693536 0.083067405831323604 0.0024810266476522811 -0.014880484774600571 0.031449409726896062 0.050296868947748125
leaf_weight=589.30572867766023 86.222598716616631 9.0595203936099988 555.74114839732647 286.792330250144 40.159735918045044 142.37979768961668 375.50053419545293 956.59183710068464 905.88551085814834 72.731368765234947 652.28225365653634 5977.303446829319 850.3570406511426 1477.1394006088376 449.61984655633569 17.141568928956985 9.31064470857382 16.577938638627529 19.383804261684418 8.3843082040548307 164.57540433108807 256.80450005829334 33.962659679353237 106.12551552802324 74.852833099663258 1058.4282771274447 181.24278071522713 348.83010207116604 264.42842618376017 346.01623574644327
leaf_count=7323 415 33 4442 1913 17 2147 5878 4915 10236 292 9857 93313 7663 4981 3276 13 4 49 54 13 371 1842 112 235 331 2856 2074 2978 1094 2073
internal_value=-0.000528585 0.0381828 -0.037055 0.015089 0.064362 0.00485611 -0.00622567 0.0301386 0.00470633 -0.0166266 -0.0214036 -0.04568 0.0151547 0.0710428 0.0459339 0.0842752 0.0525097 0.0823977 0.206976 0.0910643 0.130122 0.0349814 0.0538897 0.0596016 0.03528 0.0844113 -0.0212159 0.00163357 0.0570091 0.05401
internal_weight=16333.1 7929.4 8403.74 4229.09 3700.32 363.782 1837.13 2868.45 1461.63 1360.64 1287.9 6566.61 1462.24 3336.53 1406.21 1488.84 240.31 154.088 28.6944 1248.53 181.717 611.88 125.393 1847.69 108.815 1066.81 323.623 635.622 1741.57 355.076
internal_count=170800 49608 121192 34842 14766 4238 20556 19802 14678 15040 14748 100636 11611 10528 8191 4218 965 550 58 3253 384 3948 492 6310 443 2869 4221 4891 6075 2106
cat_boundaries=0 6 7 13 19 25 26 32 38
cat_threshold=237568 134392832 2 805306376 0 1090 15 402788352 4198977 1343266904 28410880 16818176 10440 2151677960 33824897 3961038 2165312512 2214592528 1920 512 53493770 33562752 3072 16 6528 3 512 50610317 536871060 1051648 2147483648 909 2147484160 16793607 8200 19924992 16 2948
is_linear=0
shrinkage=0.05


Tree=10
num_leaves=31
num_cat=8
split_feature=14 15 12 3 3 14 3 10 15 10 15 15 15 15 6 6 11 6 5 6 11 5 0 10 16 12 12 5 12 15
split_gain=8373.39 1594.99 879.004 681.712 515.553 643.03 421.366 324.399 267.953 216.955 168.141 160.393 133.97 125.602 121.11 182.013 113.101 103.035 107.483 159.246 110.341 281.148 100.968 99.8803 107.583 191.741 112.364 90.1465 85.2721 80.1941
threshold=0.053549915407443284 0 1.0000000180025095e-35 1.0000000180025095e-35 1.0000000180025095e-35 0.053549915407443284 1.0000000180025095e-35 0.67857142857142871 1 1.0000000180025095e-35 2 3 4 5 134.50000000000003 130.50000000000003 2.6250000000000004 89.500000000000014 166.50000000000003 66.500000000000014 0.20821428571428574 204.50000000000003 24.500000000000004 1.3571428571428574 6 0.21294444444444446 0.19722222222222227 228.50000000000003 0.32500000000000007 7
decision_type=8 9 10 2 2 10 2 8 9 8 9 9 9 9 2 2 8 2 2 2 10 2 2 10 1 8 10 2 8 9
left_child=2 4 29 9 10 -6 8 -5 -4 11 16 -3 -11 -10 15 -15 17 18 19 -2 21 -20 -9 24 25 26 -19 -7 -26 -1
right_child=1 3 6 7 5 27 -8 22 13 12 -12 -13 -14 14 -16 -17 -18 23 20 -21 -22 -23 -24 -25 28 -27 -28 -29 -30 -31
leaf_value=-0.022619421338188065 0.26645193861787159 0.028910273340558585 0.021615669616882962 -0.045917705234271716 0.17910680767124398 -0.051414454571245077 -0.050796913813939859 -0.045017903418123277 -0.04196887570662991 0.046005462911588191 0.051476914054307703 -0.0017429382171255754 0.01566723952009378 0.012538182899820435 -0.016525179113927538 0.22617083127072113 -0.016575495800337264 0.1387596588444415 0.40628771978479983 0.10935255291090806 0.073446438854815485 0.064475603601521228 0.082718344688891554 0.11106647348389923 0.012075727536696876 0.085826319274824966 0.34198526047578492 0.0011178759125286613 0.062255849933738186 -0.050470643097922922
leaf_weight=332.20628464221954 22.330739945173264 694.14546931535006 673.5248286575079 588.2727277316153 45.31009840965271 144.27228894457221 633.01359278336167 19.711637645959854 347.77399867773056 1068.2123197540641 1773.8852193430066 1087.9199175834656 603.06548057496548 279.04589200392365 1008.0510613173246 10.339684359729288 32.845862969756126 16.514588937163353 9.1460744142532366 58.100705981254578 205.20932008326054 17.577824994921684 71.89696978032589 144.73507481813431 93.142246000468731 300.19242575019598 11.564416393637659 188.188660569489 929.76187232881784 4848.9895673580468
leaf_count=4469 16 4450 5599 9355 18 2276 10356 260 5210 5456 6187 9866 4413 2962 11801 60 149 43 3 119 469 55 251 274 410 715 5 2171 2647 80735
internal_value=-0.000552466 0.0353447 -0.036419 0.0134436 0.0578376 0.00240367 -0.014641 -0.0322884 -0.00477048 0.0224861 0.0637905 0.0103495 0.0354272 -0.0156091 -0.00827647 0.0201712 0.0749676 0.077045 0.103164 0.152969 0.0858918 0.181458 0.055233 0.0715911 0.0673626 0.0946306 0.222459 -0.0216787 0.0571281 -0.048826
internal_weight=16258.9 8126 8132.94 4133.22 3992.78 377.771 2951.75 679.881 2318.74 3453.34 3615.01 1782.07 1671.28 1645.21 1297.44 289.386 1841.12 1808.28 312.365 80.4314 231.933 26.7239 91.6086 1495.91 1351.18 328.271 28.079 332.461 1022.9 5181.2
internal_count=170800 49608 121192 34051 15557 4465 35988 9866 25632 24185 11092 14316 9869 20033 14823 3022 4905 4756 662 135 527 58 511 4094 3820 763 48 4447 3057 85204
cat_boundaries=0 6 12 16 22 28 33 34 40
cat_threshold=237568 134392832 2 805307400 0 1090 402788360 4194816 1343762450 28380160 4251664 10824 196608 172032 2 805306368 512 51396622 33562752 2048 16 6400 0 50610189 536879252 1050624 2147483648 909 54001728 276889600 4393216 176 2048986788 1 2151677960 33562753 3174622 154141760 2147745795 1920
is_linear=0
shrinkage=0.05


Tree=11
num_leaves=31
num_cat=9
split_feature=14 15 12 3 3 10 3 10 15 11 15 15 15 15 16 16 6 6 5 0 5 1 15 12 14 10 5 11 5 1
split_gain=7603.66 1339.12 867.429 616.412 425.788 539.23 405.324 299.722 242.678 195.412 138.246 136.836 136.164 127.054 113.816 92.6809 90.0146 88.3469 225.915 85.6663 83.4261 114.66 82.406 78.9052 216.955 76.3297 72.4774 70.9408 67.5993 60.6502
threshold=0.053549915407443284 0 1.0000000180025095e-35 1.0000000180025095e-35 1.0000000180025095e-35 2.0714285714285716 1.0000000180025095e-35 0.67857142857142871 1 0.026785714285714288 2 3 4 5 6 7 85.500000000000014 134.50000000000003 98.500000000000014 24.500000000000004 164.50000000000003 25.500000000000004 8 0.21294444444444446 0.13679699712800381 0.059285714285714296 228.50000000000003 0.11160714285714286 411.50000000000006 44.500000000000007
decision_type=8 9 10 2 2 8 2 8 9 10 9 9 9 9 1 1 2 2 2 2 2 2 9 8 10 10 2 8 2 2
left_child=2 4 22 9 12 26 8 -5 -4 10 -3 14 15 -10 -11 16 20 18 -15 -9 21 -2 -1 24 -18 -25 -6 -14 -21 -16
right_child=1 3 6 7 5 -7 -8 19 13 11 -12 -13 27 17 29 -17 23 -19 -20 28 -22 -23 -24 25 -26 -27 -28 -29 -30 -31
leaf_value=-0.021886990374183218 0.26744811103733002 0.021626281784639684 0.021130917831690552 -0.045473058773195171 -0.05114377363824725 0.14122935199501141 -0.050551178585743907 -0.044542299451488569 -0.041720218902225464 0.04792899636838216 -0.026501917258177646 0.010456553285880434 0.014901310513610306 0.27375161067417109 0.02768416270031808 0.055175458186383468 -0.0036708822662264483 -0.014999963858986007 0.0082972394139890042 0.19958009815127534 0.094001844427104658 0.097254928298274063 -0.050225546841106951 0.028624885821143531 0.23540421982977114 0.075588467507517118 -0.002836299485985488 0.049452025394271737 0.056538435524006461 -0.0060022300419916965
leaf_weight=327.77868352457881 18.441596627235413 258.37106635421515 650.26774015650153 564.91741847991943 136.11868799105287 58.841215774416924 604.99542988091707 18.945493634790182 337.32611643895507 847.08475042879581 327.25211074948311 962.35502550005913 166.03096213191748 8.2221773490309698 960.04131782054901 1188.2951929569244 15.595395654439924 993.46344605460763 318.11752419173717 9.4310751557350141 138.80371479690075 21.356661438941956 4633.9746560268104 99.006837375462055 24.237263694405556 685.93860374391079 180.74753013253212 1412.4194178581238 66.492198564112186 155.22109008580446
leaf_count=4511 9 2261 5266 9355 2248 90 10356 260 5256 4200 3613 7817 896 32 5257 3358 65 11770 3308 48 252 36 80693 357 30 1494 2127 4595 203 1037
internal_value=-0.000570865 0.032772 -0.0357845 0.0126476 0.0528563 0.00222468 -0.0141235 -0.031663 -0.00457227 0.021012 -0.00535149 0.0262909 0.0580421 -0.0146972 0.0338305 0.0665425 0.079327 -0.00752862 0.0149854 0.0505724 0.1123 0.176119 -0.0484988 0.0731487 0.141801 0.0696649 -0.0235881 0.0455293 0.0743069 0.0227914
internal_weight=16190.1 8315.94 7874.15 4170.11 4145.83 375.707 2912.39 659.786 2307.4 3510.33 585.623 2924.7 3770.13 1657.13 1962.35 2191.68 1003.38 1319.8 326.34 94.8688 178.602 39.7983 4961.75 824.778 39.8327 784.945 316.866 1578.45 75.9233 1115.26
internal_count=170800 49608 121192 34051 15557 4465 35988 9866 25632 24185 5874 18311 11092 20366 10494 5601 2243 15110 3340 511 297 45 85204 1946 95 1851 4375 5491 251 6294
cat_boundaries=0 6 12 18 24 28 34 35 36 42
cat_threshold=237568 134392832 2 805307400 0 1090 402788360 4457024 1343762458 26283008 40976 10824 512 19939466 67645580 3282944 16 4096 512 50610191 8336 2048 2147483648 7053 196608 174080 2 805306368 51904576 276889600 4393216 180 2048986788 16 3 3 2151677960 33562753 3158238 154174528 2147745795 1920
is_linear=0
shrinkage=0.05


Tree=12
num_leaves=31
num_cat=8
split_feature=14 15 12 16 3 3 14 15 10 10 3 15 15 16 11 15 8 6 6 1 1 0 10 1 15 0 1 0 5 5
split_gain=6912.25 1128.23 854.875 604.165 389.562 317.621 467.04 222.3 181.755 152.747 229.908 123.895 123.267 114.91 138.619 107.505 101.675 97.1938 137.144 95.0847 90.8328 106.839 92.7882 93.7758 90.2548 88.9809 85.6425 94.0005 82.49 76.7083
threshold=0.053549915407443284 0 1.0000000180025095e-35 1 1.0000000180025095e-35 1.0000000180025095e-35 0.053549915407443284 2 1.0000000180025095e-35 0.67857142857142871 1.0000000180025095e-35 3 4 5 0.026785714285714288 6 87.500000000000014 134.50000000000003 130.50000000000003 34.500000000000007 34.500000000000007 30.500000000000004 0.059285714285714296 23.500000000000004 7 24.500000000000004 2.5000000000000004 11.500000000000002 228.50000000000003 672.50000000000011
decision_type=8 9 10 1 2 2 10 9 8 8 2 9 9 1 10 9 8 2 2 2 2 2 10 2 9 2 2 2 2 2
left_child=2 5 24 8 7 13 -7 -4 12 10 -5 -9 19 14 -2 -10 26 18 -13 29 22 -22 23 -16 -1 -11 27 -15 -8 -3
right_child=1 3 4 9 -6 6 28 11 15 25 -12 17 -14 16 20 -17 -18 -19 -20 -21 21 -23 -24 -25 -26 -27 -28 -29 -30 -31
leaf_value=-0.020555773652979101 -0.0026131142588260488 0.043777176028709036 0.020074659174385643 -0.00080801684511741696 -0.050294155020961885 0.14287686556748838 -0.050704136444968885 -0.041785868476467369 0.046638397439907935 -0.02157233768662864 -0.044988075524282328 0.01018512571054693 -0.0034924009999328341 0.07015803395719708 0.0031558559108944072 0.017513146882573764 0.17105888722133289 -0.01492015594397029 0.17940876826741906 0.0052591280731278424 0.047821059542754396 0.23065337950147097 0.074404465348154036 0.080768892875352369 -0.050035037467189764 0.063345616777693667 0.036896354237622608 0.24579871500977002 0.0021167322968859937 -0.052261337376331957
leaf_weight=326.52080288529396 84.008720643818378 472.35603154450655 654.97797377407551 626.5762535482645 578.35727800428867 51.893599152565002 124.41826282441616 318.23107158020139 999.87938310205936 46.953667879104614 555.56835663691163 303.76997451484203 671.94538993388414 38.506856396794319 96.862146645784378 522.82209287583828 14.80710147321224 1007.0444488748908 12.464037902653216 342.15091504901648 831.74897183477879 8.0678147524595243 1344.6905743479729 65.059891998767853 4426.6000961177051 89.939276114106178 1299.1590309813619 9.4962215870618802 182.09209022670984 21.749093160033226
leaf_count=4630 489 2792 5271 4743 10356 17 2147 5141 4636 441 9561 3176 6149 106 360 3555 48 11982 62 2473 2339 13 2932 188 80574 295 4039 14 2074 197
internal_value=-0.000586279 0.0304204 -0.0351407 0.0125172 -0.0136179 0.0490342 0.00416099 -0.0043812 0.024792 -0.0156624 -0.0215712 -0.0141753 0.012571 0.0534043 0.0602465 0.0370595 0.0404549 -0.00727167 0.0168549 0.0252184 0.0627538 0.0495775 0.0700986 0.0343406 -0.0481584 0.0342191 0.0393197 0.104904 -0.0193242 0.0395498
internal_weight=16128.7 8500.75 7627.97 4349.94 2874.84 4150.81 358.404 2296.49 3030.9 1319.04 1182.14 1641.51 1508.2 3792.41 2430.44 1522.7 1361.97 1323.28 316.234 836.256 2346.43 839.817 1506.61 161.922 4753.12 136.893 1347.16 48.0031 306.51 494.105
internal_count=170800 49608 121192 34842 35988 14766 4238 25632 19802 15040 14304 20361 11611 10528 6321 8191 4207 15220 3238 5462 5832 2352 3480 548 85204 736 4159 120 4221 2989
cat_boundaries=0 6 7 13 18 24 25 31 37
cat_threshold=237568 134392832 2 805306376 0 1090 15 402788360 4195009 1343762448 28380160 16818176 10824 1127743552 2424373504 4391168 160 2048986788 512 53493770 34087056 16915456 16 6528 7 0 50610317 536871060 1051648 2147483648 909 2151677960 301998209 3158238 154140736 2147745795 1920
is_linear=0
shrinkage=0.05


Tree=13
num_leaves=31
num_cat=8
split_feature=14 3 12 15 13 3 15 11 15 15 15 15 5 5 0 15 16 11 6 5 1 6 14 12 10 11 14 12 10 10
split_gain=6290.15 975.895 841.532 689.042 626.837 374.109 204.073 151.917 125.095 117.004 114.711 103.771 96.2891 184.43 147.586 94.0784 87.1964 85.5489 76.43 142.148 67.505 67.1986 72.5021 156.473 80.7477 68.5543 121.439 176.946 208.568 59.3487
threshold=0.053549915407443284 1.0000000180025095e-35 1.0000000180025095e-35 0 2.609506430251479 1.0000000180025095e-35 1 0.026785714285714288 2 3 4 5 228.50000000000003 235.50000000000003 24.500000000000004 6 7 2.6250000000000004 134.50000000000003 98.500000000000014 44.500000000000007 89.500000000000014 0.17839782228271442 0.21294444444444446 1.3571428571428574 1.3392857142857146 0.40097563293394684 0.93888888888888899 0.082857142857142865 1.0000000180025095e-35
decision_type=8 2 10 9 8 2 9 10 9 9 9 9 2 2 2 9 1 8 2 2 2 2 10 8 10 10 10 10 10 8
left_child=2 3 15 10 12 6 -4 8 -5 -8 17 16 -3 14 -14 -1 -9 21 19 -11 -18 25 -23 -24 -25 26 27 28 -2 -12
right_child=1 4 5 7 -6 -7 9 11 -10 18 29 -13 13 -15 -16 -17 20 -19 -20 -21 -22 22 23 24 -26 -27 -28 -29 -30 -31
leaf_value=-0.020266482770630881 0.266097571818394 -0.052865197968627167 0.018460378196899375 0.019681486037279147 0.077083728533449983 -0.050025471464091378 -0.041390438230453519 0.048936999768262199 -0.026068856262291204 0.20460611557933339 0.021195291421797057 0.0087288713574437196 -0.055555556568239572 -0.026945485287645267 0.19621916383871343 -0.049841013439275363 0.02731695355307906 -0.019926374534993574 -0.014363032547914165 0.0078838402144816386 -0.0034116839441426018 0.019631334634628284 0.16705620592862014 0.051092599724053438 0.088240973128989889 -0.0060823702828240872 0.069120146493008225 0.31273983804744016 0.042437794799624715 0.043181208857360709
leaf_weight=337.29499446973205 14.424041777849196 394.93426606804132 686.43028568476439 265.32465087622404 146.80902528017759 553.03176255151629 305.02001994848251 443.10450356453657 317.99396202713251 9.4541964232921583 375.28597239404917 959.82348094508052 8.8287129588425177 427.72089220583439 17.082378454506397 4217.4510314390063 1338.0919817984104 35.410183392465115 965.67858903855085 319.8380197994411 206.27907557040453 138.56309153139591 31.851604163646698 1361.5717160701752 163.88960912823677 22.680002510547638 272.9370432049036 12.686170578002928 37.581763297319412 1685.5882651656866
leaf_count=4915 17 7174 5471 2277 371 10356 5124 2059 3591 33 1664 7669 104 6634 48 80289 6886 149 11699 3305 1324 493 57 3278 266 42 508 1 94 4902
internal_value=-0.000599691 0.0282726 -0.0344867 0.0343076 -0.0183101 -0.013123 -0.00419721 0.0178941 -0.00536864 -0.013946 0.0481041 0.0225589 -0.034814 -0.0190986 0.110432 -0.0478048 0.0290479 0.0568576 -0.00721406 0.0135319 0.0230632 0.0584564 0.0542901 0.0573738 0.0550837 0.0780665 0.0837191 0.145313 0.104471 0.0389884
internal_weight=16072.7 8678.46 7394.2 7683.09 995.375 2839.45 2286.42 3530.62 583.319 1599.99 4152.47 2947.3 848.566 453.632 25.9111 4554.75 1987.48 2091.6 1294.97 329.292 1544.37 2056.19 1695.88 1557.31 1525.46 360.309 337.629 64.692 52.0058 2060.87
internal_count=170800 49608 121192 35277 14331 35988 25632 23806 5868 20161 11471 17938 13960 6786 152 85204 10269 4905 15037 3338 8210 4756 4094 3601 3544 662 620 112 111 6566
cat_boundaries=0 6 12 18 24 28 34 40 41
cat_threshold=237568 134392832 2 805307400 0 1346 402788360 4456960 1343762458 26283008 57360 10824 512 19939466 67645580 3282944 262160 4096 51904576 2424373248 4391168 180 2048986788 16 196608 172032 2 805306368 512 50610191 24720 2048 2147483648 6797 2151677960 301998209 3436766 154140736 2147745793 1920 1
is_linear=0
shrinkage=0.05


Tree=14
num_leaves=31
num_cat=10
split_feature=14 15 12 3 3 13 3 14 15 11 15 15 0 1 0 15 15 15 15 15 11 5 16 11 0 0 12 11 0 12
split_gain=5734.19 1010.91 585.475 573.091 280.918 277.936 218.144 369.082 202.335 200.522 185.444 158.955 147.931 133.868 158.465 104.151 104.033 94.3362 91.8951 80.7235 79.6181 74.8553 74.0014 64.3112 64.1091 84.6477 91.7183 143.559 107.237 67.9428
threshold=0.037746025930675144 0 1.0000000180025095e-35 1.0000000180025095e-35 1.0000000180025095e-35 0.89973541084243758 1.0000000180025095e-35 0.043422569005550908 1 0.026785714285714288 2 3 24.500000000000004 37.500000000000007 30.500000000000004 4 5 6 7 8 2.7142857142857149 228.50000000000003 9 0.11160714285714286 11.500000000000002 21.500000000000004 0.034722222222222231 0.098214285714285726 18.500000000000004 0.22405555555555556
decision_type=8 9 10 2 2 8 2 10 9 10 9 9 2 2 2 9 9 9 9 9 8 2 1 8 2 2 8 10 2 8
left_child=2 6 15 9 8 -5 17 -8 -4 11 12 -3 -7 16 18 -1 22 20 -15 -10 -2 -9 24 -19 -11 26 27 -26 -28 -30
right_child=1 3 4 5 -6 10 7 21 19 13 -12 -13 -14 14 -16 -17 -18 23 -20 -21 -22 -23 -24 -25 25 -27 28 -29 29 -31
leaf_value=-0.013730110365891736 0.05668185027708577 0.017773040117851965 0.019612752277051667 -0.046875427433139161 -0.05173923375554406 -0.03109423794806021 0.11866839915662349 -0.050228996432343881 -0.039878562198350967 0.026797813416637579 -0.014181081811450658 -0.027975604162841755 0.17404614939450447 0.015749290425248468 0.13784418889682432 -0.049448948513334548 0.012913081775140832 0.0095939661887353509 -0.013914187043167778 -0.010403930979147468 -0.036326793082495951 0.0012801215395069653 0.019324388139937563 0.040506785438523998 0.03873123271992257 0.033748002840174457 0.04431149239396899 0.41833853999827614 0.1298846583516281 0.049889800853933554
leaf_weight=244.42428870499134 1551.1840402334929 333.75857575982809 499.46541920676827 595.44628464058042 441.47797819599509 11.696443829685448 58.694605067372322 114.49969059973955 304.39946143329144 367.87200018018484 87.937537666410208 416.95565171167254 35.343865230679512 597.94356019794941 22.27025730162859 4036.0727720074356 896.82992392778397 181.21287214010954 448.25925622135401 993.61717165634036 23.355856783688068 183.68695213273168 571.35337340086699 2351.605363920331 5.2381917238235456 305.29249193519354 214.80125487595797 4.7481869459152222 80.050003632903099 39.711341142654419
leaf_count=3590 3455 2878 4426 11162 8686 184 20 2153 5254 1733 697 5109 74 3788 93 80102 6760 885 3458 11834 110 2142 3062 6271 39 1419 957 3 298 158
internal_value=-0.000609599 0.0241723 -0.0367203 0.00874281 -0.0160026 -0.0321907 0.0414639 0.00406054 -0.0072253 0.0157081 0.0325899 -0.00777221 0.101468 0.0206674 0.0058665 -0.0475569 0.027029 0.0448147 0.00305713 -0.0175681 0.0549532 -0.0184987 0.0346961 0.0381445 0.0430539 0.0529189 0.0699055 0.219222 0.0654485 0.103359
internal_weight=16019.2 9499.75 6519.46 5035.51 2238.96 730.424 4464.24 356.881 1797.48 4305.08 134.978 750.714 47.0403 3554.37 1068.47 4280.5 2485.9 4107.36 1046.2 1298.02 1574.54 298.187 1589.07 2532.82 1017.71 649.841 344.549 9.98638 334.563 119.761
internal_count=170800 56908 113892 41872 30200 12117 15036 4315 21514 29755 955 7987 258 21768 7339 83692 14429 10721 7246 17088 3565 4295 7669 7156 4607 2874 1455 42 1413 456
cat_boundaries=0 6 12 18 24 30 36 40 46 51 52
cat_threshold=237568 134392832 2 805307400 0 66 406982664 37748928 1076404288 9504768 88367104 10440 0 36978702 100663296 4096 0 4484 512 19939466 67645644 2148669440 16777232 7425 2151677952 268705921 3428574 18907200 2147745792 1920 2147483648 17056271 24728 2131968 2147483664 6029 196608 131072 2 805306368 2147484160 37765261 540016784 2299658240 2147524624 909 1127743552 276889856 4393216 160 2048986788 7
is_linear=0
shrinkage=0.05


Tree=15
num_leaves=31
num_cat=9
split_feature=14 15 12 3 3 13 15 16 10 3 10 15 15 0 15 11 15 1 15 1 16 6 12 5 12 6 1 14 0 6
split_gain=5250.03 862.87 578.372 523.658 271.522 260.783 185.671 184.656 220.764 214.662 180.557 150.811 144.224 123.42 115.931 112.882 106.219 81.4018 77.5623 75.8961 73.8301 104.903 173.203 73.8206 68.0848 67.2254 165.457 90.9136 81.2632 64.0572
threshold=0.037746025930675144 0 1.0000000180025095e-35 1.0000000180025095e-35 1.0000000180025095e-35 0.89973541084243758 1 2 3.5000000000000004 1.0000000180025095e-35 1.0000000180025095e-35 3 4 24.500000000000004 5 0.026785714285714288 6 44.500000000000007 7 44.500000000000007 8 71.500000000000014 0.097222222222222238 228.50000000000003 0.01388888888888889 33.500000000000007 18.500000000000004 0.29205486916852336 23.500000000000004 134.50000000000003
decision_type=8 9 10 2 2 8 9 1 8 2 8 9 9 2 9 10 9 2 9 2 1 2 10 2 8 2 2 10 2 2
left_child=2 7 16 10 6 -5 -4 15 9 17 11 19 13 -7 20 -2 -1 25 -8 -3 21 22 -12 -11 -13 26 28 -28 -9 -20
right_child=1 3 4 5 -6 12 18 8 -10 23 14 24 -14 -15 -16 -17 -18 -19 29 -21 -22 -23 -24 -25 -26 -27 27 -29 -30 -31
leaf_value=-0.015228537898843207 -0.0074011924226521173 0.024146909958108718 0.018396146101405955 -0.046465671630507382 -0.051538048473865485 -0.031083649907312241 -0.040048988375612438 -0.040816200841324778 0.10276960744207597 -0.049915427845405556 0.37882560534060383 -0.036321454065749478 -0.010865759359117518 0.15569987920583608 0.011592563077042326 0.048745250877640783 -0.049320241915666946 0.0010683973774308906 0.012254972521730315 -0.0089783249170377905 0.028046707848988436 0.048792773854104077 0.091344662720543479 0.0021475159901101402 -0.002726298884210266 0.031650459421004959 0.28361787484822992 0.10326566971610779 0.10221385699873851 -0.017466119156319831
leaf_weight=276.50050958618522 92.667430095374584 917.51312145963311 509.80427988618612 571.27622233703732 421.54541705921292 11.727793775498865 279.8239835575223 24.57595831155777 88.780623733997345 108.6784459836781 6.2463158443570128 179.37871656194329 89.21412493288517 35.966942213475704 920.77967792376876 2635.6978224664927 3827.667119231075 213.36920624226332 238.25177916884422 213.0757082849741 903.92762074619532 231.25684344023466 32.500117152929306 182.28975144028664 947.00687652826309 1205.5948500186205 11.273587852716448 18.379481539130211 16.664513885974884 758.30570891872048
leaf_count=4131 524 5813 4313 11162 8686 186 5041 67 89 2141 6 2656 698 71 6217 5914 79561 752 2529 1691 4137 923 110 2125 8202 3341 13 36 34 9631
internal_value=-0.000618048 0.0225581 -0.0360799 0.00824461 -0.0154436 -0.0316122 -0.00692518 0.0382085 0.0256819 0.021983 0.0147498 0.00493799 0.0303667 0.0907449 0.0253216 0.0466672 -0.0471807 0.0296546 -0.0170494 0.017747 0.0356873 0.0593516 0.137689 -0.0172983 -0.00800531 0.0344329 0.0817509 0.171832 0.0169796 -0.0102576
internal_weight=15969.7 9657.84 6311.9 5059.87 2207.73 708.185 1786.19 4597.97 1869.61 1780.83 4351.68 2256.97 136.909 47.6947 2094.71 2728.37 4104.17 1489.86 1276.38 1130.59 1173.93 270.003 38.7464 290.968 1126.39 1276.49 70.8935 29.6531 41.2405 996.557
internal_count=170800 56908 113892 41872 30200 12117 21514 15036 8598 8509 29755 18362 955 257 11393 6438 83692 4243 17201 7504 5176 1039 116 4266 10858 3491 150 49 101 12160
cat_boundaries=0 6 12 13 19 25 31 37 43 44
cat_threshold=237568 134392832 2 805307400 0 66 406982664 37748928 1076404288 9504768 88137728 11464 7 2147484160 57688078 34087056 2150701056 16810000 6144 0 34881550 100663424 4096 0 4100 0 279053 536871068 1050624 2147483648 1933 2151677952 268705921 3436766 153092160 2147745795 1920 51904576 276889600 4391168 180 2048986788 16 1
is_linear=0
shrinkage=0.05


Tree=16
num_leaves=31
num_cat=10
split_feature=14 3 12 15 10 3 15 14 15 13 12 15 15 15 16 15 1 1 12 15 7 0 11 5 8 1 6 6 15 6
split_gain=4811.18 766.871 555.5 529.593 511.431 254.86 207.542 204.823 169.89 138.401 126.307 109.073 108.615 106.186 105.012 95.7176 86.2757 82.2068 81.7812 76.155 72.0849 147.39 66.5804 56.0061 62.0127 55.2524 54.0873 128.695 67.7112 52.4374
threshold=0.036997310708624838 1.0000000180025095e-35 1.0000000180025095e-35 0 0.59500000000000008 1.0000000180025095e-35 1 0.19250464534026576 2 0.37796447300923602 0.01388888888888889 3 4 5 6 7 21.500000000000004 44.500000000000007 0.008333333333333335 8 21.500000000000004 3.5000000000000004 0.25446428571428575 156.50000000000003 1.0000000180025095e-35 15.500000000000002 134.50000000000003 130.50000000000003 9 157.50000000000003
decision_type=8 2 10 9 8 2 9 10 9 8 8 9 9 9 1 9 2 2 10 9 8 2 8 2 8 2 2 2 9 2
left_child=2 3 11 9 -3 8 7 -6 26 12 -5 -1 23 16 -12 20 -11 -14 -19 -10 25 -22 -9 -2 -25 -16 27 -4 -28 -21
right_child=1 4 5 10 6 -7 -8 22 19 13 14 -13 17 -15 15 -17 -18 18 -20 29 21 -23 -24 24 -26 -27 28 -29 -30 -31
leaf_value=-0.013501867908909337 0.028704399014632211 -0.040371272601800762 0.029863232357723708 -0.030477761743285189 0.15901043049327379 -0.051273236757761867 0.00085657159415599012 0.21740929552999019 -0.041096903266057305 0.067482396080575477 -0.0063007588543209899 -0.048964537497546909 0.042676885010612731 0.033058021393627811 0.037225179196438016 0.0026781853628421518 0.043070763718238647 0.21404861214978338 0.0002035324745209363 0.0090964107470807559 -0.055555556154517252 0.34525098239221186 0.0055247243510743553 -0.0078893430391037845 0.035543501174792089 0.017565317300360754 -0.010576142117277679 0.2379822088664576 0.032710507839640045 -0.017698074778220618
leaf_weight=259.88525016233325 270.66527885943651 771.8279345035553 169.63109997659922 177.68552147224545 59.607343293726444 397.52121004089713 167.55792440474033 4.0270940698683253 259.26181600242853 566.2924687564373 592.30097519978881 3671.5894610919058 801.10977806150913 1959.3898604661226 479.84136071056128 835.13584800809622 1002.9824964478612 4.5856530070304862 178.66470164805651 248.38891508057714 4.2154933437705022 5.0313261821866035 46.726253379136324 417.60794276744127 102.31947855651379 1400.322621230036 239.54439058154821 7.7682727351784697 132.34274030476809 689.35261175408959
leaf_count=3952 1087 14901 1210 2682 56 8576 1069 21 4807 1064 4571 79645 2719 4877 2516 7365 2269 4 792 2675 36 12 515 2173 328 8318 2522 23 964 9051
internal_value=-0.000622547 0.0209645 -0.0356146 0.025784 -0.0194292 -0.0151401 0.0387306 0.0881672 -0.00691481 0.0357264 0.0105621 -0.0467792 0.0244053 0.0415223 0.0127925 0.0169043 0.0515515 0.0354065 0.00555479 -0.0174039 0.0231452 0.162529 0.022337 0.0101318 0.000658054 0.0225828 0.0159691 0.0389767 0.00542338 -0.0104889
internal_weight=15923.2 9847.9 6075.29 8798.15 1049.75 2143.81 277.919 110.361 1746.29 5303.62 3494.53 3931.47 1774.95 3528.66 3316.85 2724.55 1569.27 984.36 183.25 1197 1889.41 9.24682 50.7533 790.593 519.927 1880.16 549.287 177.399 371.887 937.742
internal_count=170800 57375 113425 40813 16562 29828 1661 592 21252 15313 25500 83597 7103 8210 22818 18247 3333 3515 796 16533 10882 48 536 3588 2501 10834 4719 1233 3486 11726
cat_boundaries=0 6 12 18 24 30 36 37 43 48 54
cat_threshold=237568 134392832 8322 805309448 16 1862 0 35015692 128 268439560 0 4102 402788352 38011584 1076404304 9504768 71622656 10568 2151680000 268705921 3428574 18907200 2147745793 1920 0 134349824 0 536872960 0 1798 65536 131072 0 805306368 0 1862 16 512 53756047 1064980 1179648 2147516416 6281 1127743552 2424373504 4391168 130 2048986788 4096 262720 1073741904 8388608 67428352 10496
is_linear=0
shrinkage=0.05


Tree=17
num_leaves=31
num_cat=8
split_feature=11 15 15 3 16 10 15 3 15 13 1 1 5 5 1 5 0 5 1 15 15 1 1 5 5 8 15 3 2 0
split_gain=4420.5 927.293 496.192 445.445 246.659 191.869 191.624 161.982 159.847 133.314 121.326 117.855 111.539 101.696 100.957 179.105 163.725 111.332 111.572 95.5386 92.1552 90.1586 140.3 90.1299 106.533 87.5406 78.4752 76.2872 66.8729 74.3378
threshold=0.026785714285714288 0 1 1.0000000180025095e-35 2 1.9285714285714288 3 1.0000000180025095e-35 4 0.95118973121134209 2.5000000000000004 34.500000000000007 471.50000000000006 451.50000000000006 33.500000000000007 231.50000000000003 20.500000000000004 411.50000000000006 7.5000000000000009 5 6 31.500000000000004 44.500000000000007 228.50000000000003 235.50000000000003 10.500000000000002 7 1.0000000180025095e-35 3.5000000000000004 30.500000000000004
decision_type=8 9 9 2 1 8 9 2 9 8 2 2 2 2 2 2 2 2 2 9 9 2 2 2 2 8 9 2 2 2
left_child=2 4 27 6 11 7 28 10 -4 -5 -6 13 26 14 17 -16 -17 19 -19 -2 -11 25 -23 -9 -25 -12 -8 -1 -3 -30
right_child=1 3 8 9 5 -7 12 23 -10 20 21 -13 -14 -15 15 16 -18 18 -20 -21 -22 22 -24 24 -26 -27 -28 -29 29 -31
leaf_value=0.021477907146243085 0.050535534712136655 0.02176541075586955 -0.020660693127070716 -0.048736916719513315 0.10556096063595739 0.070178899786777826 -0.027562930733116567 -0.0513077175012214 -0.045832899392471184 0.076194918219765637 -0.0021269563285165791 0.025582624821242756 -0.030913327383625303 0.021139923201163077 0.018341206921712427 0.22290421070751865 0.039662089013429103 0.058227265839505882 0.13994016355480787 0.028596754237545305 -0.01734541052452155 0.051768966493737328 -0.011392471215354494 0.1107867225553342 -0.011323741946273244 0.18382221185968317 0.0067785278564012758 -0.036217066994772465 -0.0020175910387725945 0.10659036772511246
leaf_weight=389.87649074196815 1238.5581106692553 1652.281608004123 810.77590202912688 520.56772258877754 38.1623874604702 132.56332492828369 189.67231631278992 145.44116966798902 4158.5701213367283 27.914265215396881 491.45573961734772 1584.7164982780814 354.74529702588916 476.25347173959017 40.780996412038803 34.223616145551205 18.934101596474648 180.72861896455288 54.333833836019039 1023.1678698882461 79.468008935451508 280.37262880802155 128.08772191405296 19.446247909218073 219.19089423492551 6.4119528755545607 987.64748626574874 67.165225192904472 511.80542693659663 16.255691327154636
leaf_count=3223 2640 9772 12120 11347 94 195 2605 3076 88706 120 1631 4786 5133 1725 107 50 50 432 100 2989 801 876 522 70 3187 31 9435 1321 3593 63
internal_value=-0.000624516 0.0183826 -0.0372392 0.000671552 0.0309066 0.012732 0.00726088 0.00709579 -0.0417757 -0.0382735 0.0182291 0.0365758 -0.00629502 0.0423753 0.046279 0.0971647 0.157636 0.0443644 0.0771149 0.0409607 0.012451 0.0145518 0.0319624 -0.0202821 -0.00137311 0.000267851 0.0010694 0.0127209 0.0167383 0.00132577
internal_weight=15879.6 10453.2 5426.39 4340.36 6112.83 1461.13 3712.41 1328.57 4969.35 627.95 944.49 4651.7 1532.07 3066.98 2590.73 93.9387 53.1577 2496.79 235.062 2261.73 107.382 906.328 408.46 384.078 238.637 497.868 1177.32 457.042 2180.34 528.061
internal_count=170800 65430 105370 42869 22561 9682 30601 9487 100826 12268 3154 12879 17173 8093 6368 207 100 6161 532 5629 921 3060 1398 6333 3257 1662 12040 4544 13428 3656
cat_boundaries=0 6 12 13 19 25 31 37 43
cat_threshold=237568 134654988 1073774738 805372936 0 1871 33280 154331274 101200004 823269376 0 5248 15 2550137344 57692675 269508612 28346368 2164269056 14464 2160142376 34079748 2359370 2149613600 2231369747 2370 196608 403456 1073741954 805307392 0 1280 0 34619394 100663296 2147487744 0 4096 1835072 2424307760 4983552 4210854 142804613 16
is_linear=0
shrinkage=0.05


Tree=18
num_leaves=31
num_cat=11
split_feature=14 10 3 12 15 15 16 15 13 16 15 5 5 1 12 15 3 16 15 15 6 5 14 3 15 14 3 1 1 1
split_gain=4093.95 763.437 479.356 315.749 301.579 285.916 188.473 170.84 156.944 166.724 116.801 116.466 144.596 111.162 151.977 114.513 91.8978 91.0617 84.1449 83.2326 77.7341 90.8274 76.4414 68.1256 64.862 64.1005 52.3679 52.3621 83.9162 50.689
threshold=0.024514096356581163 1.0000000180025095e-35 1.0000000180025095e-35 1.0000000180025095e-35 0 1 2 3 5.1685782214820142 4 5 663.50000000000011 669.50000000000011 25.500000000000004 0.93888888888888899 6 1.0000000180025095e-35 7 8 9 134.50000000000003 98.500000000000014 0.025053329148871335 1.0000000180025095e-35 10 0.0024645727162840993 1.0000000180025095e-35 33.500000000000007 36.500000000000007 44.500000000000007
decision_type=8 8 2 10 9 9 1 9 8 1 9 2 2 2 10 9 2 1 9 9 2 2 10 2 9 10 2 2 2 2
left_child=3 2 5 10 8 -2 13 26 9 11 -1 -3 -13 14 -6 -15 20 -11 22 -7 21 -9 -8 27 25 -23 -5 -24 -29 -19
right_child=1 4 -4 7 6 19 18 16 -10 17 -12 12 -14 15 -16 -17 -18 29 -20 -21 -22 24 23 -25 -26 -27 -28 28 -30 -31
leaf_value=-0.011982503384556177 0.024523495352995726 -0.049055725858088574 -0.046570598851019177 0.042426712456072768 0.03147750346413717 -0.023775342273051659 0.071349715373547756 0.2025042903188651 0.090344596273135139 0.041791439586802724 -0.04883610526062674 0.33908132113915679 -0.042023834422104611 0.020344345882039851 0.17248711658095758 -0.015892470995652386 -0.051792367130031582 0.028670621877376304 -0.025141405633679077 -0.00012660208891092156 -0.025374950220072676 0.21207467655545009 -0.0023099892893076453 -0.027144304974132807 -0.030573630054163876 0.018125260874214896 -0.050923499575510484 0.11805474823602874 0.01685297308059535 0.00024999457987017067
leaf_weight=256.42234665900469 1270.1458863727748 90.708537470549345 501.47353413328528 137.19357595965266 986.05268906801939 462.20192773267627 42.707344461232424 5.830017212778329 127.33929513394833 2345.2346371039748 3273.1742707826197 4.5445280559360963 5.5024110935628414 867.35297900438309 19.485858619213104 283.59950570017099 249.14260090515018 1189.8082104250789 337.12099050357938 1765.4932542964816 788.09624753147364 4.3968766108155242 158.89965523034334 140.42901197820902 82.659173991531134 136.99285791441798 16.871124241501093 27.591332510113716 79.517157793045044 180.71572383120656
leaf_count=4344 6330 1592 10878 977 4346 6351 51 22 166 5047 77161 12 82 3729 7 2024 5867 4219 3700 14299 11824 31 794 2598 1296 1303 394 104 418 834
internal_value=-0.000621757 0.0165223 -0.0008531 -0.0383186 0.0266128 0.00570126 0.0143328 -0.0184191 0.035649 0.0339174 -0.046331 -0.0283511 0.130361 0.021963 0.0342101 0.0114541 -0.0243818 0.0355864 -0.00660768 -0.00511756 -0.0179127 0.00767001 0.00754804 0.00102964 0.00260019 0.022561 0.0302413 0.015903 0.0429227 0.0247426
internal_weight=15836.7 10885.9 3999.31 4950.78 6886.61 3497.84 2942.76 1421.18 3943.85 3816.51 3529.6 100.755 10.0469 2156.49 1005.54 1150.95 1267.12 3715.76 786.265 2227.7 1017.98 229.879 449.145 406.437 224.049 141.39 154.065 266.008 107.108 1370.52
internal_count=170800 67581 37858 103219 29723 26980 17771 21714 11952 11786 81505 1686 94 10106 4353 5753 20343 10100 7665 20650 14476 2652 3965 3914 2630 1334 1371 1316 522 5053
cat_boundaries=0 6 12 13 19 20 26 32 33 39 44 49
cat_threshold=198656 437760 536870920 805339144 0 1999 172544 173205506 8386 2418084872 16810002 6208 15 939655168 4194304 1074323488 1116160 67108864 8264 32 2155872288 532609 3436758 136347712 2164523043 1920 45576 187711629 1074790528 152177728 2147483648 12288 7 45064 140001295 1140858880 2166362176 17080337 4096 16424 269226496 1879359520 134250560 67108877 67115024 524352 2560 12894208 9494530
is_linear=0
shrinkage=0.05


Tree=19
num_leaves=31
num_cat=11
split_feature=14 10 3 12 15 15 15 16 15 15 14 1 12 15 3 10 3 15 6 5 16 5 5 12 15 5 5 1 11 16
split_gain=3777.98 667.585 449.701 312.022 260.342 254.39 156.08 149.229 115.165 98.7631 123.75 92.0392 121.796 107.64 90.3241 84.9278 140.75 74.8519 71.8481 74.0053 70.4362 66.7137 114.716 61.0522 59.9078 53.9396 129.525 56.3546 63.347 53.2121
threshold=0.024514096356581163 1.0000000180025095e-35 1.0000000180025095e-35 1.0000000180025095e-35 0 1 2 3 4 5 0.035592247368113804 25.500000000000004 0.93888888888888899 6 1.0000000180025095e-35 3.5000000000000004 1.0000000180025095e-35 7 134.50000000000003 98.500000000000014 8 228.50000000000003 235.50000000000003 1.4833333333333336 9 549.50000000000011 552.50000000000011 24.500000000000004 0.12785714285714289 10
decision_type=8 8 2 10 9 9 9 1 9 9 10 2 10 9 2 8 2 9 2 2 1 2 2 8 9 2 2 2 10 1
left_child=3 2 5 8 15 -2 -5 11 -1 10 -9 12 -6 -13 18 16 20 -7 19 -8 23 -18 -23 -3 -21 -24 -27 28 -28 -19
right_child=1 4 -4 6 7 17 14 9 -10 -11 -12 13 -14 -15 -16 -17 21 29 -20 24 -22 22 25 -25 -26 26 27 -29 -30 -31
leaf_value=-0.010737123771973946 0.022516691181900528 0.045523537212039861 -0.04614951956506462 0.028088576689313118 0.028966390266564279 -0.022106345132113299 0.17481399956259136 0.068824360852099808 -0.04841414784876235 -0.025236382500576568 0.00016749158913375973 0.019741400045456561 0.14970678033407031 -0.013557376978619791 -0.05159375510428385 0.07686018558350341 -0.047789235536530278 0.010216266150697609 -0.024642478527465043 0.020538851644285663 0.027748938381403687 0.13495864924376808 -0.033524014461744044 -0.0039025782218915922 -0.031245069745592508 0.35347934351086985 -0.055555555249555688 -0.018518347560390353 0.225304591451574 -0.0076455582042909091
leaf_weight=240.79562668129802 1331.1348119676113 1494.3465177491307 481.26015910133719 157.61162469536066 1134.6595358401537 492.09894865378737 6.3998609371483317 75.988469071686268 3147.3933699652553 314.61622214317322 481.58187815919518 1001.9362969473004 21.278223812580109 313.59240172058344 237.88141283765435 112.39104282110929 69.759376332163811 711.85499157384038 771.37753693386912 147.6791990250349 1808.2744058668613 16.76319120451808 66.559137146919966 65.204298846423626 76.577999215573072 3.0363791994750491 3.1111731305718404 29.773909237235785 5.6600990444421768 977.20114499330521
leaf_count=4102 6639 2823 10878 1371 4648 6852 22 322 77403 3510 4406 4067 7 2150 5867 131 1533 5400 11824 1379 4473 41 951 175 1251 11 43 411 21 8089
internal_value=-0.000621108 0.015498 -0.000822481 -0.0377116 0.0247843 0.00538831 -0.0178327 0.0145396 -0.0459111 -0.00326645 0.00935658 0.0208113 0.031189 0.0118507 -0.0237053 0.0339736 0.032716 -0.0051446 -0.0173212 0.00716301 0.0351053 -0.00862208 0.013253 0.0431802 0.00237858 -0.00561299 0.0390639 0.0142959 0.125683 -0.000101845
internal_weight=15797.8 11012.1 3993.55 4785.72 7018.53 3512.29 1397.53 3343.65 3388.19 872.187 557.57 2471.47 1155.94 1315.53 1239.92 3674.88 3562.49 2181.16 1002.03 230.657 3367.83 194.663 124.904 1559.55 224.257 108.141 41.5816 38.5452 8.77127 1689.06
internal_count=170800 67581 37858 103219 29723 26980 21714 19110 81505 8238 4728 10872 4655 6217 20343 10613 10482 20341 14476 2652 7471 3011 1478 2998 2630 1437 486 475 64 13489
cat_boundaries=0 6 12 18 19 25 31 37 42 43 48 49
cat_threshold=196608 437760 536870920 805339136 0 1871 172544 135456774 33562818 2418084872 16810002 6208 939655168 4194304 1074323488 1116160 67108864 8264 15 2155874336 532609 3436758 136314944 2164523042 1920 47112 142098447 1140858880 2166362184 17080337 4224 47112 187711629 1074790400 152177736 2147491840 6272 16424 269226496 1879359520 134250560 67371021 3 67115024 524384 2560 12894208 9494530 3
is_linear=0
shrinkage=0.05


Tree=20
num_leaves=31
num_cat=10
split_feature=14 3 13 15 12 15 0 15 15 15 14 3 16 13 15 15 15 7 12 5 15 1 12 5 5 0 1 1 5 12
split_gain=3486.45 604.208 441.259 384.893 308.43 198.08 206.677 146.848 143.329 108.78 103.97 87.5396 83.347 80.3714 86.0399 73.94 72.5441 66.9169 61.7536 59.3704 59.0128 58.1184 63.4302 57.8557 98.3861 65.077 53.3762 48.696 57.4386 47.9933
threshold=0.024514096356581163 1.0000000180025095e-35 0.89973541084244091 0 1.0000000180025095e-35 1 24.500000000000004 2 3 4 0.20135788207385424 1.0000000180025095e-35 5 0.37796447300923602 6 7 8 21.500000000000004 0.019444444444444448 503.50000000000006 9 44.500000000000007 0.008333333333333335 367.50000000000006 375.50000000000006 6.5000000000000009 44.500000000000007 10.500000000000002 102.50000000000001 0.93888888888888899
decision_type=8 2 8 9 10 9 2 9 9 9 8 2 1 8 9 9 9 8 10 2 9 2 10 2 2 2 2 2 2 10
left_child=4 3 23 13 9 6 -4 27 -6 -1 -8 15 18 14 29 -10 19 26 -9 -15 -20 -16 -23 -3 25 -25 -14 28 -5 -2
right_child=1 2 5 7 8 -7 10 12 11 -11 -12 -13 17 16 21 -17 -18 -19 20 -21 -22 22 -24 24 -26 -27 -28 -29 -30 -31
leaf_value=-0.010727359788581494 0.0055130653760685558 -0.052479696955879035 -0.014468162893190445 -0.023896068934760342 0.024130681987550313 -0.01070073855181794 0.25032843535956933 -0.014969724085484691 -0.0010825069670431478 -0.047972573584786453 0.090621243251623407 -0.051685434202777575 0.0071314702701125599 0.042167353969520482 0.033520116961099362 -0.028972064448751968 0.023822941060982709 0.13147111322726851 0.0017577583519937873 0.017897621167258002 0.028526536268510556 0.17632033521267892 -0.00085917256371951525 -0.055555555250485847 -0.029248502882660378 0.23158668458152565 -0.016265767952065115 -0.018568401456885417 0.044714276498232779 0.1415187220270103
leaf_weight=233.83865235373378 871.8228300139308 478.79122679308057 51.22168767079711 53.073812138289213 176.6049723289907 178.61266069114208 11.360280375927685 113.98087556660175 427.42799738794565 3019.9246133714914 98.976180501282215 224.37345459312201 1625.2691542729735 1571.7159518003464 880.96280025690794 546.77181231603026 2060.7030595541 10.289955899119375 268.01021289080381 300.10269126296043 1065.5883662737906 5.1852372586727133 195.6622409671545 2.9171378612518293 269.01899493858218 6.0980622880160809 286.76683827862144 648.08403819799423 71.734466720372438 6.5350682437419882
leaf_count=3937 3967 11341 736 792 1608 1444 43 1073 4989 77568 200 5798 10728 2943 2762 9319 4692 55 1967 705 5764 4 847 64 5583 64 2403 8712 684 8
internal_value=-0.000617026 0.0145468 -0.0206849 0.018398 -0.0370857 0.0266154 0.0645382 0.00665805 -0.0172329 -0.0454763 0.107065 -0.0233343 0.0111672 0.0265953 0.0183695 -0.0170441 0.0307631 0.00428443 0.0202152 0.0380729 0.023374 0.0277302 0.00371503 -0.041945 -0.0238037 0.138673 0.00362236 -0.012894 0.0155382 0.00645151
internal_weight=15761.4 11132.5 1097 10035.5 4628.94 340.171 161.558 4142.8 1375.18 3253.76 110.336 1198.57 3369.91 5892.69 1960.17 974.2 3932.52 1922.33 1447.58 1871.82 1333.6 1081.81 200.847 756.825 278.034 9.0152 1912.04 772.892 124.808 878.358
internal_count=170800 67581 19475 48106 103219 2423 979 32178 21714 81505 243 20106 21990 15928 7588 14308 8340 13186 8804 3648 7731 3613 851 17052 5711 128 13131 10188 1476 3975
cat_boundaries=0 6 12 17 23 29 30 36 42 48 54
cat_threshold=239616 138587136 8322 805342216 32768 1862 65536 37112846 100663424 2416054280 0 4484 12599336 268963840 808767776 134217792 68423917 939655168 4194304 1074323488 135333888 67108880 8264 2155874336 34087041 3436758 136347712 2147745825 1920 3 0 138544128 0 536905728 0 1798 71323824 34083568 262664 12600320 5562377 2304 65536 134348800 0 805306368 0 1862 2147487744 2097152 1073741892 17829888 16793618 8192
is_linear=0
shrinkage=0.05


Tree=21
num_leaves=31
num_cat=7
split_feature=11 15 15 3 15 16 15 13 10 3 5 15 0 0 5 5 1 5 14 14 1 5 14 6 5 15 11 13 0 5
split_gain=3220.19 556.568 452.014 330.061 146.331 140.382 133.717 119.525 116.015 118.712 104.453 127.939 94.5258 106.25 106.418 131.128 94.5104 85.2337 88.5728 110.576 84.7597 99.5005 83.7903 76.2903 112.701 99.038 190.564 148.296 90.0221 74.9137
threshold=0.026785714285714288 0 1 1.0000000180025095e-35 2 3 4 0.95118973121134209 1.642857142857143 1.0000000180025095e-35 487.50000000000006 5 22.500000000000004 18.500000000000004 475.50000000000006 220.50000000000003 2.5000000000000004 78.500000000000014 0.27504325259515577 0.38981898827531725 15.500000000000002 104.50000000000001 0.10701724074096929 122.50000000000001 108.50000000000001 6 0.97321428571428581 1.4638501094228007 7.5000000000000009 228.50000000000003
decision_type=8 9 9 2 9 1 9 8 8 2 2 9 2 2 2 2 2 2 10 10 2 2 10 2 2 9 10 10 2 2
left_child=2 5 -1 6 -4 12 -3 -5 9 16 -8 -12 13 23 15 17 -7 18 -15 -20 -18 -22 -17 24 -2 26 27 28 -26 -11
right_child=1 3 4 7 -6 8 10 -9 -10 29 11 -13 -14 14 -16 22 20 -19 19 -21 21 -23 -24 -25 25 -27 -28 -29 -30 -31
leaf_value=0.011810955125448493 0.16824994330286969 -0.029386242359542361 -0.01837053375368505 -0.047025025387864031 -0.043966918641767744 0.08741110148361883 0.012524594724023577 0.011186893565734865 0.048080252975366736 -0.050648459878300627 0.0090932484077725119 -0.03377262126975835 0.016289438336753916 0.0020765321693311995 0.0097747258137488788 0.16382165099422474 -0.019483205563537897 0.01791258257448719 0.19756161452191595 0.064870378483950566 0.058106348564671319 0.0098329710709062594 0.07474498087615418 0.023479594852767838 0.072494062819471447 0.026663535640682075 -0.012995659746543245 0.0036930531623553943 0.1886692670743583 -0.0026031840721326598
leaf_weight=472.03915875032544 17.480216152966022 244.07960106804967 718.83807178214192 446.91311788931489 3608.2768792212009 41.803949497640133 2816.4229177348316 109.85654428601265 176.46778364479542 127.26154024899006 408.74612282216549 290.46064674109221 1367.660365562886 32.349535509943962 139.18084117397666 29.887940287590027 187.74025826156139 205.56555738300085 21.355920314788818 59.288981795310974 128.66465912014246 626.59530660510063 226.22758860886097 2390.3219414800406 24.529133066534996 473.12374535948038 38.087608903646469 21.810315132141113 52.076149508357048 223.83700435236096
leaf_count=4786 27 3723 11297 11292 89287 93 19673 917 278 3064 3052 4000 3614 129 420 92 614 490 19 103 376 2074 392 6447 43 1102 57 28 38 3273
internal_value=-0.000611306 0.0143823 -0.034752 0.000388626 -0.0397669 0.0234825 0.00571016 -0.0355392 0.0099123 0.00494466 0.00820704 -0.00906682 0.0274802 0.0316557 0.0490025 0.058503 0.0138442 0.0370875 0.0719715 0.100009 0.010583 0.0180567 0.08514 0.0275518 0.0430736 0.0394844 0.0763735 0.11872 0.15147 -0.020018
internal_weight=15726.9 10927.8 4799.15 4316.48 4327.11 6611.32 3759.71 556.77 1512.37 1335.9 3515.63 699.207 5098.95 3731.29 713.856 574.676 984.804 318.56 112.994 80.6449 943 755.26 256.116 3017.43 627.107 609.627 136.503 98.4156 76.6053 351.099
internal_count=170800 65430 105370 42657 100584 22773 30448 12209 9772 9494 26725 7052 13001 9387 1645 1225 3157 741 251 122 3064 2450 484 7742 1295 1268 166 109 81 6337
cat_boundaries=0 6 12 18 19 25 31 35
cat_threshold=268673024 134654988 1073774738 805374984 0 847 512 154200202 67645572 823269376 16 5248 2160175144 34210820 35913802 2149613600 2214592515 2370 15 1835072 813695248 5053184 4194464 176359049 32 2281701888 24133667 873463812 2148679680 2147795014 4096 0 8192 18 268435456
is_linear=0
shrinkage=0.05


Tree=22
num_leaves=31
num_cat=10
split_feature=14 3 13 10 12 15 15 15 0 3 15 15 12 5 5 7 15 15 16 6 10 0 1 11 5 1 15 6 15 5
split_gain=2989.2 492.536 392.46 308.869 302.087 193.7 165.876 147.779 144.514 132.81 133.151 118.546 63.9205 58.9397 88.4536 57.4061 56.9339 53.251 51.3816 77.5203 68.4023 54.1769 61.1865 49.8296 72.6906 49.7442 51.4388 46.9726 50.6599 60.4776
threshold=0.024514096356581163 1.0000000180025095e-35 0.89973541084244091 1.0000000180025095e-35 1.0000000180025095e-35 0 1 2 24.500000000000004 1.0000000180025095e-35 3 4 0.01388888888888889 367.50000000000006 383.50000000000006 0.58000000000000018 5 6 7 20.500000000000004 3.5000000000000004 25.500000000000004 43.500000000000007 0.2648214285714286 663.50000000000011 12.500000000000002 8 134.50000000000003 9 176.50000000000003
decision_type=8 2 8 8 10 9 9 9 2 2 9 9 8 2 2 10 9 9 1 2 8 2 2 8 2 2 9 2 9 2
left_child=4 3 13 5 11 -2 8 18 23 10 -6 -1 17 -3 15 -15 -14 -7 19 -5 -20 -21 -23 24 -4 -9 -27 28 29 -12
right_child=1 2 6 7 9 12 -8 25 -10 -11 27 -13 16 14 -16 -17 -18 -19 20 21 -22 22 -24 -25 -26 26 -28 -29 -30 -31
leaf_value=-0.0088003262267998417 0.019176007078491774 -0.052190122762014381 -0.055555555708088705 0.092001364931004859 0.016654982562816358 0.027801476662245517 -0.0081920864975331877 0.026525868844170759 0.09526531195285369 -0.050978598704364053 0.058680261813048584 -0.047428977116950398 -0.021594838753813225 0.055504881518970199 -0.029618054849170707 0.33826320863542481 0.0020176510620808943 -0.035131031582044135 0.023849391085556858 0.039995357119625249 0.086973010791187105 -0.0051937062823927032 0.076534677221825748 -0.03434139455090815 0.24015776712031919 0.013070705885264353 -0.0063320640803598187 -0.027213254651136384 -0.033067381214736506 -0.015455697655032442
leaf_weight=234.85365282744169 1349.5698736943305 441.71790642663836 3.9347886815667135 63.023673214018345 345.07316195592284 33.767212364822626 192.85366956144571 464.2559679299593 109.50943864881992 225.81628590077162 58.408299714326859 2781.3004220016301 291.94877991825342 13.621288459748028 250.44242153689265 2.0674605555832377 1645.9425119869411 237.32210218161345 3379.8463337942958 832.02416953444481 43.468720860779285 136.29756378382444 27.525612458586693 38.01311307772994 4.4042289890348911 1325.9914349392056 455.24790743738413 597.56424088776112 54.817772470414639 52.000086147338152
leaf_count=4208 6421 11341 72 99 3245 418 1545 2078 219 6261 515 77297 3680 241 5461 9 12201 4260 8041 1608 77 275 53 573 14 5600 3295 10085 1047 561
internal_value=-0.00060671 0.012907 -0.0196024 0.0162463 -0.0358457 0.00433317 0.0238141 0.0225476 0.0600871 -0.0160304 -0.00890684 -0.0446076 -0.00480009 -0.0409911 -0.0224033 0.0927667 -0.00164066 -0.0275625 0.0277954 0.0378663 0.0245791 0.0348205 0.00853832 -0.0100602 0.100625 0.0118959 0.00814959 -0.0204212 0.0029073 0.0217901
internal_weight=15692.6 11342.8 1056.56 10286.2 4349.83 3558.55 348.715 6727.68 155.862 1333.68 1107.86 3016.15 2208.98 707.849 266.131 15.6887 1937.89 271.089 4482.19 1058.87 3423.32 995.847 163.823 46.3521 8.33902 2245.5 1781.24 762.79 165.226 110.408
internal_count=170800 67581 19475 48106 103219 26980 2423 21126 878 21714 15453 81505 20559 17052 5711 250 15881 4678 10153 2035 8118 1936 328 659 86 10973 8895 12208 2123 1076
cat_boundaries=0 6 12 18 24 30 35 41 42 48 53
cat_threshold=172544 139651074 532674 2418084872 16810002 6208 65536 37112846 100663296 2416054280 0 4100 206848 134655488 1610612748 805342208 2147483648 1999 402800768 37752896 1074324000 143738880 71589905 8264 2155872288 268443777 3436758 136314944 2164523043 1920 16416 268960256 1610911784 134250560 67108877 2147483680 0 4104 16777280 67108864 1154 1 2147520512 57163919 18 152174600 84156416 12288 67115024 524320 2048 4489216 9601058
is_linear=0
shrinkage=0.05


Tree=23
num_leaves=31
num_cat=8
split_feature=14 3 13 12 10 15 15 15 3 15 15 14 5 5 15 1 11 1 6 5 15 5 5 8 6 15 11 0 1 1
split_gain=2760.08 443.067 366.201 297.066 269.661 174.31 147.286 129.598 128.412 121.776 116.304 112.28 58.9468 78.5793 58.463 54.6277 50.4753 50.0895 49.5637 49.8375 56.8323 47.1724 111.61 55.4563 53.8735 100.22 80.8807 65.1829 56.0306 63.1648
threshold=0.024514096356581163 1.0000000180025095e-35 0.89973541084244091 1.0000000180025095e-35 1.0000000180025095e-35 0 1 2 1.0000000180025095e-35 3 4 0.20135788207385424 367.50000000000006 383.50000000000006 5 50.500000000000007 0.32732142857142865 9.5000000000000018 134.50000000000003 176.50000000000003 6 561.50000000000011 555.50000000000011 1.0000000180025095e-35 213.50000000000003 7 0.63392857142857151 30.500000000000004 17.500000000000004 19.500000000000004
decision_type=8 2 8 10 8 9 9 9 2 9 9 10 2 2 9 2 8 2 2 2 9 2 2 8 2 9 10 2 2 2
left_child=3 4 12 10 5 21 11 15 9 -5 -1 -4 -3 16 -7 -6 -14 -16 19 20 -11 22 24 -23 25 26 28 -27 -2 -30
right_child=1 2 6 8 7 14 -8 -9 -10 18 -12 -13 13 -15 17 -17 -18 -19 -20 -21 -22 23 -24 -25 -26 27 -28 -29 29 -31
leaf_value=-0.0082361630274740746 -0.040128533087257418 -0.052010966569762986 0.093220796738835987 0.015926823930835894 0.028805652291457279 -0.024149315493597882 -0.0087740843922676851 0.013710503812345252 -0.050741296604479624 0.0559323728496443 -0.046997457987847976 0.0095405399384306342 0.047357985000103325 -0.028875791095176878 0.021297131767542429 -0.0078289228627795599 0.29310696710864176 -0.0044206257717416255 -0.026862912132221375 -0.024187781130320996 -0.020916423059198913 -0.01599949320142267 0.19193689723901958 0.052663883360612618 0.012688477945319666 0.010676352737101769 -0.027983652659529401 0.16743152824530649 0.18438127074882779 0.08007514213405445
leaf_weight=228.79947129637003 8.1624450981616956 421.58644583076239 96.01809997856617 343.55073899775743 3467.2070551514626 324.55495147034526 188.59895072504878 3269.8485765978694 215.7826869674027 54.109674986451864 2671.3027838021517 68.816497907042503 13.939467735588552 244.19700144231319 214.64857040345669 104.83523940294981 2.4578972496092311 1605.1457284241915 582.93698119372129 83.191015347838402 35.123386118561029 172.58921468257904 9.5261245965957624 35.445628888905048 807.76746524497867 251.524155639112 17.628245264291763 6.8113650530576697 17.016554646193981 98.703494898974895
leaf_count=4112 35 11341 143 3120 7173 4939 1531 13667 6261 484 77393 749 238 5461 1700 286 12 13501 10131 1180 538 1052 34 139 3843 1291 41 23 35 347
internal_value=-0.000601049 0.0121355 -0.0190544 -0.0351924 0.0152379 0.00409737 0.0222529 0.0210501 -0.0154772 -0.0085527 -0.0441299 0.0549515 -0.0404554 -0.0217611 -0.00492196 0.0276531 0.0841947 -0.00137958 -0.0196373 0.00365251 0.0296077 0.0175793 0.0214634 -0.00430041 0.0201186 0.0351289 0.0674565 0.0142575 0.0864826 0.0954133
internal_weight=15661.8 11447 1035.61 4214.8 10411.4 3569.52 353.434 6841.89 1314.69 1098.91 2900.1 164.835 682.181 260.594 2144.35 3572.04 16.3974 1819.79 755.361 172.424 89.2331 1425.17 1217.14 208.035 1207.61 399.846 141.511 258.336 123.882 115.72
internal_count=170800 67581 19475 103219 48106 26980 2423 21126 21714 15453 81505 892 17052 5711 20140 7459 250 15201 12333 2202 1022 6840 5649 1191 5615 1772 458 1314 417 382
cat_boundaries=0 6 12 18 24 30 35 40 46
cat_threshold=139776 185788418 532674 2419133448 16809986 6208 0 37112846 100663296 2952925192 0 4228 198656 436736 1073741836 805339136 0 1999 402784384 37752896 1074323488 143738880 71589905 10312 2155874336 532609 3436758 136347712 2164523040 1920 16416 269226496 1879080992 134250560 67108873 6144 524288 2560 4227200 9601058 131072 150994944 66 269486088 0 2048
is_linear=0
shrinkage=0.05


Tree=24
num_leaves=31
num_cat=10
split_feature=14 3 13 12 10 15 15 15 3 15 15 0 15 5 5 12 15 14 0 6 15 16 6 10 0 1 1 15 5 6
split_gain=2547.97 398.8 341.913 292.013 235.959 157.928 128.698 127.137 124.182 115.29 110.906 105.36 63.8796 58.9097 69.9404 57.2802 50.8229 49.0537 73.3217 104.493 48.6879 47.7923 60.6458 56.5304 45.7707 52.2543 43.8654 84.9559 76.7942 72.5025
threshold=0.024514096356581163 1.0000000180025095e-35 0.89973541084244091 1.0000000180025095e-35 1.0000000180025095e-35 0 1 2 1.0000000180025095e-35 3 4 24.500000000000004 5 367.50000000000006 383.50000000000006 0.01388888888888889 6 0.040300387232602736 15.500000000000002 134.50000000000003 7 8 20.500000000000004 3.5000000000000004 25.500000000000004 43.500000000000007 45.500000000000007 9 28.500000000000004 204.50000000000003
decision_type=8 2 8 10 8 9 9 9 2 9 9 2 9 2 2 8 9 10 2 2 9 1 2 8 2 2 2 9 2 2
left_child=3 4 13 7 5 26 11 -1 10 17 -5 -4 -12 -3 -15 16 -7 18 -6 -20 -17 22 -19 -23 -24 -26 28 -28 29 -2
right_child=1 2 6 8 9 15 -8 -9 -10 -11 12 -13 -14 14 -16 20 -18 21 19 -21 -22 23 24 -25 25 -27 27 -29 -30 -31
leaf_value=-0.0085776691211311307 0.22848639511883953 -0.051823002225069983 -0.010985457673581162 0.03131986923520641 -0.0080234005373255642 0.024252792476634477 -0.007346675280738884 -0.04696915542466832 -0.050492993025449975 0.010248158745575046 -0.03835915232481138 0.079618389721374139 -0.0072175538278516291 0.076520033955814443 -0.028132743178950505 -0.020415656129319396 -0.034847968599035578 0.079363471848485204 0.21419899747397722 0.03430882138121729 0.0017459161410754869 0.019919548120064419 0.034946234539521295 0.075218614171830289 -0.0063182073692111306 0.067111899680795992 0.03630459737268904 -0.023551419638673778 0.018004836151889275 0.056566644683353144
leaf_weight=256.5955277197063 7.0467982292175284 402.44383265450597 43.976441171020269 144.77995769679546 17.870334483683109 38.4501943141222 195.86561774462461 2533.2012686394155 206.24310988560319 2262.8625692762434 208.36686721816659 118.67612870782614 736.70600389316678 17.111450262367725 238.26726687699556 282.76222659647465 223.95662572607398 67.123680554330349 15.11155830323696 17.330375716090202 1609.6623345278203 3486.8691862821579 869.46417790651321 46.836173504590988 139.11502709239721 29.337011516094208 81.622989416122437 158.23291798681021 1128.7943005338311 47.268604606389999
leaf_count=4996 17 11341 625 920 104 493 1600 76509 6261 10851 4535 198 9998 250 5461 3680 4183 96 42 90 11841 7949 1588 77 277 52 374 1052 5144 196
internal_value=-0.000592376 0.0114161 -0.0184941 -0.0345263 0.014303 0.00386967 0.0207891 -0.0436372 -0.0149155 0.0196726 -0.00818282 0.0519291 -0.0144133 -0.0399038 -0.0211206 -0.00467796 -0.0265918 0.0241473 0.0733039 0.118102 -0.00166408 0.0236662 0.0330047 0.0205942 0.0303246 0.00647012 0.0167289 -0.00265071 0.0207992 0.0788713
internal_weight=15632 11546.1 1016.34 4085.89 10529.7 3577.8 358.518 2789.8 1296.1 6951.92 1089.85 162.653 945.073 657.823 255.379 2154.83 262.407 4689.06 50.3123 32.4419 1892.42 4638.75 1105.04 3533.71 1037.92 168.452 1422.97 239.856 1183.11 54.3154
internal_count=170800 67581 19475 103219 48106 26980 2423 81505 21714 21126 15453 823 14533 17052 5711 20197 4676 10275 236 132 15521 10039 2013 8026 1917 329 6783 1426 5357 213
cat_boundaries=0 6 12 18 24 30 36 42 47 48 54
cat_threshold=139776 139651078 34087042 2418084872 16810002 6208 0 37112846 100663296 2416054280 0 4102 2155872288 268443777 3567830 136347712 2164523042 1920 206848 134655488 1610612764 805342208 2147483648 1999 402784256 4194304 1074323488 67584 67108864 8264 1572928 2424373504 4391170 2097300 1512115876 16 2147483680 0 266248 16777280 67108864 1154 16416 268960256 1610911784 134250560 67108877 1 8704 134356994 0 2415984640 16809986 64
is_linear=0
shrinkage=0.05


Tree=25
num_leaves=31
num_cat=10
split_feature=14 3 13 11 12 15 15 15 5 5 15 15 14 16 6 1 0 15 0 0 5 1 1 6 15 14 5 15 5 16
split_gain=2354.03 406.532 334.592 257.328 212.012 176.838 136.004 130.895 118.37 133.312 104.192 100.294 90.3485 77.8863 93.3138 83.0847 179.261 98.873 82.5443 124.522 83.0862 125.532 72.3831 85.0213 70.5817 66.59 63.0194 74.3989 74.6329 62.0751
threshold=0.018545093503382914 1.0000000180025095e-35 0.89973541084244091 0.041071428571428578 1.0000000180025095e-35 0 1 2 228.50000000000003 235.50000000000003 3 4 0.11354093206393984 5 20.500000000000004 38.500000000000007 30.500000000000004 6 22.500000000000004 18.500000000000004 60.500000000000007 41.500000000000007 50.500000000000007 6.5000000000000009 7 0.38981898827531725 367.50000000000006 8 375.50000000000006 9
decision_type=8 2 8 10 10 9 9 9 2 2 9 9 10 1 2 2 2 9 2 2 2 2 2 2 9 10 2 9 2 1
left_child=4 3 26 5 7 -2 -5 29 -4 12 -6 25 -10 14 22 24 17 -17 19 20 21 -16 23 -8 -15 -11 -3 28 -28 -1
right_child=1 2 8 6 10 -7 13 -9 9 11 -12 -13 -14 15 18 16 -18 -19 -20 -21 -22 -23 -24 -25 -26 -27 27 -29 -30 -31
leaf_value=0.020891009939751636 0.018325665821674848 -0.051991083188233346 -0.052407711678927008 -0.0025247227993705143 0.008110630535646611 -0.013177240246921313 0.020121050603960418 -0.046873689539859854 0.26200806797126669 0.075720650364976549 -0.026816381358268922 -0.010353390156239846 0.076386982175872642 0.027880075788616024 0.088277620151247418 0.011537787393511259 0.10665268118301524 -0.015820640412260445 0.0068384518247651812 0.061986714324706975 0.017589875640447398 -0.0066336222506784993 -0.049098594864849875 0.11595864356850678 0.014588368464085412 -0.000751184502333057 0.19928727599637944 -0.038892870633709546 0.0059502755102196318 -0.029418667592512344
leaf_weight=107.37696206383407 645.19453147798777 423.61053227446973 49.80905582010746 847.36310525983572 303.43091298639774 1383.5446311887354 34.602556206285954 2378.6167328897864 8.6917223967611772 91.752457212656736 704.88988290354609 146.30374794080853 26.672693368047476 1566.7106216996908 105.6941391415894 1041.3649805113673 42.875164791941643 471.98029350116849 466.64049263298512 264.32803960517049 883.29599718749523 51.968027047812939 11.281186386942862 69.869628608226776 3047.8631488643587 41.27259312197566 5.2940801791846743 175.02873046323657 87.366839658468962 119.51331833377481
leaf_count=1968 4475 12551 1075 6648 3452 16827 85 74914 37 106 14338 767 50 3129 238 3162 96 2462 1328 576 2326 168 42 128 10678 421 42 4353 1786 2572
internal_value=-0.000584741 0.0100769 -0.0195517 0.0129377 -0.0359591 -0.00313308 0.0165986 -0.043493 0.0192115 0.0305473 -0.0164914 0.0189679 0.122008 0.0185895 0.0275826 0.0157983 0.00583333 0.00297697 0.0248874 0.0313399 0.0235579 0.0569933 0.0712233 0.084216 0.0191931 0.048359 -0.0399904 -0.0209997 0.0153408 -0.00573255
internal_weight=15604.2 11990.4 1055.8 10934.6 3613.83 2028.74 8905.84 2605.51 364.502 314.693 1008.32 279.329 35.3644 8058.47 1887.68 6170.79 1556.22 1513.35 1771.93 1305.29 1040.96 157.662 115.753 104.472 4614.57 133.025 691.3 267.69 92.6609 226.89
internal_count=170800 73556 21188 52368 97244 21302 31066 79454 2456 1381 17790 1294 87 24418 4891 19527 5720 5624 4636 3308 2732 406 255 213 13807 527 18732 6181 1828 4540
cat_boundaries=0 6 12 18 24 30 31 37 43 49 50
cat_threshold=33280 141576202 101199880 2954057736 8192 14401 8405032 272105472 907841608 2147635264 68157457 4096 2155874336 268968064 272003318 136314880 2164523040 1920 1006764176 37748800 1073783624 11619328 71311377 8264 0 1461260 128 805310472 0 6 1 2147725824 167946253 128 806421504 32770 518 198656 406016 1073741826 956334080 0 8512 41472 272146444 0 823268352 2147483648 1538 11
is_linear=0
shrinkage=0.05


Tree=26
num_leaves=31
num_cat=9
split_feature=14 3 13 10 12 15 15 5 5 15 15 15 14 15 3 5 15 15 5 14 14 5 5 6 5 0 5 15 1 1
split_gain=2178.62 370.227 313.463 229.101 205.374 159.578 114.415 107.688 110.005 99.703 97.1565 91.6042 70.3092 69.0167 65.1757 63.723 72.6812 61.5605 59.3594 57.0219 50.2087 47.5974 92.3279 54.2856 151.755 50.1828 47.3686 198.472 146.835 79.5303
threshold=0.01818654318654319 1.0000000180025095e-35 0.89973541084244091 1.0000000180025095e-35 1.0000000180025095e-35 0 1 228.50000000000003 235.50000000000003 2 3 4 0.11354093206393984 5 1.0000000180025095e-35 367.50000000000006 6 7 383.50000000000006 0.38981898827531725 0.020908352007046365 672.50000000000011 669.50000000000011 26.500000000000004 204.50000000000003 24.500000000000004 22.500000000000004 8 12.500000000000002 47.500000000000007
decision_type=8 2 8 8 10 9 9 2 2 9 9 9 10 9 2 2 9 9 2 10 10 2 2 2 2 2 2 9 2 2
left_child=4 3 15 5 6 21 -1 -4 12 -6 -5 19 -9 -7 17 -3 18 -11 -17 -10 -20 22 23 24 -2 -26 27 28 -8 -30
right_child=1 2 7 10 9 13 26 8 11 14 -12 -13 -14 -15 -16 16 -18 -19 20 -21 -22 -23 -24 -25 25 -27 -28 -29 29 -31
leaf_value=-0.0049552898682913016 0.24161812895515797 -0.051827716598556672 -0.052239352022963738 0.022247848247066094 0.033097223186758881 -0.024726294955743564 0.39537855143668926 0.22589330454509096 0.068926990717557937 -0.00077279758132380548 0.010335410633488744 -0.010863748485222357 0.068856604372184535 -0.0019959389783726798 -0.051679253294853601 0.14087037153376855 -0.038968106899796282 -0.029614013301035455 0.28234484592824355 -0.0010415199557514741 -0.0015182529368125226 -0.016965986610135122 0.21686893526465384 0.014649241809561928 0.0022508890393707582 0.15131730604184157 -0.047779673108843512 -0.048079703352171904 0.01176656222924195 0.29345816164298943
leaf_weight=197.81664536334574 10.00607270747423 407.15782444551587 47.528745241463184 4239.429054826498 86.524206811562181 395.06146615557373 4.8624084908515242 9.5534059219062311 97.629128199070692 382.98725907504559 2977.0952596627176 143.7852897234261 28.071875803172588 1937.3475798275322 146.07857147976756 8.639025215059517 166.81428649649024 359.29693587869406 1.5861646216362704 41.495522774755955 86.998706206679344 108.33412201702595 5.7792231589555731 1343.7409242354333 36.314769737422466 6.6853114515542975 2209.6045927610248 75.176070883870125 10.856391642242668 3.2575141862034789
leaf_count=3722 11 12638 1075 8810 919 6795 31 37 102 4557 12962 771 50 17172 4783 82 4295 7231 18 423 1819 677 16 6111 128 22 72642 2537 323 41
internal_value=-0.000577922 0.00944588 -0.0190866 0.012127 -0.0354636 0.00226595 -0.0430501 0.0179955 0.0284099 -0.0159963 0.0173787 0.0177278 0.10873 -0.00593511 -0.020915 -0.0394213 -0.0202902 -0.0151425 0.0142948 0.0448354 0.00356448 0.0148673 0.0174322 0.016607 0.0662374 0.0254266 -0.0460996 -0.011567 0.103746 0.0767815
internal_weight=15575.5 12099.1 1039.26 11059.8 3476.46 3843.27 2501.57 368.064 320.535 974.887 7216.52 282.91 37.6253 2332.41 888.363 671.196 264.038 742.284 97.2239 139.125 88.5849 1510.86 1402.53 1396.75 53.0062 43.0001 2303.76 94.1524 18.9763 14.1139
internal_count=170800 74014 21310 52704 96786 30932 79296 2458 1383 17490 21772 1296 87 23967 16571 18852 6214 11788 1919 525 1837 6965 6288 6272 161 150 75574 2932 395 364
cat_boundaries=0 6 12 17 23 29 34 40 46 52
cat_threshold=172544 156428294 34087042 268520456 16810000 6208 2155872288 268968065 271872246 136347648 2147745826 1920 939655296 33554432 1073774912 3147776 67108880 198656 138849792 1610612748 939556864 0 10191 0 1461252 67108992 805310472 0 4102 16544 269226496 1887469856 134512704 335544332 41472 272146444 2097152 823530496 2147483648 1538 67129392 4723312 520 2160411680 5267457 10312 590876688 536870912 2560 0 37748736 32
is_linear=0
shrinkage=0.05


Tree=27
num_leaves=31
num_cat=10
split_feature=14 3 13 11 12 15 15 15 5 15 5 15 1 16 6 0 0 5 1 6 15 5 15 14 16 0 0 6 14 15
split_gain=2017.78 335.603 293.526 205.707 202.396 158.134 121.096 114.963 98.2 91.6641 90.9481 78.7999 66.9827 67.8446 110.803 74.3755 119.774 72.5362 102.33 68.3372 63.8591 63.2483 68.2493 57.8844 54.1605 77.7382 64.9253 53.9367 53.6148 53.585
threshold=0.01818654318654319 1.0000000180025095e-35 0.89973541084244091 0.041071428571428578 1.0000000180025095e-35 0 1 2 228.50000000000003 3 235.50000000000003 4 50.500000000000007 5 22.500000000000004 22.500000000000004 18.500000000000004 60.500000000000007 41.500000000000007 6.5000000000000009 6 367.50000000000006 7 0.097619606339322013 8 7.5000000000000009 2.5000000000000004 615.50000000000011 0.18589384672811329 9
decision_type=8 2 8 10 10 9 9 9 2 9 2 9 2 1 2 2 2 2 2 2 9 2 9 10 1 2 2 2 10 9
left_child=4 3 21 5 6 -2 24 -5 -4 -6 23 28 13 14 19 16 17 18 -16 -9 -15 -3 -23 -10 25 26 -1 -17 -12 -19
right_child=1 2 8 7 9 -7 -8 12 10 -11 11 -13 -14 20 15 27 -18 29 -20 -21 -22 22 -24 -25 -26 -27 -28 -29 -30 -31
leaf_value=-0.028754939921547668 0.017277562819421454 -0.051630817878023039 -0.052062629043950127 -0.0020634674709810248 0.0077238972985172426 -0.012444143270744026 -0.04595385558749715 0.016946135211299129 0.20885940714190113 -0.025548563074926495 0.067283256286953766 -0.0093722552978995049 -0.0092713877435244823 0.020194496158268148 0.078792793943813916 -0.022093885264585677 0.058820537981079724 0.025992077976933887 -0.0063550416421852456 0.10151148462899458 0.0097969833162546305 0.013452343987683177 -0.038372883351605512 0.064703704124880704 -0.028225051693113592 -0.0060949585013543063 0.13464564165480988 0.016207087283338095 0.0014234567704994429 0.00093206488052044304
leaf_weight=8.4075995180755871 648.59339246526361 388.74080763012171 45.360393717885017 933.67181137576699 297.70978058129549 1388.3107669465244 2196.2199146505445 35.076890625059605 8.9858909845352155 663.51169042289257 91.636563025414944 148.03593277186155 244.20787870138884 2826.8079154826701 111.49021553993225 128.4344179071486 265.66549495980144 502.79404892027378 51.623900756239891 74.905768491327763 3248.3441625125706 97.983012285083532 161.22947924211621 30.943573214113712 108.57536463066936 71.543503973633051 21.951350389048457 323.30247701331973 46.624686311930418 377.8855851739645
leaf_count=154 4531 12638 1075 7107 3507 17035 75064 83 31 13983 39 779 943 6498 231 368 527 1004 163 125 11972 1919 4295 56 2397 1378 303 880 478 1237
internal_value=-0.000569463 0.00890178 -0.0185581 0.0114102 -0.0348238 -0.00295639 -0.0425701 0.0146174 0.0168687 -0.0154288 0.0264533 0.016594 0.0165013 0.0173141 0.0257145 0.0228114 0.0288465 0.0212175 0.0518444 0.074541 0.0146602 -0.0388746 -0.0197442 0.0971451 -0.00484836 0.0203556 0.0893935 0.00531764 0.0420337 0.0155449
internal_weight=15548.6 12180.7 1019.54 11161.1 3367.92 2036.9 2406.7 9124.21 371.587 961.221 326.227 286.297 8190.54 7946.33 1871.18 1761.2 1309.46 1043.79 163.114 109.983 6075.15 647.953 259.212 39.9295 210.478 101.902 30.3589 451.737 138.261 880.68
internal_count=170800 74014 21310 52704 96786 21566 79296 31138 2458 17490 1383 1296 24031 23088 4618 4410 3162 2635 394 208 18470 18852 6214 87 4232 1835 457 1248 517 2241
cat_boundaries=0 6 12 18 24 30 31 37 43 44 50
cat_threshold=8421888 141576202 101199880 2954053640 8192 14401 2155874336 268968064 272003318 136314880 2164523010 1920 276840488 272105472 907841608 2147635264 68157457 14336 1006764176 37748800 1073775432 11619328 72351761 8264 0 1461256 67108992 805310472 0 6 1 206848 38187520 1073741830 957448192 32770 68 41472 272146444 2097152 823530496 2147483648 1538 11 197120 183429 16 805306368 2147483648 903
is_linear=0
shrinkage=0.05


Tree=28
num_leaves=31
num_cat=11
split_feature=14 3 13 12 11 15 15 15 5 15 5 15 16 1 1 15 3 5 15 14 12 15 15 5 16 5 5 5 5 5
split_gain=1868.05 304.172 274.615 199.006 186.329 178.28 117.252 110.195 89.7302 87.3827 75.4933 67.7457 66.8452 67.871 65.9288 63.8246 63.0827 63.0015 64.3526 56.7844 58.6734 56.2133 54.9288 52.7228 50.9739 93.8289 152.04 49.4549 53.1179 76.6818
threshold=0.01818654318654319 1.0000000180025095e-35 0.89973541084244091 1.0000000180025095e-35 0.026785714285714288 0 1 2 228.50000000000003 3 235.50000000000003 4 5 34.500000000000007 32.500000000000007 6 1.0000000180025095e-35 367.50000000000006 7 0.029362375925190254 0.052777777777777785 8 9 10.500000000000002 10 106.50000000000001 239.50000000000003 672.50000000000011 657.50000000000011 660.50000000000011
decision_type=8 2 8 10 10 9 9 9 2 9 2 9 1 2 2 9 2 2 9 10 10 9 9 2 1 2 2 2 2 2
left_child=3 4 17 6 5 19 -1 -6 -4 -5 -10 -12 15 14 27 -9 21 -3 -19 20 -2 -11 -15 -21 25 -16 -27 28 -14 -30
right_child=1 2 8 9 7 -7 -8 12 10 16 11 -13 13 22 24 -17 -18 18 -20 23 -22 -23 -24 -25 -26 26 -28 -29 29 -31
leaf_value=-0.0044586580629036848 0.05280164469299297 -0.051424404611129751 -0.051877197062567673 0.031285902910872493 0.017974854520652589 -0.021023093452662029 -0.045462214127411568 0.0089305522041057701 0.087110425723044782 -0.00017635251213575387 0.039211816018348306 -0.0082289723654031255 0.012370072415178211 -0.024185980197863288 -0.055555555619288266 -0.019169496172351471 -0.050834233035931681 0.012718033053840528 -0.037767594520652009 0.12658820439884519 0.28105439068646998 -0.028021403579547428 0.0050253650858002041 0.012102463716180407 0.020523592205720042 0.18705677273465549 0.0062406293290812667 -0.053066066948848592 0.1896343540966936 0.030500220353944854
leaf_weight=204.9696691352874 9.9476524256169778 371.22908116877079 43.29854029789567 85.53914300724864 5314.653138615191 821.89518599957228 2113.0387245044112 378.95921515673399 42.225515961647034 377.70339843630791 138.57112897187471 150.96867950633168 2250.527742728591 176.55372847989202 9.0924986898899061 414.288021735847 137.66395230405033 99.008627213537693 155.91872133873403 10.290609203279017 3.9268720224499694 347.9400795660913 1162.9517598450184 441.5412572696805 142.49855015799403 30.965959075838327 18.614272277802229 28.340757381170988 10.085337327793239 30.354951173067093
leaf_count=4047 96 12638 1075 872 11999 12193 75249 1854 87 4506 505 791 10998 1640 47 3174 4797 1919 4295 59 15 7315 6291 3146 656 80 89 195 33 139
internal_value=-0.000560122 0.00839449 -0.018015 -0.0341564 0.0107437 -0.0071557 -0.0420518 0.0130559 0.0158192 -0.0148679 0.0246542 0.0155458 0.00738321 0.0101007 0.0149602 -0.00580116 -0.0195766 -0.0382815 -0.0191426 0.0173959 0.117403 -0.0139164 0.00103212 0.0147099 0.0424178 0.0786836 0.119172 0.0125786 0.0133906 0.0701864
internal_weight=15523.6 12256.7 1001.22 3266.85 11255.5 1287.6 2318.01 9967.89 375.064 948.847 331.765 289.54 4653.23 3859.99 2520.48 793.247 863.307 626.156 254.927 465.706 13.8745 725.643 1339.51 451.832 201.171 58.6727 49.5802 2319.31 2290.97 40.4403
internal_count=170800 74014 21310 96786 52704 15509 79296 37195 2458 17490 1383 1296 25196 20168 12237 5028 16618 18852 6214 3316 111 11821 7931 3205 872 216 169 11365 11170 172
cat_boundaries=0 6 12 18 23 29 30 36 42 48 54 55
cat_threshold=2560 154192898 67645580 806492168 16 15552 2155872288 268968064 271872246 2130944 2164523042 1920 237568 5155329 1073750034 805405696 40960 590 402784384 33554432 1073774912 3147776 67108880 0 1461248 128 805310472 0 4102 16 2147485696 134235142 2359296 3147848 84164626 8449 41472 272146444 2097152 823530496 2147483648 1538 604000272 4723312 520 2160411680 5267457 10312 272631808 0 34099404 4096 84148241 8192 2
is_linear=0
shrinkage=0.05


Tree=29
num_leaves=31
num_cat=10
split_feature=14 3 13 12 10 15 15 0 15 15 0 12 15 5 15 15 16 0 0 5 15 6 5 5 1 5 6 15 12 6
split_gain=1728.48 275.265 257.536 194.936 166.378 128.107 119.832 85.4052 80.7547 77.2779 63.849 95.4413 72.3243 62.675 62.0249 60.7373 56.2912 54.499 64.9953 50.7787 185.651 133.002 67.915 47.9208 46.4798 60.0823 77.6132 55.725 52.0123 50.0322
threshold=0.01818654318654319 1.0000000180025095e-35 0.89973541084244091 1.0000000180025095e-35 1.0000000180025095e-35 0 1 16.500000000000004 2 3 17.500000000000004 0.052777777777777785 4 367.50000000000006 5 6 7 7.5000000000000009 2.5000000000000004 22.500000000000004 8 226.50000000000003 20.500000000000004 383.50000000000006 45.500000000000007 28.500000000000004 207.50000000000003 9 0.041666666666666678 26.500000000000004
decision_type=8 2 8 10 8 9 9 2 9 9 2 10 9 2 9 9 1 2 2 2 9 2 2 2 2 2 2 9 10 2
left_child=3 4 13 6 5 24 16 -4 -5 -6 11 -9 -12 -3 -7 23 17 18 -1 20 21 -8 -23 -15 25 26 -2 28 -26 -27
right_child=1 2 7 8 9 14 19 10 -10 -11 12 -13 -14 15 -16 -17 -18 -19 -20 -21 -22 22 -24 -25 27 29 -28 -29 -30 -31
leaf_value=-0.04596370465092775 0.17323547487451013 -0.051208111393583382 -0.037677437192951156 0.0065332181635484477 0.022091097370666498 -0.026154122045805653 -0.041461899776337095 0.26322124223405935 -0.024496647911458894 0.010996147976120816 0.056109269866315148 -0.05555555539178858 0.003910153319108549 0.1199961085530523 -0.0023034522715461446 -0.037138893180743697 -0.02839849952363125 -0.00080965831386395478 0.11969916507391627 -0.047011184085898564 -0.047111343512911664 0.1600133946787059 0.39864873691628505 0.0020493051574861751 0.15454615039120276 0.061417946255479333 0.035754985895332901 -0.022414559555955796 0.01673273832601398 0.012492000993388106
leaf_weight=7.9089543875306871 13.203120462596415 354.57847799919546 64.152064392343163 312.76441214233637 2313.817301236093 304.5761048309505 5.8081296607851991 6.5347090549767 623.73092845827341 5161.8888252601027 91.016203667968512 3.66487642750144 213.1989486142993 9.5196704603731614 2091.8584148753434 151.04342423565686 106.75432852469385 72.148552941158414 23.55128213763237 1939.6323914304376 65.543407583609223 8.206373102962969 4.6828729733824739 90.295268643647432 7.6313836351037017 54.811841927468777 46.144679300487041 165.13130391389132 66.560067869722843 1119.2955368347466
leaf_count=158 41 12638 1184 3578 4557 5628 203 14 13912 17215 235 71 954 82 18465 4314 2491 1430 314 71999 2509 170 22 1818 18 161 168 1123 315 5013
internal_value=-0.000549572 0.00791798 -0.01745 -0.0334744 0.0101183 0.00170176 -0.0415009 0.0148985 -0.0143253 0.0144744 0.0256259 0.14868 0.0215002 -0.0376768 -0.00543085 -0.0185507 -0.00416821 0.0210998 0.0780523 -0.0451376 -0.00735768 0.102418 0.246714 0.0120873 0.0132545 0.0172571 0.0663403 -0.00682074 0.0272371 0.0147761
internal_weight=15499.7 12328.9 984.004 3170.73 11344.9 3869.21 2234.24 378.567 936.495 7475.71 314.415 10.1996 304.215 605.437 2396.43 250.858 210.363 103.609 31.4602 2023.87 84.2408 18.6974 12.8892 99.8149 1472.78 1233.46 59.3478 239.323 74.1915 1174.11
internal_count=170800 74014 21310 96786 52704 30932 79296 2458 17490 21772 1274 85 1189 18852 24093 6214 4393 1902 472 74903 2904 395 192 1900 6839 5383 209 1456 333 5174
cat_boundaries=0 6 12 18 24 30 35 41 42 48 53
cat_threshold=139776 55764998 34087042 268520456 16826384 6144 2155874336 268968065 272003302 136314880 2164523040 1920 1006764176 37749312 1073775432 15797248 71311377 8264 198656 393728 1610612748 939556864 0 8781 65536 1459202 100663296 8 0 4 16512 269226496 1887469856 134479872 335544332 41472 272146440 2097152 823530504 2147483648 1538 11 590876688 536870912 2560 0 37748736 32 8704 16916482 0 268517376 16809984
is_linear=0
shrinkage=0.05


Tree=30
num_leaves=31
num_cat=7
split_feature=14 3 13 12 11 15 15 16 15 15 0 3 15 1 6 15 14 0 12 14 10 1 1 12 5 1 0 0 0 5
split_gain=1600.88 249.134 241.977 191.602 152.706 158.411 117.948 98.1549 117.661 92.3634 79.3035 78.9213 76.1579 75.0639 75.3093 91.9733 128.372 81.0449 113.065 91.524 80.044 67.651 71.4267 64.8599 62.115 60.8658 101.413 100.594 91.7705 87.0331
threshold=0.01818654318654319 1.0000000180025095e-35 0.89973541084244091 1.0000000180025095e-35 0.026785714285714288 0 1 2 3 4 24.500000000000004 1.0000000180025095e-35 5 44.500000000000007 615.50000000000011 6 0.18589384672811329 19.500000000000004 0.25461111111111118 0.085258832226203576 0.082857142857142865 33.500000000000007 34.500000000000007 1.427777777777778 355.50000000000006 34.500000000000007 5.5000000000000009 30.500000000000004 9.5000000000000018 447.50000000000006
decision_type=8 2 8 10 10 9 9 1 9 9 2 2 9 2 2 9 10 2 10 10 10 2 2 8 2 2 2 2 2 2
left_child=3 4 24 6 5 -2 -1 9 -9 -6 23 12 -5 14 15 16 17 18 -10 -19 -20 -12 -23 -4 -3 26 -11 28 -27 -28
right_child=1 2 10 11 7 -7 -8 8 13 25 21 -13 -14 -15 -16 -17 -18 19 20 -21 -22 22 -24 -25 -26 27 29 -29 -30 -31
leaf_value=-0.0033484319290797552 0.016106964982623567 -0.051352871205734021 -0.039498267042330164 0.011984881347715817 -0.0080388351002941751 -0.020115658442422489 -0.044674677284516372 -0.012313607760594146 -0.0017806727749743075 0.0014134919543342989 0.016943092867737718 -0.048531653704760806 -0.019676517348530976 -0.011234370776180653 0.0066579141292679722 0.013039530899804844 0.015228099838685644 0.20559997662592411 0.20826299246278537 0.074120698232197205 0.054585463781732416 0.10953844227922307 -0.055555555595160892 0.066368003730244193 -0.018502658785045843 0.023911566368964535 0.026708499189345869 0.11706651090944759 0.0016176411001393655 0.0028806314426144701
leaf_weight=203.05533973500133 471.18633352220058 331.19375460036099 89.685187201946974 301.04769399762154 399.67768172547221 804.74893918819726 1949.051325712353 772.05137242749333 41.928453855216503 601.56497571989894 226.56282902136445 138.93629989027977 485.3603506796062 372.88551422953606 1627.783535387367 555.51180694624782 123.49456214904785 24.199167490005493 14.805658400058745 29.216529853641987 19.810884699225426 39.904230769723654 7.8383611366152754 17.250548243522644 254.45938161015511 681.64136834815145 3000.8341332115233 21.68084317073226 1429.9819941557944 439.33049223944545
leaf_count=4214 3471 12382 1652 3089 3434 12038 75082 5103 250 1832 473 5047 9354 1647 5519 1821 281 83 20 97 52 65 128 140 6470 2250 7990 44 5227 1545
internal_value=-0.000539406 0.007472 -0.0168986 -0.0328178 0.00953316 -0.00677053 -0.0409986 0.0115814 0.00487357 0.015205 0.0141032 -0.0137915 -0.00765391 0.0096233 0.0128546 0.0253233 0.0497682 0.0864192 0.0534352 0.133685 0.120314 0.0283416 0.0824334 -0.0224202 -0.0370798 0.01672 0.0203536 0.00991439 0.00881422 0.0236655
internal_weight=15476.7 12399.2 966.894 3077.45 11432.3 1275.94 2152.11 10156.4 3581.69 6574.71 381.241 925.344 786.408 2809.64 2436.75 808.967 253.455 129.961 76.545 53.4157 34.6165 274.305 47.7426 106.936 585.653 6175.03 4041.73 2133.3 2111.62 3440.16
internal_count=170800 74014 21310 96786 52704 15509 79296 37195 14873 22322 2458 17490 12443 9770 8123 2604 783 502 322 180 72 666 193 1792 18852 18888 11367 7521 7477 9535
cat_boundaries=0 6 12 13 19 25 31 37
cat_threshold=2560 154160130 67907724 806492168 16 7360 2155872288 268968064 272003318 2129920 2147745826 1920 7 12599848 286261386 639127768 2147631104 2147483648 6536 2048 268959744 2887780 154140672 84181011 8192 469893264 37749328 1073775176 16010240 72351761 8264 2048 168304640 8194 19958784 262144 1540
is_linear=0
shrinkage=0.05


Tree=31
num_leaves=31
num_cat=9
split_feature=14 3 10 12 15 15 16 15 15 3 15 5 12 15 5 14 10 15 1 5 0 5 15 5 1 5 0 1 5 0
split_gain=1480.53 225.669 227.113 187.114 136.884 103.789 92.0863 102.748 93.1054 75.9297 76.1773 68.0615 58.7651 57.3596 65.4896 217.104 51.5687 50.6526 48.3569 65.8495 47.6402 46.3922 53.6845 45.6324 54.1749 66.9729 132.537 83.5186 67.3351 60.8624
threshold=0.01818654318654319 1.0000000180025095e-35 0.53571428571428581 1.0000000180025095e-35 0 1 2 3 4 1.0000000180025095e-35 5 228.50000000000003 0.019444444444444448 6 24.500000000000004 0.0043939954628095194 3.5000000000000004 7 45.500000000000007 708.50000000000011 1.5000000000000002 355.50000000000006 8 331.50000000000006 34.500000000000007 162.50000000000003 13.500000000000002 33.500000000000007 184.50000000000003 18.500000000000004
decision_type=8 2 8 10 9 9 1 9 9 2 9 2 10 9 2 8 8 9 2 2 2 2 9 2 2 2 2 2 2 2
left_child=3 4 21 5 -2 -1 8 16 23 10 -5 -4 -10 14 15 -7 20 -12 19 -9 -8 -3 -23 24 25 29 -27 28 -28 -6
right_child=1 2 11 9 6 13 7 18 12 -11 17 -13 -14 -15 -16 -17 -18 -19 -20 -21 -22 22 -24 -25 -26 26 27 -29 -30 -31
leaf_value=-0.00041346485548330783 -0.0099902463339527486 -0.049234745900306097 -0.04763222323681552 -0.038286981938869036 0.042819819116811569 0.44289979812525448 -0.02285235690264778 -2.5417680043737618e-05 -0.01329297714698505 -0.04818699735490533 0.036631876250210513 0.020376822103898667 0.013289384602710034 -0.047885032771810249 -0.027950401217209493 -0.025841359426378219 0.063733211276218518 -0.0048518632823463075 -0.022296120680658844 0.14747271506943824 0.011851563579046103 0.0096496949704701507 -0.037484016272356417 0.012487261804243067 0.016110048965304564 0.014231333965568166 0.12846435540193851 0.18174618685951291 0.05587637536548138 -0.0073417839468989804
leaf_weight=160.75233569927514 873.14410412870347 317.31152776256204 41.166414730250835 148.42847093194723 165.11087459698319 3.2176510021090481 101.80546594411135 1962.7497878279537 221.43809615820646 133.08201409876347 74.532579533755779 345.8985448461026 3402.8241733908653 1573.920155370608 327.86312871426344 10.634711388498545 46.718739166855812 558.35395463183522 262.6492606587708 7.5962118804454795 3454.2141657173634 95.749824387952685 151.1884179264307 333.04849770665169 274.96239005029202 108.25531619787216 41.328059449791908 19.295732989907265 140.77313517034054 95.416772086173296
leaf_count=3138 12871 12273 1169 3984 435 11 301 11714 1476 5047 538 1425 10907 64465 11295 387 65 7921 2192 32 9580 1891 4552 1183 986 282 30 28 337 285
internal_value=-0.00052984 0.00705163 -0.016353 -0.032122 0.00898583 -0.0404213 0.0105428 0.00629573 0.0156798 -0.013276 -0.00732961 0.0131437 0.0116331 -0.0435491 -0.0227844 0.0830387 0.0115117 0.000527327 -0.00213363 0.000543227 0.010858 -0.0365871 -0.0203352 0.0279253 0.0343395 0.0431304 0.0588487 0.0828315 0.0723503 0.0244484
internal_weight=15453.4 12462.6 951.315 2990.79 11511.3 2076.39 10638.2 5835.73 4802.45 914.397 781.315 387.065 3624.26 1915.64 341.715 13.8524 3602.74 632.887 2233 1970.35 3556.02 564.25 246.938 1178.19 845.142 570.18 309.652 201.397 182.101 260.528
internal_count=170800 74014 21310 96786 52704 79296 39833 23884 15949 17490 12443 2594 12383 76158 11693 398 9946 8459 13938 11746 9881 18716 6443 3566 2383 1397 677 395 367 720
cat_boundaries=0 5 11 12 18 24 30 36 41 47
cat_threshold=281034920 268963840 817156448 262240 336855053 2155872288 268968064 271872230 136347648 2164523008 896 3 243712 140684298 1073741828 806390792 16818176 8262 131072 128 532506 805371904 2147500032 3464 1134035008 2424373504 4391170 148 169938596 16 1722368 33559041 9046040 2148535424 335545527 3080 402784384 0 1073774656 3147776 67108880 41472 272139276 0 822481928 2147483648 1538
is_linear=0
shrinkage=0.05


Tree=32
num_leaves=31
num_cat=11
split_feature=14 10 3 15 15 3 16 15 1 15 15 15 5 15 14 17 15 0 0 1 0 6 14 5 0 0 15 0 14 6
split_gain=1373.05 267.866 282.859 151.182 122.276 125.645 84.3041 122.064 83.0704 101.108 92.2767 80.3946 108.348 80.0764 78.6278 70.6849 70.2646 57.261 101.913 50.5526 123.538 138.26 48.8702 80.927 47.1652 43.8499 96.8795 102.061 71.163 56.4221
threshold=0.011500866367736732 1.0000000180025095e-35 1.0000000180025095e-35 0 1 1.0000000180025095e-35 2 3 25.500000000000004 4 5 6 235.50000000000003 7 0.047440576455175 8 9 20.500000000000004 19.500000000000004 24.500000000000004 21.500000000000004 66.500000000000014 0.012627712254577927 383.50000000000006 19.500000000000004 19.500000000000004 10 26.500000000000004 0.010529233282763452 74.500000000000014
decision_type=8 8 2 9 9 2 1 9 2 9 9 9 2 9 10 9 9 2 2 2 2 2 10 2 2 2 9 2 10 2
left_child=4 2 3 -2 -1 11 8 14 10 -10 -3 17 13 -13 -8 25 -5 18 -6 -12 21 -21 23 24 -18 -15 27 28 29 -27
right_child=1 6 -4 16 5 -7 7 -9 9 -11 19 12 -14 15 -16 -17 22 -19 -20 20 -22 -23 -24 -25 -26 26 -28 -29 -30 -31
leaf_value=-0.052670080565337944 -0.026501850738258378 0.0066007209670387382 -0.042984598424032856 0.014384742981149515 0.037979552712846899 -0.052323707655158591 0.04692004356923167 -0.011792737068113443 -0.020931032275825795 0.011078304370933259 0.023662587598989274 -0.029033342977810534 -0.036266891468002757 -0.0068259823606049005 0.0078858790552076129 0.38428024537091376 0.057402063552609267 -0.03992333206230788 0.28665454954843733 0.097090762514232432 0.19566117675299391 -0.0011730712010286914 -0.00135067818865352 -0.029818908831171255 0.27782236968139129 -0.055555554183124425 -0.00057594138628252599 -0.019796988664607749 -0.055555555180598015 0.22540193743597503
leaf_weight=724.12079642154276 463.39885533414781 927.28828446567059 417.91386670991778 1051.3904323354363 51.060125345364213 389.14455456659198 151.74524458311498 871.23269667103887 258.82044549286366 3218.9620764628053 1931.1605497710407 213.00250613316894 684.73644707351923 185.40114253945649 861.11073112674057 1.2580682225525368 4.4080262444913405 20.390680769458413 4.48171692341566 60.971093572676182 13.833020642399786 86.700366538017988 2696.7532697916031 8.8435968421399576 5.4000637531280518 1.9603806510567654 93.700565036386251 9.9629045315086824 3.0909611806273452 20.196489572525032
leaf_count=30760 10099 2843 15259 4421 1248 15750 683 8389 1616 8826 4493 7343 23116 4232 4627 9 50 635 55 63 23 230 23065 194 25 56 1970 293 93 334
internal_value=-0.000519492 0.0058846 -0.00374235 0.000134514 -0.0352519 -0.0272608 0.0112232 0.00185755 0.0139146 0.0086678 0.0200028 -0.0199072 -0.0229501 -0.00613324 0.0135997 0.00992916 0.00347251 0.0280439 0.0580453 0.0257867 0.0527825 0.0393984 -0.000789924 0.0798631 0.178759 0.00874668 0.0311434 0.0901216 0.169191 0.200544
internal_weight=15432.4 13029.9 4648.11 4230.19 2402.51 1678.39 8381.82 1884.09 6497.74 3477.78 3019.95 1289.24 1213.31 528.573 1012.86 315.571 3766.8 75.9325 55.5418 2092.67 161.504 147.671 2715.4 18.6517 9.80809 314.312 128.911 35.2107 25.2478 22.1569
internal_count=170800 84906 53113 37854 85894 55134 31793 13699 18094 10442 7652 39384 37446 14330 5310 6987 27755 1938 1303 4809 316 293 23334 269 75 6978 2746 776 483 390
cat_boundaries=0 5 11 12 18 24 30 35 40 41 47 52
cat_threshold=1589376 268702208 830671712 142639200 2013271052 1073743111 3288334592 2281702401 1174938391 594184 48 15 75784 139392514 1610612736 805404744 18096128 772 2160066560 4456450 302538838 2149584896 16810001 2048 12591144 53518978 104333312 16909320 84189200 6656 2147483648 268443648 280379620 2097184 2214854660 656412736 8454256 21037312 0 304090816 2 134357504 155650 532610 268518408 1089536 6144 1703936 4194304 0 12615680 1744961536
is_linear=0
shrinkage=0.05


Tree=33
num_leaves=31
num_cat=12
split_feature=14 15 3 13 15 3 16 15 15 15 5 15 5 14 15 5 12 15 17 5 14 1 15 5 12 0 0 15 6 6
split_gain=1277.16 242.32 182.857 193.227 122.454 123.748 91.7737 112.735 87.8443 74.2681 107.869 76.5357 78.657 94.9642 71.5711 63.6427 58.1016 57.9193 53.619 51.157 143.012 49.4187 54.3349 51.8322 47.6757 47.6091 47.1449 46.6553 44.4035 43.9026
threshold=0.011500866367736732 0 1.0000000180025095e-35 0.89973541084244091 1 1.0000000180025095e-35 2 3 4 5 235.50000000000003 6 231.50000000000003 0.0040828233276974744 7 355.50000000000006 0.75833333333333341 8 9 311.50000000000006 0.0098092672183377177 45.500000000000007 10 708.50000000000011 0.21944444444444447 30.500000000000004 1.5000000000000002 11 9.5000000000000018 71.500000000000014
decision_type=8 9 2 8 9 2 1 9 9 9 2 9 2 10 9 2 8 9 9 2 10 2 9 2 10 2 2 9 2 2
left_child=4 -2 6 15 -1 9 8 26 29 19 11 -11 18 -14 24 -4 27 -17 -13 20 -6 23 -23 -9 -5 -16 -8 -10 -28 -3
right_child=1 2 3 14 5 -7 7 21 16 10 -12 12 13 -15 25 17 -18 -19 -20 -21 -22 22 -24 -25 -26 -27 28 -29 -30 -31
leaf_value=-0.052520855594154293 -0.025753210727577726 0.040125752694669586 -0.050580881851016238 0.049968368010124137 0.43233914121332773 -0.052151168186659352 -0.023468039594757933 -0.00096988906456855302 -0.0045730075008794625 -0.030727732279267936 -0.035743699943231545 0.0039647359354431149 -0.055555555935926509 0.32289151361279433 -0.013440079771676503 0.0085587532907886975 -0.015121864279591217 -0.040077333892882726 0.30653700127221806 0.019607985465129981 -0.055555555651932244 0.015413326959154629 -0.031390737260394166 0.11880022818074353 -0.0044019102818613001 0.20837449343057993 -0.030459918346188532 0.013044535764141949 0.012137732839568947 0.019261098453133597
leaf_weight=690.74117721430957 580.91891903057694 305.11603880301118 283.05271392501891 138.36654085852206 2.8142015337944022 371.36000844277442 99.728817339986563 2384.5106080975384 433.47427097335458 182.70000612363219 666.05614583566785 337.99688146822155 2.7205097004771224 4.2428607791662216 185.40905339084566 125.29959559813142 233.28729660622776 108.03265602327883 1.4705713372677554 63.449441112577915 3.221119299530983 77.360996823757887 256.96124966442585 9.0675667077302915 56.899767806753516 2.4510567747056475 62.270157247781754 2806.475868249312 3483.8706568442285 1451.5451262015849
leaf_count=30760 14556 631 11664 229 11 15750 309 16517 4319 6675 23287 7689 100 34 1494 2618 1053 3558 12 1456 120 630 2592 38 668 19 208 9586 9748 4469
internal_value=-0.000510507 0.00555942 0.00702924 -0.0146826 -0.0346434 -0.0266118 0.00871839 0.00466496 0.0136234 -0.0193228 -0.0221699 -0.00550249 0.00844399 0.175037 0.0122213 -0.0346437 0.00895255 -0.0153105 0.00527548 0.0287081 0.171944 -0.00302022 -0.0210383 -0.000516165 0.0324626 -0.010013 0.0104077 0.0107136 0.0113897 0.0227556
internal_weight=15410.9 13084.1 12503.2 899.511 2326.77 1636.03 11603.7 6373.77 5229.9 1264.67 1195.19 529.131 346.431 6.96337 383.126 516.385 3473.24 233.332 339.467 69.4848 6.03532 2727.9 334.322 2393.58 195.266 187.86 3645.87 3239.95 3546.14 1756.66
internal_count=170800 84906 70350 20250 85894 55134 50100 30042 20058 39384 37797 14510 7835 134 2410 17840 14958 6176 7701 1587 131 19777 3222 16555 897 1513 10265 13905 9956 5100
cat_boundaries=0 5 11 12 18 24 29 34 40 46 47 53 59
cat_threshold=9978032 268435456 831982368 8388640 2021655756 1073743111 3288334592 2281702401 1174938391 594184 48 3 243712 137014280 1073741828 823168008 40960 8262 131072 139904 532506 2953003008 2164260864 3464 2147483648 301998080 280379620 2097184 2214854656 654315584 8454192 21037312 0 304090816 65536 37112838 100663296 2416054280 0 4229 2147590656 3843084 69206016 957748232 2147483648 1606 2 2147484160 33554438 2101248 16384 2147483650 2048 268441600 2625536 1075859524 156237888 294963 8192
is_linear=0
shrinkage=0.05


Tree=34
num_leaves=31
num_cat=9
split_feature=14 11 15 16 15 15 3 1 15 15 5 1 15 12 15 15 14 5 0 1 1 6 5 11 0 5 5 6 0 1
split_gain=1186.96 224.374 157.698 132.339 160.955 122.692 121.897 94.5416 84.6357 80.5768 69.7067 211.89 82.5559 89.8049 73.823 63.0375 61.3838 66.7929 56.5061 60.7563 141.245 88.4901 73.2286 62.1606 61.2113 57.3676 78.9205 55.4099 88.208 51.95
threshold=0.011500866367736732 1.0000000180025095e-35 0 1 2 3 1.0000000180025095e-35 34.500000000000007 4 5 22.500000000000004 12.500000000000002 6 1.0000000180025095e-35 7 8 0.021983775386916753 176.50000000000003 4.5000000000000009 44.500000000000007 33.500000000000007 153.50000000000003 591.50000000000011 0.20821428571428574 21.500000000000004 455.50000000000006 459.50000000000006 7.5000000000000009 7.5000000000000009 32.500000000000007
decision_type=8 8 9 1 9 9 2 2 9 9 2 2 9 10 9 9 10 2 2 2 2 2 2 10 2 2 2 2 2 2
left_child=5 2 -2 7 18 -1 10 8 16 -9 11 -7 -12 -14 -13 -15 17 -3 -5 20 25 23 -23 -22 -25 -20 -27 28 -11 -10
right_child=1 3 -4 4 -6 6 -8 9 29 27 12 14 13 15 -16 -17 -18 -19 19 -21 21 22 -24 24 -26 26 -28 -29 -30 -31
leaf_value=-0.052364486251523061 0.015545107679825535 0.20624957695354446 -0.02150543771766051 -0.02124485897514538 -0.01393744102262799 0.32327364708458317 -0.051970092302224116 -0.018790952157476479 0.007073829150772969 0.010604029239931322 0.015469619375706954 0.067094999717451614 -0.036837448144107922 0.029982831555106462 -0.0390608830222125 -0.017216276204199309 0.020162026008311754 0.046803809494943893 -0.0028298259228130931 -0.016522830822129384 0.20823654107271714 0.029216378185579657 0.15346873201373454 0.13409479042789826 0.0028989106267885163 0.14676065887903633 0.020596563189208408 0.0050192062869117877 0.11899298170495312 0.03009328114020662
leaf_weight=658.99578443542123 372.97444080933928 8.7797783836722356 1175.89528949745 121.87530140765011 1381.6931199729443 5.7597621940076342 354.44879806041718 353.60678965598345 3105.0855294689536 57.56759861856699 133.27471943758428 16.696757828816772 682.31485087238252 83.325232319533825 32.431537862867117 288.15914121828973 2550.9564021490514 26.074771773070097 464.62565466947854 136.60136979445815 12.292018808424471 204.43750394321978 12.588157769292591 20.856824858114123 15.496099295094607 13.183672383427618 207.29104030691087 2600.6075217239559 27.852069795131683 266.10001308098435
leaf_count=30760 3514 47 24474 868 17276 45 15750 2874 12757 206 3596 320 28101 766 975 5581 5883 223 3038 1109 55 1214 51 68 107 18 697 9415 52 960
internal_value=-0.000501923 0.00525138 -0.012622 0.00764045 -0.00232501 -0.0340116 -0.025945 0.0105013 0.0141743 0.00333761 -0.0187265 0.036361 -0.0212736 -0.0258223 0.0027236 -0.00628569 0.0209814 0.0869678 0.0109489 0.0146579 0.0191378 0.0500852 0.0364234 0.111036 0.0781701 0.00713694 0.0281408 0.00629728 0.0459455 0.00886454
internal_weight=15391.8 13136.4 1548.87 11587.6 2590.94 2255.41 1596.41 8996.63 5957 3039.63 1241.96 54.8881 1187.07 1053.8 49.1283 371.484 2585.81 34.8546 1209.25 1087.37 950.771 265.671 217.026 48.6449 36.3529 685.1 220.475 2686.03 85.4197 3371.19
internal_count=170800 84906 27988 56918 24501 85894 55134 32417 19870 12547 39384 1340 38044 34448 1295 6347 6153 270 7225 6357 5248 1495 1265 230 175 3753 715 9673 258 13717
cat_boundaries=0 6 7 13 19 25 31 36 41 47
cat_threshold=2064 154192010 1141387264 823269376 12599312 7232 15 204800 135181828 538976256 812711944 16818208 516 1073743111 3288334592 2281702401 1174938391 594184 48 249856 399873 33616090 805339136 2147483648 11649 4196536 1835524 1107849420 4231168 84148241 10240 2147500032 301998080 280416748 2149580832 3288596484 587202576 536870944 2560 32768 38813696 469762176 4194368 1073742336 8454144 25165824 8264
is_linear=0
shrinkage=0.05


Tree=35
num_leaves=31
num_cat=10
split_feature=14 15 3 5 15 3 15 16 10 15 11 8 15 15 1 1 1 5 15 15 14 1 15 5 5 0 0 0 5 5
split_gain=1102 210.97 155.521 182.71 122.962 120.113 118.344 82.8788 93.1864 88.7184 80.5876 72.1125 93.806 73.2192 69.1009 67.0934 92.2301 66.7715 121.343 92.4325 63.4795 62.1023 56.915 55.5813 84.0015 61.2517 54.1434 73.9281 118.944 51.3308
threshold=0.011500866367736732 0 1.0000000180025095e-35 228.50000000000003 1 1.0000000180025095e-35 2 3 0.18785714285714289 4 0.11160714285714286 0.41500000000000009 5 6 18.500000000000004 40.500000000000007 39.500000000000007 311.50000000000006 7 8 0.34674373795761088 45.500000000000007 9 663.50000000000011 648.50000000000011 25.500000000000004 16.500000000000004 17.500000000000004 663.50000000000011 303.50000000000006
decision_type=8 9 2 2 9 2 9 1 8 9 8 8 9 9 2 2 2 2 9 9 10 2 9 2 2 2 2 2 2 2
left_child=4 -2 7 -4 -1 17 15 9 11 10 20 13 -13 21 -12 16 26 19 23 29 -3 -9 -10 24 -19 -26 -5 28 -28 -6
right_child=1 2 3 6 5 -7 -8 8 22 -11 14 12 -14 -15 -16 -17 -18 18 -20 -21 -22 -23 -24 -25 25 -27 27 -29 -30 -31
leaf_value=-0.052200693144543002 -0.025172643624182801 0.040386767057555555 -0.050208725619338701 -0.014988876396720131 0.029065109641850231 -0.051780125263405842 -0.027457227066423437 0.011920745165766756 0.014615730855199356 0.0090228732115892919 0.040938597904360628 0.04007586921250398 0.0010581280515821021 -0.0074240180373285492 0.0052329533924970403 -0.041454482644610401 0.21659487448054138 0.022455200911819753 -0.039611812853881996 -0.015407919417853303 0.10688844385204221 -0.01884324738127886 0.0029293278985130129 -0.026222090492011737 0.23144183418679742 -0.055555556573817104 -0.055555555442307204 0.025187120978664369 0.24197434802639656 0.18785570608495625
leaf_weight=628.8048786483705 547.07482860051095 265.42041813395917 249.25205501355231 81.542205460369587 102.67426186800003 338.36833691596985 232.28786209411919 1093.0784818194807 2938.3814626373351 1856.5475894901901 209.28977544605732 234.75672229751945 428.67575882002711 2467.4036146104336 384.34502647072077 43.816422263160348 6.1154147908091536 57.220789885148406 505.32631294056773 496.53523890674114 41.494642421603203 193.01095636934042 1639.7187869474292 41.613789383322001 8.9353608042001706 2.3475251756608477 5.1169796586036655 257.086475469172 9.7779085543006659 5.3548602908849707
leaf_count=30760 14349 1680 10502 1744 2931 15750 5398 6521 5650 7030 436 750 1861 18458 911 1000 62 1428 19148 14664 45 1509 5396 946 106 65 118 1458 28 96
internal_value=-0.000490209 0.00496259 0.00628213 -0.0139258 -0.0333594 -0.0252598 0.000299486 0.00780923 0.00546355 0.0153864 0.0282621 0.000288454 0.0154846 -0.00239748 0.0178212 0.0165506 0.0240779 -0.0181115 -0.0297049 -0.00630946 0.0493777 0.00724746 0.0104684 0.0177435 0.0470413 0.171729 0.0207476 0.0314617 0.139761 0.0338067
internal_weight=15371.4 13184.2 12637.1 884.995 2187.18 1558.38 635.743 11752.1 8995.03 2757.1 900.55 4416.93 663.432 3753.49 593.635 403.455 359.639 1220.01 615.444 604.564 306.915 1286.09 4578.1 110.117 68.5037 11.2829 353.524 271.981 14.8949 108.029
internal_count=170800 84906 70557 20310 85894 55134 9808 50247 40145 10102 3072 29099 2611 26488 1347 4410 3410 39384 21693 17691 1725 8030 11046 2545 1599 171 3348 1604 146 3027
cat_boundaries=0 5 11 17 18 24 30 36 42 48 54
cat_threshold=1589424 268435456 832015136 8388640 2021655756 1073743111 3288334592 2281702401 1174938391 594184 48 8495624 37153804 100663296 2953187336 4096 4614 1 8421888 17842816 16410 805440512 2231386112 393 4292608 185632776 144 16813056 40960 2050 2281871360 565249 532614 273764360 2148827185 6145 2147500032 301998081 271938028 2149580832 2483291138 8 1704064 4194304 1082296832 32768 1619001348 64 2147692552 174498316 1140850692 806387712 8192 10054
is_linear=0
shrinkage=0.05


Tree=36
num_leaves=31
num_cat=11
split_feature=12 10 3 15 15 5 15 5 5 15 15 5 1 6 16 15 0 15 16 0 5 5 15 6 0 1 15 1 0 6
split_gain=1037.05 228.755 258.826 167.888 111.359 80.2127 106.88 108.062 86.7582 83.5474 65.2685 61.6635 59.7139 56.8249 54.4667 81.1598 59.3456 53.1893 49.3015 47.6918 46.5927 45.4206 184.701 111.641 41.2666 40.9932 72.2646 46.5937 88.8899 125.532
threshold=1.0000000180025095e-35 1.0000000180025095e-35 1.0000000180025095e-35 0 1 672.50000000000011 2 699.50000000000011 669.50000000000011 3 4 702.50000000000011 44.500000000000007 8.5000000000000018 5 6 21.500000000000004 7 8 25.500000000000004 271.50000000000006 22.500000000000004 9 226.50000000000003 21.500000000000004 25.500000000000004 10 24.500000000000004 21.500000000000004 66.500000000000014
decision_type=8 8 2 9 9 2 9 2 2 9 9 2 2 2 1 9 2 9 1 2 2 2 9 2 2 2 9 2 2 2
left_child=3 2 4 18 -2 8 7 -7 9 12 -3 -9 -6 -13 25 16 -16 -4 20 -18 -1 22 23 -5 -25 27 -27 -12 29 -29
right_child=1 10 17 21 5 6 -8 11 -10 -11 14 13 -14 -15 15 -17 19 -19 -20 -21 -22 -23 -24 24 -26 26 -28 28 -30 -31
leaf_value=0.068479141154601325 -0.032065023650989316 0.015813925642013862 0.013713096887374272 -0.055555556213214168 0.016683805024329961 -0.041890912768498281 -0.041534937135336514 0.2027003670010355 0.12822273147849381 -0.0029434474350561466 0.01162457885718423 0.12595544510575193 -0.012974150220266423 0.012112521739197806 -0.0031892228865116356 -0.01592253676194005 0.050954604032201305 -0.047151640098550177 -0.018111856708193916 0.010537628226817362 0.000263160190761869 -0.044673545918834601 -0.044519443868272744 0.32305263596763117 0.14303997773846941 -0.017660981445090401 0.0075534941251951667 0.083022967949186954 0.15758830929170894 -0.0091544206312316207
leaf_weight=49.298169802874327 260.84737356565893 2497.4549056552351 40.875526843592525 4.1539477072656164 1185.1712136697024 40.318280424922705 219.17133948393166 7.0648997314274302 13.782112825661896 2483.8730978406966 2093.1328475382179 15.497899267822502 198.08639429137111 37.447356425225735 459.67068163119256 615.6792964246124 113.16085125133395 379.55521569028497 88.944346714764833 205.60203523561358 50.851571138948202 1451.1014889944345 69.111133717000484 7.1184167359024286 5.7597529180347919 315.3016469553113 2276.0993810743093 61.69576621055603 14.440115727484224 92.03423136100173
leaf_count=742 6874 6559 1281 175 6500 557 3535 54 143 24138 6573 96 1403 315 3500 6664 667 16396 2561 1004 1188 67350 3101 57 109 1915 6943 75 28 297
internal_value=-0.000481128 0.0041444 -0.00452617 -0.0369904 -0.000991843 0.00101174 -0.023067 0.0194756 0.00299666 0.00255036 0.00898495 0.0639506 0.0123474 0.0454361 0.00621948 -0.00248966 0.00820187 -0.0420295 0.0080224 0.0248857 0.0307697 -0.0423043 -0.00730481 0.107011 0.242542 0.00872147 0.00444659 0.013659 0.0389798 0.0278387
internal_weight=15352.3 13626 4881.69 1726.34 4461.26 4200.41 319.5 100.328 3880.91 3867.13 8744.27 60.0102 1383.26 52.9453 6246.82 1394.11 778.434 420.431 189.094 318.763 100.15 1537.24 86.1433 17.0321 12.8782 4852.7 2591.4 2261.3 168.17 153.73
internal_count=170800 95517 61292 75283 43615 36741 4557 1022 32184 32041 34225 465 7903 411 27666 11835 5171 17677 4491 1671 1930 70792 3442 341 166 15831 8858 6973 400 372
cat_boundaries=0 6 11 17 23 29 30 36 42 43 48 54
cat_threshold=2147616768 524417 659470 2570093632 2164523059 3456 1125662784 8458304 8519936 134250704 1512113888 205586448 135300274 4098 2168668168 2148843526 14 402792960 50489346 1379688578 8395784 67141632 6144 65552 4592192 536870920 939622464 0 8837 15 268609544 134800387 1140850688 2166624264 22323216 1344 8192 18877448 256 805306368 0 2434 11 54005808 805306368 2560 0 37748736 2160067072 2 302543062 2149601280 16818193 2048
is_linear=0
shrinkage=0.05


end of trees

feature_importances:
codigo_producto_enc=273
dias_hasta_proximo_evento=147
semana_anio=99
historico_promedio_producto=96
es_fin_de_semana=85
dia_mes=76
rolling_mean_90=74
rolling_mean_28=58
dias_desde_evento_anterior=56
rolling_mean_7=51
dia_semana=49
rolling_std_7=34
lag_14=6
lag_7=3
tipo_evento_activo_enc=2
trimestre=1

parameters:
[boosting: gbdt]
[objective: tweedie]
[metric: l1,tweedie]
[tree_learner: serial]
[device_type: cpu]
[data_sample_strategy: bagging]
[data: ]
[valid: ]
[num_iterations: 1000]
[learning_rate: 0.05]
[num_leaves: 31]
[num_threads: 6]
[seed: 42]
[deterministic: 0]
[force_col_wise: 0]
[force_row_wise: 0]
[histogram_pool_size: -1]
[max_depth: -1]
[min_data_in_leaf: 20]
[min_sum_hessian_in_leaf: 0.001]
[bagging_fraction: 1]
[pos_bagging_fraction: 1]
[neg_bagging_fraction: 1]
[bagging_freq: 0]
[bagging_seed: 400]
[bagging_by_query: 0]
[feature_fraction: 1]
[feature_fraction_bynode: 1]
[feature_fraction_seed: 30056]
[extra_trees: 0]
[extra_seed: 12879]
[early_stopping_round: 0]
[early_stopping_min_delta: 0]
[first_metric_only: 0]
[max_delta_step: 0]
[lambda_l1: 0]
[lambda_l2: 0]
[linear_lambda: 0]
[min_gain_to_split: 0]
[drop_rate: 0.1]
[max_drop: 50]
[skip_drop: 0.5]
[xgboost_dart_mode: 0]
[uniform_drop: 0]
[drop_seed: 17869]
[top_rate: 0.2]
[other_rate: 0.1]
[min_data_per_group: 100]
[max_cat_threshold: 32]
[cat_l2: 10]
[cat_smooth: 10]
[max_cat_to_onehot: 4]
[top_k: 20]
[monotone_constraints: ]
[monotone_constraints_method: basic]
[monotone_penalty: 0]
[feature_contri: ]
[forcedsplits_filename: ]
[refit_decay_rate: 0.9]
[cegb_tradeoff: 1]
[cegb_penalty_split: 0]
[cegb_penalty_feature_lazy: ]
[cegb_penalty_feature_coupled: ]
[path_smooth: 0]
[interaction_constraints: ]
[verbosity: 1]
[saved_feature_importance_type: 0]
[use_quantized_grad: 0]
[num_grad_quant_bins: 4]
[quant_train_renew_leaf: 0]
[stochastic_rounding: 1]
[linear_tree: 0]
[max_bin: 255]
[max_bin_by_feature: ]
[min_data_in_bin: 3]
[bin_construct_sample_cnt: 200000]
[data_random_seed: 175]
[is_enable_sparse: 1]
[enable_bundle: 1]
[use_missing: 1]
[zero_as_missing: 0]
[feature_pre_filter: 1]
[pre_partition: 0]
[two_round: 0]
[header: 0]
[label_column: ]
[weight_column: ]
[group_column: ]
[ignore_column: ]
[categorical_feature: 15,16,17]
[forcedbins_filename: ]
[precise_float_parser: 0]
[parser_config_file: ]
[objective_seed: 16083]
[num_class: 1]
[is_unbalance: 0]
[scale_pos_weight: 1]
[sigmoid: 1]
[boost_from_average: 1]
[reg_sqrt: 0]
[alpha: 0.9]
[fair_c: 1]
[poisson_max_delta_step: 0.7]
[tweedie_variance_power: 1.1]
[lambdarank_truncation_level: 30]
[lambdarank_norm: 1]
[label_gain: ]
[lambdarank_position_bias_regularization: 0]
[eval_at: ]
[multi_error_top_k: 1]
[auc_mu_weights: ]
[num_machines: 1]
[local_listen_port: 12400]
[time_out: 120]
[machine_list_filename: ]
[machines: ]
[gpu_platform_id: -1]
[gpu_device_id: -1]
[gpu_device_id_list: ]
[gpu_use_dp: 0]
[num_gpu: 1]

end of parameters

pandas_categorical:[]
