tree
version=v4
num_class=1
num_tree_per_iteration=1
label_index=0
max_feature_idx=20
objective=tweedie
feature_names=dia_mes semana_anio trimestre es_fin_de_semana es_evento dias_hasta_proximo_evento dias_desde_evento_anterior lag_1 lag_2 lag_3 lag_7 lag_14 lag_28 rolling_mean_7 rolling_mean_28 rolling_mean_90 rolling_std_7 historico_promedio_producto codigo_producto_enc dia_semana tipo_evento_activo_enc
feature_infos=[1:31] [1:52] [1:4] [0:1] [0:1] [0:999] [0:999] [0:100] [0:100] [0:100] [0:100] [0:100] [0:100] [0:14.714285714285714] [0:4.2857142857142856] [0:2.088888888888889] [0:37.796447300922722] [0:42] -1:0:1:2:3:4:5:6:7:8:9:10:11:12:13:14:15:16:17:18:19:20:21:22:23:24:25:26:27:28:29:30:31:32:33:34:35:36:37:38:39:40:41:42:43:44:45:46:47:48:49:50:51:52:53:54:55:56:57:58:59:60:61:62:63:64:65:66:67:68:69:70:71:72:73:74:75:76:77:78:79:80:81:82:83:84:85:86:87:88:89:90:91:92:93:94:95:96:97:98:99:100:101:102:103:104:105:106:107:108:109:110:111:112:113:114:115:116:117:118:119:120:121:122:123:124:125:126:127:128:129:130:131:132:133:134:135:136:137:138:139:140:141:142:143:144:145:146:147:148:149:150:151:152:153:154:155:156:157:158:159:160:161:162:163:164:165:166:167:168:169:170:171:172:173 -1:0:5:6:1:2:3:4 -1:1:2
tree_sizes=1852 1923 1909 1895 1911 1955 1871 1894 1929 1910 1881 1948 1847 1865 1918 1909 1874 1855 1898 1885 1874 1900 1873 1863 1897 1935 1929 1859 1942 1991 1982 1967 1997 1983 1973 1990 1946 1911 1976 1970 1967 2028 2022 1976 2036 1980 1928 1977 1999 1976 1965 1980 2051 1891 1906

Tree=0
num_leaves=15
num_cat=3
split_feature=18 15 3 3 7 18 14 18 8 14 14 13 3 6
split_gain=27450.6 5907.77 5554.62 2887.02 2608.32 1405.26 1384.6 975.962 798.734 507.235 434.902 351.529 290.178 270.488
threshold=0 0.059722222222222225 1.0000000180025095e-35 1.0000000180025095e-35 87.500000000000014 1 0.2648214285714286 2 4.2500000000000009 0.24392857142857147 0.041071428571428578 0.75000000000000011 1.0000000180025095e-35 179.50000000000003
decision_type=9 10 2 2 8 9 10 9 8 10 10 10 2 2
left_child=2 7 6 5 -4 9 10 8 12 -3 -1 -8 -2 -12
right_child=1 3 4 -5 -6 -7 11 -9 -10 -11 13 -13 -14 -15
leaf_value=-2.4914940822778382 -2.5211329639655089 -2.4893536968761536 -2.54517862484651 -2.5570628003066451 -2.2555652962198751 -2.520761107189863 -2.4046588527131618 -2.557224574468099 -2.3489726305504535 -2.453609846034122 -2.3812197472846344 -2.3699814775883699 -2.5576933051638284 -2.4468464656904354
leaf_weight=172.21422885358334 758.31224296987057 1051.6008414179087 434.92934142053127 916.02010536193848 28.907896652817726 1186.4984389916062 967.77568481862545 10444.174544535577 21.28101758658886 544.79004034399986 72.634070917963982 389.10819636285305 262.07903976738453 287.2108439207077
leaf_count=1466 7190 8885 4464 9755 16 11233 5513 111278 77 3969 354 1775 2797 2028
internal_value=-2.52906 -2.54385 -2.43395 -2.51089 -2.52658 -2.49568 -2.41072 -2.55448 -2.52669 -2.47744 -2.45198 -2.3946 -2.53054 -2.43323
internal_weight=17537.5 15184.8 2352.78 3698.91 463.837 2782.89 1888.94 11485.8 1041.67 1596.39 532.059 1356.88 1020.39 359.845
internal_count=170800 155184 15616 33842 4480 24087 11136 121342 10064 12854 3848 7288 9987 2382
cat_boundaries=0 6 12 18
cat_threshold=106496 134392840 2 805307400 0 2 135680 50610183 1073750144 20023296 2147524608 8141 2147484160 53493895 101195932 17963008 2147483648 5773
is_linear=0
shrinkage=1


Tree=1
num_leaves=15
num_cat=4
split_feature=18 3 15 7 15 3 14 16 18 17 1 7 18 18
split_gain=25318 6401.77 4618.11 3209.29 2410.74 1201.33 943.175 604.004 566.542 498.619 374.711 362.993 288.745 286.44
threshold=0 1.0000000180025095e-35 0.27405555555555555 87.500000000000014 0.034722222222222231 1.0000000180025095e-35 0.026785714285714288 0.37796447300922814 1 0.34674373795761088 29.500000000000004 21.500000000000004 2 3
decision_type=9 2 10 8 10 2 10 10 9 10 2 8 9 9
left_child=1 2 6 -3 11 8 12 -4 -6 -8 -9 13 -1 -2
right_child=4 3 7 -5 5 -7 9 10 -10 -11 -12 -13 -14 -15
leaf_value=0.039325448334838926 -0.011980312110738729 -0.020675632292390105 0.085296159840356406 0.260848614427171 0.028776464658884487 -0.029457967952014413 0.051557654608108613 0.1415986120671745 -0.00061733792871976616 0.11017292029480073 0.1087164671768205 0.09218058451755555 -0.014046375948693355 -0.029780968354093818
leaf_weight=128.89450412243605 946.90019480884075 840.92105220258236 436.72963509708643 37.093351274728775 1080.170210853219 807.34882618486881 1096.9298214688897 705.5228431597352 1293.4143349900842 148.53966658562422 606.66856532543898 21.67486310750246 252.53126429766417 9007.2917348146439
leaf_count=1046 9733 8928 2795 32 9285 8857 8419 3237 12643 836 3372 143 2567 98907
internal_value=-1.85438e-05 0.0635087 0.0824222 -0.0084989 -0.0205939 0.00213155 0.0459991 0.116258 0.0128843 0.0586311 0.12649 -0.0278604 0.00470615 -0.028131
internal_weight=17410.6 4253.83 3375.82 878.014 13156.8 3180.93 1626.9 1748.92 2373.58 1245.47 1312.19 9975.87 381.426 9954.19
internal_count=170800 31232 22272 8960 139568 30785 12868 9404 21928 9255 6609 108783 3613 108640
cat_boundaries=0 6 12 18 24
cat_threshold=238080 134409230 8322 805309448 2147483648 5959 2550140928 57934337 1073758224 20021248 40976 10376 512 134278154 8320 805306376 0 4098 2151680032 54001793 101191708 2165444608 262161 128
is_linear=0
shrinkage=0.03


Tree=2
num_leaves=15
num_cat=4
split_feature=18 3 18 7 15 3 14 14 18 18 8 13 15 1
split_gain=23398.8 5577.2 4064.93 3023.95 2362.61 1146.7 1048.57 736.842 521.404 343.503 352.668 314.326 276.661 229.753
threshold=0 1.0000000180025095e-35 1 87.500000000000014 0.034722222222222231 1.0000000180025095e-35 0.046964285714285722 0.041071428571428578 2 3 4.2500000000000009 0.82142857142857151 0.31944444444444448 47.500000000000007
decision_type=9 2 9 8 10 2 10 10 9 9 8 10 10 2
left_child=1 2 7 -3 9 8 -4 13 -6 10 -2 -9 -8 -1
right_child=4 3 6 -5 5 -7 12 11 -10 -11 -12 -13 -14 -15
leaf_value=0.027099139762279751 -0.0063548531571355317 -0.020421783553612252 0.0041868115048023513 0.25267545719147583 0.024607796818530002 -0.029343736609369422 0.050705353661026457 0.10856033163496433 -0.0035725262338505651 -0.028951109132392551 0.15604472455350568 0.13972207871684483 0.08280221346491512 0.1498719171903814
leaf_weight=114.48691055178642 446.0912121757865 826.07135319709778 426.46295421570539 37.176089756190777 1348.5575293079019 786.49623882770538 1110.5543982163072 1117.549883261323 1046.8408029004931 9274.62002017349 11.367868699133394 419.19368259608746 313.1637867167592 14.718114487826822
leaf_count=943 4506 8928 3998 32 11568 8857 8085 5659 10360 104237 40 1687 1837 63
internal_value=-3.61503e-05 0.0598005 0.0767076 -0.00838199 -0.0203615 0.00206368 0.0452212 0.110693 0.0123838 -0.0277138 -0.00194523 0.117146 0.0578186 0.0421282
internal_weight=17293.4 4379.38 3516.13 863.247 12914 3181.89 1850.18 1665.95 2395.4 9732.08 457.459 1536.74 1423.72 129.205
internal_count=170800 31232 22272 8960 139568 30785 13920 8352 21928 108783 4546 7346 9922 1006
cat_boundaries=0 6 12 18 24
cat_threshold=238080 134409230 8322 805309448 2147483648 5959 73728 175104 2 805306376 0 2 2550140928 57934337 1109413904 20156416 40976 10376 2151677952 19923073 101187612 16912384 0 128
is_linear=0
shrinkage=0.03


Tree=3
num_leaves=15
num_cat=3
split_feature=17 3 18 15 7 3 18 14 16 18 14 1 14 6
split_gain=21652.4 4566.54 3662.17 2766.61 2683.65 1244.5 691.756 492.596 410.514 338.938 317.682 302.134 190.522 175.468
threshold=0.11633815501367971 1.0000000180025095e-35 0 0.034722222222222231 87.500000000000014 1.0000000180025095e-35 1 0.11696428571428573 0.37796447300922814 2 0.16357142857142862 25.500000000000004 0.098214285714285726 204.50000000000003
decision_type=8 2 9 10 8 2 9 10 8 9 10 2 10 2
left_child=3 2 8 9 -3 6 10 -4 13 12 -5 -10 -1 -2
right_child=1 4 7 5 -6 -7 -8 -9 11 -11 -12 -13 -14 -15
leaf_value=-0.0067793335074335234 0.10879905320546637 -0.02054273994175173 0.020501267185955716 0.019944619334811536 0.18593194158697152 -0.028788760394050851 0.0006546962357134407 0.053787480944843868 0.12852124344499907 -0.02882912121577106 0.053362962091191089 0.099035380433681208 0.069737193112252974 0.066826443074089817
leaf_weight=396.26866091042757 129.56558437645435 764.68503375351429 643.77828012406826 668.27382089197636 60.182151824235916 777.76766536384821 1407.2728356868029 1064.3143264353275 599.99467127025127 9183.7756811603904 416.14822922646999 717.80305309593678 30.618337340652943 324.3958825469017
leaf_count=3986 624 8425 5450 5647 175 8965 13626 7169 2372 105821 2962 3401 223 1954
internal_value=-5.26198e-05 0.0581886 0.0732284 -0.0195207 -0.00527149 0.00431666 0.0146577 0.0410213 0.103423 -0.0276295 0.0325068 0.112548 -0.001115 0.0790187
internal_weight=17184.8 4304.72 3479.85 12880.1 824.867 3269.46 2491.69 1708.09 1771.76 9610.66 1084.42 1317.8 426.887 453.961
internal_count=170800 29570 20970 141230 8600 31200 22235 12619 8351 110030 8609 5773 4209 2578
cat_boundaries=0 6 12 18
cat_threshold=204800 175104 2 805306376 0 1026 402788352 56885761 1073750034 20024320 40960 12232 2147484160 16785537 101195934 16914432 2147483648 1664
is_linear=0
shrinkage=0.03


Tree=4
num_leaves=15
num_cat=5
split_feature=18 3 18 7 15 3 14 14 18 7 19 6 17 18
split_gain=20113.9 4288.51 2931.3 2622.03 2230.12 1106.31 854.844 557.789 540.535 327.238 286.702 232.684 249.812 229.548
threshold=0 1.0000000180025095e-35 1 87.500000000000014 0.025000000000000005 1.0000000180025095e-35 0.046964285714285722 0.041071428571428578 2 21.500000000000004 3 163.50000000000003 0.37336743393009381 4
decision_type=9 2 9 8 10 2 10 10 9 8 1 2 10 9
left_child=1 2 7 -3 9 8 -4 -1 -6 13 11 12 -9 -2
right_child=4 3 6 -5 5 -7 -8 10 -10 -11 -12 -13 -14 -15
leaf_value=0.036307163669061275 -0.014098905741432232 -0.019788090890047873 0.0034888751584366213 0.23422143304002668 0.020868572876584304 -0.029611449412182543 0.051354864859597969 0.22563746973181206 -0.0055052651000089808 0.076752239861071145 0.083517985203498679 0.10767826031793469 0.13043562214933729 -0.030173473514811273
leaf_weight=138.17040663212538 962.1795312538743 797.02801861613989 431.48412533849478 37.33262711763382 1523.99783398211 882.76127372682095 1515.6150525286794 31.54211887717247 1281.7598088234663 25.759784609079361 950.71237523108721 558.31357239931822 163.76056495308876 7786.2943462654948
leaf_count=1006 10491 8928 4026 32 12866 10454 9894 45 13004 143 4403 2316 582 92610
internal_value=-6.89274e-05 0.0532936 0.0669622 -0.00815591 -0.0198971 -0.000339671 0.0405467 0.0941098 0.00887723 -0.0281404 0.0993237 0.116476 0.146882 -0.028458
internal_weight=17086.7 4623.96 3789.6 834.361 12462.8 3688.52 1947.1 1842.5 2805.76 8774.23 1704.33 753.616 195.303 8748.47
internal_count=170800 31232 22272 8960 139568 36324 13920 8352 25870 103244 7346 2943 627 103101
cat_boundaries=0 6 12 18 19 25
cat_threshold=238080 151186444 8322 805309448 2147483648 5959 73728 175104 2 805306376 0 2 2550140928 41156739 1109934104 20152320 40976 10376 3 2151680032 37224579 101453916 2167541824 17039377 128
is_linear=0
shrinkage=0.03


Tree=5
num_leaves=15
num_cat=6
split_feature=18 3 15 7 15 3 14 18 18 18 8 1 18 18
split_gain=18646.2 3753.09 2579.18 2484.56 2218.06 997.395 600.309 446.96 415.089 347.395 455.847 316.192 291.342 244.749
threshold=0 1.0000000180025095e-35 0.27405555555555555 87.500000000000014 0.034722222222222231 1.0000000180025095e-35 0.026785714285714288 1 2 3 4.2500000000000009 34.500000000000007 4 5
decision_type=9 2 10 8 10 2 10 9 9 9 8 2 9 9
left_child=1 2 6 -3 9 8 13 11 -6 10 -2 -4 -8 -1
right_child=4 3 7 -5 5 -7 12 -9 -10 -11 -12 -13 -14 -15
leaf_value=0.036236351064604308 -0.013836014861107214 -0.019638182764959395 0.11197719313032971 0.22336137729999622 0.021535206235186358 -0.02898743724751679 0.071510684961379953 0.066593602714686326 -0.0033388860926239971 -0.029463793764752669 0.13299837928157288 0.079057244900340176 0.036792066587064604 -0.01294480855411116
leaf_weight=124.63838740438223 1091.9947547987103 783.49663919210434 722.66883831471205 38.790657073259354 1406.5086269378662 728.13136316090822 315.65429770946503 963.20647219568491 1053.1588239297271 7939.9513652324677 18.371845550835133 434.16585461050272 1106.5029506236315 267.00267610698938
leaf_count=931 12021 8928 2626 32 11476 8857 1655 4843 10452 96692 70 1935 7600 2682
internal_value=-8.16736e-05 0.0502579 0.0625449 -0.00791752 -0.0196728 0.00183065 0.0362524 0.0850117 0.0109618 -0.027268 -0.0111884 0.0988474 0.0453039 0.00335255
internal_weight=16994.2 4756.13 3933.84 822.287 12238.1 3187.8 1813.8 2120.04 2459.67 9050.32 1110.37 1156.83 1422.16 391.641
internal_count=170800 31232 22272 8960 139568 30785 12868 9404 21928 108783 12091 4561 9255 3613
cat_boundaries=0 6 10 16 22 28 34
cat_threshold=238080 134409230 8322 805309448 2147483648 5959 65536 174080 2 805306368 2550140928 57934337 1109409808 20156416 57360 10376 2151680040 54263937 101191708 2167541824 262161 128 237568 164864 2 536871936 0 66 512 134269954 8320 805306376 0 2
is_linear=0
shrinkage=0.03


Tree=6
num_leaves=15
num_cat=4
split_feature=18 3 7 18 15 3 14 18 14 7 19 6 17 14
split_gain=17298.1 3320.09 2230.7 2212.52 2153.52 1023.14 748.483 472.863 397.449 311.559 294.05 227.266 267.053 219.671
threshold=0 1.0000000180025095e-35 87.500000000000014 1 0.025000000000000005 1.0000000180025095e-35 0.046964285714285722 2 0.026785714285714288 0.58000000000000018 3 163.50000000000003 0.37336743393009381 0.24392857142857147
decision_type=9 2 8 9 10 2 10 9 10 8 1 2 10 10
left_child=1 3 -3 8 9 7 -5 -6 -1 -2 11 12 -10 -8
right_child=4 2 -4 6 5 -7 13 -9 10 -11 -12 -13 -14 -15
leaf_value=0.026047262010564638 -0.028378047952637511 -0.019264401287163811 0.20958767937818812 0.003356663259848203 0.019274740684223076 -0.029394400487615085 0.035801216736744378 -0.0052919927021663777 0.21044285459447079 0.036915070056274514 0.071729278860776999 0.093882510796303068 0.11523455583782946 0.057174953708401643
leaf_weight=104.91220891475677 8285.017715588212 770.35854255408049 39.339008808135986 452.27306056767702 1563.943428710103 838.85096453130245 862.33280909061432 1273.6494423300028 33.010695427656174 65.484270542860031 982.08635573834181 579.21619696170092 171.68695017695427 886.11283721774817
leaf_count=759 102704 8928 32 4141 12873 10454 5698 12997 46 540 4132 2175 544 4777
internal_value=-9.16089e-05 0.0474756 -0.00790085 0.0586038 -0.0194232 -0.00030691 0.0375954 0.00829928 0.0826399 -0.0278617 0.0864529 0.102563 0.131537 0.0466599
internal_weight=16908.3 4881.33 809.698 4071.63 12026.9 3676.44 2200.72 2837.59 1870.91 8350.5 1766 783.914 204.698 1748.45
internal_count=170800 31232 8960 22272 139568 36324 14616 25870 7656 103244 6897 2765 590 10475
cat_boundaries=0 6 12 18 19
cat_threshold=238080 151186444 8322 805309448 2147483648 5959 73728 174080 2 805306376 0 2 2550140928 41156739 1143488536 20152320 40976 10376 3
is_linear=0
shrinkage=0.03


Tree=7
num_leaves=15
num_cat=4
split_feature=17 3 15 18 7 3 18 14 13 8 19 14 14 18
split_gain=16076.2 2854.57 2249.63 2228.6 1943.65 983.155 515.325 341.923 302.892 282.69 258.981 269.093 213.842 212.095
threshold=0.10490700029563654 1.0000000180025095e-35 0.025000000000000005 0 87.500000000000014 1.0000000180025095e-35 1 0.11696428571428573 0.82142857142857151 2.2500000000000004 2 0.11696428571428573 0.086250000000000007 3
decision_type=8 2 10 9 8 2 9 10 8 10 1 10 10 9
left_child=2 3 9 8 -3 6 12 -5 10 13 -2 -12 -4 -1
right_child=1 4 5 7 -6 -7 -8 -9 -10 -11 11 -13 -14 -15
leaf_value=-0.011913443486102696 0.094259635858970958 -0.019980410514403701 0.0092921452678285856 0.016427019358739563 0.14574090790459107 -0.028944481402437473 -0.0014992490954694236 0.041513251251001949 0.095757290236813397 0.17903101230719121 0.018806330383541243 0.065880785327418992 0.036269744554232784 -0.029586631782771607
leaf_weight=717.46037343144417 378.72031449526548 764.56322360783815 449.71900019049644 788.58395858108997 68.476823501288891 784.20095417648554 1657.1476943939924 1294.7541221603751 546.39192372560501 4.9528300017118445 122.36445532739162 1104.2488388642669 643.96764843910933 7503.5258868783712
leaf_count=7995 1353 9071 3820 6367 175 10000 16448 7787 1778 12 775 4559 4476 96184
internal_value=-0.000101741 0.0445596 -0.0193496 0.0545431 -0.00619953 0.000665365 0.00911392 0.0318771 0.0759626 -0.0279499 0.0696428 0.0607093 0.0249672 -0.0280964
internal_weight=16829.1 5068.1 11761 4235.06 833.04 3535.04 2750.83 2083.34 2151.73 8225.94 1605.33 1226.61 1093.69 8220.99
internal_count=170800 31865 138935 22619 9246 34744 24744 14154 8465 104191 6687 5334 8296 104179
cat_boundaries=0 6 12 13 19
cat_threshold=204800 175104 2 805306376 0 1026 402788352 56885249 1075847186 20024320 40960 12232 1 2151680032 50864257 101200030 2165442624 2147745793 1664
is_linear=0
shrinkage=0.03


Tree=8
num_leaves=15
num_cat=6
split_feature=18 3 15 7 15 3 14 18 1 18 8 18 19 18
split_gain=14987.1 2583.39 2092.39 1952.04 1678.27 940.034 435.768 412.433 324.292 279.928 341.257 256.286 227.76 218.556
threshold=0 1.0000000180025095e-35 0.025000000000000005 87.500000000000014 0.27405555555555555 1.0000000180025095e-35 0.026785714285714288 1 34.500000000000007 2 4.2500000000000009 3 4 5
decision_type=9 2 10 8 10 2 10 9 2 9 8 9 1 9
left_child=1 4 9 -3 6 7 13 -4 11 10 -2 -6 -8 -1
right_child=2 3 5 -5 8 -7 12 -9 -10 -11 -12 -13 -14 -15
leaf_value=0.037742970299673266 -0.014193254996906469 -0.01882942523020923 0.018109977365079657 0.18754317372326687 0.096574322257920855 -0.029055890791247062 0.060131023808920943 -0.0046503825069514632 0.054221785988434891 -0.029616858935355414 0.10999761441924841 0.064627923092997197 0.030903480507447109 -0.010791741038929138
leaf_weight=104.5024094209075 858.84162460267544 744.15277328342199 1558.8075472787023 42.669077783823013 526.76199699938297 797.25211615860462 344.97313506156206 1315.4366121813655 917.88427063077688 7072.1547177135944 19.394223816692829 963.24447151273489 1199.5400921404362 291.24575074017048
leaf_count=714 9962 8928 12519 32 1610 10454 1865 13351 3919 93213 69 3875 7390 2899
internal_value=-0.000112309 0.0425172 -0.0189699 -0.00741406 0.05165 -0.000254101 0.0308627 0.00774221 0.0683804 -0.0276356 -0.0112013 0.0770603 0.0380553 0.00276661
internal_weight=16756.9 5134.97 11621.9 786.822 4348.15 3671.5 1940.26 2874.24 2407.89 7950.39 878.236 1490.01 1544.51 395.748
internal_count=170800 31232 139568 8960 22272 36324 12868 25870 9404 103244 10031 5485 9255 3613
cat_boundaries=0 6 12 18 22 23 29
cat_threshold=238080 134409230 8322 805309448 2147483648 5959 402657280 57933953 1143488536 20025344 57360 10376 2151680032 54263937 101191772 2167541824 262161 128 65536 131072 2 805306368 1 512 134269954 8192 805306376 0 2
is_linear=0
shrinkage=0.03


Tree=9
num_leaves=15
num_cat=5
split_feature=18 3 15 7 18 3 13 18 18 8 13 15 19 14
split_gain=13947.7 2306.78 2026.68 1721.58 1474.09 902.535 544.08 386.094 297.93 341.576 269.699 218.334 218.069 225.709
threshold=0 1.0000000180025095e-35 0.025000000000000005 87.500000000000014 1 1.0000000180025095e-35 0.059285714285714296 2 3 4.2500000000000009 0.82142857142857151 0.019444444444444448 4 0.11696428571428573
decision_type=9 2 10 8 9 2 8 9 9 8 10 10 1 10
left_child=1 4 8 -3 10 7 11 -4 9 -2 12 -6 -1 -14
right_child=2 3 5 -5 6 -7 -8 -9 -10 -11 -12 -13 13 -15
leaf_value=0.083118887216734591 -0.013589136004649255 -0.018445291010010946 -0.019663831330916742 0.17253830908705856 -0.013114294456036251 -0.02904594665007728 0.043771473662629061 0.01173200473801674 -0.029506728068625535 0.10596055908015016 0.085336763880084682 0.021900744610969223 0.016221945583798521 0.057615857435776699
leaf_weight=373.23950154334307 850.65630658715963 732.19080118089914 400.86638668179512 44.093400299549103 203.25028409808874 777.14746391028166 1415.0493188947439 2491.9117711409926 6888.4143820777535 21.075212016701698 551.42733027040958 747.00267846137285 134.59252359718084 1057.0580991357565
leaf_count=1227 9961 8928 4431 32 2034 10454 7578 21439 93213 70 1593 5004 859 3977
internal_value=-0.000117887 0.0402707 -0.0187177 -0.00738929 0.0486158 -0.000364139 0.0318502 0.00734863 -0.0274203 -0.0104609 0.0668637 0.0144054 0.060731 0.0525177
internal_weight=16688 5257.9 11430.1 776.284 4481.62 3669.93 2365.3 2892.78 7760.15 871.732 2116.32 950.253 1564.89 1191.65
internal_count=170800 31232 139568 8960 22272 36324 14616 25870 103244 10031 7656 7038 6063 4836
cat_boundaries=0 6 12 17 23 24
cat_threshold=238080 151186444 8322 805309448 2147483648 5959 73728 174080 2 805306376 0 2 54263840 277413888 8784676 134217888 2024014853 2151680032 37486723 101191772 2167541824 262161 128 1
is_linear=0
shrinkage=0.03


Tree=10
num_leaves=15
num_cat=4
split_feature=17 15 3 18 7 3 18 19 8 18 14 5 6 16
split_gain=13001 2112.45 2002.52 1535.34 1495.14 862.448 418.808 307.74 256.786 214.113 210.855 197.031 215.52 216.226
threshold=0.10490700029563654 0.025000000000000005 1.0000000180025095e-35 0 87.500000000000014 1.0000000180025095e-35 1 2 3.2500000000000004 3 0.026785714285714288 534.50000000000011 71.500000000000014 1.4638501094227998
decision_type=8 10 2 9 8 2 9 1 10 9 10 2 2 10
left_child=1 8 3 7 -4 6 -3 11 9 -1 -5 12 13 -2
right_child=2 5 4 10 -6 -7 -8 -9 -10 -11 -12 -13 -14 -15
leaf_value=-0.011070120761498334 0.085506945337993745 0.02203638327356329 -0.019205327800046763 -0.0027898880953234565 0.11900362843970105 -0.028560758661512583 -0.0015196326611750923 0.049374799453239339 0.18912613940393516 -0.02922034903989297 0.027768332370525301 0.045012398517778711 0.07226306449941193 0.16785750314603601
leaf_weight=685.92121437937021 92.730594262480736 1134.8506768420339 726.7913586422801 232.15074876695871 76.996819794178009 726.99565900862217 1672.1696434766054 1566.3178013116121 3.9375268146395674 6955.181408315897 1620.1273920089006 201.79451064020395 884.91412816941738 44.368258833885193
leaf_count=7855 286 8324 9071 2180 175 10000 16420 6194 5 96331 10106 824 2963 66
internal_value=-0.000126791 -0.0186435 0.0378777 0.0454456 -0.00583454 0.00053762 0.00808135 0.0594964 -0.0275091 -0.0276454 0.0238105 0.0718955 0.0778572 0.11318
internal_weight=16625.2 11179.1 5446.19 4642.4 803.788 3534.02 2807.02 2790.13 7645.04 7641.1 1852.28 1223.81 1022.01 137.099
internal_count=170800 138935 31865 22619 9246 34744 24744 10333 104191 104186 12286 4139 3315 352
cat_boundaries=0 6 12 13 19
cat_threshold=237568 134392832 2 805306376 0 1346 402788352 56885249 1076363282 20024320 40960 11208 3 2151680032 50864257 101200030 2165442560 2147745809 1664
is_linear=0
shrinkage=0.03


Tree=11
num_leaves=15
num_cat=5
split_feature=18 14 3 7 16 3 18 18 14 18 18 7 1 6
split_gain=12159.1 1967.42 1850.64 1444.7 1144.66 864.09 420.666 401.353 386.9 366.083 278.73 268.575 220.405 189.639
threshold=0 0.026785714285714288 1.0000000180025095e-35 87.500000000000014 0.37796447300922814 1.0000000180025095e-35 1 2 0.026785714285714288 3 4 12.500000000000002 25.500000000000004 191.50000000000003
decision_type=9 10 2 8 8 2 9 9 10 9 9 8 2 2
left_child=2 7 4 -4 8 9 12 11 -1 -3 13 -2 -6 -10
right_child=1 5 3 -5 6 -7 -8 -9 10 -11 -12 -13 -14 -15
leaf_value=-0.00012233598724077811 -0.0092445991088951473 0.01895859459432787 -0.018112517951733135 0.15044776790640937 0.077526569824744124 -0.028853947480130648 0.038949874011566958 -0.029124494052320565 0.077393503385072851 -0.003035123562054428 0.022398077008259014 0.11799970162423189 0.055726308306957968 0.039416216104593768
leaf_weight=401.5826613008976 831.19999055564404 1397.3151888549328 707.3675390034914 47.925094127655029 786.02162665873766 707.83045044541359 996.26922393590212 6802.2202277481556 163.87082068622112 1319.3716161027551 1021.0757557377219 14.204813584685324 929.95547333359718 440.67148550599813
leaf_count=3591 9530 10800 8928 32 2339 9928 4558 95307 557 13976 6101 27 3216 1910
internal_value=-0.000134485 -0.0182368 0.0363064 -0.00723219 0.0433214 0.000644947 0.0560682 -0.0267147 0.026248 0.00833865 0.0327584 -0.00688832 0.0653708 0.049012
internal_weight=16566.9 11072.1 5494.74 755.293 4739.45 3424.52 2712.25 7647.63 2027.2 2716.69 1625.62 845.405 1715.98 604.542
internal_count=170800 139568 31232 8960 22272 34704 10113 104864 12159 24776 8568 9557 5555 2467
cat_boundaries=0 6 12 18 24 28
cat_threshold=238080 151186446 8322 805309448 2147483648 1863 196608 134391808 2 805306368 0 1350 2151680008 36962432 101453900 2167541760 67108880 4224 2550140928 41157121 1107345436 28409856 16818176 14472 237568 174080 130 805307400
is_linear=0
shrinkage=0.03


Tree=12
num_leaves=15
num_cat=4
split_feature=17 18 15 3 17 19 3 18 7 19 14 3 1 13
split_gain=11383 2214.24 1410.2 874.258 1072.1 818.029 617.486 371.388 283.739 281.382 273.491 229.331 215.497 201.87
threshold=0.077435530483306439 0 0.019444444444444448 1.0000000180025095e-35 0.078921432002159619 1 1.0000000180025095e-35 2 21.500000000000004 3 0.026785714285714288 1.0000000180025095e-35 34.500000000000007 0.059285714285714296
decision_type=8 9 10 2 10 1 2 9 8 1 10 2 2 10
left_child=2 3 -1 9 -5 10 7 -4 11 13 -3 -7 -12 -2
right_child=1 5 6 4 -6 8 -8 -9 -10 -11 12 -13 -14 -15
leaf_value=-0.028658092345750289 0.037632934698326452 -0.0032448870955329215 0.019331613509208208 0.15843319352701796 -0.012373289250665892 0.0022366696470216391 -0.029682845815718097 -0.0053785338424288103 0.060371198786802339 0.042814202199078048 0.034866480828744384 -0.025795878162739618 0.013579113841406695 0.068695884594400652
leaf_weight=6626.5183906331658 231.28026371449232 310.36559573560953 798.56937807798386 35.553020052611828 346.41918797045946 503.18580302596092 676.20933153480291 1681.8009597957134 49.570187449455261 1724.6317015886307 1184.6603647992015 548.1197470203042 672.75992362946272 1121.513803601265
leaf_count=95579 1027 2989 6187 25 4333 3716 9741 17896 157 6492 7340 7460 4546 3312
internal_value=-0.000141606 0.0298927 -0.0207978 0.0465813 0.00389713 0.0120421 -0.00429316 0.00263785 -0.00897973 0.0520276 0.0227092 -0.0123893 0.0271676 0.0629519
internal_weight=16511.2 6728.06 9783.1 3459.4 381.972 3268.66 3156.58 2480.37 1100.88 3077.43 2167.79 1051.31 1857.42 1352.79
internal_count=170800 41397 129403 15189 4358 26208 33824 24083 11333 10831 14875 11176 11886 4339
cat_boundaries=0 6 7 13 14
cat_threshold=237568 134392832 2 805306376 0 1602 15 402788352 54788737 1174429844 1149952 40976 10568 3
is_linear=0
shrinkage=0.03


Tree=13
num_leaves=15
num_cat=4
split_feature=17 18 15 3 13 19 3 18 7 18 14 3 1 6
split_gain=10673.6 1970.13 1391.68 764.132 965.169 755.551 597.862 347.984 261.092 260.001 248.76 222.822 192.403 190.874
threshold=0.077435530483306439 0 0.019444444444444448 1.0000000180025095e-35 2.0714285714285716 1 1.0000000180025095e-35 2 21.500000000000004 3 0.026785714285714288 1.0000000180025095e-35 34.500000000000007 163.50000000000003
decision_type=8 9 10 2 8 1 2 9 8 9 10 2 2 2
left_child=2 3 -1 9 -5 10 7 -4 11 13 -3 -7 -12 -2
right_child=1 5 6 4 -6 8 -8 -9 -10 -11 12 -13 -14 -15
leaf_value=-0.028524164206755357 0.076777440995438623 -0.0031562351116953677 0.018023740300304757 -0.013668422154592273 0.13396742660980396 0.002165804193061103 -0.029574387688339844 -0.0055362639365097704 0.056447368024281956 0.039177413013392753 0.03299622024248601 -0.025603934392634177 0.013035214964207401 0.05229718203747899
leaf_weight=6460.4214469715953 386.9659453779459 309.55128405988216 847.51957226544619 336.11905517429113 44.196858495473862 504.07951728999615 658.59848087280989 1637.0303759649396 51.464891210198402 1609.3780720606446 1213.8504365757108 535.85549644380808 679.73903201520443 1184.9625043869019
leaf_count=95579 959 2989 6528 4268 90 3716 9741 17555 157 6168 7340 7460 4546 3704
internal_value=-0.000148026 0.0284414 -0.0205594 0.0438722 0.00379481 0.0115832 -0.00418473 0.00255469 -0.0087901 0.0487985 0.0216693 -0.0121542 0.0258415 0.0579998
internal_weight=16459.7 6856.16 9603.57 3561.62 380.316 3294.54 3143.15 2484.55 1091.4 3181.31 2203.14 1039.94 1893.59 1571.93
internal_count=170800 41397 129403 15189 4358 26208 33824 24083 11333 10831 14875 11176 11886 4663
cat_boundaries=0 6 7 13 17
cat_threshold=237568 134392832 2 805306376 0 1602 15 402788352 38011521 1174954132 17927168 40960 10568 65536 172032 2 805306368
is_linear=0
shrinkage=0.03


Tree=14
num_leaves=15
num_cat=6
split_feature=17 18 14 19 3 7 3 13 13 3 18 19 18 18
split_gain=10026.9 2221.82 905.911 901.732 656.239 892.345 348.878 306.174 256.68 291.78 256.614 232.409 197.009 186.093
threshold=0.053549915407443284 0 0.026785714285714288 1 1.0000000180025095e-35 87.500000000000014 1.0000000180025095e-35 1.0000000180025095e-35 0.67857142857142871 1.0000000180025095e-35 2 3 4 5
decision_type=8 9 10 1 2 8 2 8 8 2 9 1 9 9
left_child=2 4 13 7 11 -6 10 -3 9 -5 -4 -2 -9 -1
right_child=1 3 6 8 5 -7 -8 12 -10 -11 -12 -13 -14 -15
leaf_value=-0.010807753096193492 0.055826674775474934 0.009737837067484368 0.018805793389791672 0.00076346005999044218 -0.011913316915020563 0.1409792713177149 -0.029227234742060893 0.039110637905145337 0.031640258655211528 -0.028033670527880087 -0.0069054776428766852 0.038036615791637106 0.015090408393349901 -0.029104231140562459
leaf_weight=590.14941819012165 1425.6726530864835 1445.3611370772123 548.18485233932734 608.66757157444954 330.97586660832167 37.322702050209045 386.48885299265385 800.6376833692193 119.33116553723812 658.95767845958471 921.77125222235918 1802.4697056338191 569.9153440669179 6165.8565880507231
leaf_count=7323 4218 11611 4442 4743 4221 17 5878 4139 736 9561 10236 6310 4052 93313
internal_value=-0.000153754 0.0244858 -0.0224672 0.00957933 0.0417556 0.00392033 -0.0039035 0.0193123 -0.0101779 -0.0142166 0.00277009 0.0461989 0.0295358 -0.0275669
internal_weight=16411.8 7799.31 8612.45 4202.87 3596.44 368.299 1856.44 2815.91 1386.96 1267.63 1469.96 3228.14 1370.55 6756.01
internal_count=170800 49608 121192 34842 14766 4238 20556 19802 15040 14304 14678 10528 8191 100636
cat_boundaries=0 6 7 13 14 20 26
cat_threshold=237568 134392832 2 805306376 0 1090 15 402788352 4198977 1343266904 28410880 16818176 10440 3 0 33832973 148 1051648 2147483648 909 2151677960 33824897 3961038 2165312512 2214592528 1920
is_linear=0
shrinkage=0.03


Tree=15
num_leaves=15
num_cat=4
split_feature=17 18 14 19 3 13 3 13 13 3 18 13 1 18
split_gain=9450.93 1989.21 894.097 837.702 577.239 812.575 337.504 277.032 240.709 284.985 239.574 226.865 211.432 186.426
threshold=0.053549915407443284 0 0.026785714285714288 1 1.0000000180025095e-35 2.0714285714285716 1.0000000180025095e-35 1.0000000180025095e-35 0.67857142857142871 1.0000000180025095e-35 2 0.30357142857142866 25.500000000000004 3
decision_type=8 9 10 1 2 8 2 8 8 2 9 8 2 9
left_child=2 4 13 7 11 -6 10 -3 9 -5 -4 -2 -13 -1
right_child=1 3 6 8 5 -7 -8 -9 -10 -11 -12 12 -14 -15
leaf_value=-0.010583969322968489 0.03443275135594652 0.0093741801956528058 0.018036878764093971 0.00074013654173059546 -0.013553341121724719 0.11796946659488529 -0.029107514078386899 0.028074250978398205 0.030015226811727542 -0.027885795522586188 -0.0067348407674653983 0.060712991595653749 0.040509689843122518 -0.028981329152651548
leaf_weight=584.86219736933708 1438.0159548968077 1456.2579988762736 554.91384688019753 609.03838832676411 319.38813881576061 47.704791560769081 376.5900044478476 1398.8010947629809 122.02970913797617 642.82805510982871 917.55360218882561 914.39170883595943 975.13701209425926 6008.6691783554852
leaf_count=7323 5286 11611 4463 4743 4149 89 5878 8191 736 9561 10215 2336 2906 93313
internal_value=-0.000157648 0.023373 -0.0222419 0.00923349 0.0394188 0.00381248 -0.00380369 0.018478 -0.00997142 -0.0139697 0.00268323 0.043463 0.0503135 -0.0274113
internal_weight=16366.2 7923.59 8442.59 4228.96 3694.64 367.093 1849.06 2855.06 1373.9 1251.87 1472.47 3327.54 1889.53 6593.53
internal_count=170800 49608 121192 34842 14766 4238 20556 19802 15040 14304 14678 10528 5242 100636
cat_boundaries=0 6 7 13 19
cat_threshold=237568 134392832 2 805306376 0 1090 15 402788360 4198977 1343266904 11633664 16818176 10440 2151677960 33824897 3961038 2165312512 2214592528 1920
is_linear=0
shrinkage=0.03


Tree=16
num_leaves=15
num_cat=3
split_feature=17 18 15 3 3 13 3 13 18 14 18 6 17 5
split_gain=8909.95 1786.16 893.611 729.306 561.908 722.36 430.173 377.711 296.319 247.933 215.427 158.961 319.611 232.264
threshold=0.053549915407443284 0 1.0000000180025095e-35 1.0000000180025095e-35 1.0000000180025095e-35 2.0714285714285716 1.0000000180025095e-35 0.67857142857142871 1 0.098214285714285726 2 163.50000000000003 0.34674373795761088 84.500000000000014
decision_type=8 9 10 2 2 8 2 8 9 10 9 2 10 2
left_child=2 4 -1 9 10 -6 8 -5 -4 -3 11 12 -2 -14
right_child=1 3 6 7 5 -7 -8 -9 -10 -11 -12 -13 13 -15
leaf_value=-0.029388560072234018 0.14981850569421201 0.0043650481239502362 0.013422682510480162 -0.027749802500039299 -0.013982465078385777 0.10597903757836426 -0.030445101253214549 0.038509734740179595 -0.0098020583331671421 0.02082413434076183 0.03253403193051492 0.043541211007578344 0.11893591854051706 0.047860680252026673
leaf_weight=5306.8319706656039 35.773746699094772 1384.0355561971664 698.06877133622766 612.93094357848167 331.53811117261648 51.2791997641325 647.29998151212931 87.716219708323479 1625.6415808312595 2035.8659134656191 1814.2245955467224 1302.0982487350702 46.832359343767166 344.3589061498642
leaf_count=85204 47 12022 5934 9355 4375 90 10356 511 19698 12163 6421 3712 84 828
internal_value=-0.000163645 0.0223146 -0.0220142 0.00843308 0.0367627 0.00232089 -0.00883658 -0.0194115 -0.00280674 0.0141664 0.0405858 0.0485419 0.0647891 0.0566512
internal_weight=16324.5 8046.65 8277.84 4120.55 3926.11 382.817 2971.01 700.647 2323.71 3419.9 3543.29 1729.06 426.965 391.191
internal_count=170800 49608 121192 34051 15557 4465 35988 9866 25632 24185 11092 4671 959 912
cat_boundaries=0 6 12 16
cat_threshold=237568 134392832 2 805307400 0 1090 402788360 4194816 1343762458 28380160 4251664 10312 65536 172032 2 805306368
is_linear=0
shrinkage=0.03


Tree=17
num_leaves=15
num_cat=3
split_feature=17 18 15 3 3 19 13 3 13 14 18 14 7 17
split_gain=8405.61 1609.53 887.435 819.797 420.532 409.275 499.305 379.84 374.627 291.479 280.795 211.7 151.358 242.193
threshold=0.053549915407443284 0 1.0000000180025095e-35 1.0000000180025095e-35 1.0000000180025095e-35 1 1.9285714285714288 1.0000000180025095e-35 0.82142857142857151 0.098214285714285726 2 0.026785714285714288 2.2500000000000004 0.34674373795761088
decision_type=8 9 10 2 2 1 8 2 8 10 9 10 10 10
left_child=2 5 -1 9 10 11 7 -7 -5 -3 -4 -2 -13 -14
right_child=1 3 4 8 -6 6 -8 -9 -10 -11 -12 12 13 -15
leaf_value=-0.029272378673311065 -0.0015253754848217672 0.004531992469574221 0.012810390935817794 -0.02674432732415926 -0.03035688781119757 0.027644196121331011 0.093472472800251144 -0.011905180530746082 0.038634133202187906 0.02148820736220769 -0.0096714055528356532 0.045305650440821618 0.15941931817658117 0.059117116521263453
leaf_weight=5170.1294687092304 81.199947766959667 1445.8838402703404 713.89590130746365 661.4365012794733 629.97031632065773 1121.462027579546 87.52810587733984 270.79429528862238 88.651965141296387 2474.9489725455642 1603.8104102909565 1771.0275808498263 25.490997329354286 137.29788419604301
leaf_count=85204 432 12373 6004 10214 10356 3566 175 3588 439 13768 19628 4716 38 299
internal_value=-0.000167244 0.0213223 -0.0217836 0.00971998 -0.00864306 0.0366892 0.0241945 0.0199488 -0.0189762 0.015238 -0.00273053 0.0456839 0.0479021 0.0757008
internal_weight=16283.5 8165.72 8117.81 4670.92 2947.68 3494.8 1479.78 1392.26 750.088 3920.83 2317.71 2015.02 1933.82 162.789
internal_count=170800 49608 121192 36794 35988 12814 7329 7154 10653 26141 25632 5485 5053 337
cat_boundaries=0 6 7 13
cat_threshold=204800 175104 2 805306376 0 1090 7 402788360 4194816 1343762458 28380160 21012496 10312
is_linear=0
shrinkage=0.03


Tree=18
num_leaves=15
num_cat=4
split_feature=17 18 15 19 3 16 3 18 13 7 3 16 1 18
split_gain=7932.82 1460.48 880.869 621.91 478.002 592.859 410.974 266.385 209.763 207.395 209.437 195.775 165.434 160.583
threshold=0.053549915407443284 0 1.0000000180025095e-35 1 1.0000000180025095e-35 2.6322140820217643 1.0000000180025095e-35 2 1.0000000180025095e-35 21.500000000000004 1.0000000180025095e-35 0.37796447300922814 25.500000000000004 3
decision_type=8 9 10 1 2 8 2 9 8 8 2 8 2 9
left_child=2 4 -1 8 11 -6 7 -4 -3 10 -5 -2 -13 -10
right_child=1 3 6 9 5 -7 -8 -9 13 -11 -12 12 -14 -15
leaf_value=-0.029153300054704304 0.025537954822577036 0.0075468431415511147 0.012134020090268679 -0.0001351818638435526 -0.014754935013564506 0.086053096086084302 -0.030266275442621681 -0.0095931537201279036 0.03217438430025641 0.045391908230107254 -0.024866360062250868 0.048546581911791141 0.033537594250367467 0.010308769175748404
leaf_weight=5037.5200651325285 1123.7627825438976 1439.5901270210743 736.72527441754937 624.14404891431332 329.56516841799021 61.419980689883232 613.15774044021964 1575.1758355684578 827.06465945392847 57.683890774846077 607.79316109418869 1243.1579084098339 1442.5285226255655 525.78748473525047
leaf_count=85204 4303 11324 6228 4758 4475 144 10356 19404 4169 156 9556 3076 4092 3555
internal_value=-0.000171151 0.0203828 -0.0215508 0.0075275 0.0327751 0.00126016 -0.00845225 -0.00265619 0.0154702 -0.00965631 -0.0123469 0.0360945 0.0405005 0.024004
internal_weight=16245.1 8282.5 7962.58 4082.06 4200.43 390.985 2925.06 2311.9 2792.44 1289.62 1231.94 3809.45 2685.69 1352.85
internal_count=170800 49608 121192 33518 16090 4619 35988 25632 19048 14470 14314 11471 7168 7724
cat_boundaries=0 6 7 13 19
cat_threshold=237568 134392832 2 805307400 0 1346 15 402788360 4194816 1343762456 28380160 21028880 10312 0 50610317 536871060 1050624 2147483648 653
is_linear=0
shrinkage=0.03


Tree=19
num_leaves=15
num_cat=6
split_feature=17 18 15 19 3 7 3 18 1 19 13 3 18 18
split_gain=7490.04 1316.91 873.918 579.911 426.793 537.64 401.502 248.053 199.366 194.904 194.872 214.907 172.755 147.369
threshold=0.053549915407443284 0 1.0000000180025095e-35 1 1.0000000180025095e-35 87.500000000000014 1.0000000180025095e-35 2 34.500000000000007 3 1.1785714285714286 1.0000000180025095e-35 4 5
decision_type=8 9 10 1 2 8 2 9 2 1 8 2 9 9
left_child=2 4 -1 8 9 -6 7 -4 12 13 11 -5 -3 -2
right_child=1 3 6 10 5 -7 -8 -9 -10 -11 -12 -13 -14 -15
leaf_value=-0.029031278670359411 0.054990088308286257 0.028755542819746044 0.01227815171673453 -8.6648987381403325e-05 -0.012239902167194847 0.092980540497233199 -0.030173217669690514 -0.0090263108819449191 0.0044688094393649921 0.027599281955652651 0.037297023385377194 -0.025434173155421201 0.0093488173516757707 0.034406303028352174
leaf_weight=4908.882520891726 608.60825706273317 1047.8717025071383 695.63313578814268 617.3249603882432 340.75507260486484 49.114326655864716 596.84695453196764 1610.6551572494209 1042.8054746538401 2177.0833892673254 74.347187727689743 586.57780192047358 733.39175532013178 1119.5231395289302
leaf_count=85204 1326 5777 5758 4705 4600 19 10356 19874 7385 6875 279 9486 5886 3270
internal_value=-0.000174005 0.0194942 -0.0213158 0.00726525 0.0310806 0.00121935 -0.00826421 -0.00258373 0.0148399 0.0341402 -0.00945349 -0.0124476 0.0209888 0.0419574
internal_weight=16209.4 8397.4 7812.02 4102.32 4295.08 389.869 2903.14 2306.29 2824.07 3905.21 1278.25 1203.9 1781.26 1728.13
internal_count=170800 49608 121192 33518 16090 4619 35988 25632 19048 11471 14470 14191 11663 4596
cat_boundaries=0 6 7 13 14 20 24
cat_threshold=237568 134392832 2 805307400 0 1346 15 402788360 4457024 1343795224 11602944 4235280 10312 3 0 51658767 8340 2048 2147483648 6277 65536 131072 2 805306368
is_linear=0
shrinkage=0.03


Tree=20
num_leaves=15
num_cat=4
split_feature=17 18 15 3 3 13 19 13 13 3 18 6 6 18
split_gain=7076.79 1197.32 866.604 708.526 392.128 335.928 285.76 394.882 253.47 249.316 244.554 187.096 351.456 180.399
threshold=0.053549915407443284 0 1.0000000180025095e-35 1.0000000180025095e-35 1.0000000180025095e-35 0.67857142857142871 1 3.5000000000000004 1.0000000180025095e-35 1.0000000180025095e-35 2 134.50000000000003 130.50000000000003 3
decision_type=8 9 10 2 2 8 1 8 8 2 9 2 2 9
left_child=2 6 -1 8 10 -5 -2 9 13 -8 -4 12 -12 -3
right_child=1 3 4 5 -6 -7 7 -9 -10 -11 11 -13 -14 -15
leaf_value=-0.028906278757476481 0.038986493019951933 0.01646726203513876 -0.023733056195501683 -0.027006589779904867 -0.030077664945168479 0.029666991847012877 0.023944036620297836 0.093616110395775984 0.020729548834037891 -0.0085601687951827356 0.013257186208751161 -0.0033052031281098717 0.14688966090730671 -0.001853844582856926
leaf_weight=4784.0991233028471 2117.0617721825838 826.02866110950708 392.30056861042976 616.85161851346493 581.02312960475683 110.19438593089581 1183.3284156322479 64.256819650530815 2185.7111413553357 258.24770557880402 441.62132207304239 1449.4663602374494 17.472373127937317 1147.0023634210229
leaf_count=85204 5243 5043 5691 10205 10356 612 3453 80 11507 3470 4180 15679 82 9995
internal_value=-0.000174175 0.0186602 -0.0210786 0.00889952 -0.00807879 -0.0183879 0.0317051 0.0212597 0.0136947 0.0181193 -0.00251289 0.00197297 0.0186512 0.00589495
internal_weight=16174.7 8508.68 7665.98 4885.79 2881.88 727.046 3622.89 1505.83 4158.74 1441.58 2300.86 1908.56 459.094 1973.03
internal_count=170800 49608 121192 37362 35988 10817 12246 7003 26545 6923 25632 19941 4262 15038
cat_boundaries=0 6 7 12 18
cat_threshold=204800 175104 2 805306376 0 66 7 54001728 276889600 4393216 160 2048986789 33280 185614350 33562752 3072 16 6400
is_linear=0
shrinkage=0.03


Tree=21
num_leaves=15
num_cat=5
split_feature=17 16 15 3 18 3 18 7 3 18 19 6 6 18
split_gain=6688.21 1099.86 858.188 816.141 389.898 382.681 325.696 260.443 326.309 240.574 195.943 172.706 312.523 178.584
threshold=0.053549915407443284 0.37796447300922736 1.0000000180025095e-35 1.0000000180025095e-35 0 1.0000000180025095e-35 1 13.500000000000002 1.0000000180025095e-35 2 3 134.50000000000003 130.50000000000003 4
decision_type=8 8 10 2 9 2 9 8 2 9 1 2 2 9
left_child=2 3 -1 6 7 9 10 8 -3 -4 -2 12 -11 -13
right_child=1 4 5 -5 -6 -7 -8 -9 -10 11 -12 13 -14 -15
leaf_value=-0.028778258542737474 0.038100292061433082 0.036462701506363833 -0.0236161908583866 -0.027408130595791398 0.015847006470396628 -0.029979572930875453 0.0025078211855303046 0.09669610467593634 -0.0035860633339786468 0.012729589553648675 0.014953834875548399 0.024790889003460846 0.13579288885169755 -0.0070298769731121672
leaf_weight=4663.0559659861028 440.09026788175106 2610.4865814447403 388.3072689473629 543.56143144145608 1557.4257481656969 565.67183347046375 1743.8912208527327 59.568839527666569 196.72457918524742 446.09886990860105 1466.7472157031298 170.42139602825046 18.400232940912247 1271.1205564700067
leaf_count=85204 1806 6547 5756 9079 8789 10356 13612 38 2622 4180 7115 1226 82 14388
internal_value=-0.00017638 0.0178647 -0.020844 0.00685535 0.028298 -0.00790223 0.011963 0.0348774 0.0336559 -0.00244837 0.0204838 0.00198757 0.0178857 -0.00313027
internal_weight=16141.6 8618.5 7523.08 4194.29 4424.21 2860.02 3650.73 2866.78 2807.21 2294.35 1906.84 1906.04 464.499 1441.54
internal_count=170800 49608 121192 31612 17996 35988 22533 9207 9169 25632 8921 19876 4262 15614
cat_boundaries=0 6 12 17 18 24
cat_threshold=65536 134654976 2 805306376 0 1934 237568 184740879 8338 805309448 16 6208 54001728 276889600 4393216 176 2048986789 1 939655168 4194304 1613840 1117184 4194304 72
is_linear=0
shrinkage=0.03


Tree=22
num_leaves=15
num_cat=4
split_feature=17 18 3 15 16 19 13 3 3 14 18 1 18 0
split_gain=6336.37 1210.8 626.401 592.67 339.618 290.686 331.509 290.628 287.247 241.918 240.958 214.336 196.202 224.537
threshold=0.037746025930675144 0 1.0000000180025095e-35 1.0000000180025095e-35 0.89973541084243758 1 1.9285714285714288 1.0000000180025095e-35 1.0000000180025095e-35 0.026785714285714288 2 37.500000000000007 3 24.500000000000004
decision_type=8 9 2 10 8 1 8 2 2 10 9 2 9 2
left_child=3 5 9 -1 -4 -2 7 -7 10 -3 -5 -11 13 -6
right_child=1 2 4 8 12 6 -8 -9 -10 11 -12 -13 -14 -15
leaf_value=-0.028721073041307471 0.033985557667120102 -0.0051038898284277885 -0.028410080420148781 0.012495208943297432 -0.018899775621366625 0.020397873964838022 0.068172496043492931 -0.012048772043985093 -0.031074485530225498 0.018552931277274431 -0.011443630647169616 0.0025407851770208926 -0.005556811347816026 0.12539347664262054
leaf_weight=4460.833654128015 2542.2797653675079 764.49313713610172 632.05408456176519 523.38986748829484 13.555113960057495 1400.3077020198107 110.06049758940935 301.2952020354569 459.36784901097417 2394.1419875919819 1294.4193395003676 1097.4874783456326 84.420282289385796 31.197403408586979
leaf_count=83692 6438 7987 11162 4738 194 4194 183 4221 8686 14429 16776 7339 687 74
internal_value=-0.000177564 0.0157758 0.00568136 -0.0223647 -0.0193553 0.0273285 0.017838 0.014649 -0.00990578 0.0101761 -0.00454222 0.0135222 0.0248287 0.0674814
internal_weight=16109.3 9371.29 5017.35 6738.01 761.227 4353.94 1811.66 1701.6 2277.18 4256.12 1817.81 3491.63 129.173 44.7525
internal_count=170800 56908 41872 113892 12117 15036 8598 8415 30200 29755 21514 21768 955 268
cat_boundaries=0 6 7 13 19
cat_threshold=237568 134392832 2 805307400 0 66 7 406982664 37748928 1076404288 9504768 88399872 10440 0 34881550 100663296 4096 0 4868
is_linear=0
shrinkage=0.03


Tree=23
num_leaves=15
num_cat=6
split_feature=17 16 3 15 18 18 3 18 19 8 19 19 15 15
split_gain=6007.27 1131.82 831.537 588.917 376.771 364.056 281.717 228.164 199.728 331.578 193.593 165.817 157.596 144.304
threshold=0.037746025930675144 0.37796447300922736 1.0000000180025095e-35 1.0000000180025095e-35 0 1 1.0000000180025095e-35 2 3 4.2500000000000009 4 5 0.019444444444444448 0.034722222222222231
decision_type=8 8 2 10 9 9 2 9 1 8 1 1 10 8
left_child=3 2 5 -1 8 10 7 -5 -3 11 13 12 -10 -2
right_child=1 4 -4 6 -6 -7 -8 -9 9 -11 -12 -13 -14 -15
leaf_value=-0.028588643418735637 0.11761639024919125 0.036821595532256224 -0.027574017361686867 0.012048427330337235 0.010727402911528268 0.0011719745439615623 -0.031004048065739264 -0.011211231658175782 0.096317479809858816 0.070723998690270268 0.013516473811947476 0.020515299207550821 -0.029519751083419508 0.033069853213033296
leaf_weight=4348.7533310912549 18.1363844871521 2049.6056080013514 617.48071128875017 527.63746684417129 1189.2497094385326 2182.4365036673844 446.79136509820819 1282.8828697651625 8.8449236415326578 113.21773719787598 1530.7171105407178 1213.4296783581376 101.0625655837357 449.03256227821112
leaf_count=83692 87 4834 10952 4658 7538 17968 8686 16856 74 170 7346 4666 1498 1775
internal_value=-0.000179193 0.0151328 0.00489466 -0.0221359 0.0256357 0.00969609 -0.00969735 -0.00442517 0.0305984 0.0215072 0.0189019 0.0174086 -0.0170761 0.035831
internal_weight=16079.3 9473.21 4797.8 6606.07 4675.41 4180.32 2257.31 1810.52 3486.16 1436.55 1997.89 1323.34 109.907 467.169
internal_count=170800 56908 38128 113892 18780 27176 30200 21514 11242 6408 9208 6238 1572 1862
cat_boundaries=0 6 12 18 19 20 21
cat_threshold=204800 134671872 6 805308424 0 1998 237568 151186447 8346 807406600 32784 6208 406982664 37749440 1076404288 9504768 88137728 10440 7 1 32
is_linear=0
shrinkage=0.03


Tree=24
num_leaves=15
num_cat=6
split_feature=17 16 3 15 18 18 3 18 19 19 6 5 13 18
split_gain=5697.72 1031.05 792.472 584.884 341.869 335.302 276.194 216.711 174.32 174.126 172.134 155.433 148.472 142.834
threshold=0.037746025930675144 0.37796447300922736 1.0000000180025095e-35 1.0000000180025095e-35 0 1 1.0000000180025095e-35 2 3 4 71.500000000000014 176.50000000000003 1.3571428571428574 5
decision_type=8 8 2 10 9 9 2 9 1 1 2 2 8 9
left_child=3 2 5 -1 8 9 7 -5 10 -2 11 -3 -10 -6
right_child=1 4 -4 6 13 -7 -8 -9 12 -11 -12 -13 -14 -15
leaf_value=-0.028453105792522245 0.033932685383055473 0.12974623329975921 -0.027416224491253052 0.011686555229307123 0.019767767510478831 0.0011359197933726 -0.030931600538919395 -0.010973993840059468 0.020977940374555804 0.012978747751949285 0.037949312868833254 0.055722375314543354 0.048671339652233768 0.0005378029146209097
leaf_weight=4240.0352509617805 478.70179751515388 33.449647277593613 602.63421049341559 529.77385883033276 2039.3821222297847 2184.4747667722404 434.58934853598475 1273.6913853697479 1119.6333318650723 1546.5219330079854 816.46802390366793 113.89602980017662 206.48394373059273 430.03853448107839
leaf_count=83692 1862 36 10952 4779 8645 17968 8686 16735 4386 7346 1727 195 489 3302
internal_value=-0.000179201 0.0145253 0.00473188 -0.0219047 0.0244247 0.00933942 -0.00949146 -0.00431065 0.0328134 0.0180882 0.0429768 0.0732882 0.025134 0.0164362
internal_weight=16049.8 9571.68 4812.33 6478.09 4759.35 4209.7 2238.05 1803.47 2289.93 2025.22 963.814 147.346 1326.12 2469.42
internal_count=170800 56908 38128 113892 18780 27176 30200 21514 6833 9208 1958 231 4875 11947
cat_boundaries=0 6 12 18 19 20 26
cat_threshold=65536 434688 2 805306368 0 1934 237568 151186447 8346 807406600 32784 6208 406982664 37749440 1076404288 9504768 88367104 10440 3 1 172552 185617422 603996292 1084424 2147483648 65
is_linear=0
shrinkage=0.03


Tree=25
num_leaves=15
num_cat=5
split_feature=14 18 18 3 19 8 3 1 18 5 16 18 5 5
split_gain=5416.01 1358.32 554.148 449.899 394.091 320.639 238.109 234 212.754 187.442 175.019 157.119 152.095 421.748
threshold=0.026785714285714288 0 1 1.0000000180025095e-35 2 5.5000000000000009 1.0000000180025095e-35 34.500000000000007 3 672.50000000000011 0.95118973121134209 4 228.50000000000003 235.50000000000003
decision_type=8 9 9 2 1 8 2 2 9 2 8 9 2 2
left_child=2 4 -1 8 7 6 -6 9 -3 -2 -5 -4 -8 -14
right_child=1 3 11 10 5 -7 12 -9 -10 -11 -12 -13 13 -15
leaf_value=0.0077487988880526951 0.033085666727876391 0.01060443207443839 -0.013523850095513865 -0.029503652009652926 0.013565088310331734 0.061265314371181538 -0.031488484295988051 0.017357767221036064 -0.0043541130864967739 -0.0085503916768563306 0.014006186542133136 -0.028142553269408649 0.15539739797109461 -0.0068281182347856659
leaf_weight=481.85489498823881 2833.2071426287293 1945.2393235377967 855.07746270298958 557.28752586990595 961.43073955178261 96.854933459311724 209.23244823887944 1593.764437481761 1515.0487729460001 100.39264988154173 97.164534687995911 4530.1570528075099 14.379247467964886 231.0840317979455
leaf_count=4920 7977 12775 12312 10995 3413 117 3303 5123 16765 626 851 88138 80 3405
internal_value=-0.000178973 0.0130784 -0.023124 -0.000241506 0.0221144 0.00868506 0.00510946 0.0265704 0.00407369 0.0316584 -0.0230324 -0.0258537 -0.0127601 0.00326701
internal_weight=16022.2 10155.1 5867.09 4114.74 6040.35 1512.98 1416.13 4527.36 3460.29 2933.6 654.452 5385.23 454.696 245.463
internal_count=170800 65430 105370 41386 24044 10318 10201 13726 29540 8603 11846 100450 6788 3485
cat_boundaries=0 6 12 13 19 25
cat_threshold=237568 134654988 1073750162 805374984 0 1871 41472 154200202 101200004 823269376 16 5248 15 2550141440 57692675 268484616 28344320 2164531200 14464 2160134184 34210820 2359370 2283832320 2231631875 2370
is_linear=0
shrinkage=0.03


Tree=26
num_leaves=15
num_cat=5
split_feature=14 18 18 3 19 8 3 1 18 5 18 1 5 5
split_gain=5148.78 1250.18 532.108 455.531 358.809 329.334 211.615 202.442 201.365 171.545 166.926 157.686 152.608 421.201
threshold=0.026785714285714288 0 1 1.0000000180025095e-35 2 5.5000000000000009 1.0000000180025095e-35 34.500000000000007 3 672.50000000000011 4 2.5000000000000004 228.50000000000003 235.50000000000003
decision_type=8 9 9 2 1 8 2 2 9 2 9 2 2 2
left_child=2 4 -1 8 7 6 11 9 -3 -2 -4 -6 -8 -14
right_child=1 3 10 -5 5 -7 12 -9 -10 -11 -12 -13 13 -15
leaf_value=0.0087983297567294522 0.031235503018431317 0.01039837687129215 -0.012192716284533051 -0.023663080434290551 0.073004740828412587 0.060206939218333803 -0.031441645878103691 0.016747966375597015 -0.0041848306210672398 -0.0082070719189717423 -0.027769616587621237 0.01005560444529025 0.14951424814615766 -0.0069041554500032564
leaf_weight=440.7052473090589 2913.8327852785587 1915.0901126116514 782.5967021882534 635.8805043771863 36.275499030947685 101.80784684047103 204.61811630800366 1628.0023681372404 1522.2948644123971 102.35413568466902 4525.6660138256848 938.80490489304066 15.598450772464274 231.9098598472774
leaf_count=4396 8028 12566 11184 11780 100 115 3326 5186 16822 635 89790 3343 80 3449
internal_value=-0.000180772 0.0125681 -0.0229016 -0.000357206 0.0210618 0.00829215 0.00460737 0.0252365 0.00395873 0.0298947 -0.0255031 0.0124699 -0.0123394 0.00351561
internal_weight=15995.4 10246.5 5748.97 4073.27 6173.2 1529.01 1427.21 4644.19 3437.38 3016.19 5308.26 975.08 452.126 247.508
internal_count=170800 65430 105370 41168 24262 10413 10298 13849 29388 8663 100974 3443 6855 3529
cat_boundaries=0 6 12 13 19 25
cat_threshold=237568 134671372 1073741970 805374984 0 1871 512 154200202 67645572 823269376 0 5248 15 2550137344 57676291 269541384 28344320 2164531200 14464 2160175136 34210820 35913802 2149613568 2231369747 2370
is_linear=0
shrinkage=0.03


Tree=27
num_leaves=15
num_cat=6
split_feature=17 13 3 18 18 15 19 19 18 13 19 17 6 6
split_gain=4910.76 1049.34 556.625 418.935 371.181 317.499 205.634 193.116 186.505 181.882 149.18 138.795 137.972 209.845
threshold=0.024514096356581163 1.0000000180025095e-35 1.0000000180025095e-35 0 1 1.0000000180025095e-35 2 3 4 3.5000000000000004 5 0.025053329148871335 71.500000000000014 58.500000000000007
decision_type=8 8 2 9 9 10 1 1 9 8 1 10 2 2
left_child=5 2 4 6 -2 -1 12 -5 -7 10 -8 -9 13 -3
right_child=1 3 -4 7 -6 8 9 11 -10 -11 -12 -13 -14 -15
leaf_value=-0.028254586925890519 0.0167430476371059 0.043737529494794487 -0.028409686835704662 0.015560050868613156 -0.0034731136369274334 0.017320880503434194 -0.01695488880317552 0.036449907294676773 -0.015640892044185586 0.060584124344173984 0.019683254749264162 -0.0048140627471705364 0.031521062355387382 0.123802141779117
leaf_weight=3840.9102533757687 1282.8877965398133 167.04327263683081 551.88712280988693 2289.7695011459291 2214.5590424351394 167.30899254605174 100.3554674461484 79.772097140550613 1316.5001951046288 92.861981987953186 1797.3523760549724 798.82995272055268 1234.2805890291929 35.504416771233082
leaf_count=81505 6778 308 10878 10782 20202 1535 1524 194 20179 110 6063 7975 2729 38
internal_value=-0.000182 0.0115836 -0.000437827 0.0189628 0.00398291 -0.0237013 0.0262329 0.0109751 -0.0119038 0.0196809 0.0177522 -0.00101877 0.0350915 0.0583113
internal_weight=15969.8 10645.1 4049.33 6595.77 3497.45 5324.72 3427.4 3168.37 1483.81 1990.57 1897.71 878.602 1436.83 202.548
internal_count=170800 67581 37858 29723 26980 103219 10772 18951 21714 7697 7587 8169 3075 346
cat_boundaries=0 6 12 13 14 20 21
cat_threshold=196608 437760 10 805339136 0 975 172544 51570690 33562818 2418084872 16810002 6208 3 15 939655168 4194304 1074323488 9504768 67108864 8264 32
is_linear=0
shrinkage=0.03


Tree=28
num_leaves=15
num_cat=7
split_feature=17 13 3 18 18 15 19 13 3 18 18 19 18 6
split_gain=4676.12 965.915 535.836 384.532 347.467 316.51 226.407 261.359 198.857 178.383 130.558 128.302 116.219 115.861
threshold=0.024514096356581163 1.0000000180025095e-35 1.0000000180025095e-35 0 1 1.0000000180025095e-35 2 1.3571428571428574 1.0000000180025095e-35 3 4 5 6 152.50000000000003
decision_type=8 8 2 9 9 10 1 8 2 9 9 1 9 2
left_child=5 2 4 6 -2 10 12 8 -8 -7 -1 -5 -3 -9
right_child=1 3 -4 11 -6 9 7 13 -10 -11 -12 -13 -14 -15
leaf_value=0.002390219101631042 0.016149267002828916 0.03744590210956588 -0.028270343589012068 0.011543354393314591 -0.0033695979286493209 0.018135854715320313 0.015102119526057729 -0.006749750626700868 -0.012275162111557878 -0.015201486666669178 -0.029126668545105785 -0.0055910241644540589 0.023533262562681383 0.052780824889109401
leaf_weight=129.1174227334559 1290.7550437524915 913.05742756277323 538.18153718858957 1334.8836046122015 2216.6879960633814 154.32792732492089 1433.1336647868156 34.169635612517595 285.69507894292474 1314.3322361633182 3616.9860278852284 550.82445303723216 1931.4871261939406 201.80544867739081
leaf_count=2137 6635 1712 10878 7883 20345 1371 4262 124 4278 20343 79368 6001 5076 387
internal_value=-0.000181584 0.0111436 -0.000426743 0.0181446 0.00385241 -0.0234836 0.0226431 0.0145518 0.0105471 -0.0116685 -0.0281114 0.00653492 0.0281261 0.0441686
internal_weight=15945.4 10730.7 4045.62 6685.06 3507.44 5214.76 4799.35 1954.8 1718.83 1468.66 3746.1 1885.71 2844.54 235.975
internal_count=170800 67581 37858 29723 26980 103219 15839 9051 8540 21714 81505 13884 6788 511
cat_boundaries=0 6 12 13 19 25 26 32
cat_threshold=239616 134655496 536870938 805340168 0 1999 172544 169011202 532674 2418084872 16810002 6208 7 939655168 4194304 1074323488 1116160 67108864 8264 2155872288 8192 3436758 2097216 2147745792 1920 15 65536 393216 10 805306368 0 8
is_linear=0
shrinkage=0.03


Tree=29
num_leaves=15
num_cat=7
split_feature=14 18 18 3 19 13 3 18 14 16 18 18 5 18
split_gain=4463.1 989.191 519.034 404.032 263.964 247.339 273.845 190.602 188.225 168.213 158.045 146.419 144.66 141.885
threshold=0.026785714285714288 0 1 1.0000000180025095e-35 2 1.9285714285714288 1.0000000180025095e-35 3 2.7142857142857149 0.95118973121134209 4 5 471.50000000000006 6
decision_type=8 9 9 2 1 8 2 9 8 8 9 9 2 9
left_child=2 4 -1 7 8 6 -6 -3 -2 -5 -4 -11 -9 -14
right_child=1 3 10 9 5 -7 -8 12 -10 11 -12 -13 13 -15
leaf_value=0.007415555333812409 0.024937984741911636 -0.021504032111146522 -0.01258536764251441 -0.028979686020214938 0.013542739513992692 0.047025549863193128 -0.013237976589777399 0.0090735344728802153 -0.029394405344034313 0.063170999462023314 -0.027582560244780979 -0.0099868321747312271 0.0058700048415060192 -0.020038763739954325
leaf_weight=484.84581794217229 3623.8043357208371 237.42546467483044 819.10456189885736 525.44572948664427 1983.430729791522 162.75622240081429 414.77151694521308 2633.3671177662909 57.511451240628958 24.21220850199461 4125.9622504636645 77.367279261350632 418.08910615742207 334.10002988949418
leaf_count=4920 9608 3409 12312 11168 6537 265 6558 19306 401 125 88138 748 3084 4221
internal_value=-0.000180964 0.011245 -0.0222574 5.86477e-05 0.0188296 0.0113032 0.0089074 0.00390848 0.0240162 -0.0221557 -0.0251319 0.0130814 0.00574299 -0.00583734
internal_weight=15922.2 10492.3 5429.91 4250.01 6242.27 2560.96 2398.2 3622.98 3681.32 627.025 4945.07 101.579 3385.56 752.189
internal_count=170800 65430 105370 42061 23369 13360 13095 30020 10009 12041 100450 873 26611 7305
cat_boundaries=0 6 12 13 18 24 30 36
cat_threshold=237568 134654988 1073782930 805374984 0 847 41472 154200202 101200004 823269376 16 5248 7 54263872 813760512 5180160 160 176361097 2160134184 34210820 2359370 2283832320 2231631875 2370 8 34619394 100663296 2147487744 0 4096 2281701888 19939379 873463812 2147631104 2147795014 4096
is_linear=0
shrinkage=0.03


Tree=30
num_leaves=15
num_cat=6
split_feature=17 13 3 18 15 18 19 18 1 15 18 18 13 3
split_gain=4255.09 834.555 500.74 333.761 314.911 311.044 192.551 170.527 161.318 383.116 132.072 130.867 124.346 207.546
threshold=0.024514096356581163 1.0000000180025095e-35 1.0000000180025095e-35 0 1.0000000180025095e-35 1 2 3 25.500000000000004 0.93888888888888899 4 5 1.3571428571428574 1.0000000180025095e-35
decision_type=8 8 2 9 10 9 1 9 2 10 9 9 8 2
left_child=4 2 5 12 10 -2 8 -6 9 -5 -1 -10 13 -3
right_child=1 3 -4 6 7 -7 -8 -9 11 -11 -12 -13 -14 -15
leaf_value=-0.0040103143222664549 0.014939245695285286 0.023252291573859725 -0.028032158363607472 0.020521271555468429 0.0095625208205653619 -0.0033776379061128407 -0.0020407152941831611 -0.016224388745887146 0.012553561083034116 0.16726946853154814 -0.029258961942675753 -0.0089633406905026726 0.039601999826294608 -0.0094122972030879042
leaf_weight=215.04656105861068 1333.0575653128326 2933.1819090992212 516.09356948360801 1101.3446474149823 282.80889493599534 2194.8298119567335 898.49849273636937 1155.7017976604402 1004.288017552346 15.271885514259337 3356.4243884384632 332.61501491069794 375.45307539403439 185.65532380715013
leaf_count=3895 7028 7027 10878 4670 2913 19952 8261 18801 3976 7 77610 2252 710 2820
internal_value=-0.000181693 0.0103444 -0.000461445 0.0167264 -0.02306 0.00357867 0.00985806 -0.0111979 0.0142051 0.0226762 -0.0278334 0.0072244 0.0232157 0.0213055
internal_weight=15900.3 10890.3 4043.98 6846.31 5009.98 3527.89 3352.02 1438.51 2453.52 1116.62 3571.47 1336.9 3494.29 3118.84
internal_count=170800 67581 37858 29723 103219 26980 19166 21714 10905 4677 81505 6228 10557 9847
cat_boundaries=0 6 12 13 19 25 31
cat_threshold=198656 437760 8 805339136 0 975 139776 51570690 34087106 2418084872 16810002 6208 15 939655168 37748800 1074323488 143722496 71589904 8264 2155872288 302522497 3436758 136347712 2147745795 1920 45064 187711629 1611661440 152177672 2147483648 5120
is_linear=0
shrinkage=0.03


Tree=31
num_leaves=15
num_cat=5
split_feature=17 18 3 15 3 16 16 18 18 18 0 18 14 1
split_gain=4053.92 773.018 364.931 313.495 249.974 380.166 182.827 164.171 163.601 154.917 142.675 129.498 120.352 117.077
threshold=0.024514096356581163 0 1.0000000180025095e-35 1.0000000180025095e-35 1.0000000180025095e-35 1.5735915849388851 0.95118973121134209 1 2 3 24.500000000000004 4 0.11160714285714286 37.500000000000007
decision_type=8 9 2 10 2 8 8 9 9 9 2 9 8 2
left_child=3 4 7 11 9 -6 -4 -3 -5 -2 -7 -1 -11 -9
right_child=1 2 6 8 5 10 -8 13 -10 12 -12 -13 -14 -15
leaf_value=0.0041004263949452266 0.0255038502059672 -0.0090169009513608317 -0.028397682298267363 0.0079382996110167314 -0.018214059501909054 -0.013406655043057863 0.017945966448215608 0.010898824258276487 -0.016331205551880581 0.0035182988176075225 0.053725422758113053 -0.028714126055242699 0.017010600219455139 -0.0021998736806087224
leaf_weight=116.74766398593783 1788.1896919831634 742.32998443767428 520.96641501784325 318.04283554852009 404.65831802785397 37.334552928805351 89.090972315520048 1945.0735943466425 1106.7545811347663 708.94407426193357 114.7716458030045 3367.9510010741651 3721.1190986782312 896.84973570331931
leaf_count=1941 3612 9636 11374 3427 6831 440 664 13175 18287 4205 166 79564 10661 6817
internal_value=-0.000181933 0.00995895 -0.00018163 -0.0228372 0.0162123 -0.00301694 -0.0216115 0.00347034 -0.0109709 0.0179603 0.0372679 -0.0276845 0.0148193 0.00674212
internal_weight=15878.8 10969.3 4194.31 4909.5 6775.02 556.765 610.057 3584.25 1424.8 6218.25 152.106 3484.7 4430.06 2841.92
internal_count=170800 67581 41666 103219 25915 7437 12038 29628 21714 18478 606 81505 14866 19992
cat_boundaries=0 6 11 17 21 27
cat_threshold=239616 134409228 8322 805342216 32768 1990 12599336 268963840 808763680 134217792 67391725 1006764032 37748928 1074324000 143722496 71589905 8520 196608 131072 2 805306368 2147483680 8192 3428566 2097216 2147745792 1920
is_linear=0
shrinkage=0.03


Tree=32
num_leaves=15
num_cat=7
split_feature=14 18 18 3 19 13 3 14 5 18 16 18 18 18
split_gain=3874.26 784.43 506.832 368.157 224.637 201.129 224.802 169.653 167.556 160.856 156.809 147.034 146.917 139.844
threshold=0.026785714285714288 0 1 1.0000000180025095e-35 2 1.3571428571428574 1.0000000180025095e-35 2.7142857142857149 471.50000000000006 3 0.95118973121134209 4 5 6
decision_type=8 9 9 2 1 8 2 8 2 9 8 9 9 9
left_child=2 4 -1 8 7 6 -6 -2 9 -3 -5 -4 -10 -12
right_child=1 3 11 10 5 -7 -8 -9 12 -11 13 -13 -14 -15
leaf_value=0.0065851215070637653 0.022101807625060588 -0.018507224743152004 -0.01233327882910475 -0.028926096730183971 0.011116966033482072 0.034660777601398747 -0.013828797183478497 -0.029404745520913756 0.0038730769239742552 0.0089169962992184052 0.059762387044752292 -0.027202220754952783 -0.021919209995275198 -0.010586785384116473
leaf_weight=518.62729927152395 3797.2126550152898 198.04044313728809 780.62683757394552 490.98917919024825 1983.638540264219 262.62874971702695 387.93495555967093 57.616664759814739 409.77246108651161 2654.5262210592628 25.236025478690863 3838.6469310000539 374.1203372888267 79.678066674619913
leaf_count=5389 9652 2542 12337 11106 6423 557 6435 401 3143 19058 125 87644 5210 778
internal_value=-0.000181997 0.0100825 -0.0215989 1.46382e-05 0.0166224 0.00976191 0.0070323 0.0212694 0.00359808 0.00697363 -0.0218222 -0.0247247 -0.0086787 0.0113825
internal_weight=15859.3 10721.4 5137.9 4232.36 6489.03 2634.2 2371.57 3854.83 3636.46 2852.57 595.903 4619.27 783.893 104.914
internal_count=170800 65430 105370 41962 23468 13415 12858 10053 29953 21600 12009 99981 8353 903
cat_boundaries=0 6 12 13 18 24 30 36
cat_threshold=237568 134654988 1073774738 805374984 2147483648 847 41472 154200202 67645580 823269376 16 5248 7 54263872 276889648 5114628 160 142804613 2160134184 34210820 35913794 2283831328 2231631875 2370 2281701904 24133683 873463812 2148679680 1360070 4096 8 34619394 100663296 2147487744 0 4096
is_linear=0
shrinkage=0.03


Tree=33
num_leaves=15
num_cat=6
split_feature=17 13 3 15 18 18 18 18 19 1 0 1 15 18
split_gain=3691.12 681.52 449.021 310.912 276.957 271.576 155.719 140.636 136.15 122.061 145.121 114.055 342.963 110.385
threshold=0.024514096356581163 1.0000000180025095e-35 1.0000000180025095e-35 1.0000000180025095e-35 0 1 2 3 4 37.500000000000007 30.500000000000004 25.500000000000004 0.93888888888888899 5
decision_type=8 8 2 10 9 9 9 9 1 2 2 2 10 9
left_child=3 2 5 7 9 -2 -5 -1 11 -3 -11 12 -6 -10
right_child=1 4 -4 6 8 -7 -8 -9 13 10 -12 -13 -14 -15
leaf_value=-0.0035127342622026177 0.013570804911491199 0.023748208380704707 -0.027644105065067513 0.0076017255141733906 0.017056319998142975 -0.0034134163852213117 -0.015946463914554704 -0.029009968362561814 0.0067173600690429583 0.01016098445172485 0.091682579995490329 0.0060662267092744934 0.15199002468344072 -0.015024786251321106
leaf_weight=224.31850939616561 1365.3172157406807 2754.1713225916028 483.94853440672159 325.77049335092306 1084.7094447165728 2198.2299524843693 1071.5196019671857 3100.7533228695393 520.8403492718935 1034.0267239622772 19.054779827594757 1304.0157112888992 16.242852449417114 336.89630370214581
leaf_count=4240 7076 7858 10878 3510 4469 19904 18204 77265 4329 3469 40 5964 7 3587
internal_value=-0.000182007 0.00925647 -0.000560519 -0.0223995 0.0148759 0.0031243 -0.0105145 -0.0273892 0.00837002 0.0203721 0.0117216 0.0120264 0.0191832 -0.00190449
internal_weight=15839.8 11117.5 4047.5 4722.36 7069.96 3563.55 1397.29 3325.07 3262.7 3807.25 1053.08 2404.97 1100.95 857.737
internal_count=170800 67581 37858 103219 29723 26980 21714 81505 18356 11367 3509 10440 4476 7916
cat_boundaries=0 6 12 18 24 25 31
cat_threshold=198656 437760 536870940 805339136 0 1999 172544 55762946 34087106 2418084872 16810002 6144 1006764048 37748928 1074324000 143722496 71589904 8520 2155874336 268968065 3436758 136314944 2147745827 1920 15 45064 140001295 1140858880 2166362184 17080337 4096
is_linear=0
shrinkage=0.03


Tree=34
num_leaves=15
num_cat=6
split_feature=14 18 18 3 19 13 3 18 14 16 6 6 18 18
split_gain=3520.78 677.272 489.355 365.483 188.757 183.522 188.93 158.112 156.566 148.122 146.824 246.806 146.141 128.252
threshold=0.026785714285714288 0 1 1.0000000180025095e-35 2 1.3571428571428574 1.0000000180025095e-35 3 2.7142857142857149 0.95118973121134209 134.50000000000003 130.50000000000003 4 5
decision_type=8 9 9 2 1 8 2 9 8 8 2 2 9 9
left_child=2 4 -1 7 8 6 -6 -3 -2 -5 11 -9 -4 -12
right_child=1 3 12 9 5 -7 -8 10 -10 -11 13 -13 -14 -15
leaf_value=0.0064612351814901832 0.020495525909909749 -0.019969626281316578 -0.011911528056669974 -0.028983866451946342 0.010214318517830109 0.032622586832821383 -0.012955316054102068 0.013438774219577627 -0.029342563271100387 0.009756635579811589 0.0065811012533794205 0.10768249272404855 -0.026889224023996468 -0.0070459787933180055
leaf_weight=519.81247700750828 3830.8712879270315 229.29319411888719 766.34240479022264 478.19429929554462 1984.1259021945298 269.29084136337042 375.98727650940418 777.36989665403962 56.745062999427319 108.5122240409255 1793.9897181876004 24.871653273701668 3667.6555326990783 938.01750464364886
leaf_count=5389 9403 3418 12337 11228 6274 545 6281 5219 401 941 11329 100 87644 10291
internal_value=-0.000181668 0.00937329 -0.0211402 0.000187865 0.0154798 0.00916917 0.00651926 0.00362322 0.01971 -0.0218143 0.00520085 0.016491 -0.0243365 0.00189976
internal_weight=15821.1 10867.3 4953.81 4350.25 6517.02 2629.4 2360.11 3763.54 3887.62 586.707 3534.25 802.242 4434 2732.01
internal_count=170800 65430 105370 42526 22904 13100 12555 30357 9804 12169 26939 5319 99981 21620
cat_boundaries=0 6 12 13 18 24 30
cat_threshold=268673024 134654989 1073774738 805372936 2147483648 839 41472 154200202 67645580 823269376 16 5248 7 52166752 813760512 5180160 160 167970441 2160134184 34210820 35913794 2283831328 2231631875 2370 2818589312 57692290 338714628 136448000 16777216 7304
is_linear=0
shrinkage=0.03


Tree=35
num_leaves=15
num_cat=6
split_feature=17 13 3 15 18 18 3 18 18 19 1 0 0 18
split_gain=3361.72 591.132 420.182 308.492 246.471 238.928 152.416 173.838 142.079 118.965 108.223 128.938 108.144 149.935
threshold=0.024514096356581163 1.0000000180025095e-35 1.0000000180025095e-35 1.0000000180025095e-35 0 1 1.0000000180025095e-35 2 3 4 37.500000000000007 30.500000000000004 21.500000000000004 5
decision_type=8 8 2 10 9 9 2 9 9 1 2 2 2 9
left_child=3 2 4 8 -2 10 7 -5 -1 -7 -3 -12 -11 -14
right_child=1 5 -4 6 -6 9 -8 -9 -10 12 11 -13 13 -15
leaf_value=-0.0030934504396037473 0.012689933918591422 0.021899423062079253 -0.027382543840187824 0.010870591405698484 -0.003397030997710911 0.011099397963052361 -0.030831432728022943 -0.013774366794789219 -0.028787672374343449 -0.010500459781295881 0.0092212580047405911 0.084113905509046558 0.02881311040516998 -0.010422145304150098
leaf_weight=222.99158318713307 1398.3889034539461 2834.5484441146255 464.51982285454869 387.23956998437643 2181.0729013606906 2448.1426617801189 256.79152606800199 725.83489286899567 2952.9488005377352 519.37286465987563 1054.0238868929446 20.124385368078947 181.70182490348816 155.40831976011395
leaf_count=4303 7199 7858 10878 3953 19781 10440 6261 11500 77202 5323 3469 40 1165 1428
internal_value=-0.000181903 0.00861077 -0.000570733 -0.0219533 0.00291541 0.0137575 -0.0100436 -0.00522437 -0.0270855 0.00773575 0.0187776 0.0107013 -0.00189761 0.0112922
internal_weight=15803.1 11257.3 4043.98 4545.81 3579.46 7213.32 1369.87 1113.07 3175.94 3304.63 3908.7 1074.15 856.483 337.11
internal_count=170800 67581 37858 103219 26980 29723 21714 15453 81505 18356 11367 3509 7916 2593
cat_boundaries=0 6 12 18 24 25 31
cat_threshold=139776 173203458 34087106 2419133448 16810002 6144 198656 437760 536870940 805339136 0 1999 402788496 4198464 1074324000 13715456 72376337 8264 2155872288 268968065 3436758 136347712 2147745827 1920 15 40968 135806986 1174405248 2166362120 262160 4096
is_linear=0
shrinkage=0.03


Tree=36
num_leaves=15
num_cat=6
split_feature=17 3 16 14 15 18 0 18 3 18 18 19 18 6
split_gain=3204.49 560.989 517.614 365.694 306.01 274.296 329.615 217.862 149.548 164.922 139.505 139.332 192.537 135.012
threshold=0.024514096356581163 1.0000000180025095e-35 0.89973541084244091 0.24392857142857147 1.0000000180025095e-35 0 24.500000000000004 1 1.0000000180025095e-35 2 3 4 5 169.50000000000003
decision_type=8 2 8 10 10 9 2 9 2 9 9 1 9 2
left_child=4 3 -3 7 10 6 -4 11 9 -6 -1 12 13 -2
right_child=1 2 5 -5 8 -7 -8 -9 -10 -11 -12 -13 -14 -15
leaf_value=-0.0029214240910399323 0.12193848085097136 -0.025337318129671334 -0.0081407934326827493 0.016073604049744658 0.010466931156834487 -0.0061499581075407268 0.083724944981387869 -7.3360284911198193e-05 -0.030754361022605987 -0.013523185651282958 -0.028631724089679865 0.0081905638112475011 0.015438052535778481 0.045280508204527128
leaf_weight=218.7066565155983 30.003124304115772 778.02845707908273 54.863746363669634 5204.0252483785152 390.48215084150434 185.30633392557502 96.022599123418331 3167.8839887566864 249.81983257085085 717.46951601281762 2882.2699188888073 1412.8450735472143 329.15510974824429 69.048198327422142
leaf_count=4234 70 17052 736 12692 3953 1444 243 26011 6261 11500 77271 7502 1587 244
internal_value=-0.000180809 0.00829954 -0.0119056 0.0105048 -0.0217217 0.0191616 0.0473693 0.00471713 -0.00983443 -0.00509395 -0.0269217 0.0128861 0.0277856 0.0631732
internal_weight=15785.9 11327.2 1114.22 10213 4458.75 336.193 150.886 5008.94 1357.77 1107.95 3100.98 1841.05 428.206 99.0513
internal_count=170800 67581 19475 48106 103219 2423 979 35414 21714 15453 81505 9403 1901 314
cat_boundaries=0 6 12 18 24 25 31
cat_threshold=65536 37112846 100663424 2416054280 0 4484 174080 20989967 8330 808518664 16818178 2125 402788496 4198464 1074324000 13715456 72376337 8264 2155874336 268443777 3436758 136347712 2147745827 1920 1 0 0 2 805306368 0 9
is_linear=0
shrinkage=0.03


Tree=37
num_leaves=15
num_cat=6
split_feature=14 18 18 3 19 1 18 16 14 5 19 5 5 18
split_gain=3062.42 550.654 475.166 310.943 156.618 158.635 151.683 142.215 140.458 136.666 137.042 179.565 237.962 132.374
threshold=0.026785714285714288 0 1 1.0000000180025095e-35 2 44.500000000000007 3 0.95118973121134209 2.7142857142857149 708.50000000000011 4 663.50000000000011 669.50000000000011 5
decision_type=8 9 9 2 1 2 9 8 8 2 1 2 2 9
left_child=2 4 -1 6 8 9 -3 -5 -2 10 11 -6 -13 -4
right_child=1 3 13 7 5 -7 -8 -9 -10 -11 -12 12 -14 -15
leaf_value=0.0060735407003623103 0.018207319952208395 -0.021423669049504726 -0.01140677500224282 -0.028426357301825658 -0.02762039909899484 -0.0097386454318647269 0.0045831368628571657 0.010002723111002915 -0.029286794137294368 0.04213614877122842 0.011428199790171609 0.20637303782420022 -0.02955528241772061 -0.02632802242563375
leaf_weight=540.30758430063725 4008.4253358542919 203.36877612769604 697.91994809359312 445.42061453685164 146.89903607964516 383.87487448379397 3532.2687915675342 107.00801564007998 55.976252902299166 119.81707627698779 2048.3971239291131 6.1821343526244146 7.8228914141654968 3463.7792899794877
leaf_count=5739 9479 3205 11418 11200 2581 2171 27033 921 401 96 8193 17 133 88213
internal_value=-0.000180026 0.00843842 -0.0204597 8.60244e-06 0.0137509 0.0080816 0.0031169 -0.0209778 0.0175031 0.0110563 0.00935239 -0.0166581 0.0814018 -0.0238624
internal_weight=15767.5 11065.5 4702.01 4288.07 6777.39 2712.99 3735.64 552.429 4064.4 2329.12 2209.3 160.904 14.005 4161.7
internal_count=170800 65430 105370 42359 23071 13191 30238 12121 9880 11020 10924 2731 150 99631
cat_boundaries=0 6 12 13 19 20 26
cat_threshold=268673024 134654988 1073774738 805374984 2147483648 839 33280 154200202 67645580 2970753024 16 5248 7 54263872 2961244160 5049088 176 167970441 16 32 2160142376 34210820 35913794 2129952 2231631875 2370
is_linear=0
shrinkage=0.03


Tree=38
num_leaves=15
num_cat=6
split_feature=17 3 16 13 15 18 18 0 18 18 18 19 6 5
split_gain=2924.23 519.709 483.852 333.146 276.58 250.21 230.332 226.602 175.773 148.414 133.346 110.663 119.665 307.822
threshold=0.022963310954461677 1.0000000180025095e-35 0.89973541084244091 1.0000000180025095e-35 1.0000000180025095e-35 0 1 24.500000000000004 2 3 4 5 71.500000000000014 170.50000000000003
decision_type=8 2 8 8 10 9 9 2 9 9 9 1 2 2
left_child=4 3 -3 6 9 7 -2 -4 11 -1 -6 12 13 -5
right_child=1 2 5 8 10 -7 -8 -9 -10 -11 -12 -13 -14 -15
leaf_value=-0.0019712453176680255 0.011723159011670493 -0.025173952363211443 -0.0038932243946789447 0.12060043141739595 0.0077864435592472046 -0.0028046099629515644 -0.0036344561276529385 0.081364448814330081 0.0077765811492236181 -0.028463694096899556 -0.015098284469682029 0.01290248533793315 0.020136468057982915 0.028687809688641368
leaf_weight=218.0166779756546 1438.2959841229022 764.48618725687265 41.841351188719273 37.387894973158836 294.42878908291459 217.52997294068336 2225.6365935206413 83.622029330581427 2790.0219255834818 2728.6920472159982 970.95714515447617 2150.7813480496407 1555.3640560954809 234.08705354481936
leaf_count=4318 7387 17439 552 37 3437 1692 20415 186 12143 76729 17356 5487 3226 396
internal_value=-0.000179289 0.00763053 -0.0119017 0.00970513 -0.021571 0.0176675 0.00241788 0.0492325 0.0136494 -0.0266082 -0.00982928 0.0177018 0.0232411 0.0417423
internal_weight=15751.1 11539.1 1107.48 10431.6 4212.09 342.993 3663.93 125.463 6767.64 2946.71 1265.39 3977.62 1826.84 271.475
internal_count=170800 68960 19869 49091 101840 2430 27802 738 21289 81047 20793 9146 3659 433
cat_boundaries=0 6 12 18 24 30 31
cat_threshold=0 37112846 100663296 2415923208 0 4100 139776 55762946 34087106 2419133448 16810002 6144 198656 436737 1073741854 805342208 2147483648 1999 2155872288 268968065 3436758 136314944 2164523043 1920 1010974848 37748928 1073799720 143722496 72351761 8264 3
is_linear=0
shrinkage=0.03


Tree=39
num_leaves=15
num_cat=5
split_feature=17 3 16 18 15 5 5 18 18 18 3 18 1 17
split_gain=2788.55 487.813 463.469 312.877 274.274 233.955 472.47 174.27 145.743 136.547 133.476 151.495 117.999 113.323
threshold=0.022963310954461677 1.0000000180025095e-35 0.89973541084244091 0 1.0000000180025095e-35 228.50000000000003 235.50000000000003 1 2 3 1.0000000180025095e-35 4 50.500000000000007 0.18589384672811329
decision_type=8 2 8 9 10 2 2 9 9 9 2 9 2 10
left_child=4 3 -3 12 8 -4 -7 13 -1 -5 11 -6 -2 -8
right_child=1 2 5 9 10 6 7 -9 -10 -11 -12 -13 -14 -15
leaf_value=-0.0017931897741937427 0.014277475794419476 -0.024971494079945832 -0.031611224565434748 -0.0086005239454510964 0.010779247980322577 0.16198965455535186 0.069889467471648259 -0.0058426084275218382 -0.02829905219859569 0.005436668969395494 -0.030461946797753527 -0.013214801036167447 -0.0070894000690238353 0.0087668318528964628
leaf_weight=213.87215648964047 6195.6229912787676 747.82479655742645 70.223272774368525 758.07915893569589 352.26144034415483 21.258441813290119 70.786756869405508 139.44451840221882 2664.5717825293541 3311.6120398044586 225.65504151955247 676.93939540535212 241.11759009957314 44.568950034677982
leaf_count=4259 16453 17439 1059 10317 3773 87 40 750 76788 21521 6001 11019 800 494
internal_value=-0.000178035 0.00736089 -0.0116952 0.00934625 -0.0213335 0.0169655 0.0293919 0.017739 -0.0264354 0.00280576 -0.00961866 -0.00502358 0.0134552 0.0428681
internal_weight=15733.8 11600.5 1094.11 10506.4 4133.3 346.282 276.059 254.8 2878.44 4069.69 1254.86 1029.2 6436.74 115.356
internal_count=170800 68960 19869 49091 101840 2430 1371 1284 81047 31838 20793 14792 17253 534
cat_boundaries=0 6 12 18 23 29
cat_threshold=239616 138587656 8322 805342216 40962 1734 0 1461260 128 805310472 0 4102 2155874336 268443777 3436758 136347712 2164523041 1920 12599336 268963840 817152288 134217792 68423917 402804880 38277184 1073799720 12666880 68173841 8264
is_linear=0
shrinkage=0.03


Tree=40
num_leaves=15
num_cat=6
split_feature=14 18 18 3 19 13 18 18 14 5 16 3 1 18
split_gain=2666.05 450.595 449.843 299.894 144.579 136.603 135.785 133.566 130.276 124.008 118.97 118.735 117.292 110.566
threshold=0.026785714285714288 0 1 1.0000000180025095e-35 2 1.3571428571428574 3 4 2.7142857142857149 471.50000000000006 0.95118973121134209 1.0000000180025095e-35 2.5000000000000004 5
decision_type=8 9 9 2 1 8 9 9 8 2 8 2 2 9
left_child=2 4 -1 6 8 11 -3 -4 -2 -8 -5 12 -6 -11
right_child=1 3 7 10 5 -7 9 -9 -10 13 -12 -13 -14 -15
leaf_value=0.0059274643025347754 0.016619070019367979 -0.020934953296584926 -0.011008957382165422 -0.028487239915511747 0.04424240411549573 0.026357426782718234 0.0070652934449732269 -0.025930496999474716 -0.029258346119641614 0.015021278889367417 0.0060366310846536372 -0.011370813295824548 0.0060090035879661382 -0.012753034706820501
leaf_weight=541.62348007783294 4084.3341284319758 191.76163898035884 712.29074593260884 415.64280484616756 73.959933370351791 291.41974200680852 2935.1335657276213 3218.2238048389554 55.601997263729572 156.56438417360187 114.13237213343382 354.59491734206676 1999.2295309789479 572.9334674179554
leaf_count=5739 9499 3107 12107 11138 186 541 19882 87524 401 1148 969 6345 6152 6062
internal_value=-0.000177387 0.00761442 -0.0197674 9.00478e-05 0.0124071 0.00695912 0.00299942 -0.0232647 0.0159575 0.00430259 -0.0210522 0.0046494 0.00739363 -0.00674867
internal_weight=15717.4 11245.3 4472.14 4386.17 6859.14 2719.2 3856.39 3930.51 4139.94 3664.63 529.775 2427.78 2073.19 729.498
internal_count=170800 65430 105370 42306 23124 13224 30199 99631 9900 27092 12107 12683 6338 7210
cat_boundaries=0 6 12 13 19 25 31
cat_threshold=268673024 134654989 1073774738 805372936 2147483648 903 33280 154200202 67645580 2970753024 16 5248 7 52166720 813760768 5049088 160 167970441 32 2160142368 34210820 35913794 136347744 2231631875 2370 2281701888 34 268435460 16384 262150 8
is_linear=0
shrinkage=0.03


Tree=41
num_leaves=15
num_cat=7
split_feature=17 13 3 15 18 18 18 19 18 18 1 15 18 0
split_gain=2550.36 487.815 382.071 218.542 211.297 188.623 145.555 145.044 128.896 125.512 118.857 272.522 130.966 104.413
threshold=0.01887802362975392 1.0000000180025095e-35 1.0000000180025095e-35 1.0000000180025095e-35 0 1 2 3 4 5 25.500000000000004 0.93888888888888899 6 21.500000000000004
decision_type=8 8 2 10 9 9 9 1 9 9 2 10 9 2
left_child=3 2 4 6 -2 -3 -1 10 -5 13 11 -7 -12 -9
right_child=1 5 -4 8 -6 7 -8 9 -10 -11 12 -13 -14 -15
leaf_value=-0.00030892979601231926 0.010529845674409956 0.019444723358302746 -0.027262392574625028 0.005813408543590747 -0.0039106553140449054 0.015449673941410938 -0.028148444978083158 -0.00099965737194022009 -0.016923939665745465 -0.010819026864325123 -0.013621821472234468 0.13013587360314921 0.0089972640613275989 0.020736308138611947
leaf_weight=191.68838986754417 1465.0726371482015 1864.0107867643237 460.94298603758216 318.62478981539607 2376.9958362206817 1972.9391311518848 2506.8444774188101 513.5142457857728 733.70708967000246 564.83924518898129 249.20228959619999 17.846579253673553 2143.6561535522342 323.56213399022818
leaf_count=3897 7266 4654 12240 3968 23094 6311 75706 3727 14129 5675 1545 7 6857 1724
internal_value=-0.000176816 0.00659604 -0.00148454 -0.0217554 0.00161438 0.0111411 -0.0262771 0.00841478 -0.010146 -1.00061e-05 0.0111024 0.0165426 0.00661759 0.00732939
internal_weight=15703.4 11952.6 4303.01 3750.86 3842.07 7649.57 2698.53 5785.56 1052.33 1401.92 4383.64 1990.79 2392.86 837.076
internal_count=170800 73100 42600 97700 30360 30500 79603 25846 18097 11126 14720 6318 8402 5451
cat_boundaries=0 6 12 18 19 25 31 36
cat_threshold=139776 22208518 34087042 2417036296 16810002 6208 65536 393728 1610612744 805339136 0 516 2155872288 268968065 271872246 136314880 2164523041 1920 15 1006764176 37748800 1074307920 16074752 71303185 8256 178184 138996739 67108864 2166427720 17080320 1472 2160066560 4194306 302542934 2149650432 16810003
is_linear=0
shrinkage=0.03


Tree=42
num_leaves=15
num_cat=7
split_feature=17 13 3 15 18 18 18 19 18 18 1 15 18 0
split_gain=2434.47 453.42 368.479 216.707 198.673 172.417 140.66 134.538 121.344 118.552 109.126 241.785 123.306 96.2675
threshold=0.01887802362975392 1.0000000180025095e-35 1.0000000180025095e-35 1.0000000180025095e-35 0 1 2 3 4 5 25.500000000000004 0.93888888888888899 6 21.500000000000004
decision_type=8 8 2 10 9 9 9 1 9 9 2 10 9 2
left_child=3 2 4 6 -2 -3 -1 10 -5 13 11 -7 -12 -9
right_child=1 5 -4 8 -6 7 -8 9 -10 -11 12 -13 -14 -15
leaf_value=-6.0782491917156784e-05 0.010368778298902296 0.018591774088530289 -0.027098245964507762 0.0059778906561800396 -0.0036904901249546732 0.014810127680327917 -0.027942147161118182 -0.00097051517820874759 -0.016381961759181669 -0.010595301118418721 -0.013378854418260325 0.12019753211995646 0.0086675758426852847 0.019806449632178154
leaf_weight=184.47433986887336 1432.4877020679414 1891.1222264878452 449.99502701498568 305.57519149780273 2413.9561523199081 1996.0745604149997 2452.360918585211 513.10222032666206 737.71591605618596 559.77315653115511 246.35936875268817 18.809914469718933 2158.6241487562656 328.55864640325308
leaf_count=3720 6774 4654 12240 3684 23586 6311 75883 3727 14413 5675 1545 7 6857 1724
internal_value=-0.000175571 0.00636658 -0.00144348 -0.0215196 0.00156414 0.010717 -0.0260985 0.00811021 -0.00993304 -1.3502e-05 0.0106797 0.0158531 0.006385 0.00707015
internal_weight=15689 12008.9 4296.44 3680.13 3846.44 7712.42 2636.84 5821.3 1043.29 1401.43 4419.87 2014.88 2404.98 841.661
internal_count=170800 73100 42600 97700 30360 30500 79603 25846 18097 11126 14720 6318 8402 5451
cat_boundaries=0 6 12 18 19 25 31 36
cat_threshold=139776 34793486 34087042 2415987720 16826370 6208 65536 393728 1610612744 805339136 0 516 2155872288 268968065 271872246 136347648 2147745825 1920 15 1006764176 37748800 1074307920 11880448 71303185 8264 178184 138996739 67108864 2166427720 17080320 1472 2160066560 4194306 302542934 2149650432 16810003
is_linear=0
shrinkage=0.03


Tree=43
num_leaves=15
num_cat=5
split_feature=17 3 16 14 5 5 15 18 18 18 18 18 1 0
split_gain=2323.95 428.759 423.839 279.595 213.814 418.379 211.334 200.287 173.06 146.07 138.545 115.887 114.096 106.56
threshold=0.018545093503382914 1.0000000180025095e-35 0.89973541084244091 0.041071428571428578 228.50000000000003 235.50000000000003 1.0000000180025095e-35 0 1 2 3 4 37.500000000000007 30.500000000000004
decision_type=8 2 8 10 2 2 10 9 9 9 9 9 2 2
left_child=6 3 -3 7 -4 -6 10 -2 -5 -7 -1 -8 -10 -14
right_child=1 2 4 8 5 9 11 -9 12 -11 -12 -13 13 -15
leaf_value=-0.00018449313239555167 0.011998150179053204 -0.024539886865100346 -0.031594840234335404 0.015350184818292154 0.14800195832762264 0.040605488352289151 0.0053610106965538357 -0.0081952872663796795 0.0095597957049413478 -0.0037941471409821087 -0.027837027564673777 -0.016437883973911535 -0.0011070226025487581 0.060663906513383582
leaf_weight=185.27059613540769 625.77412041276693 746.56062586419284 69.577452406287193 3549.618296392262 22.518845222890377 107.33788546919823 315.36892154440284 1436.8793539665639 3826.2255682162941 155.41322454065084 2386.0498944316059 699.33262922614813 1524.7473159208894 24.555348128080368
leaf_count=3740 4385 18732 1075 7926 87 466 3876 16917 15964 828 75714 13914 7089 87
internal_value=-0.000174198 0.00611726 -0.0117201 0.00790616 0.0152445 0.0267391 -0.0213798 -0.00204767 0.0102065 0.0158247 -0.0259544 -0.00977324 0.00676665 -8.94983e-05
internal_weight=15675.2 12089.2 1101.41 10987.8 354.847 285.27 3586.02 2062.65 8925.15 262.751 2571.32 1014.7 5375.53 1549.3
internal_count=170800 73556 21188 52368 2456 1381 97244 21302 31066 1294 79454 17790 23140 7176
cat_boundaries=0 6 12 18 24 30
cat_threshold=37376 7358474 101199880 2954057736 8192 14401 4392960 438784 1073741842 805340160 32768 460 0 1461252 128 805310472 0 4100 2155874336 268968065 271872246 136314880 2147745826 1920 1006764176 37748800 1073783624 16074752 71303185 8264
is_linear=0
shrinkage=0.03


Tree=44
num_leaves=15
num_cat=7
split_feature=17 13 3 15 18 18 18 19 18 18 0 1 15 18
split_gain=2218.71 403.083 346.633 209.348 183.018 148.992 148.664 119.018 108.966 108.516 101.735 96.7893 212.605 115.385
threshold=0.018545093503382914 1.0000000180025095e-35 1.0000000180025095e-35 1.0000000180025095e-35 0 1 2 3 4 5 21.500000000000004 25.500000000000004 0.93888888888888899 6
decision_type=8 8 2 10 9 9 9 1 9 9 2 2 10 9
left_child=3 2 4 6 -2 -3 -1 11 -5 10 -9 12 -7 -13
right_child=1 5 -4 8 -6 7 -8 9 -10 -11 -12 13 -14 -15
leaf_value=-0.00059727046821878254 0.0097715649141441093 0.017187398881628631 -0.026840693456214194 0.0055132504801672392 -0.003653267644291885 0.013759024997944671 -0.027889398740602107 -0.0016157104547430121 -0.015900488242367443 -0.0099770970676788442 0.019884405531407027 -0.013116981720555069 0.10985424092061236 0.0080952101850575858
leaf_weight=205.7216203790158 1452.2748444229364 1937.1173244230449 434.32047439366579 302.62493326514959 2425.0841377712786 2035.4658859856427 2307.5934270527214 498.67563011497259 703.70444715023041 577.14880387857556 327.44363094866276 248.9216093569994 19.958063542842865 2184.0859239920974
leaf_count=4425 7149 4654 12362 3541 23497 6320 75029 3654 14249 5784 1704 1563 7 6862
internal_value=-0.000171962 0.0059083 -0.00145744 -0.0211406 0.00139204 0.00996461 -0.0257699 0.00754536 -0.00956495 -0.000102132 0.00683723 0.00993068 0.0147451 0.00589986
internal_weight=15660.1 12140.5 4311.68 3519.64 3877.36 7828.82 2513.32 5891.7 1006.33 1403.27 826.119 4488.43 2055.42 2433.01
internal_count=170800 73556 43008 97244 30646 30548 79454 25894 17790 11142 5358 14752 6327 8425
cat_boundaries=0 6 12 18 19 25 31 37
cat_threshold=139776 156295174 34087042 2415987720 17883154 6144 65536 393728 1610612744 805339136 0 516 2155872288 268968065 272003318 136314880 2164523040 1920 15 1006764176 37748832 1073783624 11618304 71311377 8264 178184 138996739 67108864 2166427720 17080336 448 2160066560 4194306 302542934 2149650432 16777235 2048
is_linear=0
shrinkage=0.03


Tree=45
num_leaves=15
num_cat=5
split_feature=17 3 16 14 15 5 5 18 18 18 18 18 1 0
split_gain=2117.93 383.053 398.181 247.029 207.274 200.006 368.604 186.22 149.55 140.665 136.141 105.346 103.538 96.3343
threshold=0.018545093503382914 1.0000000180025095e-35 0.89973541084244091 0.041071428571428578 1.0000000180025095e-35 228.50000000000003 235.50000000000003 0 1 2 3 4 37.500000000000007 30.500000000000004
decision_type=8 2 8 10 10 2 2 9 9 9 9 9 2 2
left_child=4 3 -3 7 10 -4 -7 -2 -5 -8 -1 -6 -10 -14
right_child=1 2 5 8 11 6 9 -9 12 -11 -12 -13 13 -15
leaf_value=-4.3806994134255162e-05 0.011256936386004215 -0.024192645071943096 -0.031551539683107421 0.014218394617273316 0.0053774420724655792 0.13598590468441071 0.036408432151488229 -0.0080727256892283387 0.0089387316413651313 -0.0062669928073962079 -0.02753484442300418 -0.015677730716871261 -0.0012093971875289959 0.056375193647035991
leaf_weight=184.58675714954734 643.67010540887713 720.65008781850338 67.934613976627588 3623.5628409683704 304.49665870890021 23.793445222079754 125.13039940595627 1416.0500551760197 3875.5122383832932 141.41022737324238 2272.443045437336 693.71676335483789 1528.8778267204762 25.600970938801765
leaf_count=3762 4466 18732 1075 7926 3679 87 534 16836 15964 760 75692 14111 7089 87
internal_value=-0.000170495 0.00570537 -0.0113536 0.00736238 -0.0208997 0.0144675 0.0253067 -0.00201415 0.00949557 0.0149553 -0.0255826 -0.00935916 0.00630409 -0.000225394
internal_weight=15647.4 12192.2 1078.92 11113.3 3455.24 358.269 290.334 2059.72 9053.55 266.541 2457.03 998.213 5429.99 1554.48
internal_count=170800 73556 21188 52368 97244 2456 1381 21302 31066 1294 79454 17790 23140 7176
cat_boundaries=0 6 12 18 24 30
cat_threshold=37376 7358472 101200008 2954057736 8192 14401 4392960 438784 1073741842 805340160 32768 460 0 1461260 128 805310472 0 4102 2155872288 268968065 271872246 136347648 2164523010 1920 1006764160 37748800 1073783624 16075776 71303185 8264
is_linear=0
shrinkage=0.03


Tree=46
num_leaves=15
num_cat=5
split_feature=17 3 16 14 15 5 5 18 18 18 18 1 19 6
split_gain=2021.78 360.297 382.463 229.781 205.089 188.551 324.959 175.573 144.535 141.841 135.9 127.13 104.669 176.035
threshold=0.018545093503382914 1.0000000180025095e-35 0.89973541084244091 0.041071428571428578 1.0000000180025095e-35 228.50000000000003 235.50000000000003 0 1 2 3 50.500000000000007 4 22.500000000000004
decision_type=8 2 8 10 10 2 2 9 9 9 9 2 1 2
left_child=4 3 -3 7 9 -4 -7 -2 -5 -1 -8 12 13 -10
right_child=1 2 5 8 -6 6 10 -9 11 -11 -12 -13 -14 -15
leaf_value=-0.00020512762173665913 0.011000300696916756 -0.023975463001353173 -0.031496993647171588 -0.0026795670011006624 -0.009156157646106446 0.12538029548126889 0.034737348953507462 -0.0078185677868975595 0.056334231681243768 -0.027502599202763052 -0.0069530717310349755 -0.0094591371339358982 0.0091173187472783409 0.015229083377125995
leaf_weight=196.00428609363735 638.30277907848358 705.60044617578387 66.041013792157173 846.63703209906816 990.3439681250602 25.095786020159721 130.8172754496336 1417.6042457595468 98.281350918114185 2206.4487016499043 138.15501355007291 280.74608055502176 6146.0614927485585 1747.4313036501408
leaf_count=4185 4385 18732 1075 6373 17790 87 541 16917 214 75269 753 977 18974 4528
internal_value=-0.000168275 0.00551179 -0.0111478 0.00710139 -0.0206568 0.0139835 0.0242695 -0.00195785 0.00914378 -0.0253918 0.0144062 0.0103447 0.0110545 0.0173532
internal_weight=15633.6 12240.8 1065.71 11175.1 3392.8 360.109 294.068 2055.91 9119.16 2402.45 268.972 8272.52 7991.77 1845.71
internal_count=170800 73556 21188 52368 97244 2456 1381 21302 31066 79454 1294 24693 23716 4742
cat_boundaries=0 6 12 18 24 25
cat_threshold=37376 7358474 101199880 2954057736 8192 14401 8405024 272105472 907841608 2147618880 67108881 4096 2155874336 268968065 272003318 136314880 2147745824 1920 0 1461262 128 805310472 0 4102 1
is_linear=0
shrinkage=0.03


Tree=47
num_leaves=15
num_cat=5
split_feature=17 3 13 15 15 18 18 18 18 18 0 1 1 0
split_gain=1929.73 341.302 368.127 216.006 199.922 157.215 139.446 139.338 112.457 102.817 99.6638 81.7854 77.6941 74.8523
threshold=0.01818654318654319 1.0000000180025095e-35 0.59500000000000008 0.12866666666666668 1.0000000180025095e-35 0 1 2 3 4 24.500000000000004 39.500000000000007 9.5000000000000018 22.500000000000004
decision_type=8 2 8 10 10 9 9 9 9 9 2 2 2 2
left_child=4 3 -3 5 6 -2 -1 10 11 -6 -4 13 -7 -5
right_child=1 2 7 8 9 12 -8 -9 -10 -11 -12 -13 -14 -15
leaf_value=-0.00036042116208581822 0.010572388399795697 -0.022473439233151319 -0.00036257131677363603 0.021922524189239807 0.0057043918443289068 0.0088771536104877789 -0.02739282715075286 -0.0019850678515678706 0.0071399546887166631 -0.01539148730527244 0.056845135537483008 0.0057755015337856664 -0.0051845843810841433 0.0082040887054620985
leaf_weight=197.20909867249429 1073.7167838979512 743.86207212880254 38.221026718616486 1349.2231015488505 296.87225074321032 418.60288929194212 2146.5038306638598 179.56592815369368 5040.1045725978911 666.30607094801962 95.761610865592957 634.60204666107893 2250.0877476911992 489.39140503108501
leaf_count=4262 6183 19593 458 2536 3487 3446 75034 1120 15691 14003 139 1610 22221 1017
internal_value=-0.000166079 0.00529874 -0.0109898 0.00682979 -0.0205097 0.000940847 -0.0252377 0.0162389 0.00976257 -0.00899058 0.0378404 0.0150126 -0.0029653 0.0182775
internal_weight=15620 12313.1 1057.41 11255.7 3306.89 3742.41 2343.71 313.549 7513.32 963.178 133.983 2473.22 2668.69 1838.61
internal_count=170800 74014 21310 52704 96786 31850 79296 1717 20854 17490 597 5163 25667 3553
cat_boundaries=0 6 12 18 24 30
cat_threshold=67584 38972939 532508 805341192 2164318208 2120 2155872288 268968065 272003318 2129920 2164523010 1920 0 35015692 67108992 268439560 0 4102 196608 17170432 2 823230464 0 9856 1006764176 37748832 1073775432 15797248 71311377 8264
is_linear=0
shrinkage=0.03


Tree=48
num_leaves=15
num_cat=6
split_feature=17 13 3 15 18 1 1 0 19 18 18 3 18 18
split_gain=1841.98 323.99 299.873 197.609 161.821 129.599 292.928 375.994 206.806 132.117 129.228 122.383 100.562 98.442
threshold=0.01818654318654319 1.0000000180025095e-35 1.0000000180025095e-35 1.0000000180025095e-35 0 34.500000000000007 33.500000000000007 24.500000000000004 1 2 3 1.0000000180025095e-35 4 5
decision_type=8 8 2 10 9 2 2 2 1 9 9 2 9 9
left_child=3 2 4 10 -2 6 8 -8 -3 -10 -1 13 -5 -7
right_child=1 5 -4 12 -6 11 7 -9 9 -11 -12 -13 -14 -15
leaf_value=0.00051276258922215462 0.0086713668859208486 -0.0033380561173558827 -0.026135611444184262 0.0052828791930317007 -0.003798185457911669 0.0088727776775591946 0.027881270135971505 0.13317883228090419 0.017200263988537096 0.0064251739145438705 -0.027021119711179108 -0.023001731501821113 -0.015385843375319163 -0.0039176110316728316
leaf_weight=174.49321560189128 1517.2079939991236 893.86323189921677 402.16331761516631 309.85925767570734 2409.619146855548 1688.7137671932578 215.01653389073908 34.767309907823801 2403.7562368679792 1854.8682824727148 2117.9028242044151 150.02424799278378 646.02183886244893 790.19455744698644
leaf_count=3538 7418 5285 12462 3703 23514 4340 692 121 5779 7583 75758 3132 13787 3688
internal_value=-0.00016438 0.00511909 -0.00149636 -0.0202642 0.00103306 0.00868471 0.0113429 0.0430102 0.00979967 0.0125358 -0.0250416 0.00322008 -0.00879292 0.00481567
internal_weight=15608.5 12360.2 4328.99 3248.28 3926.83 8031.2 5402.27 249.784 5152.49 4258.62 2292.4 2628.93 955.881 2478.91
internal_count=170800 74014 43394 96786 30932 30620 19460 813 18647 13362 79296 11160 17490 8028
cat_boundaries=0 6 7 13 19 25 31
cat_threshold=139776 185655302 34087042 2416004104 17874962 6144 80 229376 396813 536887454 806391808 2147483648 9415 2155874336 268968065 271872246 2097152 2147745826 1920 1006764176 37748800 1073775432 15797248 72359953 8264 208896 188917889 67117056 806356032 2147532800 5070
is_linear=0
shrinkage=0.03


Tree=49
num_leaves=15
num_cat=5
split_feature=17 3 16 18 15 5 5 2 0 18 18 18 3 18
split_gain=1758.16 307.139 341.802 197.617 195.195 168.455 261.835 151.572 217.406 146.227 141.801 114.917 100.512 111.842
threshold=0.01818654318654319 1.0000000180025095e-35 0.89973541084244091 0 1.0000000180025095e-35 228.50000000000003 235.50000000000003 3.5000000000000004 30.500000000000004 1 2 3 1.0000000180025095e-35 4
decision_type=8 2 8 9 10 2 2 2 2 9 9 9 2 9
left_child=4 3 -3 -2 10 -4 -7 -5 9 -9 -1 -8 13 -6
right_child=1 2 5 7 12 6 11 8 -10 -11 -12 -13 -14 -15
leaf_value=-0.00031329042092882915 -0.0065869486962274425 -0.023373132975230894 -0.031424134595586614 0.0097070159928473038 -0.023697040221246655 0.10872703310680509 0.03096942929471886 -0.011168366577242513 0.053066729027394108 0.0044963479359218144 -0.02716424064216711 -0.0069005531027015003 -0.029694459840711892 0.0023942636094166588
leaf_weight=204.28662287816405 963.56453637592494 671.50898911617696 63.648387093096972 7736.2550552934408 185.23670385405421 27.380624018609524 137.78714281693101 741.75492344796658 70.37112969905138 1854.3264314234257 2038.3450469113886 137.80600426346064 166.4551394097507 597.11520351469517
leaf_count=4493 13359 18852 1075 27755 4224 87 541 4943 237 6410 74803 755 5047 8219
internal_value=-0.000162385 0.00494707 -0.010666 0.00637389 -0.020017 0.0126087 0.021932 0.00757398 0.00141241 -7.65716e-06 -0.024842 0.0129468 -0.00859831 -0.00407766
internal_weight=15595.8 12404.4 1038.13 11366.3 3191.44 366.622 302.974 10402.7 2666.45 2596.08 2242.63 275.593 948.807 782.352
internal_count=170800 74014 21310 52704 96786 2458 1383 39345 11590 11353 79296 1296 17490 12443
cat_boundaries=0 5 11 17 23 29
cat_threshold=281034920 268963840 850706784 134479968 335806477 2048 18088454 1141383326 19044352 2164269072 15489 2155872288 268968065 272003318 2129920 2164523040 1920 0 1461262 128 805310472 0 4102 62390336 2424373504 4391170 148 1243680420 16
is_linear=0
shrinkage=0.03


Tree=50
num_leaves=15
num_cat=7
split_feature=14 18 3 13 18 18 18 18 5 1 5 19 15 18
split_gain=1679.36 394.539 257.074 301.434 169.613 128.469 122.243 100.327 93.6901 82.1539 84.3743 76.8063 106.972 85.9581
threshold=0.026785714285714288 0 1.0000000180025095e-35 0.59500000000000008 1 2 3 4 228.50000000000003 37.500000000000007 672.50000000000011 5 1.4833333333333336 6
decision_type=8 9 2 8 9 9 9 9 2 2 2 1 8 9
left_child=1 -1 4 -4 11 8 -3 -6 -5 10 -9 12 13 -2
right_child=2 6 3 5 7 -7 -8 9 -10 -11 -12 -13 -14 -15
leaf_value=0.0061296521010674471 0.028672394492846792 -0.0089915886744859497 -0.021859336814095683 -0.026937142158811555 -0.016449996792544941 -0.0039384595090274106 -0.024188283086364518 0.0072053909550922534 0.044339419218492139 -0.002583810450476304 -0.015007680486998156 0.0070094910667428218 -0.010974231720599251 0.012941748853277053
leaf_weight=551.16249956563115 382.42487965524197 631.61301021836698 617.65496947430074 18.3412249609828 224.74548038840294 180.61475773528218 2651.1131022982299 3206.8334735445678 129.3413380458951 1364.2081555128098 160.73879644088447 3170.5118811912835 144.64649067446589 2150.1157554015517
leaf_count=6119 711 12623 16834 286 3522 1225 86628 17651 387 8608 2518 8634 521 4533
internal_value=-0.000161154 -0.0173993 0.00546435 -0.00952508 0.0067775 0.0136764 -0.0213042 0.00267355 0.033137 0.00361791 0.00614099 0.0102329 0.014006 0.0154918
internal_weight=15584.1 3833.89 11750.2 945.952 10804.2 328.297 3282.73 4956.53 147.683 4731.78 3367.57 5847.7 2677.19 2532.54
internal_count=170800 105370 65430 18732 46698 1898 99251 32299 673 28777 20169 14399 5765 5244
cat_boundaries=0 6 12 18 24 29 30 35
cat_threshold=512 154200202 67645580 2970753024 16 5312 402857984 134654465 1073782802 813763584 2147483648 9743 65536 35015692 67108992 268439560 0 4228 2160306208 34210816 35916354 2129952 83918851 2306 1835104 813694976 5053184 160 167970441 3 0 0 18 536870912 2147483648
is_linear=0
shrinkage=0.03


Tree=51
num_leaves=15
num_cat=5
split_feature=17 3 16 15 13 5 5 18 18 18 18 3 18 5
split_gain=1609.42 274.7 317.643 190.87 173.716 153.715 230.346 146.299 134.833 107.316 101.553 97.4331 105.844 88.1497
threshold=0.01818654318654319 1.0000000180025095e-35 0.89973541084244091 1.0000000180025095e-35 1.0000000180025095e-35 228.50000000000003 235.50000000000003 0 1 2 3 1.0000000180025095e-35 4 367.50000000000006
decision_type=8 2 8 10 8 2 2 9 9 9 9 2 9 2
left_child=3 4 13 8 7 -4 -7 -2 -1 -6 -8 12 -5 -3
right_child=1 2 5 11 9 6 10 -9 -10 -11 -12 -13 -14 -15
leaf_value=0.00032966127773377459 0.0099440219135285193 -0.031114791044938122 -0.031334510006206594 0.0091443672837891957 0.012446485647950091 0.099469541385693541 0.033983910597297051 -0.0027992715633758849 -0.026728609467971516 0.0052207715774873764 -0.0025054837128942993 -0.029512444108844568 -0.013033383914347706 -0.0079087966594291251
leaf_weight=190.38042079284787 1126.1287081222981 419.10941861011088 61.013463962823153 324.28625673428178 3530.6347087956965 28.996038168668747 101.79526371136308 2815.6614683233202 1963.1197306476533 3995.1167356334627 178.67864492163062 159.21694188192487 450.94554826617241 228.20733303204179
leaf_count=4157 5096 12638 1075 3543 7852 87 343 25836 75139 13920 953 5047 8900 6214
internal_value=-0.000159051 0.00463748 -0.0102924 -0.0195478 0.00596335 0.0118404 0.0204261 0.000861075 -0.02446 0.00863532 0.01193 -0.00821331 -0.00380651 -0.0229585
internal_weight=15573.3 12485.3 1017.8 3087.95 11467.5 370.483 309.47 3941.79 2153.5 7525.75 280.474 934.449 775.232 647.317
internal_count=170800 74014 21310 96786 52704 2458 1383 30932 79296 21772 1296 17490 12443 18852
cat_boundaries=0 6 12 18 24 30
cat_threshold=139776 24578 532610 268520456 17874962 6144 2155872288 268968065 272003318 136314880 2147745826 1920 202752 5145089 1610612764 939558912 2147483648 10191 0 1461262 128 4104 0 4100 469897360 37748848 1073775176 16074752 72376336 8192
is_linear=0
shrinkage=0.03


Tree=52
num_leaves=15
num_cat=8
split_feature=17 18 19 14 18 3 18 3 18 13 18 18 5 18
split_gain=1536.46 334.42 265.247 243.479 142.248 133.887 122.309 132.877 109.818 104.211 97.8531 94.6593 111.162 110.389
threshold=0.011500866367736732 0 1 0.11696428571428573 2 1.0000000180025095e-35 3 1.0000000180025095e-35 4 3.5000000000000004 5 6 311.50000000000006 7
decision_type=8 9 1 8 9 2 9 2 9 8 9 9 2 9
left_child=6 -2 4 5 -3 10 -1 11 9 -5 -4 -8 13 -13
right_child=1 2 3 8 -6 -7 7 -9 -10 -11 -12 12 -14 -15
leaf_value=-0.031676585343969096 -0.016401325334773089 0.01954150088969827 0.0065693552874471275 0.007211424853036069 0.0075732519299919242 -0.023591464388224452 0.03186377034424423 -0.031496462999106641 -0.00095342568026706418 0.032739427585227202 -0.0080025432614008428 0.021847058333566809 -0.022384231365934943 -0.010294923640176265
leaf_weight=773.95327616110444 675.9490347597748 1176.8285310845822 590.53579575568438 3136.8763533122838 3872.7566823065281 354.222771005705 33.320944685488939 425.18972648866475 1744.7830012515187 149.9578218460083 1337.5117981079966 106.32997402735054 647.81327323056757 536.20055973902345
leaf_count=30760 15402 3807 4675 11133 16009 11120 556 15750 10846 129 11785 2855 21137 14836
internal_value=-0.000156434 0.00399025 0.00511548 0.0014576 0.0103989 -0.0066659 -0.0215821 -0.0168221 0.0051458 0.00836028 -0.0035457 -0.0122152 -0.0135193 -0.00477067
internal_weight=15562.2 13039.4 12363.5 7313.89 5049.59 2282.27 2522.81 1748.85 5031.62 3286.83 1928.05 1323.66 1290.34 642.531
internal_count=170800 84906 69504 49688 19816 27580 85894 55134 22108 11262 16460 39384 38828 17691
cat_boundaries=0 5 6 12 18 24 30 35 41
cat_threshold=1589408 268435456 831982368 142606368 2021655757 3 131072 640 532506 805371904 2147483648 3464 1073743111 3288334592 2281702401 1174938391 594184 48 78336 168214020 1075855380 823168008 1048576 134 38912 19578882 1074274368 810565704 319538 10305 2147483648 268443648 271859940 2097152 2214854656 1704064 4194304 1082296832 32768 1082130436 64
is_linear=0
shrinkage=0.03


Tree=53
num_leaves=15
num_cat=3
split_feature=17 3 16 18 2 0 18 0 0 1 18 3 5 5
split_gain=1469.68 319.728 325.389 229.406 176.277 205.361 173.174 146.346 226.164 129.218 123.01 132.202 100.046 140.227
threshold=0.011500866367736732 1.0000000180025095e-35 0.89973541084244091 0 3.5000000000000004 30.500000000000004 1 24.500000000000004 25.500000000000004 43.500000000000007 2 1.0000000180025095e-35 663.50000000000011 669.50000000000011
decision_type=8 2 8 9 2 2 9 2 2 2 9 2 2 2
left_child=10 3 -3 -2 -5 6 -6 12 -9 -7 -1 -12 -4 -14
right_child=1 2 7 4 5 9 -8 8 -10 -11 11 -13 13 -15
leaf_value=-0.031625680758618845 -0.015596445541347226 -0.023448560888828206 -0.025050810158695393 0.0082758985585475713 -0.01613789873506858 -0.031219390337436356 0.002155575485730938 0.10237027148480035 0.013748045683150885 0.065367712221341606 -0.011974653662323035 -0.031438389694129432 0.1464699657719927 -0.029603687956665813
leaf_weight=752.28782929293811 446.44122823700309 720.04393417574465 111.98727038130164 8582.0985285118222 572.55092143639922 14.768321033567188 2299.338754940778 28.414171610027552 222.31587035208941 64.305584840476513 1309.0791329182684 413.37611258216202 6.8008006215095502 7.9374008886516094
leaf_count=30760 9489 21944 1703 35822 5006 77 9832 120 560 228 39384 15750 34 91
internal_value=-0.000154012 0.00385833 -0.0116327 0.00527839 0.00609597 -0.000223775 -0.0015445 0.0109098 0.024158 0.0471639 -0.021349 -0.0165652 -0.0152861 0.055788
internal_weight=15551.7 13077 1097.5 11979.5 11533.1 2950.96 2871.89 377.456 250.73 79.0739 2474.74 1722.46 126.725 14.7382
internal_count=170800 84906 24452 60454 50965 15143 14838 2508 680 305 85894 55134 1828 125
cat_boundaries=0 5 11 17
cat_threshold=9978016 268435456 830933792 8388640 2013271244 8 1839618 1107878110 134256640 2231631873 2049 1073743111 3288334592 2281702401 1174938391 594184 48
is_linear=0
shrinkage=0.03


Tree=54
num_leaves=15
num_cat=3
split_feature=17 3 13 18 2 0 18 5 5 18 3 1 0 0
split_gain=1405.53 301.924 313.552 216.941 164.086 188.112 166.015 143.523 159.537 123.756 131.516 115.957 99.1894 241.525
threshold=0.011500866367736732 1.0000000180025095e-35 0.53571428571428581 0 3.5000000000000004 30.500000000000004 1 228.50000000000003 235.50000000000003 2 1.0000000180025095e-35 43.500000000000007 23.500000000000004 18.500000000000004
decision_type=8 2 8 9 2 2 9 2 2 9 2 2 2 2
left_child=9 3 -3 -2 12 6 -6 -4 -9 -1 -11 -7 13 -5
right_child=1 2 7 4 5 11 -8 8 -10 10 -12 -13 -14 -15
leaf_value=-0.031573316515830306 -0.015339400164339304 -0.023330671789803175 -0.03004189523314918 0.006628523319192091 -0.016491155715929219 -0.031163073496456226 0.0019562546210814278 0.085484876430016649 0.011896853796981641 -0.01173421479912015 -0.031378604944535482 0.060965532511973883 0.0022630427943635331 0.02028929260982032
leaf_weight=731.26503140479326 440.57861916534603 701.4761741310358 64.673901580274105 5044.7093921341002 529.1483728569001 14.359144214540718 2338.8874427005649 28.250227272510529 290.04724917560816 1296.0459341350943 401.91377395018935 66.911207351833582 2078.3750549405813 1514.2793850917369
leaf_count=30760 9489 21818 1197 21059 4815 77 10023 83 1354 39384 15750 228 8874 5889
internal_value=-0.000153034 0.00373074 -0.0114231 0.00509794 0.00588447 -0.000220007 -0.00150249 0.0103915 0.0186754 -0.0211085 -0.0163039 0.044507 0.0079755 0.00978501
internal_weight=15540.9 13111.7 1084.45 12027.2 11586.7 2949.31 2868.04 382.971 318.297 2429.22 1697.96 81.2704 8637.36 6558.99
internal_count=170800 84906 24452 60454 50965 15143 14838 2634 1437 85894 55134 305 35822 26948
cat_boundaries=0 5 11 17
cat_threshold=9978016 268435456 830933792 8388640 2013271244 8 1839618 1107878110 134256640 84148225 2049 1073743111 3288334592 2281702401 1174938391 594184 48
is_linear=0
shrinkage=0.03


end of trees

feature_importances:
codigo_producto_enc=236
es_fin_de_semana=110
rolling_mean_90=55
rolling_mean_28=50
dia_semana=49
rolling_mean_7=46
historico_promedio_producto=46
semana_anio=36
dias_hasta_proximo_evento=36
rolling_std_7=27
lag_1=23
dia_mes=22
dias_desde_evento_anterior=21
lag_2=10
trimestre=3

parameters:
[boosting: gbdt]
[objective: tweedie]
[metric: l1,tweedie]
[tree_learner: serial]
[device_type: cpu]
[data_sample_strategy: bagging]
[data: ]
[valid: ]
[num_iterations: 1500]
[learning_rate: 0.03]
[num_leaves: 15]
[num_threads: 6]
[seed: 42]
[deterministic: 0]
[force_col_wise: 0]
[force_row_wise: 0]
[histogram_pool_size: -1]
[max_depth: -1]
[min_data_in_leaf: 50]
[min_sum_hessian_in_leaf: 0.001]
[bagging_fraction: 1]
[pos_bagging_fraction: 1]
[neg_bagging_fraction: 1]
[bagging_freq: 0]
[bagging_seed: 400]
[bagging_by_query: 0]
[feature_fraction: 1]
[feature_fraction_bynode: 1]
[feature_fraction_seed: 30056]
[extra_trees: 0]
[extra_seed: 12879]
[early_stopping_round: 0]
[early_stopping_min_delta: 0]
[first_metric_only: 0]
[max_delta_step: 0]
[lambda_l1: 0]
[lambda_l2: 1]
[linear_lambda: 0]
[min_gain_to_split: 0]
[drop_rate: 0.1]
[max_drop: 50]
[skip_drop: 0.5]
[xgboost_dart_mode: 0]
[uniform_drop: 0]
[drop_seed: 17869]
[top_rate: 0.2]
[other_rate: 0.1]
[min_data_per_group: 100]
[max_cat_threshold: 32]
[cat_l2: 10]
[cat_smooth: 10]
[max_cat_to_onehot: 4]
[top_k: 20]
[monotone_constraints: ]
[monotone_constraints_method: basic]
[monotone_penalty: 0]
[feature_contri: ]
[forcedsplits_filename: ]
[refit_decay_rate: 0.9]
[cegb_tradeoff: 1]
[cegb_penalty_split: 0]
[cegb_penalty_feature_lazy: ]
[cegb_penalty_feature_coupled: ]
[path_smooth: 0]
[interaction_constraints: ]
[verbosity: 1]
[saved_feature_importance_type: 0]
[use_quantized_grad: 0]
[num_grad_quant_bins: 4]
[quant_train_renew_leaf: 0]
[stochastic_rounding: 1]
[linear_tree: 0]
[max_bin: 255]
[max_bin_by_feature: ]
[min_data_in_bin: 3]
[bin_construct_sample_cnt: 200000]
[data_random_seed: 175]
[is_enable_sparse: 1]
[enable_bundle: 1]
[use_missing: 1]
[zero_as_missing: 0]
[feature_pre_filter: 1]
[pre_partition: 0]
[two_round: 0]
[header: 0]
[label_column: ]
[weight_column: ]
[group_column: ]
[ignore_column: ]
[categorical_feature: 18,19,20]
[forcedbins_filename: ]
[precise_float_parser: 0]
[parser_config_file: ]
[objective_seed: 16083]
[num_class: 1]
[is_unbalance: 0]
[scale_pos_weight: 1]
[sigmoid: 1]
[boost_from_average: 1]
[reg_sqrt: 0]
[alpha: 0.9]
[fair_c: 1]
[poisson_max_delta_step: 0.7]
[tweedie_variance_power: 1.1]
[lambdarank_truncation_level: 30]
[lambdarank_norm: 1]
[label_gain: ]
[lambdarank_position_bias_regularization: 0]
[eval_at: ]
[multi_error_top_k: 1]
[auc_mu_weights: ]
[num_machines: 1]
[local_listen_port: 12400]
[time_out: 120]
[machine_list_filename: ]
[machines: ]
[gpu_platform_id: -1]
[gpu_device_id: -1]
[gpu_device_id_list: ]
[gpu_use_dp: 0]
[num_gpu: 1]

end of parameters

pandas_categorical:[]
