tree
version=v4
num_class=1
num_tree_per_iteration=1
label_index=0
max_feature_idx=15
objective=tweedie
feature_names=dia_mes semana_anio trimestre es_fin_de_semana es_evento dias_hasta_proximo_evento dias_desde_evento_anterior lag_7 lag_14 lag_28 rolling_mean_7 rolling_mean_28 rolling_std_7 codigo_producto_enc dia_semana tipo_evento_activo_enc
feature_infos=[1:31] [1:52] [1:4] [0:1] [0:1] [0:999] [0:999] [0:100] [0:100] [0:100] [0:14.714285714285714] [0:4.2857142857142856] [0:37.796447300922722] -1:0:1:2:3:4:5:6:7:8:9:10:11:12:13:14:15:16:17:18:19:20:21:22:23:24:25:26:27:28:29:30:31:32:33:34:35:36:37:38:39:40:41:42:43:44:45:46:47:48:49:50:51:52:53:54:55:56:57:58:59:60:61:62:63:64:65:66:67:68:69:70:71:72:73:74:75:76:77:78:79:80:81:82:83:84:85:86:87:88:89:90:91:92:93:94:95:96:97:98:99:100:101:102:103:104:105:106:107:108:109:110:111:112:113:114:115:116:117:118:119:120:121:122:123:124:125:126:127:128:129:130:131:132:133:134:135:136:137:138:139:140:141:142:143:144:145:146:147:148:149:150:151:152:153:154:155:156:157:158:159:160:161:162:163:164:165:166:167:168:169:170:171:172:173 -1:0:5:6:1:2:3:4 -1:1:2
tree_sizes=3595 3618 3571 3575 3643 3605 3680 3610 3656 3701 3684 3717 3678 3775 3677 3672 3738 3695 3690 3721 3720 3804 3675 3774 3734 3812 3872 3772 3881 3864 3947 3928 3898 3730 3913 3902 4000 3824

Tree=0
num_leaves=31
num_cat=6
split_feature=13 11 3 3 7 13 11 13 7 11 10 12 13 3 6 0 5 0 13 1 0 13 1 1 10 12 1 0 3 7
split_gain=27460.9 5823.48 5560.06 2791.83 2538.73 1828.03 1395.75 1005.56 537.752 440.098 376.829 360.227 318.711 306.721 292.41 273.537 225.774 201.299 195.262 182.456 184.967 174.782 152.287 147.684 127.64 126.605 119.591 108.009 107.273 148.343
threshold=0 0.046964285714285722 1.0000000180025095e-35 1.0000000180025095e-35 87.500000000000014 1 0.2648214285714286 2 17.500000000000004 0.041071428571428578 0.75000000000000011 0.37796447300922736 3 1.0000000180025095e-35 179.50000000000003 3.5000000000000004 68.500000000000014 9.5000000000000018 4 47.500000000000007 17.500000000000004 5 34.500000000000007 25.500000000000004 0.059285714285714296 0.48795003647426644 44.500000000000007 7.5000000000000009 1.0000000180025095e-35 12.500000000000002
decision_type=9 10 2 2 8 9 10 9 8 10 10 10 9 2 2 2 2 2 9 2 2 9 2 2 10 10 2 2 2 8
left_child=2 7 6 5 -4 11 9 8 13 19 22 26 -7 -2 16 -10 -11 27 28 -1 -21 -13 24 -12 -8 -16 -3 -18 -9 -30
right_child=1 3 4 -5 -6 12 10 18 15 14 23 21 -14 -15 25 -17 17 -19 -20 20 -22 -23 -24 -25 -26 -27 -28 -29 29 -31
leaf_value=-2.4839420530478145 -2.5159093063645139 -2.4462380460667763 -2.555891655305857 -2.575151639005314 -2.0831208250936619 -2.4949694024862046 -2.3747009330454456 -2.5546385463338455 -2.5846108615638488 -2.0987822833644243 -2.2365214634531076 -2.3642155392906918 -2.5430754031728027 -2.5767375379742274 -2.420305740329685 -2.2567450480367701 -2.3323699126030659 -2.3998992841254347 -2.579540450189584 -2.5846108615638488 -2.2240493622491808 -2.4352307521795762 -2.3463510759673492 -2.2987495716715678 -2.2978518966355872 -2.3532219306147675 -2.4990098177748403 -2.1191314012936617 -2.5834591074706896 -2.3797011332321456
leaf_weight=153.71793921291828 784.13595435023308 636.84647992998362 433.45076690614223 907.58803683519363 30.386471167206764 837.18907507508993 60.155409827828407 1477.5198249667883 8.3169816434383375 13.989542260766028 221.97083711624146 232.08218157291412 575.22533224523067 281.68683695793152 164.15465739369392 27.057552814483643 10.494194254279138 34.471394166350365 8353.7803492695093 4.8053671717643764 13.690922468900679 366.08076797425747 376.83908382058144 167.1373592466116 530.78119117021561 123.05618652701378 129.12560902535915 13.678940236568449 559.04363188147545 9.0776564329862577
leaf_count=1362 7436 5175 4448 9654 32 7591 405 15126 90 19 897 1483 5762 3005 1251 120 62 249 89583 52 52 2878 2329 878 2779 777 1182 24 6037 62
internal_value=-2.52906 -2.55371 -2.37048 -2.49902 -2.52492 -2.47414 -2.33172 -2.57125 -2.52565 -2.40036 -2.30481 -2.43313 -2.51452 -2.53199 -2.3689 -2.33383 -2.27927 -2.32233 -2.57604 -2.46609 -2.31772 -2.40335 -2.32151 -2.26325 -2.30567 -2.39156 -2.45513 -2.2117 -2.56158 -2.5802
internal_weight=17537.5 15184.8 2352.78 3684.14 463.837 2776.55 1888.94 11500.6 1101.2 532.059 1356.88 1364.14 1412.41 1065.82 359.845 35.3745 72.6341 58.6445 10399.4 172.214 18.4963 598.163 967.776 389.108 590.937 287.211 765.972 24.1731 2045.64 568.121
internal_count=170800 155184 15616 33725 4480 24071 11136 121459 10651 3848 7288 10718 13353 10441 2382 210 354 335 110808 1466 104 4361 5513 1775 3184 2028 6357 86 21225 6099
cat_boundaries=0 6 12 18 24 30 36
cat_threshold=106496 134392840 2 805307400 0 2 131584 54804999 1073750160 34816 2147483648 6093 2147484160 53493894 101200004 17963008 2147483664 5765 2554337280 3150016 69255180 20123648 553705490 10240 12589096 786433 3424344 2149679168 84148227 10568 131072 262144 0 2048 0 1860
is_linear=0
shrinkage=1


Tree=1
num_leaves=31
num_cat=7
split_feature=13 3 13 7 11 3 11 11 13 13 10 11 1 1 11 5 12 0 5 6 11 13 1 13 14 0 5 7 5 1
split_gain=23972.6 5825.15 4179.3 2825.06 2213.99 1169.45 1056.84 745.039 692.384 384.212 313.261 269.262 233.35 171.07 165.363 162.111 152.117 258.851 178.802 143.884 284.58 138.685 136.109 135.828 131.777 128.408 124.77 120.644 107.048 106.123
threshold=0 1.0000000180025095e-35 1 87.500000000000014 0.026785714285714288 1.0000000180025095e-35 0.046964285714285722 0.041071428571428578 2 3 0.82142857142857151 0.24392857142857147 47.500000000000007 44.500000000000007 0.086250000000000007 672.50000000000011 1.5735915849388851 24.500000000000004 228.50000000000003 164.50000000000003 0.20821428571428574 4 25.500000000000004 5 6 19.500000000000004 319.50000000000006 7.5000000000000009 439.50000000000006 34.500000000000007
decision_type=9 2 9 8 10 2 10 10 9 9 10 10 2 2 10 2 10 2 2 2 10 9 2 9 1 2 2 8 2 2
left_child=1 2 7 16 9 8 21 12 14 27 13 24 -1 15 -6 19 -3 -18 -19 20 -9 -4 -12 -10 -8 -14 -20 -2 -13 -16
right_child=4 3 6 -5 5 -7 11 10 23 -11 22 28 25 -15 29 -17 17 18 26 -21 -22 -23 -24 -25 -26 -27 -28 -29 -30 -31
leaf_value=0.048575335974711684 -0.0078033299348360527 -0.040219478964552427 -0.017359698294997408 0.39065387070843161 0.021481562014029634 -0.050048685476784649 0.094393862739371309 0.37240458640755419 0.0055202827028696441 -0.049052266741351665 0.26128016890424688 0.12985574450151066 0.076620714909997223 0.14258455513478704 0.073195892856532732 -0.03682208217708996 -0.027054421450774798 -0.05555555430791384 0.40654306887854291 0.18559816892243439 0.20852475119942782 0.039245918269137613 0.20343023490934331 -0.025605726980983581 0.044195566666393564 0.37909977950377283 0.098706043729451007 0.12296751571881473 0.073560925417346698 0.033583746974217947
leaf_weight=111.68897923827171 467.12332823872566 765.23370844870806 234.6821686476469 41.086999349296093 489.53587831556797 887.53333154320717 465.18433264642954 31.129346489906311 834.58124396204948 8966.0518950149417 238.03043262660503 569.39085613191128 5.7750525847077361 190.92826146632433 471.46622661501169 7.501623146235942 42.787337385118008 5.208676531910899 8.5427946895360929 691.99380505084991 177.77565479278564 185.26762879639864 177.49427746236324 592.52507643401623 273.07085829973221 8.940457731485365 5.3548896312713614 18.329060219228268 99.152210891246796 263.62243420630693
leaf_count=943 4653 8327 2377 64 4502 9927 3354 66 8031 100101 853 3616 47 1138 3727 69 452 58 16 3552 834 1621 834 6212 2219 16 43 119 733 2296
internal_value=-8.95505e-05 0.101569 0.1308 -0.0140195 -0.0340744 -0.000369237 0.0773177 0.188705 0.0162585 -0.0467319 0.199586 0.0985197 0.0732343 0.185607 0.0436398 0.19465 -0.0341213 0.0412743 0.194291 0.196577 0.232945 0.00813395 0.236569 -0.00749128 0.0777034 0.260393 0.287931 -0.00280802 0.121507 0.0589899
internal_weight=17327 4336.22 3468.01 868.214 12990.8 3539.26 1826.75 1641.26 2651.73 9451.5 1514.85 1406.8 126.404 1099.33 1224.62 908.4 827.127 61.8937 19.1064 900.899 208.905 419.95 415.525 1427.11 738.255 14.7155 13.8977 485.452 668.543 735.089
internal_count=170800 31232 22272 8960 139568 34695 13920 8352 24768 104873 7346 9922 1006 5659 10525 4521 8896 569 117 4452 900 3998 1687 14243 5573 63 59 4772 4349 6023
cat_boundaries=0 6 12 18 24 30 35 36
cat_threshold=238080 134409230 8322 805309448 2147483648 5959 73728 175104 2 805306376 0 2 2550140928 57934337 1107345428 28409856 16818176 10376 2147483648 19923072 101191692 17960960 16 128 131072 4 0 1024 2147483648 1860 536889496 528576 883953768 2147881024 5521426 7
is_linear=0
shrinkage=0.05


Tree=2
num_leaves=31
num_cat=7
split_feature=13 3 13 7 11 3 11 13 11 13 14 11 6 1 7 6 6 5 1 10 0 0 12 10 0 13 12 14 12 0
split_gain=21005.7 4636.23 3200.13 2442.25 2145.4 1090.22 855.947 603.451 547.708 387.631 312.191 258.011 236.672 195.588 191.3 177.729 236.606 167.386 148.515 144.38 216.917 162.15 142.947 137.036 136.067 136.05 134.436 131.886 123.17 123.028
threshold=0 1.0000000180025095e-35 1 87.500000000000014 0.026785714285714288 1.0000000180025095e-35 0.026785714285714288 2 0.026785714285714288 3 4 0.24392857142857147 163.50000000000003 28.500000000000004 12.500000000000002 134.50000000000003 130.50000000000003 72.500000000000014 27.500000000000004 0.82142857142857151 24.500000000000004 25.500000000000004 1.4638501094227998 0.082857142857142865 28.500000000000004 5 1.4638501094228007 6 2.4201334816206517 25.500000000000004
decision_type=9 2 9 8 10 2 10 9 10 9 1 10 2 2 8 2 2 2 2 10 2 2 10 10 2 9 10 1 10 2
left_child=1 2 8 19 9 7 -4 15 27 14 12 -8 17 29 -2 16 -6 -10 22 -3 -21 -22 -19 -14 -16 -17 -24 -1 -15 -12
right_child=4 3 6 -5 5 -7 11 -9 10 -11 13 -13 23 28 24 25 -18 18 -20 20 21 -23 26 -25 -26 -27 -28 -29 -30 -31
leaf_value=0.087072566208281826 -0.018438634997815003 -0.041240686938536969 -0.0060806556387818719 0.35228767451411702 0.062712575599125339 -0.049769002279227807 0.066962319508788795 -0.0079389603415463555 0.4277872365157217 -0.049679686234085668 0.17937008128055829 0.10724574807462028 0.12170329353328897 0.11730067146322537 0.012177713756865563 0.0023258314487741147 0.28433999990404712 0.23294680351426603 0.19111455854868908 -0.025482670618452413 0.26456862774444007 0.024951512362064585 0.49314912351025425 0.19714993964183347 0.23210665611572581 0.042154939579672479 0.29238579047643332 -0.027668397873535422 0.24044490256514905 0.10779155312669071
leaf_weight=70.107761599123478 840.24959553778172 707.34181134402752 307.6269051656127 43.229880005121231 325.99593797326088 848.87411369383335 890.19164568185806 1374.9528130963445 12.664053618907927 8199.1772915422916 404.77418296039104 718.16261831671 68.693064734339714 438.25128282606602 15.22949490696192 335.49327906221151 12.504482686519621 58.472572490572929 83.978044003248215 64.613771535456181 13.642727695405485 14.632983177900313 12.335946083068846 485.97225866466761 13.066884711384771 632.33493736386299 25.732212647795677 35.045122623443604 21.292247280478477 70.485048539936543
leaf_count=497 8847 7998 3012 64 2550 9927 6559 13841 12 95844 1716 4349 392 2353 130 3130 48 207 352 700 57 141 1 1986 52 5199 65 333 73 365
internal_value=-0.000174911 0.0918246 0.116119 -0.0137693 -0.0334288 -0.000385814 0.0699688 0.0152485 0.164268 -0.0463296 0.172106 0.0849497 0.201709 0.144717 -0.0139716 0.0394132 0.0708997 0.252068 0.23974 -0.0335444 0.0250623 0.140564 0.282038 0.187806 0.113738 0.028808 0.357443 0.0544813 0.123006 0.168754
internal_weight=17145.1 4547.25 3703.78 843.461 12597.9 3530.16 1915.98 2681.28 1787.8 9067.72 1682.65 1608.35 747.848 934.803 868.546 1306.33 338.5 193.183 180.519 800.231 92.8895 28.2757 96.5407 554.665 28.2964 967.828 38.0682 105.153 459.544 475.259
internal_count=170800 31232 22272 8960 139568 34695 13920 24768 8352 104873 7522 10908 3015 4507 9029 10927 2598 637 625 8896 898 198 273 2378 182 8329 66 830 2426 2081
cat_boundaries=0 6 12 18 24 25 31 32
cat_threshold=238080 134409230 8322 805309448 2147483648 5959 73728 175104 2 805306376 0 2 2550140928 57934337 1107345436 28409856 40976 10376 2151680008 53739648 101453900 2167541760 16 128 3 4096 512 1107296264 28344320 40976 8192 25
is_linear=0
shrinkage=0.05


Tree=3
num_leaves=31
num_cat=6
split_feature=13 3 13 11 7 3 11 13 13 11 14 11 6 5 10 13 1 6 1 10 5 5 7 7 3 5 8 1 5 0
split_gain=18452.5 3737.6 2466.53 2058.62 2026.04 1014.42 803.369 519.754 402.998 401.166 253.099 212.899 177.377 182.718 170.557 147.924 142.392 159.057 162.562 141.332 161.822 297.264 137.567 126.911 130.41 122.327 119.24 117.705 135.856 128.44
threshold=0 1.0000000180025095e-35 1 0.026785714285714288 87.500000000000014 1.0000000180025095e-35 0.11696428571428573 2 3 0.026785714285714288 4 1.0000000180025095e-35 163.50000000000003 70.500000000000014 0.059285714285714296 5 44.500000000000007 33.500000000000007 18.500000000000004 0.59500000000000008 228.50000000000003 235.50000000000003 2.2500000000000004 7.5000000000000009 1.0000000180025095e-35 463.50000000000006 0.58000000000000018 34.500000000000007 447.50000000000006 5.5000000000000009
decision_type=9 2 9 10 8 2 10 9 9 10 1 8 2 2 10 9 2 2 2 10 2 2 10 8 2 2 10 2 2 2
left_child=1 2 9 8 19 7 11 -5 23 -1 12 -4 13 -11 -14 25 17 18 -12 -3 -21 -22 -15 24 -2 -8 -24 28 29 -16
right_child=3 4 6 5 -6 -7 15 -9 -10 10 16 -13 14 22 27 -17 -18 -19 -20 20 21 -23 26 -25 -26 -27 -28 -29 -30 -31
leaf_value=0.04987577263172549 -0.0021521472365249308 -0.042323992580037835 -0.010474955262613867 0.035617151172648971 0.30981986009529749 -0.049566749293917196 0.11488538494622316 -0.0080723089389671179 -0.049162046819672615 0.39754614529848004 0.11599060721339534 0.044862610359233335 0.097335820013619387 0.18220054309645725 0.11917422384290544 0.065713493613027738 0.059848534688132386 0.1224523022599185 0.33907025238398408 -0.052812056923538679 0.27643833057776129 0.016280256430530996 0.35059439083800203 0.094862651054149982 -0.049960500975411715 0.061254490961491895 0.18026743898642117 0.14258278160236246 0.12836132895221475 0.20864135103777059
leaf_weight=98.928836397826672 544.382220312953 645.40191026031971 267.42570025473833 1372.0938867032528 45.706651881337166 812.10981278121471 662.60168807208538 1339.5859456509352 7938.7500261887908 12.070690780878065 15.16824498772621 496.51028283685446 94.205661796033382 214.30011684447527 45.788432918488979 589.59389717131853 85.069913148880005 488.538255430758 17.691843777894974 52.638947620987892 13.248807430267332 64.123183511197567 25.042118296027184 27.424183860421181 193.28558453917503 126.64682137966156 17.425236776471138 268.75626412034035 87.78418392688036 323.78756058216095
leaf_count=759 5551 7595 2662 11192 64 9924 3502 13575 96905 11 62 3764 508 766 195 3885 486 2178 30 613 47 641 39 168 2253 803 57 1157 369 1039
internal_value=-0.000250604 0.0831859 0.103597 -0.0327617 -0.0136749 -0.000545342 0.0663124 0.0141359 -0.0458422 0.146929 0.153458 0.025491 0.170617 0.20743 0.160632 0.08941 0.117885 0.129615 0.236096 -0.0327432 0.0148176 0.0608285 0.198493 -0.0106138 -0.014679 0.10495 0.280706 0.168844 0.184276 0.197557
internal_weight=16986.1 4758.46 3937.34 12227.6 821.12 3523.79 2142.78 2711.68 8703.84 1794.56 1695.63 763.936 1089.16 268.838 820.322 1378.84 606.468 521.398 32.8601 775.413 130.011 77.372 256.767 765.092 737.668 789.249 42.4674 726.116 457.36 369.576
internal_count=170800 31232 22272 139568 8960 34691 14616 24767 104877 7656 6897 6426 4141 873 3268 8190 2756 2270 92 8896 1301 688 862 7972 7804 4305 96 2760 1603 1234
cat_boundaries=0 6 12 18 24 25 31
cat_threshold=238080 151186444 8322 805309448 2147483648 5959 73728 174080 2 805306376 0 2 2550140928 41157123 1109442580 28508160 40976 10376 2151677960 36700290 101453900 2167541760 16 128 7 163840 134218752 0 3072 0 1860
is_linear=0
shrinkage=0.05


Tree=4
num_leaves=31
num_cat=8
split_feature=13 3 11 13 7 3 11 13 13 12 14 14 1 11 5 11 7 6 10 5 5 6 3 12 11 13 1 6 1 13
split_gain=16249.2 3012.73 2011.18 1930.48 1747.04 949.522 580.193 470.977 385.9 316.489 225.637 178.006 164.624 161.883 158.572 225.481 144.227 131.569 128.769 141.705 230.984 127.319 125.277 120.389 114.147 113.916 111.877 307.986 110.978 105.105
threshold=0 1.0000000180025095e-35 0.026785714285714288 1 87.500000000000014 1.0000000180025095e-35 0.026785714285714288 2 3 0.37796447300922814 4 5 25.500000000000004 0.12785714285714289 142.50000000000003 0.098214285714285726 12.500000000000002 134.50000000000003 0.59500000000000008 228.50000000000003 235.50000000000003 130.50000000000003 1.0000000180025095e-35 0.48795003647426644 0.2648214285714286 6 24.500000000000004 66.500000000000014 44.500000000000007 7
decision_type=9 2 10 9 8 2 10 9 9 8 1 1 2 10 2 10 8 2 10 2 2 2 2 10 8 9 2 2 2 9
left_child=1 3 8 9 18 7 -5 17 16 10 14 23 26 -12 15 -1 22 21 -3 -20 -21 29 -2 -8 -22 -9 -11 -28 -13 -4
right_child=2 4 5 6 -6 -7 11 25 -10 12 13 28 -14 -15 -16 -17 -18 -19 19 20 24 -23 -24 -25 -26 -27 27 -29 -30 -31
leaf_value=0.36144849212592556 -0.0065943287105194029 -0.041766668073041628 0.083403289752287516 -0.0056966130072302031 0.27157526674071841 -0.04917926301395309 0.071537160138550368 0.0042001334563639319 -0.049185564631056042 0.15051282199522306 0.022382930216378952 0.06072306183636117 0.12365565066088498 0.09172207974679418 0.12071889402664999 0.1486748364416326 0.090215122445933271 0.024753718169064191 -0.05266487625137703 0.23835643906730808 0.20835020937936749 0.21535330757154658 -0.050303479304309798 0.11164641034822349 -0.0076365462949831986 -0.025457156561169897 0.39056486380419242 0.14438991533035844 0.014913717315839736 0.024042321007700616
leaf_weight=20.405873402953148 637.18368594348431 621.96291223168373 156.23502508550882 305.40834137797356 50.467966943979263 777.30186145752668 420.81527429074049 782.34446427226067 7465.3248230814934 658.96239824593067 119.09808779507875 872.06034836173058 825.25191384553909 287.06219436228275 83.891323573887348 31.941305413842201 32.034523658454418 1056.6008895635605 50.223325677216053 14.076890908181666 6.8337345868349066 12.698865205049513 220.72013855725527 336.83244407922029 58.335632428526878 541.74679236859083 18.621021538972855 39.992110565304756 155.83690315485001 187.63397974520922
leaf_count=34 6670 7594 1033 3012 64 9927 2651 7543 95307 2204 858 5414 3263 1324 396 121 189 8740 613 45 42 50 2707 1721 602 5897 17 135 1122 1505
internal_value=-0.000317102 0.0754177 -0.032116 0.092614 -0.0131972 -0.000409557 0.0577112 0.0134396 -0.0454914 0.126728 0.0944831 0.06888 0.138886 0.0696744 0.152161 0.231618 -0.0137952 0.0333802 -0.0323232 0.0130428 0.0546858 0.0598788 -0.0178397 0.0882046 0.0150121 -0.0080339 0.156401 0.222598 0.0532599 0.0541373
internal_weight=16847.9 4978.08 11869.8 4176.18 801.9 3514.56 2090.95 2737.26 8355.26 2085.23 542.399 1785.54 1542.83 406.16 136.239 52.3472 889.938 1413.17 751.432 129.47 79.2463 356.568 857.904 757.648 65.1694 1324.09 717.576 58.6131 1027.9 343.869
internal_count=170800 31232 139568 22272 8960 34695 13920 24768 104873 8352 2733 10908 5619 2182 551 155 9566 11328 8896 1302 689 2588 9377 4372 644 13440 2356 152 6536 2538
cat_boundaries=0 6 12 18 24 25 26 31 37
cat_threshold=238080 134409230 8322 805309448 2147483648 5959 73728 175104 2 805306376 0 2 2550140928 57934465 1107345432 28381184 16818176 10376 2151680008 53739648 101453900 2167541760 67108880 128 1 3 536889496 528448 883953764 2147909696 72630290 0 16777729 1073741848 17825792 8192 8328
is_linear=0
shrinkage=0.05


Tree=5
num_leaves=31
num_cat=7
split_feature=13 3 11 13 7 3 11 13 13 11 14 6 11 7 5 1 10 5 5 10 3 0 14 1 13 1 5 11 1 5
split_gain=14348.8 2469.66 1925.5 1496.9 1419.52 884.046 550.379 408.362 399.964 254.293 210.525 185.859 154.86 141.516 131.159 146.524 126.27 132.043 189.627 125.577 123.059 115.521 112.431 118.398 105.676 105.111 115.993 119.989 186.816 103.029
threshold=0 1.0000000180025095e-35 0.026785714285714288 1 87.500000000000014 1.0000000180025095e-35 0.11696428571428573 2 3 0.026785714285714288 4 85.500000000000014 1.0000000180025095e-35 12.500000000000002 164.50000000000003 25.500000000000004 0.59500000000000008 228.50000000000003 235.50000000000003 1.1071428571428574 1.0000000180025095e-35 28.500000000000004 5 34.500000000000007 6 49.500000000000007 606.50000000000011 0.098214285714285726 38.500000000000007 243.50000000000003
decision_type=9 2 10 9 8 2 10 9 9 10 1 2 8 8 2 2 10 2 2 10 2 2 1 2 9 2 2 10 2 2
left_child=1 3 8 9 16 7 12 29 13 -1 11 14 -5 20 15 -11 -3 -18 -19 -12 -2 -15 -8 -24 -9 26 27 28 -13 -4
right_child=2 4 5 6 -6 -7 22 24 -10 10 19 25 -14 21 -16 -17 17 18 -20 -21 -22 -23 23 -25 -26 -27 -28 -29 -30 -31
leaf_value=0.039877265846613413 -0.0048106502086402401 -0.041189674861505828 0.042107053053106497 -0.0098455456874741339 0.23260153947511064 -0.04895401420327819 0.038703575758953272 0.0046271104239306486 -0.048757646909329509 0.39180768660001092 0.093282388097950669 0.097336219744414532 0.036972645380867329 -0.0013450377068184368 0.16810137378403087 0.17755458272959224 -0.052508602193721825 0.20675941067217585 0.014397204165674748 0.14079703981543332 -0.050087069797778487 0.18344605014716212 0.091146329438574758 0.058919315368592809 -0.023532801127248613 0.034866923692940567 0.062356626437723356 0.13658665059765987 0.37138029856119137 0.014389521701423708
leaf_weight=107.46607404202223 603.45269409567118 599.47316667437553 864.02385003119707 264.1345175281167 54.685441315174103 744.0184226706624 277.50326330214739 788.57091549783945 7189.6321354880929 15.763932704925539 923.97274531424046 11.312858536839487 533.10975492745638 17.43787670135498 108.88961058855057 16.160459399223328 47.899045638740063 15.942063115537165 65.24112606793642 163.69379290938377 199.75204432010651 16.422430872917175 816.50032836198807 437.82222580909729 565.53091303259134 27.073662534356117 50.723691090941429 638.89418552815914 13.811088338494299 547.84760842472315
leaf_count=759 6295 7595 6495 2662 64 9924 1635 7566 95844 10 3644 50 3764 130 287 42 613 47 641 488 2556 52 4101 2454 6236 123 212 2024 17 4470
internal_value=-0.000375719 0.068591 -0.0314343 0.0832639 -0.013089 -0.000571712 0.0549169 0.0124426 -0.0449694 0.114225 0.11886 0.139982 0.0214613 -0.0117096 0.19423 0.283351 -0.0315306 0.0133275 0.0521717 0.0995184 -0.0160706 0.0882796 0.0726875 0.0792655 -0.00721997 0.131571 0.135234 0.140801 0.247983 0.0311313
internal_weight=16726.8 5190.07 11536.7 4406.83 783.241 3509.99 2329.07 2765.97 8026.7 2077.76 1970.3 882.629 797.244 837.065 140.814 31.9244 728.555 129.082 81.1832 1087.67 803.205 33.8603 1531.83 1254.32 1354.1 741.815 714.742 664.018 25.1239 1411.87
internal_count=170800 31232 139568 22272 8960 34691 14616 24767 104877 7656 6897 2765 6426 9033 339 52 8896 1301 688 4132 8851 182 8190 6555 13802 2426 2303 2091 67 10965
cat_boundaries=0 6 12 18 24 25 26 31
cat_threshold=238080 151186444 8322 805309448 2147483648 5959 73728 174080 2 805306376 0 2 2550140928 41157251 1109442576 28409856 16818176 10376 2151680008 36962434 101453900 2167541760 16 128 3 16 536889496 528480 881856620 2147897408 5521424
is_linear=0
shrinkage=0.05


Tree=6
num_leaves=31
num_cat=10
split_feature=13 3 11 13 10 3 11 0 13 13 11 11 14 6 13 7 14 3 11 1 5 11 13 13 6 5 5 0 10 13
split_gain=12702 2049.58 1875.72 1217.06 1192.38 818.646 565.214 499.942 391.605 363.564 198.384 148.369 147.603 150.219 142.72 134.782 153.244 135.935 123.146 246.274 116.939 106.861 101.558 99.1374 93.7916 91.4096 188.271 151.161 90.726 89.4869
threshold=0 1.0000000180025095e-35 0.026785714285714288 1 2.0714285714285716 1.0000000180025095e-35 0.11696428571428573 29.500000000000004 2 3 0.026785714285714288 1.0000000180025095e-35 4 85.500000000000014 5 12.500000000000002 6 1.0000000180025095e-35 0.098214285714285726 38.500000000000007 164.50000000000003 0.16357142857142862 7 8 206.50000000000003 228.50000000000003 235.50000000000003 24.500000000000004 3.5000000000000004 9
decision_type=9 2 10 9 8 2 10 2 9 9 10 8 1 2 9 8 1 2 10 2 2 10 9 9 2 2 2 2 10 9
left_child=1 3 8 10 25 9 11 -6 15 21 -1 22 13 20 -8 17 -17 -2 19 -15 -12 24 -5 -11 -4 -3 27 -27 -14 -26
right_child=2 4 5 6 7 -7 14 -9 -10 23 12 -13 28 18 -16 16 -18 -19 -20 -21 -22 -23 -24 -25 29 26 -28 -29 -30 -31
leaf_value=0.037703138802683341 -0.0090204874065762577 -0.053151605944544947 0.04245398502101877 0.031401062186157333 0.26196427408717743 -0.048273060225673459 0.049043568015522371 -0.055555555260551184 -0.049051973555343187 0.0039120741600993008 0.27314614709447971 0.035669869657782897 0.093963183813990644 0.071648295406990414 0.07953593302690054 0.13828659304316965 -0.037087708662405475 -0.051227978463166207 0.12144489448393386 0.39175537961801615 0.15949152202502975 0.048796237059685971 -0.030058800773904368 -0.023720677191047423 -0.014955162381427821 -0.055555556305502456 -0.024385220353966282 0.24327811234658797 0.22651279504443342 0.022573295213249238
leaf_weight=88.793697409331799 769.13344644010067 305.01458700746298 311.99240837991238 94.818435929715633 52.017935954034328 713.62718987464905 739.53532446920872 16.275980040431023 6648.885255381465 813.61774092167616 29.737481832504272 586.08205914497375 840.41201214492321 11.63527448475361 1377.5123268067837 19.379339210689068 20.082313239574432 253.68143199384212 563.33661803603172 12.42472669482231 94.718784868717194 468.35538785904646 180.38805320858955 529.28585201501846 240.4399576485157 6.5128203630447397 374.44561607390642 12.082379765808582 13.111055880784987 433.35251257568598
leaf_count=606 8475 4100 2275 843 93 9928 4202 34 92721 7783 40 3969 2949 52 5769 64 160 3444 1671 8 217 3214 1921 5960 2179 61 4643 29 25 3365
internal_value=-0.000426972 0.0625231 -0.0307408 0.0751691 -0.0131047 -0.00047207 0.0554124 0.186292 -0.0445611 0.0117237 0.109743 0.0214493 0.11453 0.134854 0.0694916 -0.0158415 0.0746822 -0.0194889 0.126176 0.236953 0.186648 0.0289329 -0.00883492 -0.0070738 0.0197892 -0.0326126 -0.0166735 0.138614 0.0948876 0.00929449
internal_weight=16620.7 5398.86 11221.8 4632.51 766.349 3510.67 2978.34 68.2939 7711.16 2797.04 1654.17 861.289 1565.38 711.853 2117.05 1062.28 39.4617 1022.81 587.397 24.06 124.456 1454.14 275.206 1342.9 985.785 698.055 393.041 18.5952 853.523 673.792
internal_count=170800 31232 139568 22272 8960 34704 16704 127 104864 24776 5568 6733 4962 1988 9971 12143 224 11919 1731 60 257 11033 2764 13743 7819 8833 4733 90 2974 5544
cat_boundaries=0 6 10 16 22 23 29 30 36 41 47
cat_threshold=238080 151186446 8322 805309448 2147483648 1863 65536 174080 2 805306368 2151680008 36962433 103551052 2167541824 67371025 4224 2550140928 41157121 1075888148 28545024 40960 14472 3 512 16793614 8320 2048 2147483648 1 40 33280 151012354 8320 2048 0 1024 536887448 528576 915411048 2147762240 89407570 4096 262656 4 19959808 40960 8192
is_linear=0
shrinkage=0.05


Tree=7
num_leaves=31
num_cat=7
split_feature=13 11 3 7 13 3 11 13 13 6 13 5 12 5 11 13 11 1 11 13 10 5 5 11 1 6 0 0 11 5
split_gain=11279.5 1812.44 1671.39 1080.11 966.597 774.255 469.388 385.291 327.886 157.952 266.323 188.966 138.841 133.577 120.95 118.339 116.386 140.76 135.486 112.08 110.453 109.229 117.53 107.627 103.153 161.474 102.261 142.871 98.1296 105.238
threshold=0 0.026785714285714288 1.0000000180025095e-35 87.500000000000014 1 1.0000000180025095e-35 0.11696428571428573 2 3 163.50000000000003 4 68.500000000000014 5.1823857198584138 672.50000000000011 1.0000000180025095e-35 5 1.9464285714285716 28.500000000000004 0.20821428571428574 6 0.59500000000000008 228.50000000000003 235.50000000000003 0.086250000000000007 24.500000000000004 66.500000000000014 12.500000000000002 4.5000000000000009 0.2916071428571429 663.50000000000011
decision_type=9 10 2 8 9 2 10 9 9 2 9 2 10 2 8 9 10 2 10 9 10 2 2 10 2 2 2 2 8 2
left_child=2 7 4 20 9 8 14 19 23 11 -11 -1 13 -12 -6 -8 17 18 -13 -2 -4 -22 -23 -3 -20 -26 27 -19 29 -24
right_child=1 5 3 -5 6 -7 15 -9 -10 10 12 16 -14 -15 -16 -17 -18 26 24 -21 21 22 28 -25 25 -27 -28 -29 -30 -31
leaf_value=0.32054319536536707 0.021715053902230903 0.010494333545733515 -0.040088804187893512 0.1847809991851069 -0.008123727969244 -0.048202356572791982 0.043363241840505072 -0.048741317204744415 -0.0066127185546290147 0.010205034073718868 0.097664594329901544 0.28611469300184089 0.24519699834184375 -0.0091722327842006877 0.032071606474770885 0.071044148126388804 -0.030397976192945039 0.02358216790676651 0.1124610458867744 -0.022559018066749842 -0.052219118494942297 0.15751563671151991 -0.036876842654016612 0.038416575707991403 0.3012988769369444 0.1389684292506245 0.056179067194003132 0.17360869949880497 -0.011148272065800595 0.30329146820488645
leaf_weight=11.967528611421583 163.64491380006075 560.71279381215572 559.59720619767904 63.655760794878006 272.28178140521049 682.93107920885086 706.00751827657223 6363.920694001019 1353.2068323269486 112.70117028057575 1180.948797300458 16.926701813936234 15.588147431612013 30.00013455748558 598.59890305250883 1523.5048109516501 12.636832758784292 21.861910417675972 132.13870584964752 883.79678991436958 44.207757957279682 18.154536724090576 3.8611933663487417 897.52811112254858 21.582322686910629 52.791457280516624 97.705591231584549 57.889037907123566 56.334200657904148 5.5299523174762726
leaf_count=8 1600 4611 7594 64 2756 9927 3890 92687 13894 559 3679 26 24 210 3933 6125 44 80 318 10586 613 45 39 6263 16 126 334 144 585 20
internal_value=-0.000464951 -0.0301065 0.0570434 -0.0122625 0.0678638 -0.000449043 0.0504698 -0.0441303 0.0111508 0.0975835 0.0897048 0.124675 0.0961426 0.0950178 0.0195045 0.0627917 0.119006 0.123716 0.150119 -0.015502 -0.0305019 0.0113821 0.0449022 0.0274916 0.138972 0.186075 0.0904706 0.132482 0.0137963 0.16343
internal_weight=16522.2 10905.7 5616.47 751.341 4865.13 3494.38 3100.39 7411.36 2811.45 1764.74 1339.24 425.5 1226.54 1210.95 870.881 2229.51 413.533 400.896 223.439 1047.44 687.685 128.088 83.8799 1458.24 206.512 74.3738 177.457 79.7509 65.7253 9.39115
internal_count=170800 139568 31232 8960 22272 34695 16704 104873 24768 5568 4472 1096 3913 3889 6689 10015 1088 1044 486 12186 8896 1302 689 10874 460 142 558 224 644 59
cat_boundaries=0 6 10 16 22 25 31 35
cat_threshold=238080 134409230 8322 805309448 2147483648 5959 65536 174080 2 805306368 2151680040 53739649 103551052 2167541760 67371025 128 2550140928 57934337 1073791004 28381184 16818192 10376 0 0 2 512 16398 8320 0 2147483648 4097 0 19922944 101187584 1183744
is_linear=0
shrinkage=0.05


Tree=8
num_leaves=31
num_cat=11
split_feature=13 11 3 7 11 3 13 13 13 14 13 5 11 14 13 13 0 6 1 7 3 14 5 5 0 5 5 11 13 10
split_gain=10038.8 1745 1418.15 884.612 775.478 714.555 388.104 297.139 290.701 225.285 179.003 180.764 155.082 131.96 129.32 129.06 139.653 123.372 116.946 108.49 129.013 124.273 102.805 185.424 131.272 100.01 98.9619 98.1846 93.241 83.9047
threshold=0 0.026785714285714288 1.0000000180025095e-35 87.500000000000014 0.24392857142857147 1.0000000180025095e-35 1 2 3 4 5 144.50000000000003 0.041071428571428578 6 7 8 8.5000000000000018 51.500000000000007 34.500000000000007 12.500000000000002 1.0000000180025095e-35 9 228.50000000000003 235.50000000000003 24.500000000000004 447.50000000000006 627.50000000000011 0.041071428571428578 10 0.059285714285714296
decision_type=9 10 2 8 10 2 9 9 9 1 9 2 8 1 9 9 2 2 2 8 2 1 2 2 2 2 2 10 9 10
left_child=2 6 4 22 9 8 19 13 25 10 11 -1 14 18 -11 16 17 -14 26 20 -2 -21 -4 24 -24 -3 29 -12 -10 -6
right_child=1 5 3 -5 7 -7 -8 -9 28 12 27 -13 15 -15 -16 -17 -18 -19 -20 21 -22 -23 23 -25 -26 -27 -28 -29 -30 -31
leaf_value=0.28583827907264941 -0.0065162610417391622 0.031419962241939908 -0.052935744731216483 0.15860010198666227 0.054330059938393641 -0.047557274095459609 -0.048174161474446205 0.051921281078101282 -0.031968409059461488 -0.021608231211173098 0.014287362294162496 0.098898186704507687 0.27334380192364094 0.067033734188071556 0.035636476613627392 0.024617315539199151 0.043744848994303552 0.097854909575848359 0.078797279086861335 0.12365797785868984 -0.050510286071027068 -0.036173371337714692 -0.055555555606343947 -0.022200795842682489 0.19795619608774573 -0.0010014127361478156 0.036520352162140099 0.07061753289508739 0.00010822701741570026 0.11643849937002587
leaf_weight=23.179680183529854 698.20377070456743 1239.5186811164021 282.61910708248615 68.530519276857376 58.202146753668785 655.36696784943342 6172.5375193506479 1007.5763345062733 281.28852087259293 256.36870604008436 111.22088450938463 29.248751997947693 11.639720395207403 798.90550094842911 146.69814153015614 749.91148516535759 175.26418287307024 71.754773549735546 505.21249680221081 19.740206055343151 218.88401538133621 18.663206599652767 7.3349214568734196 360.48650854080915 16.807078346610069 294.34274119138718 45.212299108505249 254.07028865814209 1028.803357437253 827.67154231667519
leaf_count=33 7733 8884 4128 64 215 9928 93778 4178 3337 2422 931 116 21 2669 1100 4402 863 305 1607 60 3143 150 64 4672 32 2369 152 1226 10186 2032
internal_value=-0.000498124 -0.0293795 0.0523096 -0.0124701 0.0618098 -0.000490438 -0.043603 0.076494 0.0103557 0.0357802 0.0679164 0.152467 0.0256082 0.0869495 -0.000425703 0.0362663 0.066516 0.122349 0.0974871 -0.0134282 -0.0170164 0.0687639 -0.0300401 -0.0132167 0.120933 0.0250352 0.108675 0.0520419 -0.00696891 0.112358
internal_weight=16435.3 10627.3 5807.92 735.778 5072.14 3499.32 7128.03 3242.78 2843.95 1829.36 417.72 52.4284 1411.64 2235.2 403.067 1008.57 258.659 83.3945 1436.3 955.491 917.088 38.4034 667.248 384.629 24.142 1533.86 931.086 365.291 1310.09 885.874
internal_count=170800 139568 31232 8960 22272 34704 104864 10853 24776 11419 2306 149 9113 6675 3522 5591 1189 326 4006 11086 10876 210 8896 4768 96 11253 2399 2157 13523 2247
cat_boundaries=0 6 12 18 24 25 29 30 36 42 43 48
cat_threshold=238080 151186446 8322 805309448 2147483648 1863 2151680008 36962433 103551052 2167541760 67108881 4224 196608 134392832 2 805308416 0 1602 2550140928 41157249 1176551440 28409856 40960 14472 1 0 0 2 805306368 7 131072 16811012 2 3072 2147483648 1351 32768 134220800 130 8 0 6 40 262240 268435472 5180160 160 1520635557
is_linear=0
shrinkage=0.05


Tree=9
num_leaves=31
num_cat=13
split_feature=13 11 3 10 3 11 13 0 13 13 14 5 11 13 13 13 14 13 13 5 5 0 1 1 14 13 0 5 5 1
split_gain=8961.94 1665.82 1178.31 754.758 675.324 634.814 391.9 377.706 259.415 257.178 191.4 145.867 141.22 127.507 123.832 117.845 116.901 111.76 102.427 92.5422 131.625 91.6716 86.1462 162.307 150.63 85.2327 84.1755 86.7099 104.912 81.7053
threshold=0 0.026785714285714288 1.0000000180025095e-35 2.0714285714285716 1.0000000180025095e-35 0.24392857142857147 1 29.500000000000004 2 3 4 275.50000000000006 1.0000000180025095e-35 5 6 7 8 9 10 228.50000000000003 235.50000000000003 24.500000000000004 34.500000000000007 33.500000000000007 11 12 18.500000000000004 66.500000000000014 74.500000000000014 32.500000000000007
decision_type=9 10 2 8 2 10 9 2 9 9 1 2 8 9 9 9 1 9 9 2 2 2 2 2 1 9 2 2 2 2
left_child=2 6 5 19 8 10 17 -5 22 -7 11 15 13 -12 -14 26 -11 -2 -13 -4 21 -21 23 24 -3 -10 29 -28 -29 -1
right_child=1 4 3 7 -6 9 -8 -9 25 16 12 18 14 -15 -16 -17 -18 -19 -20 20 -22 -23 -24 -25 -26 -27 27 28 -30 -31
leaf_value=0.14460220741826224 0.023829964211255834 -0.015071798789202792 -0.052771239740797421 0.18881645881931719 -0.047588342427326756 0.084766611418217869 -0.047771556548321895 -0.055555556363203855 -0.037206552306848224 0.065462647849266933 0.036671828210068265 -0.01448254001969927 0.011518764361636562 -0.033816859575872792 0.045008498149564931 0.042996447703553563 0.037026389476478946 -0.020496872447985537 0.057294115440131015 -0.055555555697862358 -0.021687294338827531 0.16888210420687372 0.0082577292949545696 0.11650391636634641 0.036500696334796294 -0.0016575193201459133 0.049916989579189233 0.35338114081492805 0.17116239772040151 0.017730315053262009
leaf_weight=32.082928977906704 166.46487056463957 171.3272717371583 267.33287134766579 63.890134803950787 627.45176593586802 1550.764500066638 5926.8298614509404 21.012570828199387 191.03214628994465 1181.0742139816284 89.870058722794056 76.550264500081539 505.36791380494833 172.081299059093 668.84349505603313 120.14827647805214 680.54475595057011 765.86942761391401 130.15787115693092 6.3990366086363801 349.82822590321302 15.742839127779007 606.33756483346224 53.956613704562187 768.86325804144144 1068.8511909618974 10.108666017651556 10.164458200335501 35.442661389708519 20.993692114949226
leaf_count=115 1604 1343 4100 93 9924 4141 93907 34 2365 4023 723 570 3086 1830 3467 641 2696 9366 683 61 4643 29 4681 288 5396 10694 49 6 124 118
internal_value=-0.000523386 -0.0287195 0.0480007 -0.0117301 -0.00061301 0.0562777 -0.0430533 0.128337 0.00969152 0.069113 0.0328784 0.0618135 0.0235071 -0.00952467 0.0310763 0.0907238 0.0553207 -0.0124136 0.0327842 -0.0303317 -0.0142045 0.104019 0.0229678 0.0321706 0.0273308 -0.00729825 0.127739 0.182407 0.211773 0.0944199
internal_weight=16355.4 10347 6008.4 724.206 3487.82 5284.2 6859.16 84.9027 2860.37 3412.38 1871.81 435.649 1436.16 261.951 1174.21 228.941 1861.62 932.334 206.708 639.303 371.97 22.1419 1600.48 994.147 940.191 1259.88 108.792 55.7158 45.6071 53.0766
internal_count=170800 139568 31232 8960 34691 22272 104877 127 24767 10860 11412 2306 9106 2553 6553 1053 6719 10970 1253 8833 4733 90 11708 7027 6739 13059 412 179 130 233
cat_boundaries=0 6 12 18 24 25 31 37 43 44 48 54 55 60
cat_threshold=238080 151186444 8322 805309448 2147483648 5959 2151680040 36962435 101453900 2167541760 67371024 128 2550140928 41156611 1176551448 28512256 8208 10376 196608 172032 0 805308416 0 1024 1 512 151142400 8320 805308416 0 1024 66048 16818176 0 536872960 2147483648 5888 163840 16793600 8194 805308416 0 1792 7 0 3145730 101187584 1183744 197120 131072 8322 0 0 1858 16 262208 268435456 4524800 160 444796581
is_linear=0
shrinkage=0.05


Tree=10
num_leaves=31
num_cat=10
split_feature=13 11 3 7 3 10 13 13 13 13 14 1 13 5 6 11 6 5 5 5 13 11 0 12 13 1 5 12 14 5
split_gain=8015.92 1602.82 996.536 664.413 631.702 543.734 392.58 282.411 235.824 203.818 125.345 107.87 107.127 104.431 110.861 121.53 109.572 102.177 144.076 100.851 100.845 100.35 87.743 82.6653 80.4153 76.3118 88.3915 102.869 87.1588 75.7495
threshold=0 0.026785714285714288 1.0000000180025095e-35 87.500000000000014 1.0000000180025095e-35 0.059285714285714296 1 2 3 4 5 34.500000000000007 6 672.50000000000011 212.50000000000003 0.17250000000000001 26.500000000000004 228.50000000000003 235.50000000000003 669.50000000000011 7 0.062500000000000014 24.500000000000004 5.1823857198584138 8 36.500000000000007 239.50000000000003 1.8660493866423946 9 231.50000000000003
decision_type=9 10 2 8 2 8 9 9 9 9 1 2 9 2 2 10 2 2 2 2 9 10 2 10 9 2 2 8 1 2
left_child=2 6 5 17 8 9 12 23 25 13 20 -12 -2 14 15 16 -1 -4 22 -16 -9 -11 -19 -7 -10 26 29 28 -28 -3
right_child=1 4 3 -5 -6 7 -8 10 24 21 11 -13 -14 -15 19 -17 -18 18 -20 -21 -22 -23 -24 -25 -26 -27 27 -29 -30 -31
leaf_value=0.25878743475333349 0.027706719665331777 0.038633205110687602 -0.052653117409934697 0.12587010096435361 -0.047205868555653008 0.080015921562293202 -0.047629498885715299 -0.013083148309677939 -0.030676994280675177 -0.013730368528117168 0.064320286549578817 0.04137435589831244 -0.01949478285400863 -0.015617438692053174 0.037968812467865737 0.045474542265039122 0.10537228094567447 -0.055555555327585431 -0.020460132178913418 0.26793668298444845 0.039383584330670247 0.022715205609481565 0.15060607692186051 0.17681559708356986 -0.00028718041712608611 0.0064775906222115697 0.034126150048075281 0.19759626043230055 -0.010282041107204636 0.13568104563105371
leaf_weight=14.818291887640951 131.58110666275024 603.53407297283411 257.80975435674191 78.420186966657639 601.5658558011055 1240.2802105844021 5614.0927586853504 120.26054483652115 267.47165259718895 327.22922130674124 1519.1687929779291 772.70416840165854 857.92466329410672 62.910368569195271 463.25240679830313 72.074247881770134 54.240125387907028 6.8995906673371818 348.16000560671091 4.8170198649168006 364.37680148333311 446.70731858164072 20.481917023658752 22.454736709594727 1022.0094938501716 525.27635617554188 187.13491024076939 7.3895781934261313 245.92464010417461 20.800000950694084
leaf_count=28 1226 3910 4128 64 9924 3052 92893 687 3337 3108 5312 3073 10758 436 2374 274 254 64 4672 15 1394 2234 32 31 10073 4038 1326 31 1948 104
internal_value=-0.000539805 -0.0280324 0.0441738 -0.0114162 -0.000605693 0.0514677 -0.0425329 0.0608866 0.00912957 0.0251576 0.0512195 0.0563383 -0.0130037 0.0450439 0.0520476 0.0908913 0.138292 -0.0284147 -0.011775 0.0403355 0.0263629 0.00721241 0.0986575 0.0810951 -0.00677837 0.021935 0.0297664 0.0126148 0.00945835 0.0418664
internal_weight=16281.8 10084.7 6197.07 711.771 3481.11 5485.29 6603.6 4039.25 2879.54 1446.05 2776.51 2291.87 989.506 672.112 609.202 141.133 69.0584 633.351 375.542 468.069 484.637 773.937 27.3815 1262.73 1289.48 1590.06 1064.78 440.449 433.06 624.334
internal_count=170800 139568 31232 8960 34691 22272 104877 13549 24767 8723 10466 8385 11984 3381 2945 556 282 8896 4768 2389 2081 5342 96 3083 13410 11357 7319 3305 3274 4014
cat_boundaries=0 6 12 16 22 28 29 33 39 44 45
cat_threshold=238080 151186444 8322 805309448 2147483648 5959 2151680008 36962435 103551052 2167541824 67108881 2176 196608 163840 0 805306368 2550136832 41157251 1073790996 28545024 16818176 10376 41472 134408192 8322 268435464 0 4096 16 0 3145730 67633152 135168 512 16777228 130 1024 2147483648 4097 262240 268435472 5180160 160 1520635557 5
is_linear=0
shrinkage=0.05


Tree=11
num_leaves=31
num_cat=10
split_feature=13 11 3 3 12 10 13 0 13 13 13 14 6 5 6 12 5 6 13 13 10 5 5 5 13 0 0 1 13 5
split_gain=7179.21 1552.72 843.739 588.582 575.809 482.082 386.581 272.415 216.741 207.786 196.091 120.148 139.619 265.573 113.567 112.504 107.568 139.294 96.0623 93.4675 93.5842 82.3714 81.3678 120.593 78.9012 76.9739 115.17 115.766 76.9345 76.732
threshold=0 0.026785714285714288 1.0000000180025095e-35 1.0000000180025095e-35 2.6322140820217643 0.059285714285714296 1 29.500000000000004 2 3 4 5 71.500000000000014 164.50000000000003 204.50000000000003 2.6457513110645925 68.500000000000014 163.50000000000003 6 7 0.082857142857142865 606.50000000000011 228.50000000000003 235.50000000000003 8 12.500000000000002 7.5000000000000009 19.500000000000004 9 459.50000000000006
decision_type=9 10 2 2 8 8 9 2 9 9 9 1 2 2 2 10 2 2 9 9 10 2 2 2 9 2 2 2 9 2
left_child=2 6 5 9 22 10 18 15 29 -3 -1 12 13 -10 16 -6 17 -12 -2 -13 -21 -14 -4 -24 -11 26 -18 -28 -8 -7
right_child=1 3 4 -5 7 8 28 -9 11 24 14 19 21 -15 -16 -17 25 -19 -20 20 -22 -23 23 -25 -26 -27 27 -29 -30 -31
leaf_value=0.0021291613705582513 0.019930216478779319 0.020278483470157885 -0.051808703938494793 -0.046563682803066171 0.1750413721179731 0.084769894386992312 -0.035347963946804992 -0.052370406048205254 0.2868120555904925 -0.032555613860669144 0.29676478967762498 0.016357278284038837 0.058438012473434324 0.082086828612602997 0.0288146157709743 0.019796510865091342 0.030791311949196799 0.091458999699323182 -0.019683287279516896 0.17245095712426312 0.044715247365364863 0.007563689609113646 0.093371491725993849 -0.022055929766263464 -0.00065199153813283147 0.01911846755565709 0.3071802774066561 0.098823530903160761 -0.050711328712084426 0.051116865477448953
leaf_weight=659.78238800913095 185.0497240126133 1638.5576951354742 241.03889162838459 580.97235530242324 62.062831189483404 798.59230914711952 1314.2505065575242 22.416365779936314 17.543122380971909 227.55477782338858 10.750864475965498 383.90799978375435 1134.4515648111701 163.26329442858696 610.45268368721008 14.372705224901436 37.124346904456615 35.682854034006596 739.28996468707919 14.490696638822554 1369.4733643978834 85.565590888261795 24.272134076803923 334.0294525064528 1066.7411616593599 81.749305255711079 9.4444559514522535 22.665825478732586 4117.2767663188279 214.97998523712158
leaf_count=4781 1712 11384 4059 9954 38 1660 21730 39 15 2946 5 1995 3645 455 3233 115 158 155 9691 58 4670 377 89 4620 10503 380 13 93 71648 579
internal_value=-0.000560241 -0.0272304 0.0408835 -0.00058561 -0.0109064 0.0473559 -0.0420038 0.1009 0.0560079 0.00852224 0.022701 0.0489365 0.0605147 0.101951 0.0389928 0.14585 0.0724408 0.138994 -0.0116244 0.0394733 0.0457223 0.05487 -0.0293471 -0.0142366 -0.00646768 0.0519731 0.0907664 0.160107 -0.0470657 0.0768736
internal_weight=16217.8 9869.69 6348.11 3513.83 698.192 5649.92 6355.87 98.8519 4182.27 2932.85 1467.65 3168.7 1400.82 180.806 807.87 76.4355 197.418 46.4337 924.34 1767.87 1383.96 1220.02 599.34 358.302 1294.3 150.984 69.2346 32.1103 5431.53 1013.57
internal_count=170800 139568 31232 34787 8960 22272 104781 192 13454 24833 8818 11215 4492 470 4037 153 804 160 11403 6723 4728 4022 8768 4709 13449 644 264 106 93378 2239
cat_boundaries=0 6 12 16 22 28 29 35 41 46 52
cat_threshold=237568 151186446 8322 805309448 2147483648 1991 2151680552 37224577 101191756 2167541824 67371025 4096 65536 131072 0 805306368 2550141440 41156737 1176551448 28409856 8208 14344 131072 16777228 0 536870912 2147483648 1991 3 512 3145728 101187584 1183744 0 4096 0 16793606 8194 2048 2147483648 384 262240 268435472 4655872 160 1520635557 8916992 268698112 540428848 138461216 26402850 2056
is_linear=0
shrinkage=0.05


Tree=12
num_leaves=31
num_cat=9
split_feature=11 13 13 3 3 7 13 13 10 14 3 14 11 13 0 13 11 1 5 5 11 5 10 1 11 11 1 13 0 10
split_gain=6519.29 1445.24 759.725 475.414 377.788 495.73 313.343 274.092 219.214 165.167 163.464 145.287 145.432 128.857 126.349 106.32 98.3301 103.511 97.8815 97.3522 96.8892 96.2347 96.0989 94.926 90.7377 97.0805 82.7822 80.1205 71.4094 69.9018
threshold=0.041071428571428578 0 1 1.0000000180025095e-35 1.0000000180025095e-35 87.500000000000014 2 3 1.1785714285714286 4 1.0000000180025095e-35 5 2.7142857142857149 6 29.500000000000004 7 0.11696428571428573 34.500000000000007 275.50000000000006 228.50000000000003 0.026785714285714288 235.50000000000003 0.82142857142857151 44.500000000000007 0.81250000000000011 0.7053571428571429 44.500000000000007 8 30.500000000000004 1.5000000000000002
decision_type=8 9 9 2 2 8 9 9 8 1 2 1 8 9 2 9 10 2 2 2 10 2 10 2 10 10 2 9 2 8
left_child=2 4 9 7 11 19 10 26 -5 -1 -4 12 15 -9 -10 16 -2 18 22 -6 -8 -21 -18 29 25 -24 -3 -22 -23 -13
right_child=1 3 6 8 5 -7 20 13 14 -11 -12 23 -14 -15 -16 -17 17 -19 -20 21 27 28 24 -25 -26 -27 -28 -29 -30 -31
leaf_value=0.029598452172790352 0.18152583718151183 0.028843523181884486 -0.008074351180903579 -0.045230023704933751 -0.050590299214771407 0.12535372558356625 -0.047292840600621236 0.0087655413550467715 0.10438341785809338 -0.020145163141657638 -0.050851293372471497 0.044789028669142535 -0.048570323812281102 -0.024331113525190465 -0.055555555482779233 0.054290958413680479 0.084067150766803586 0.050613716908676089 0.063676035320858346 0.095855668410828543 0.02285359216298399 -0.014610994625153875 0.14333192072086726 0.018691301878166131 0.10440160786629825 0.27878170486627368 -0.00027456948309441935 -0.032124294881309322 0.19898246189768093 0.084734682391052349
leaf_weight=503.24073368310928 24.829702496528625 1748.0663989260793 1016.8334330394864 534.02587516605854 152.26720482110977 69.801557779312134 4969.5561065375805 670.48744778335094 41.208108860999346 240.50057103857398 286.18268354982138 1964.3158207833767 28.92785057425499 509.71218455955386 17.631495289504528 1289.6659005656838 130.45631627738476 200.8365177065134 158.65772296488285 24.056782707571983 72.898571785539389 189.17236211150885 37.517415791749954 344.82381654530764 62.99951171875 20.433512032032013 283.7057471126318 444.4857723005116 3.9957373365759841 115.98557191342115
leaf_count=3810 35 9933 12087 9235 2655 50 88652 5874 201 2882 4880 6399 211 6236 151 3874 259 485 322 67 689 2543 51 1330 91 16 1859 5625 32 266
internal_value=-0.000577638 0.029108 -0.0345578 0.00598455 0.0472556 0.00314984 -0.0397786 0.0135936 -0.035138 0.0134592 -0.0173364 0.0517876 0.062387 -0.00561279 0.0564571 0.0643781 0.0826866 0.0800229 0.0944265 -0.019936 -0.0450669 0.00155168 0.113833 0.0428122 0.145937 0.191092 0.0246563 -0.0245572 -0.0101928 0.0470162
internal_weight=16157.3 8623.58 7533.7 3804.84 4818.74 439.294 6789.96 3211.97 592.865 743.741 1303.02 4379.45 1954.32 1180.2 58.8396 1925.4 635.731 610.901 410.064 369.492 5486.94 217.225 251.407 2425.13 120.95 57.9509 2031.77 517.384 193.168 2080.3
internal_count=170800 52175 118625 33489 18686 5347 111933 23902 9587 6692 16967 13339 5344 12110 352 5133 1259 1224 739 5297 94966 2642 417 7995 158 67 11792 6314 2575 6665
cat_boundaries=0 6 12 18 24 25 26 31 35 41
cat_threshold=237568 134654980 130 805307400 0 1486 107008 154331146 101200002 806492160 0 5634 2155872296 34079877 2113628 2166359104 2231631889 2249 2554331648 55591563 1073782800 19957760 2147524608 14849 23 3 6296 2101312 338706476 134680576 1641299986 196608 131072 2 805306368 939524096 4194304 1879048192 12648448 268443648 8196
is_linear=0
shrinkage=0.05


Tree=13
num_leaves=31
num_cat=13
split_feature=11 13 13 3 13 5 3 7 12 13 3 13 14 1 14 1 13 13 13 0 13 0 0 14 11 0 6 0 5 13
split_gain=5933.63 1238.51 725.127 501.954 312.813 280.708 250.597 455.346 241.136 190.939 165.624 160.225 141.043 127.502 117.2 180.98 111.119 106.328 102.617 98.9233 98.2132 95.015 112.79 92.0103 110.247 92.1683 136.56 130.277 155.232 90.7111
threshold=0.041071428571428578 0 1 1.0000000180025095e-35 2 672.50000000000011 1.0000000180025095e-35 87.500000000000014 0.89973541084243758 3 1.0000000180025095e-35 4 5 36.500000000000007 6 33.500000000000007 7 8 9 24.500000000000004 10 4.5000000000000009 3.5000000000000004 11 2.7142857142857149 22.500000000000004 16.500000000000004 16.500000000000004 479.50000000000006 12
decision_type=8 9 9 2 9 2 2 8 8 9 2 9 1 2 1 2 9 9 9 2 9 2 2 1 8 2 2 2 2 9
left_child=2 6 12 5 10 9 23 -8 -5 -3 -4 19 -1 14 15 29 -16 21 -15 -10 -6 22 -7 24 25 27 -27 -2 -29 -11
right_child=1 3 4 8 20 17 7 -9 11 13 -12 -13 -14 18 16 -17 -18 -19 -20 -21 -22 -23 -24 -25 -26 26 -28 28 -30 -31
leaf_value=0.027358932928046722 0.056120767341615266 -0.03582832531785287 -0.007522834501002669 -0.048685031018670027 -0.032802435333748353 0.018471184235480328 -0.018830930550640203 0.12432376424063366 -0.022349571547321694 0.032600394842765126 -0.051197128696375029 -0.012777453218716071 -0.018867672878675797 0.018540000567474669 0.0091103342118534891 0.082636675073752733 0.039958097700564493 -0.047797119606500099 -0.015411434399024213 0.17082062133613049 -0.049140488679730851 -0.013314933370416128 0.23792496778153951 0.041420979119895757 -0.047251698388933047 0.19541019707516349 0.036342317858435724 0.10438204830767372 0.023421498562848302 -0.024507648866390376
leaf_weight=513.35436360538006 938.1780856102705 143.43628735095263 1015.4942264705896 506.64836565777659 1477.5107307136059 15.890908356755972 312.2689712382853 67.567639067769051 8.5492634661495668 84.37336627393961 276.09396415576339 86.94759214296937 234.28569227457047 605.37426745891571 391.9681740924716 61.473200999200344 1457.2052255272865 221.5610799305141 340.34084732830524 29.486014746129513 3790.3758697509766 73.132935531437397 9.2707301862537861 2262.9323546774685 24.452679492533207 13.891578704118727 469.91748604178429 333.90875414013863 71.96837867051363 263.54054915904999
leaf_count=3763 2276 1810 12147 9203 24157 129 4512 42 128 479 4906 982 2844 3675 3233 336 7714 3092 2770 67 70808 656 37 6805 179 19 1215 652 206 1958
internal_value=-0.000587794 0.0270798 -0.0338864 0.00780941 -0.0391692 0.0149176 0.045392 0.00663429 -0.033341 0.0191934 -0.0167293 0.02886 0.0128152 0.0217005 0.0282222 0.0034639 0.0335035 -0.0298336 0.00635475 0.100879 -0.0446289 0.0140866 0.0993283 0.0490797 0.0578999 0.0596234 0.0409096 0.0663596 0.0900265 -0.0104256
internal_weight=16101.4 8794.28 7307.11 4299.2 6559.47 3667.57 4495.09 379.837 631.631 3347.71 1291.59 124.983 747.64 3204.28 2258.56 409.387 1849.17 319.856 945.715 38.0353 5267.89 98.2946 25.1616 4115.25 1852.32 1827.86 483.809 1344.06 405.877 347.914
internal_count=170800 52175 118625 36269 112018 25889 15906 4554 10380 21975 17053 1177 6607 20165 13720 2773 10947 3914 6445 195 94965 822 166 11352 4547 4368 1234 3134 858 2437
cat_boundaries=0 6 12 18 23 29 30 31 36 42 48 54 55 61
cat_threshold=237568 134654976 2 805307400 0 334 107008 154331146 101195906 823269376 0 5634 2155872296 34079877 282716 2149581888 2231631889 2249 60555296 276889632 21433152 12583056 268566761 8 36716558 100663296 2147487744 0 4224 23 16 2147502216 2625536 916979744 2150973504 89440274 2285896192 18890795 269484032 131072 2147778790 1 2554335872 57688269 2097280 1245184 2151727104 3713 4200448 272896512 1613892096 138788896 5300258 8452 3 8 20996 2097152 1050624 83927040 1024
is_linear=0
shrinkage=0.05


Tree=14
num_leaves=31
num_cat=8
split_feature=11 13 13 14 13 3 10 3 5 0 3 1 12 13 3 1 5 13 11 13 5 5 0 1 5 8 0 13 5 5
split_gain=5405.5 1066.84 682.175 373.899 321.071 307.773 266.571 248.075 199.347 176.526 151.695 151.481 146.848 143.545 141.537 141.362 146.901 127.319 109.798 105.822 105.277 115.117 102.435 101.681 101.521 91.0682 83.0903 82.4833 81.3301 84.9234
threshold=0.041071428571428578 0 1 2 3 1.0000000180025095e-35 1.642857142857143 1.0000000180025095e-35 672.50000000000011 29.500000000000004 1.0000000180025095e-35 2.5000000000000004 0.95118973121134209 4 1.0000000180025095e-35 34.500000000000007 630.50000000000011 5 0.026785714285714288 6 672.50000000000011 669.50000000000011 20.500000000000004 15.500000000000002 104.50000000000001 11.500000000000002 9.5000000000000018 7 228.50000000000003 235.50000000000003
decision_type=8 9 9 1 9 2 8 2 2 2 2 2 8 9 2 2 2 9 10 9 2 2 2 2 2 8 2 9 2 2
left_child=2 3 14 15 10 8 7 11 13 22 -4 -5 -7 -3 20 16 17 -2 -6 -14 21 -1 -8 -13 -25 -26 27 -17 -9 -30
right_child=1 5 4 6 18 12 9 28 -10 -11 -12 23 19 -15 -16 26 -18 -19 -20 -21 -22 -23 -24 24 25 -27 -28 -29 29 -31
leaf_value=0.026278922380646483 0.072277792302215441 -0.032238485046558518 -0.0073267436559665763 0.12855805753286512 -0.046660320228625159 -0.048844937918817194 0.024012277016485818 -0.050966889337919888 -0.03331516949619865 -0.047172488081038008 -0.049619549947790262 -0.015574347322918925 0.1013334076745472 0.015932316842981041 -0.037104135960272476 -0.00060667321715979726 0.014407721477830499 0.046597809239705336 -0.022094259200223478 -0.013339566449832819 -0.04792221514525119 0.21652026038802671 0.12703594364906168 0.070816920910807143 0.016752666048325877 0.19776280903702292 0.024769207200249648 0.059200081028432772 0.085570975186258016 -0.015131548160466447
leaf_weight=547.16814807057381 815.40667608380318 157.89085059612989 1034.7534625306726 32.754997201263905 4565.0562211871147 386.52691461145878 32.19976881146431 166.01095547899604 262.37605844438076 23.750679813325405 266.65802997350693 170.27768696844578 19.541427157819271 2196.1379467621446 117.46239343285561 77.208254903554916 245.06476794183254 1866.2288510799408 505.18027585744858 61.382242608815432 48.294799588620663 8.0691289231181127 96.243484951555729 113.39256128668785 560.60947156697512 7.0358665809035292 1040.2868085205555 378.9899511039257 23.100746873766184 223.37719358503819
leaf_count=4159 1560 2043 12250 90 88443 7448 140 3130 3561 38 4941 641 96 15172 1889 336 1113 5654 6466 788 447 30 104 362 2068 32 3450 1066 74 3209
internal_value=-0.000599705 0.0252243 -0.0332074 0.0376996 -0.0383884 0.00134353 0.0153467 0.00810441 0.00802446 0.078053 -0.0158706 0.0230436 -0.0360221 0.0126321 0.0129322 0.0449699 0.0514633 0.0548496 -0.0441256 0.0252253 0.0228848 0.0290437 0.101209 0.0189839 0.0276244 0.0189963 0.0325713 0.0503626 -0.0239142 -0.00569337
internal_weight=16048.4 8955.79 7092.64 5871.94 6371.65 3083.86 1448.75 1296.56 2616.4 152.194 1301.41 884.071 467.451 2354.03 720.994 4423.19 2926.7 2681.64 5070.24 80.9237 603.532 555.237 128.443 851.316 681.038 567.645 1496.49 456.198 412.489 246.478
internal_count=170800 52175 118625 23067 112100 29108 9888 9606 20776 282 17191 3193 8332 17215 6525 13179 8327 7214 94909 884 4636 4189 244 3103 2462 2100 4852 1402 6413 3283
cat_boundaries=0 6 12 13 19 24 28 34 40
cat_threshold=237568 134671372 146 805340168 2147483648 1999 107008 154331150 101195908 806492160 0 5634 15 2155872288 34079873 2379866 2166359104 2231631889 2249 60555296 276889632 21957376 12582928 335675625 196608 393216 2 805306368 8 34603010 100663296 2147487744 0 4096 32768 1028 130 0 2147483648 129
is_linear=0
shrinkage=0.05


Tree=15
num_leaves=31
num_cat=9
split_feature=11 13 13 3 13 14 10 3 5 12 3 0 13 3 1 0 0 6 5 5 13 11 13 5 6 13 6 0 0 13
split_gain=4931.1 924.49 658.374 308.781 304.717 284.985 214.181 211.063 190.74 165.462 142.986 139.194 134.175 130.319 120.251 108.057 117.293 145.396 137.473 142.965 135.844 225.153 106.815 106 105.598 109.958 132.249 103.482 127.859 101.244
threshold=0.041071428571428578 0 1 1.0000000180025095e-35 2 3 1.642857142857143 1.0000000180025095e-35 672.50000000000011 0.95118973121134209 1.0000000180025095e-35 29.500000000000004 4 1.0000000180025095e-35 2.5000000000000004 22.500000000000004 18.500000000000004 122.50000000000001 475.50000000000006 220.50000000000003 5 0.90178571428571441 6 108.50000000000001 139.50000000000003 7 114.50000000000001 24.500000000000004 29.500000000000004 8
decision_type=8 9 9 2 9 1 8 2 2 8 2 2 9 2 2 2 2 2 2 2 9 10 9 2 2 9 2 2 2 9
left_child=2 5 13 8 10 15 7 14 12 -5 -4 -8 -3 -1 -7 16 17 20 19 -18 21 -2 24 -22 25 -6 -27 -11 -29 -19
right_child=1 3 4 9 22 6 11 -9 -10 27 -12 -13 -14 -15 -16 -17 18 29 -20 -21 23 -23 -24 -25 -26 26 -28 28 -30 -31
leaf_value=0.020725968612362144 0.20357157829720568 -0.038418301180132633 -0.0071791189535377027 -0.048350440663132932 -0.038266454804729712 0.11508003502170226 0.090857028081067326 -0.022321676983427338 -0.031136575336213654 -0.052897020432814301 -0.049483787900578897 -0.046268371883022297 0.015418040511893844 -0.036483612236088404 0.018753004639360155 0.029039642306578059 0.054395190834723932 0.0088722015355922786 0.018073419740473235 0.10818440849368474 0.18980465089841514 0.0049531787895991768 -0.048517048886957681 0.048606990659520365 -0.036994739684351123 0.011864325962945918 0.15654736200168465 0.10611396599654098 -0.055555555384788347 0.040742217593443965
leaf_weight=636.09530382603407 51.014788091182709 112.61598743498325 999.9398732483387 393.11714724078774 87.40595905855298 33.726249694824219 131.41268269717693 377.64681391790509 270.10589825734496 28.131367024034262 249.59231524914503 21.539892334491014 2493.8352259397507 118.01080739498138 823.30020783096552 1159.991219099611 283.97726808488369 316.17051807045937 119.22025452926755 218.64318174123764 13.691375732421873 19.808984011411667 3484.6631382443011 455.67344868183136 1194.4731525182724 98.358863189816475 18.815539430826902 45.501535069197416 16.724849380552769 1724.2365553081036
leaf_count=4842 45 1550 11988 7859 1553 83 239 5962 3657 498 4842 36 16708 1962 2884 3428 711 1371 395 453 23 42 70808 1146 21063 1405 162 257 174 4654
internal_value=-0.000597744 0.0235392 -0.0325243 0.0026371 -0.037909 0.0356866 0.0156222 0.00882084 0.00885898 -0.034327 -0.0155053 0.071546 0.0130037 0.0116191 0.0225437 0.0420184 0.0468509 0.0421536 0.0663442 0.0777939 0.0652196 0.129705 -0.0435977 0.0516258 -0.0310876 0.00188241 0.0323374 0.0266842 0.0626614 0.036047
internal_weight=15997.4 9110.09 6887.35 3360.03 6133.25 5750.05 1387.63 1234.67 2876.56 483.475 1249.53 152.953 2606.45 754.106 857.026 4362.43 3202.44 2580.6 621.841 502.62 540.189 70.8238 4883.72 469.365 1399.05 204.58 117.174 90.3578 62.2264 2040.41
internal_count=170800 52175 118625 30703 111821 21472 9204 8929 21915 8788 16830 275 18258 6804 2967 12268 8840 7281 1559 1164 1256 87 94991 1169 24183 3120 1567 929 431 6025
cat_boundaries=0 6 12 18 19 24 27 33 39 45
cat_threshold=237568 134654988 146 805340168 0 1999 107008 154331146 101200000 823269376 0 5634 2155872296 34079877 1327198 2149581888 2231369745 2249 15 60555296 276889632 21433088 12582928 268566697 0 8192 2 4200448 272896512 1612843520 138788896 5562402 8452 4194304 268702208 539099136 134217760 0 4 32768 0 18 32768 0 1928
is_linear=0
shrinkage=0.05


Tree=16
num_leaves=31
num_cat=8
split_feature=11 13 13 3 3 12 12 13 13 13 5 10 0 0 13 11 13 3 3 5 11 10 5 5 0 5 6 0 1 13
split_gain=4523.13 1116.57 491.142 387.584 286.57 302.209 206.564 196.414 181.171 124.136 105.504 127.551 105.232 137.599 103.301 125.207 93.9566 89.1735 87.0439 83.4077 83.2842 81.3911 77.0861 75.7824 69.8621 66.8283 71.4226 128.158 66.4946 62.5563
threshold=0.026785714285714288 0 1 1.0000000180025095e-35 1.0000000180025095e-35 1.6109573194499607 0.95118973121134209 2 3 4 471.50000000000006 0.67857142857142871 24.500000000000004 25.500000000000004 5 0.27964285714285719 6 1.0000000180025095e-35 1.0000000180025095e-35 672.50000000000011 2.6250000000000004 0.059285714285714296 669.50000000000011 54.500000000000007 29.500000000000004 451.50000000000006 7.5000000000000009 7.5000000000000009 46.500000000000007 7
decision_type=8 9 9 2 2 8 8 9 9 9 2 10 2 2 9 10 9 2 2 2 8 8 2 2 2 2 2 2 2 9
left_child=2 4 18 8 9 -6 -5 17 25 20 16 -12 -8 -14 15 -7 -10 -4 19 22 -2 23 -1 -11 -15 28 27 -27 -3 -28
right_child=1 3 7 6 5 14 12 -9 10 21 11 -13 13 24 -16 -17 -18 -19 -20 -21 -22 -23 -24 -25 -26 26 29 -29 -30 -31
leaf_value=0.030005118065832344 0.047735238409972486 0.021838325079550636 -0.010501395285612995 -0.049588640206460755 -0.027852976496075744 0.17134735984547619 -0.052688168419195935 -0.045945065086871822 -0.03349504000607998 0.059603677084069197 -0.03525490310620006 0.22239660550270438 0.23187493611466042 0.069804212084944861 0.013965956179541876 0.023500897984107816 0.0055516881194657679 -0.049801252459987705 -0.035142846914689337 -0.051043207926457029 -0.024496286707987761 0.033813609841679408 0.19152472604465193 0.010548665787638838 -0.05555555602691678 0.0056476174573271871 0.0099116163033056599 0.26341127496805811 -0.020086141420276041 -0.026799120455534304
leaf_weight=302.7140402123332 1910.9556688964367 1555.1035066321492 663.94660797342658 529.02811412513256 367.56535717844963 38.50757259875536 26.22069326788187 4245.6868901103735 173.49439392238855 88.37209640443325 356.3914996907115 4.8691335618495932 10.482771813869475 39.001036752015352 93.389007724821568 22.798228029161692 950.78265583515167 184.43977766111493 70.033954784274101 31.82896414399147 40.758138403296471 2921.3419257998466 7.5717212706804267 721.59967160224915 15.543078225105999 15.73629003763199 259.05739852041006 6.9527361765503874 100.70277159661055 195.782056491822
leaf_count=2467 3858 8929 8966 11010 6238 25 488 88817 2313 363 4906 22 44 214 355 187 9276 3625 1150 319 189 8969 26 3561 171 112 1787 23 709 1681
internal_value=-0.000603448 0.0187289 -0.0372739 -0.00108471 0.0322144 -0.00317833 -0.0376053 -0.0414738 0.00517194 0.0355236 -0.00822036 -0.0317822 0.0318705 0.0659669 0.0554503 0.100047 -0.000722408 -0.0188233 0.0152726 0.0260395 0.0459912 0.0298452 0.0339466 0.0159008 0.0340813 0.0144683 -0.00194268 0.0846357 0.0192886 -0.00626152
internal_weight=15950.7 10444.4 5506.22 4239.15 6205.29 522.26 620.276 5094.07 3618.87 5683.03 1485.54 361.261 91.2476 65.0269 154.695 61.3058 1124.28 848.386 412.149 342.115 1951.71 3731.31 310.286 809.972 54.5441 2133.33 477.528 22.689 1655.81 454.839
internal_count=170800 65430 105370 41685 23745 6805 11927 101408 29758 16940 16517 4928 917 429 567 212 11589 12591 3962 2812 4047 12893 2493 3924 385 13241 3603 135 9638 3468
cat_boundaries=0 6 12 18 24 28 34 40 46
cat_threshold=268673024 134654989 1073741970 805374984 2147483648 1607 33280 154332298 67641476 823267328 0 5250 2151753760 34078725 35934298 2283833344 2214592531 2368 2281705984 57688578 839966720 28311552 16818176 14728 196608 163840 2 805306368 65536 134144 0 268435464 0 4 54263872 276889648 4459268 16560 136513157 16 2147484160 3162114 806354944 0 0 4104
is_linear=0
shrinkage=0.05


Tree=17
num_leaves=31
num_cat=8
split_feature=11 13 13 3 3 5 13 12 13 13 10 0 5 5 10 14 11 13 3 0 0 11 5 10 11 13 3 5 10 5
split_gain=4160.65 971.173 465.273 362.095 245.862 282.735 203.204 195.328 168.055 163.868 143.843 171.041 111.752 109.854 110.121 105.909 99.6297 95.2027 94.0107 93.126 107.97 85.772 101.182 80.8566 80.4669 79.8394 76.962 77.3822 74.2076 76.9769
threshold=0.026785714285714288 0 1 1.0000000180025095e-35 1.0000000180025095e-35 549.50000000000011 2 0.95118973121134209 3 4 0.67857142857142871 29.500000000000004 552.50000000000011 471.50000000000006 0.67857142857142871 5 2.7142857142857149 6 1.0000000180025095e-35 24.500000000000004 25.500000000000004 0.12785714285714289 172.50000000000003 3.5000000000000004 0.11696428571428573 7 1.0000000180025095e-35 672.50000000000011 0.75000000000000011 283.50000000000006
decision_type=8 9 9 2 2 2 9 8 9 9 8 2 2 2 10 1 8 9 2 2 2 10 2 8 10 9 2 2 10 2
left_child=2 4 26 9 15 -6 18 -5 10 -3 12 -12 -7 25 -15 16 17 21 -4 -9 -21 22 -2 24 -17 -11 27 -1 -23 -30
right_child=1 3 6 7 5 8 -8 19 -10 13 11 -13 -14 14 -16 23 -18 -19 -20 20 -22 28 -24 -25 -26 -27 -28 -29 29 -31
leaf_value=0.031882835101516675 0.17383971642011112 0.013481872755775535 -0.0099602084684703926 -0.049288711717724545 -0.031073391816467601 0.39964377989626226 -0.045655847007023631 -0.052533883161551581 -0.0067856174731106668 -0.032366450057045172 0.16681793218539645 -0.05555555584171025 -0.024429700161410994 -0.036943265881340275 0.19163274821572229 0.0030724219236309548 -0.04537116183375773 0.035485716908771212 -0.050189157896186637 0.19972336941637128 0.031637098871794306 0.040258634364266896 0.035493186739331259 0.094655446635125914 0.02839382785954846 0.0049369274060140104 -0.034147988933567276 -0.050902574568051584 0.097703487488810734 0.036932825468736406
leaf_weight=313.06841968744993 33.60580886900425 2185.6835613436997 684.73165375739336 506.21308185905218 329.18935143202543 1.6501142531633402 4047.7722873352468 25.013326395303011 91.891483299434185 158.61251204833388 59.229206882417202 10.12546034902334 26.535032458603382 330.12707272917032 5.3547013700008383 353.20586171373725 33.258729636669159 1947.518955282867 184.31603094562888 11.532509140670298 55.683031640946865 362.01812891662121 21.782724231481552 42.921692702919245 2808.5504643693566 950.92125784605742 67.019596140831709 31.024909347295761 149.95854645967484 79.859130054712296
leaf_count=2443 47 13572 9400 11010 5506 5 88266 488 728 2169 126 18 422 4763 22 2013 267 5369 3802 44 385 729 73 121 8022 9232 1135 324 172 127
internal_value=-0.00060669 0.0175386 -0.0366405 -0.00105705 0.0298756 -0.00306822 -0.0408644 -0.0370958 0.0455985 0.00488024 0.086751 0.134352 0.000397905 -0.00816708 -0.0332949 0.0328561 0.0404645 0.0417207 -0.018282 0.029827 0.0604765 0.0590216 0.119432 0.0264081 0.0255651 -0.000642964 0.0145179 0.0244186 0.0543652 0.0765863
internal_weight=15908.4 10580.4 5327.93 4229.14 6351.3 518.621 4916.82 598.442 189.431 3630.7 97.5398 69.3547 28.1851 1445.02 335.482 5832.68 2628 2594.74 869.048 92.2289 67.2155 647.224 55.3885 3204.68 3161.76 1109.53 411.113 344.093 591.836 229.818
internal_count=170800 65430 105370 41685 23745 6805 101468 11927 1299 29758 571 144 427 16186 4785 16940 6784 6517 13202 917 429 1148 120 10156 10035 11401 3902 2767 1028 299
cat_boundaries=0 6 12 18 24 30 31 35 40
cat_threshold=268673024 134654989 1073741970 805374984 2147483648 1607 98816 154332298 67641476 823269376 0 4226 2151688224 34078725 36982874 2149613568 2214592531 3400 73728 396288 0 805306376 0 6 2281705984 57688578 839950336 26378240 16818176 14728 3 131072 131072 18 805306368 35913792 276889648 4459268 16560 134416005
is_linear=0
shrinkage=0.05


Tree=18
num_leaves=31
num_cat=8
split_feature=11 13 13 3 14 13 10 3 5 13 12 13 1 1 5 7 0 6 13 12 10 3 0 0 1 5 8 13 5 5
split_gain=3828.94 848.542 464.942 362.67 204.188 177.511 160.985 162.108 154.838 177.372 146.402 121.21 119.736 106.235 105.124 106.139 181.07 104.662 83.0564 81.4576 91.2539 81.2249 80.0635 120.888 80.0024 108.992 81.7297 78.1831 78.0063 107.657
threshold=0.026785714285714288 0 1 1.0000000180025095e-35 2 3 1.1785714285714286 1.0000000180025095e-35 471.50000000000006 4 0.95118973121134209 5 2.5000000000000004 34.500000000000007 672.50000000000011 12.500000000000002 3.5000000000000004 7.5000000000000009 6 1.7043362064926921 0.75000000000000011 1.0000000180025095e-35 29.500000000000004 20.500000000000004 15.500000000000002 104.50000000000001 11.500000000000002 7 367.50000000000006 383.50000000000006
decision_type=8 9 9 2 1 9 8 2 2 9 8 9 2 2 2 8 2 2 9 8 8 2 2 2 2 2 8 9 2 2
left_child=2 4 21 8 13 -4 7 12 11 17 -5 -3 -6 14 27 -16 -17 -10 -12 -19 -21 -1 23 -8 -14 -26 -27 -2 -9 -30
right_child=1 3 5 10 6 -7 22 28 9 -11 18 -13 24 -15 15 16 -18 19 -20 20 -22 -23 -24 -25 25 26 -28 -29 29 -31
leaf_value=0.02168555004718872 0.051575086280813309 0.01930860625174179 -0.018232988099532541 -0.048959291080021082 0.10037360993171668 -0.045066841585630568 0.0051787292462795974 -0.042998496611568585 0.12930175705559852 -0.036106551018518493 0.086421192798749491 -0.0014051539487931932 -0.018956625143632656 0.022582658933053699 -0.04284406849070569 -0.055555555286435701 0.21537165231628996 -0.0012379617267268992 -0.011072417316354442 0.34128240192746379 0.055763894034622043 -0.035839897923345819 -0.037010966143821045 0.08621037779860341 0.061025280175425023 0.0081680588926057781 0.17284407782014116 0.033554405987058215 0.17494329983774504 -0.0065478294601922756
leaf_weight=384.38588201999664 1018.4596235081553 1583.538436204195 786.53273928537965 483.30884743854403 40.194919481873512 3914.8362953700125 68.312268678098917 211.94809001684189 17.992627520114183 428.25282153114676 21.438807103782892 1273.8351591527462 167.70178972184658 1689.0139350816607 73.851517181843519 12.612051595002413 12.06831494346261 308.44232132658362 69.69139651209116 3.2721069529652622 19.333878949284554 73.020369172096252 23.794863525778055 141.09061212092638 129.01242645084858 582.94787702709436 7.6332377158105365 2160.6968565136194 8.6370082795619947 151.41461402922869
leaf_count=3151 1816 9262 12251 10977 95 88680 298 4066 105 5491 96 12181 615 5138 516 96 32 2491 826 7 159 1288 46 193 388 2097 32 6001 84 2322
internal_value=-0.0006065 0.0164413 -0.0359939 -0.00107775 0.0277458 -0.0406258 0.011572 0.00478302 0.00475441 -0.015032 -0.0379986 0.0101369 0.0159672 0.0327036 0.0380188 -0.0128445 0.0769236 0.0115293 0.0201317 0.00547656 0.0970913 0.0122347 0.0499 0.0597759 0.0121435 0.0193914 0.0102965 0.0395952 -0.0231019 0.00324614
internal_weight=15867.3 10708.5 5158.78 4209.11 6499.39 4701.37 1532.69 1299.49 3634.67 777.294 574.439 2857.37 927.49 4966.7 3277.69 98.5319 24.6804 349.041 91.1302 331.048 22.606 457.406 233.198 209.403 887.295 719.594 590.581 3179.16 372 160.052
internal_count=170800 65430 105370 41595 23835 100931 10236 9699 29696 8253 11899 21443 3227 13599 8461 644 128 2762 922 2657 166 4439 537 491 3132 2517 2129 7817 6472 2406
cat_boundaries=0 6 12 13 19 25 31 37 41
cat_threshold=268673024 134671373 1073741970 805372936 2147483648 1607 33280 154331274 67645572 823267328 0 5250 15 2151753728 34079749 36978778 2283833344 2214592531 2368 2281701888 24117298 873463812 1196032 311494 4104 134234632 55574720 305193024 28346368 8208 14728 8 34603010 100663296 2147487744 0 4096 196608 131072 1073741842 805306368
is_linear=0
shrinkage=0.05


Tree=19
num_leaves=31
num_cat=11
split_feature=11 13 13 3 13 3 12 13 12 6 5 13 13 3 14 10 0 13 0 0 6 1 5 5 5 13 5 13 14 5
split_gain=3525.19 745.467 424.661 330.791 203.074 173.975 248.874 141.309 133.764 123.754 224.464 144.366 133.918 92.3155 87.5373 91.8104 85.9446 79.6264 110.531 76.916 97.0049 83.157 109.527 88.0559 93.4027 76.1915 72.4572 69.6968 68.6131 84.1611
threshold=0.026785714285714288 0 1 1.0000000180025095e-35 2 1.0000000180025095e-35 1.6109573194499607 3 0.95118973121134209 134.50000000000003 98.500000000000014 4 5 1.0000000180025095e-35 6 0.18785714285714289 5.5000000000000009 7 24.500000000000004 22.500000000000004 27.500000000000004 10.500000000000002 72.500000000000014 443.50000000000006 415.50000000000006 8 672.50000000000011 9 10 708.50000000000011
decision_type=8 9 9 2 9 2 8 9 8 2 2 9 9 2 1 8 2 9 2 2 2 2 2 2 2 9 2 9 1 2
left_child=2 5 26 7 13 14 -7 -3 -5 10 -9 28 -12 -4 16 -16 -2 -8 -19 21 -21 23 -23 24 -18 -10 -1 -17 -11 -30
right_child=1 3 4 8 -6 6 17 9 25 11 12 -13 -14 -15 15 27 19 18 -20 20 -22 22 -24 -25 -26 -27 -28 -29 29 -31
leaf_value=0.019785789952288541 0.010778538408747694 -0.035365476421218442 -0.0090592087056597451 -0.047711657091335867 -0.044845768070176595 -0.026530035258916125 -0.0036288770359792048 0.2108175208780938 0.080569047139538053 0.01851632064947055 0.039621041756196546 -0.013163608404427776 -0.0024633687316577353 -0.049512432449481641 0.014931669041648311 0.014571375599191623 0.076872822453175921 -0.020795471665025284 0.10233017081578069 0.1353525176923461 0.019810740536542956 0.089508918746742216 0.037364859476438771 0.017087814212786639 0.17738412741922596 -0.011918064529372814 -0.051835211887136849 0.033659021119034224 -0.0042757815578674937 0.16944887037594922
leaf_weight=381.47860309109092 217.20484049618244 200.6958917118609 683.23047142103314 466.4260215498507 3717.3951945118606 343.20511100813746 60.686919961124659 15.828036628663538 22.54335680603981 1048.6451435089111 406.36227715760469 1003.7106485441327 352.16559759527445 177.7113123498857 1561.3517334610224 659.18016065657139 65.264358870685101 23.130509223788977 85.989615943282843 19.170071601867676 346.77324321866035 122.02509513497353 576.38112761080265 31.815821588039398 35.788355655968189 67.767416425049305 38.915946040302515 2462.0192171782255 627.79769466817379 7.0498193204402915
leaf_count=3447 578 3217 9664 11017 87883 6245 182 48 96 6621 2437 10244 2751 3905 6115 2253 125 270 114 25 899 232 1421 73 51 808 471 5189 4387 32
internal_value=-0.000601217 0.0154308 -0.0353321 -0.00101689 -0.0396977 0.0258913 -0.00203394 0.00443945 -0.0369273 0.00682972 0.0244608 0.00177448 0.0205722 -0.0172095 0.0282835 0.0247776 0.0394359 0.0474763 0.0698314 0.0449645 0.0258634 0.0533731 0.0464754 0.08963 0.112469 0.0187702 0.0128502 0.0297823 0.0106953 -0.00231022
internal_weight=15827.7 10829 4998.73 4218.99 4578.34 6609.99 513.012 3662.26 556.737 3461.56 774.356 2687.2 758.528 860.942 6096.97 4682.55 1414.42 169.807 109.12 1197.22 365.943 831.275 698.406 132.869 101.053 90.3108 420.395 3121.2 1683.49 634.848
internal_count=170800 65430 105370 41658 101452 23772 6811 29737 11921 26520 5236 21284 5188 13569 16961 13557 3404 566 384 2826 924 1902 1653 249 176 904 3918 7442 11040 4419
cat_boundaries=0 6 12 18 23 29 35 36 42 48 54 55
cat_threshold=268673024 134671373 1073741970 805374984 0 839 107008 154332298 67641476 823269376 0 4226 2151680032 34078725 35934298 2283831296 2214854675 3400 52166720 2961244416 5049088 180 167972481 2818572808 57675906 909172740 2228224 2168455168 6280 6144 50856514 72 2165362688 76816386 11400 1 40960 134258692 2 3072 0 833 8 34603010 100663296 2147487744 0 4096 268468224 16397 144 68616 0 1 7
is_linear=0
shrinkage=0.05


Tree=20
num_leaves=31
num_cat=10
split_feature=11 13 13 3 13 12 3 5 5 14 13 5 13 1 6 0 13 3 10 13 6 11 14 0 13 1 0 1 1 6
split_gain=3246.32 657.289 425.391 290.681 179.547 172.604 161.534 223.518 149.209 144.024 134.447 121.112 140.727 117.697 109.627 107.536 86.2639 82.8468 81.1366 77.2107 106.278 190.769 76.5555 75.3252 70.7618 70.494 102.965 74.7835 135.072 118.238
threshold=0.026785714285714288 0 1 1.0000000180025095e-35 2 0.95118973121134209 1.0000000180025095e-35 549.50000000000011 552.50000000000011 3 4 471.50000000000006 5 24.500000000000004 7.5000000000000009 7.5000000000000009 6 1.0000000180025095e-35 0.059285714285714296 7 208.50000000000003 0.17250000000000001 8 13.500000000000002 9 36.500000000000007 30.500000000000004 33.500000000000007 34.500000000000007 129.50000000000003
decision_type=8 9 9 2 9 8 2 2 2 1 9 2 9 2 2 2 9 2 8 9 2 10 1 2 9 2 2 2 2 2
left_child=2 6 17 10 -4 -5 18 -8 -9 13 -3 25 14 -10 15 -13 -7 -1 19 20 21 23 -20 -2 -6 27 -27 -12 29 -29
right_child=1 3 4 5 24 16 7 8 9 -11 11 12 -14 -15 -16 -17 -18 -19 22 -21 -22 -23 -24 -25 -26 26 -28 28 -30 -31
leaf_value=0.020168505768194945 0.24685840931913694 -0.041174949628126817 -0.017122387589858856 -0.04832650272201746 -0.030791965789001754 0.078668185704984114 -0.029548105057801217 0.30910300074916353 0.085541738587473659 -0.033239372111210828 0.012178707522481423 0.039027197603208115 -0.034361588480812486 -0.027389452059318743 0.0029803989584384718 0.28143726732955276 -0.013059188919231591 -0.038470711193678175 0.033651632848498272 0.0058815066886710489 0.016111667201652254 0.025737045809562847 0.020222616008312148 0.10488958686310407 -0.048610337312586453 -0.0052099885179449331 0.1401572024901695 -0.03421624659641409 0.010225014242422021 0.11594041282168521
leaf_weight=393.41539410501719 16.527962058782578 147.90981381759048 786.09658392518759 445.28667141869664 899.16559929028153 33.197067625820637 308.86343656852841 4.9623365998268119 107.22953893616796 57.776636209338903 1848.1527686603367 13.288130678236486 350.9568712413311 29.396639294922352 361.60053996369243 6.9771885722875586 61.678458228707314 71.122969768941402 3325.9598525688052 820.31211164221168 220.4983531460166 65.332320816814899 1756.49697509408 21.493128731846809 2696.3798774518073 707.13063234463334 12.394903294742106 15.885688215494154 129.72326337918639 75.035009402781725
leaf_count=3160 14 2584 12703 11010 20252 142 5506 24 183 624 12886 88 4348 468 2892 18 775 1298 7366 3717 734 177 4890 42 67957 5529 68 109 904 332
internal_value=-0.000594428 0.0144918 -0.0346635 -0.00103297 -0.0394349 -0.0352801 0.0241603 -0.00290788 0.0383641 0.0314532 0.00400611 0.00600388 -0.0120672 0.0570665 0.00908462 0.122487 0.0259516 0.0109548 0.0264085 0.0143791 0.0346517 0.0775585 0.0291166 0.166604 -0.0442521 0.0107748 -0.00270582 0.0154634 0.0429763 0.089705
internal_weight=15790.2 10944.1 4846.18 4209.22 4381.64 540.162 6734.85 508.229 199.365 194.403 3669.05 3521.14 732.823 136.626 381.866 20.2653 94.8755 464.538 6226.62 1144.16 323.852 103.353 5082.46 38.0211 3595.55 2788.32 719.526 2068.8 220.644 90.9207
internal_count=170800 65430 105370 41685 100912 11927 23745 6805 1299 1275 29758 27174 7346 651 2998 106 917 4458 16940 4684 967 233 12256 56 88209 19828 5597 14231 1345 441
cat_boundaries=0 6 12 18 19 25 31 37 41 42 48
cat_threshold=268673024 134654989 1073741970 805374984 2147483648 1607 41472 154331274 67645572 823269376 0 5248 2160134144 34079749 36978778 2149613568 2231369747 2370 32 18612288 2961178880 4524800 180 176361088 16 2281701888 19922994 873463812 17977344 311366 4104 8 36716546 100663296 2147618816 0 4096 139264 139264 2 268502024 7 1577000 268440064 133920 138429664 9887776 525
is_linear=0
shrinkage=0.05


Tree=21
num_leaves=31
num_cat=11
split_feature=11 13 13 3 13 12 3 5 13 13 10 13 0 10 13 3 14 10 6 5 13 5 3 0 0 3 5 13 6 13
split_gain=2989.86 581.618 389.771 276.974 196.392 143.949 136.776 196.864 124.344 119.744 95.0054 113.67 92.5023 109.638 83.8165 79.7511 76.9907 89.3354 78.2767 76.2613 71.2252 68.0277 68.3356 66.1652 97.474 60.5924 60.092 60.0763 59.5801 59.4947
threshold=0.026785714285714288 0 1 1.0000000180025095e-35 2 0.95118973121134209 1.0000000180025095e-35 549.50000000000011 3 4 1.0000000180025095e-35 5 29.500000000000004 0.67857142857142871 6 1.0000000180025095e-35 7 0.34500000000000003 20.500000000000004 552.50000000000011 8 672.50000000000011 1.0000000180025095e-35 24.500000000000004 25.500000000000004 1.0000000180025095e-35 675.50000000000011 9 214.50000000000003 10
decision_type=8 9 9 2 9 8 2 2 9 9 10 9 2 8 9 2 1 8 2 2 9 2 2 2 2 2 2 9 2 9
left_child=2 6 21 9 15 -5 16 -8 12 -3 11 -11 13 19 -12 -4 18 29 -2 -9 25 22 -1 -7 -25 -6 -20 -19 -13 -18
right_child=1 3 4 5 20 23 7 8 -10 10 14 28 -14 -15 -16 -17 17 27 26 -21 -22 -23 -24 24 -26 -27 -28 -29 -30 -31
leaf_value=0.026246273062447967 0.081691711105626716 -0.041412586581115574 -0.0084767890408528682 -0.04659676100209429 -0.022943984439393914 -0.052227968245432368 -0.028119085096543251 0.30790280712143542 -0.019058450362111113 0.00996839148793458 0.024223781845438778 0.0041087595873040708 -0.055555556018405131 0.11135385526355522 0.0023066626073249131 -0.047211707505764262 0.0043646882649912922 0.014871451236093396 0.034024627310982741 -0.016047010917964882 -0.048422776245685271 -0.051787291696252694 -0.033592608465758698 0.19495696865423051 0.022913337141883285 -0.052545746759551898 -0.033099216443685485 0.032873250379362499 -0.023281685968640227 0.020995221253619269
leaf_weight=338.49969677627087 85.394152075052261 130.34394119307399 661.38551946729422 437.48837762326002 656.42487718164921 22.279324371367693 298.91109169274569 1.9315992966294278 69.694783564656973 948.34588431566954 930.21183856576681 288.9896049015224 13.816760558634995 84.231380991637707 832.40824877470732 166.29500503093004 917.98196364566684 700.21536599099636 1347.0693961307406 30.547709360718727 2550.2668973207474 38.54291582852602 55.539380349218845 9.5716825611889345 58.860353704541922 234.67294977977872 34.189133282750845 1820.3679408580065 634.318752925843 1356.2870585732162
leaf_count=2487 147 2369 9623 11172 14767 454 5428 7 529 6649 5159 2521 53 150 6141 3887 3792 1854 2994 517 67146 485 1023 40 382 5952 198 3560 7216 4098
internal_value=-0.000591498 0.0136141 -0.0339887 -0.000803012 -0.0385191 -0.0347111 0.0227362 -0.00241925 0.0359479 0.00395237 0.00567772 -0.00215182 0.0620266 0.0812611 0.0140238 -0.0160652 0.0247777 0.021534 0.0349966 0.00321883 -0.0438572 0.0113484 0.017812 0.0226118 0.0469773 -0.0303986 0.0323632 0.0280618 -0.0145511 0.014394
internal_weight=15755.1 11053.5 4701.63 4292.82 4269.05 528.2 6760.64 499.133 200.222 3764.62 3634.27 1871.65 130.527 116.711 1762.62 827.681 6261.51 4794.85 1466.65 32.4793 3441.36 432.582 394.039 90.7114 68.432 891.098 1381.26 2520.58 923.308 2274.27
internal_count=170800 65430 105370 42103 101375 12048 23327 6684 1256 30055 27686 16386 727 674 11300 13510 16643 13304 3339 524 87865 3995 3510 876 422 20719 3192 5414 9737 7890
cat_boundaries=0 6 12 18 24 29 35 41 42 48 54 60
cat_threshold=268673024 134671364 1073750162 805372936 0 1871 107008 154332298 67641476 823269376 0 5248 2160068640 34078725 36966490 2149613568 2231369747 2378 73728 445444 0 805306376 0 6 54263872 805371904 4524800 162 167972480 2294284800 57671691 305168384 10504192 2148843572 6144 22552 54530761 603979852 152078400 3292536832 8320 1 1576968 268440064 1073892128 138429664 9887776 517 40960 18436 8336 1032 0 12 0 134628356 16 536870912 0 1801
is_linear=0
shrinkage=0.05


Tree=22
num_leaves=31
num_cat=12
split_feature=11 13 13 3 13 12 14 11 1 13 5 14 5 5 9 1 0 3 13 13 13 14 1 1 14 5 14 6 0 1
split_gain=2754.32 511.377 375.524 266.018 192.604 124.844 122.859 126.875 119.58 116.833 104.293 123.386 131.422 232.5 91.6375 91.0721 89.3734 78.2656 74.6225 71.0101 66.0609 64.4543 64.2344 70.3291 109.769 117.47 82.932 88.625 83.7779 83.0846
threshold=0.026785714285714288 0 1 1.0000000180025095e-35 2 0.95118973121134209 3 2.7142857142857149 44.500000000000007 4 708.50000000000011 5 663.50000000000011 669.50000000000011 5.5000000000000009 37.500000000000007 30.500000000000004 1.0000000180025095e-35 6 7 8 9 3.5000000000000004 33.500000000000007 10 591.50000000000011 11 95.500000000000014 3.5000000000000004 18.500000000000004
decision_type=8 9 9 2 9 8 1 8 2 9 2 1 2 2 8 2 2 2 9 9 9 1 2 2 1 2 1 2 2 2
left_child=2 6 21 9 17 -5 7 -2 10 -3 11 12 -8 -14 15 -11 20 -4 -7 -6 -17 -1 -13 26 25 -25 27 29 -29 -24
right_child=1 3 4 5 19 18 8 -9 -10 14 -12 22 13 -15 -16 16 -18 -19 -20 -21 -22 -23 23 24 -26 -27 -28 28 -30 -31
leaf_value=0.034623965746644864 0.027835852966029747 -0.041873590485672511 -0.0081594395944983352 -0.046036899163932096 -0.029751344722833646 0.065361770094397462 -0.046506368861194018 -0.051565984886429252 -0.01417787603133349 0.012345895043734217 0.060125821836199383 0.051694954849908353 0.34180572564089334 -0.055555556248613081 -0.033939589968500487 0.0057892091351827799 0.10496556843032417 -0.047249943535368544 -0.01831277308999919 -0.048046363400416792 -0.019198095062676893 -0.0042280520491200626 -0.018563858132333945 0.043336112716818302 0.0034364559370966118 0.19645560770419521 -0.0033703242658829225 0.071659233981287151 0.0052900288414717365 0.07449183846229368
leaf_weight=164.07450950890779 4072.6996174156666 124.76296910643578 655.95190016552806 420.78781959041953 860.71910988911986 34.938433803617954 132.52398823201656 50.939309366047382 353.43436545878649 2495.9658091515303 132.40501028299332 129.91129848733544 6.2784668803215018 8.8988645896315557 141.23597511276603 513.56163926050067 18.118658132851124 159.10534028708935 59.968781922012568 2446.9391115121543 531.00722755864263 276.372717294842 30.054360017180443 323.09788610413671 248.16396077722311 13.030965667217968 675.55834959447384 52.886545836925507 471.07893186435103 118.81683176755905
leaf_count=1188 9590 2372 9546 11153 20400 135 2622 401 2179 16942 96 453 15 129 2332 3736 102 3859 759 67408 4560 2969 77 1506 772 43 3700 133 1373 250
internal_value=-0.000584403 0.0127971 -0.0333115 -0.000641527 -0.0379465 -0.0343533 0.0213195 0.02679 0.0128846 0.00390231 0.0170224 0.0144403 -0.0286084 0.108822 0.00554409 0.0071267 -0.00513177 -0.0155988 0.0174479 -0.0433897 -0.00704147 0.0106924 0.0175765 0.015374 0.0298634 0.0478487 0.00909543 0.0213445 0.011989 0.0557056
internal_weight=15723.3 11160.1 4563.16 4340.35 4122.72 515.695 6819.78 4123.64 2696.14 3824.65 2342.71 2210.3 147.701 15.1773 3699.89 3558.65 1062.69 815.057 94.9072 3307.66 1044.57 440.447 2062.6 1932.69 584.293 336.129 1348.4 672.837 523.965 148.871
internal_count=170800 65430 105370 42091 101213 12047 23339 9991 13348 30044 11169 11073 2766 144 27672 25340 8398 13405 894 87808 8296 4157 8307 7854 2321 1549 5533 1833 1506 327
cat_boundaries=0 6 12 18 19 25 26 32 38 43 44 45 46
cat_threshold=268673024 134671364 1073750162 805372936 0 975 107008 154332298 67645568 823267328 16 4226 2160068640 34078725 35930190 2283833344 2231631875 3392 7 34340928 2952790272 21302016 164 167972488 16 32 8 36700170 100663296 2147618816 0 4096 1708040 268440064 1182512 4211936 9625632 525 2826961536 54526137 540016640 2165719104 2170863618 3 80 8
is_linear=0
shrinkage=0.05


Tree=23
num_leaves=31
num_cat=12
split_feature=11 13 13 14 13 9 13 1 10 3 13 6 0 13 1 14 5 5 3 12 3 13 0 13 13 14 5 3 5 6
split_gain=2536.76 457.444 368.57 313.312 181.31 141.577 107.274 100.633 82.9229 142.506 110.111 118.781 91.8866 91.5021 78.6182 94.1376 124.55 146.947 77.7616 75.7796 157.619 73.4525 70.991 70.1042 66.8556 60.8087 77.0525 57.8018 67.8594 103.605
threshold=0.026785714285714288 0 1 2 3 5.5000000000000009 4 34.500000000000007 0.34500000000000003 1.0000000180025095e-35 5 208.50000000000003 19.500000000000004 6 32.500000000000007 7 106.50000000000001 239.50000000000003 1.0000000180025095e-35 2.5541579094840157 1.0000000180025095e-35 8 22.500000000000004 9 10 11 10.500000000000002 1.0000000180025095e-35 156.50000000000003 75.500000000000014
decision_type=8 9 9 1 9 8 9 2 8 2 9 2 2 9 2 1 2 2 2 8 2 9 2 9 9 1 2 2 2 2
left_child=2 19 25 5 18 6 -3 14 9 10 11 12 -5 -10 24 16 -16 -18 -4 20 -2 27 -14 -9 -8 26 -1 28 29 -6
right_child=1 3 4 8 21 -7 7 23 13 -11 -12 -13 22 -15 15 -17 17 -19 -20 -21 -22 -23 -24 -25 -26 -27 -28 -29 -30 -31
leaf_value=0.17689730527136152 0.022575026227955815 -0.020367457757803215 -0.007885647802607039 0.021301210369279237 0.26487085266394972 -0.039202292414885154 0.02359333768929895 0.01166047816144288 0.045009589033111051 -0.045405975537656289 -0.022117272558753464 -0.010041384156315935 0.21815420144532185 -0.012367351759770433 -0.055555555441939936 0.020960557962601743 0.20697058180044103 0.024485521544168203 -0.047819791159851729 0.04440058945688799 -0.017681811959824004 -0.047770393698754451 0.073963958373552185 -0.011552858463557813 0.0055964029081082833 -0.017328404209118544 0.018117253702011473 -0.051556850785302727 -0.032826410302050274 -0.002449748146594757
leaf_weight=7.8286148458719245 5015.7312583476305 249.12988502532244 633.14886340871453 52.706598371267319 3.6933856643736354 146.02443309873343 1303.3002282306552 768.8616130463779 91.251170080155134 455.81540202349424 540.78001900017262 134.72522417828441 12.987432196736334 213.50185197591782 9.1079277172684652 143.84527608007193 32.83084300160408 16.614680230617523 150.97084619104862 357.84930202737451 255.53426882252097 2336.211092043668 24.907340504229069 548.8716166652739 885.89631799608469 139.01686057448387 318.36004899442196 217.95901045203209 430.27217579260468 194.52001769468188
leaf_count=39 11391 3389 9464 366 36 2472 5844 4345 531 12298 4549 1049 38 1983 53 725 93 93 3826 579 4575 66911 145 4411 6501 1872 2423 5982 10435 4382
internal_value=-0.000578488 0.0120337 -0.0326222 0.00193268 -0.0375056 0.00912447 0.0109303 0.013052 -0.0173361 -0.0232692 -0.0100983 0.0188903 0.0639971 0.00588394 0.0192003 0.0490148 0.0976733 0.145652 -0.0153783 0.0220958 0.0206235 -0.042892 0.123381 0.00199231 0.0164439 0.00961783 0.0212758 -0.0290268 -0.0216752 0.00253134
internal_weight=15692.3 11260.3 4431.98 5631.16 3966.78 4104.48 3958.46 3709.33 1526.68 1221.92 766.107 225.327 90.6014 304.753 2391.6 202.399 58.5535 49.4455 784.12 5629.11 5271.27 3182.66 37.8948 1317.73 2189.2 465.206 326.189 846.445 628.486 198.213
internal_count=170800 65430 105370 48885 101036 27926 25454 22065 20959 18445 6147 1598 549 2514 13309 964 239 186 13290 16545 15966 87746 183 8756 12345 4334 2462 20835 14853 4418
cat_boundaries=0 6 12 13 19 24 30 36 37 43 49 55 56
cat_threshold=268673024 134654976 1073741842 805371912 0 71 107008 154331274 67645572 806492160 0 5250 15 2151680000 34079749 36978778 2300608512 2214854675 2376 2361408 268959744 5049088 4194466 235343527 2281703424 524293 2629632 13895744 84206130 8704 4194312 3162626 100663296 2149748736 0 4864 2 9965608 268435968 1073908512 4474080 26394656 517 134218368 56639673 875560960 152439808 4194304 6024 512 5259271 33583308 8428544 2147483664 15752 27
is_linear=0
shrinkage=0.05


Tree=24
num_leaves=31
num_cat=12
split_feature=11 13 13 3 13 12 5 13 14 11 1 13 6 5 14 13 14 10 13 13 5 3 0 3 10 11 5 1 0 13
split_gain=2337.69 405.487 343.967 230.721 183.254 134.15 112.097 143.983 93.491 104.582 101.318 90.555 82.1359 81.8068 157.822 126.5 87.432 93.233 77.1769 75.8195 73.6688 72.2156 66.1832 64.1462 62.1341 69.8404 60.8007 58.9642 54.1041 51.8161
threshold=0.026785714285714288 0 1 1.0000000180025095e-35 2 0.95118973121134209 479.50000000000006 3 4 2.7142857142857149 44.500000000000007 5 7.5000000000000009 657.50000000000011 6 7 8 0.30357142857142866 9 10 666.50000000000011 1.0000000180025095e-35 7.5000000000000009 1.0000000180025095e-35 0.59500000000000008 0.18303571428571433 672.50000000000011 2.5000000000000004 10.500000000000002 11
decision_type=8 9 9 2 9 8 2 9 1 8 2 9 2 2 1 9 1 8 9 9 2 2 2 2 8 8 2 2 2 9
left_child=2 8 26 6 21 -5 11 12 9 29 13 -3 22 14 -10 16 -15 -18 -7 23 -17 -4 -8 -6 -14 -26 -1 28 -16 -2
right_child=1 3 4 5 19 18 7 -9 10 -11 -12 -13 24 15 27 20 17 -19 -20 -21 -22 -23 -24 -25 25 -27 -28 -29 -30 -31
leaf_value=0.015748550423371047 0.032644522443874731 -0.025172374203700415 -0.0075440031271230019 -0.046494087535193462 -0.020410552371942912 0.063392781128013956 0.039795360169779914 -0.035822132030466261 -0.041083065667085167 -0.048676383051406223 -0.013266470124636423 0.0098085714984533501 -0.003737442731664058 -0.00073408483373503227 0.028645719163463874 0.10614448157860341 -0.028383450042994425 0.11640743098908274 -0.018174033867396511 -0.047314153243044582 -0.025568502090610696 -0.046799517003793367 0.22338349630755322 -0.05249156649024659 0.27370686953079743 0.042506694500756004 -0.049904692968018916 0.013709571272533683 0.11304960086630811 0.020261063635300988
leaf_weight=406.14053729921579 1347.3446092009544 188.54015827178955 640.4514096789062 386.95082326233387 620.76354246586561 39.872999526560307 14.625585220754148 365.7598191909492 122.49387842789292 49.604107953608036 359.24914414808154 2923.6963851340115 345.00260793045163 41.893448211252689 59.044415753334761 12.280410602688788 12.528901688754557 98.729632183909416 63.884052846580744 2248.8775089383125 78.334465958178043 143.38721035048366 7.3892603963613501 208.03582098335028 3.7889616489410427 23.684172425419092 38.617455884814262 1921.5427570454776 27.98568419739604 2861.7856709733605
leaf_count=3722 2120 2711 9284 11148 14752 156 98 5070 2556 401 2221 19296 2818 186 178 45 103 97 803 67408 332 3755 20 5944 8 195 505 7405 95 7368
internal_value=-0.000570683 0.0113246 -0.0319395 -0.0006558 -0.0366805 -0.0329567 0.00343556 -0.0137763 0.0187739 0.0234451 0.0114389 0.00764005 0.0073847 0.0152243 0.0120857 0.0426627 0.0680295 0.0918471 0.0175296 -0.0422541 -0.00695123 -0.0145395 0.101417 -0.0281238 0.00202529 0.0743927 0.00982706 0.0154558 0.0557869 0.0243507
internal_weight=15662.3 11356 4306.27 4363.19 3861.52 490.708 3872.49 760.25 6992.82 4258.73 2734.08 3112.24 394.491 2374.83 2131.07 243.767 153.152 111.259 103.757 3077.68 90.6149 783.839 22.0148 828.799 372.476 27.4731 444.758 2008.57 87.0301 4209.13
internal_count=170800 65430 105370 42323 101143 12107 30216 8209 23107 9889 13218 22007 3139 10997 10234 763 386 200 959 88104 377 13039 118 20696 3021 203 4227 7678 273 9488
cat_boundaries=0 6 12 18 24 25 30 31 37 38 44 50 54
cat_threshold=402890752 134654989 1073741970 805373960 2147483648 1607 107008 154331274 67641480 823269376 16 4226 2160068640 34079749 36966486 2149614592 2231369731 3392 2147484176 7356466 873496580 2165460992 4505798 4104 7 2359360 268435504 4590340 24739 144901767 32 65536 429068 0 268435464 0 7 80 8 36716546 100663296 2147618816 0 4224 1708040 268440064 150304 138428640 9887776 525 196608 131072 18 805306368
is_linear=0
shrinkage=0.05


Tree=25
num_leaves=31
num_cat=10
split_feature=11 10 13 3 13 13 13 14 13 0 13 3 1 13 1 6 11 7 13 3 3 5 6 13 5 1 6 5 5 1
split_gain=2153.29 369.87 349.151 265.314 201.599 173.542 163.822 96.8468 109.163 105.941 74.2339 72.6191 70.0586 109.852 103.305 272.89 123.127 66.1537 66.0942 57.907 55.9515 61.6036 89.3446 59.8321 72.6788 167.857 68.0169 121.352 55.4353 56.5148
threshold=0.026785714285714288 1.0000000180025095e-35 0 1.0000000180025095e-35 1 2 3 4 5 21.500000000000004 6 1.0000000180025095e-35 25.500000000000004 7 24.500000000000004 66.500000000000014 0.68392857142857155 0.58000000000000018 8 1.0000000180025095e-35 1.0000000180025095e-35 156.50000000000003 78.500000000000014 9 22.500000000000004 12.500000000000002 131.50000000000003 118.50000000000001 606.50000000000011 45.500000000000007
decision_type=8 8 9 2 9 9 9 1 9 2 9 2 2 9 2 2 8 10 9 2 2 2 2 9 2 2 2 2 2 2
left_child=2 3 11 4 28 -3 19 12 9 -9 20 -1 14 -14 -7 16 17 -16 -6 -4 21 22 -8 24 25 -24 27 -26 29 -2
right_child=1 5 6 -5 18 7 10 8 -10 -11 -12 -13 13 -15 15 -17 -18 -19 -20 -21 -22 -23 23 -25 26 -27 -28 -29 -30 -31
leaf_value=0.015902537977699315 0.025520161604708737 0.023266955467001964 -0.0083358049829317452 -0.046535073756138801 0.0017465215845848129 0.017673380260223359 0.21487981576586354 -0.0083261006163408632 -0.022322931660088523 0.042089971753076924 -0.046963136165573766 -0.039750567097473016 0.01423477955911613 -0.016204700569488271 0.18383056805703102 0.004920513383831455 0.30445287553081712 0.011337390434663253 -0.016932790170006744 -0.044571464246718435 -0.051084581511649775 -0.031362033872398359 0.45780838491941855 -0.022055789264259256 0.29520243993334316 0.028369900178552721 -0.012472248690162509 -0.055555556696962563 -0.011990749870505763 -0.0080763264352475602
leaf_weight=430.98486790060997 946.86032837629318 4378.92579331249 600.93811313062906 317.47147155180573 846.82767732068896 1179.1326768733561 4.846860457211732 251.93995348736644 468.03948285803199 177.68947668932378 2154.0554627813399 67.842184044420719 1021.4803183116019 407.19602816551924 13.185565583407881 57.455106757581234 12.892739295959471 9.6091700419783574 1070.7423296906054 135.02899201959372 196.93500850722194 409.03643682971597 3.2539920657873136 124.80599656701088 5.3320028223097307 7.5672416761517525 42.337572026997805 4.5874104388058186 143.38091577962041 144.24295996874571
leaf_count=3436 3823 12650 9141 8949 5762 5235 48 2448 5561 1204 67090 1401 3835 2952 35 257 1 26 10961 3703 5912 10349 7 2844 52 180 1083 124 967 764
internal_value=-0.000562486 0.0106606 -0.0312417 -0.00296791 0.00142013 0.0165877 -0.0364946 0.0083723 -0.00582809 0.0122405 -0.0418379 0.00816975 0.0130959 0.00554524 0.0216777 0.0723707 0.180962 0.111116 -0.00871746 -0.0147831 -0.0276057 -0.0203807 0.00292504 -0.00254277 0.0341484 0.157504 0.015139 0.132988 0.0170993 0.0210787
internal_weight=15634.6 11447.1 4187.55 3469.53 3152.05 7977.55 3688.73 3598.62 897.669 429.629 2952.76 498.827 2700.95 1428.68 1272.28 93.1426 35.6875 22.7947 1917.57 735.967 798.703 601.768 192.731 187.884 63.0782 10.8212 52.257 9.91941 1234.48 1091.1
internal_count=170800 65430 105370 31226 22277 34204 100533 21554 9213 3652 87689 4837 12341 6787 5554 319 62 61 16723 12844 20599 14687 4338 4290 1446 187 1259 176 5554 4587
cat_boundaries=0 6 12 18 24 25 30 36 42 48 54
cat_threshold=41472 154332298 101200012 806490112 0 5248 2550374912 51568646 1107337362 276892680 0 6144 196608 4636161 536870924 806387712 0 10191 2151745536 34078725 3424322 2300610560 2231631891 2378 15 268478472 135806978 1140850688 2166689864 1364500496 9965608 268435968 1073875760 4474080 9617440 8709 268482584 187711692 1076887552 151194696 2151694336 4096 12582912 138415129 271597568 2171621376 2165628948 7 1572864 0 1073744384 17536 8437760 8192
is_linear=0
shrinkage=0.05


Tree=26
num_leaves=31
num_cat=12
split_feature=11 10 13 3 13 13 13 14 13 0 3 13 13 1 13 5 13 1 6 5 3 5 13 6 0 6 1 11 6 13
split_gain=1984.74 327.845 306.114 250.256 195.274 180.593 153.545 86.7224 96.7458 89.0136 69.7451 68.2885 65.0729 60.6992 86.5928 58.3434 57.8449 115.618 208.091 57.5336 55.2834 55.9759 76.1401 105.515 63.9609 52.041 51.4412 51.205 49.553 63.5849
threshold=0.026785714285714288 1.0000000180025095e-35 0 1.0000000180025095e-35 1 2 3 4 5 21.500000000000004 1.0000000180025095e-35 6 7 26.500000000000004 8 672.50000000000011 9 24.500000000000004 66.500000000000014 606.50000000000011 1.0000000180025095e-35 210.50000000000003 10 134.50000000000003 5.5000000000000009 130.50000000000003 50.500000000000007 0.041071428571428578 212.50000000000003 11
decision_type=8 8 9 2 9 9 9 1 9 2 2 9 9 2 9 2 9 2 2 2 2 2 9 2 2 2 2 8 2 9
left_child=2 3 15 5 10 19 26 13 9 -9 -4 20 -7 16 -15 -1 17 27 -19 -2 21 22 23 24 -6 -26 -3 -8 29 -14
right_child=1 6 4 -5 11 12 7 8 -10 -11 -12 -13 28 14 -16 -17 -18 18 -20 -21 -22 -23 -24 -25 25 -27 -28 -29 -30 -31
leaf_value=0.015705191420412219 0.020391528478855156 0.022658697375819711 -0.0066242304874345589 -0.046112688665925529 0.27548971066902167 -0.029185266195894823 0.11411138152247802 -0.0078354857845421878 -0.021189659944020677 0.039257230253765853 -0.045079672862172765 -0.046439372697867666 0.025876569071124286 0.01220640088060165 -0.016368320025706536 -0.049694885884973533 0.012541975958973618 0.22181242242651172 0.033548530961781557 -0.013365437326800324 -0.051580971892798803 -0.033076552159977679 -0.024138213619334471 0.0073469284300112852 0.050518364313979006 0.38875775146247643 -0.0096320691700295825 0.020294424625167642 -0.0098921210043108661 -0.0095308854198254446
leaf_weight=387.51708748936653 1078.8408225178719 4371.2986179329455 674.70840967819095 304.68532900512218 5.8373698182404068 300.88145957142115 15.236540772020815 238.35682262852788 468.54268898814917 173.29872715100646 142.87416383996606 2081.2373970635235 254.4725673161447 995.78648030012846 351.03220592066646 37.392134606838226 949.32238334789872 22.162367552518845 43.46183904260397 142.94634725525975 181.99139881879091 332.78217983432114 138.39777571335435 74.986788477748632 13.269957020878792 1.2437905333936186 126.91820463165641 320.08177170157433 1138.9479853287339 238.28379660472274
leaf_count=3382 4355 12587 10071 8949 64 3401 78 2256 5690 1096 4063 67546 1739 3664 2672 507 4545 13 141 944 5691 8660 3264 1816 299 7 453 1009 9970 1868
internal_value=-0.000554674 0.0100398 -0.0305635 -0.00283999 -0.0351868 0.00133979 0.0155568 0.00775051 -0.00584653 0.0117053 -0.0131831 -0.0414753 -0.00816566 0.0121931 0.00472784 0.00972118 0.0197297 0.0355488 0.0971283 0.0163086 -0.0272425 -0.0199047 -0.00115126 0.0314509 0.13572 0.0795046 0.0216994 0.0245574 -0.00413554 0.00908619
internal_weight=15606.8 11534.6 4072.24 3459.06 3647.33 3154.37 8075.5 3577.28 880.198 411.656 817.583 2829.75 1932.59 2697.08 1346.82 424.909 1350.26 400.943 65.6242 1221.79 748.509 566.518 233.736 95.3379 20.3511 14.5137 4498.22 335.318 1631.7 492.756
internal_count=170800 65430 105370 31226 101481 22277 34204 21164 9042 3352 14134 87347 16978 12122 6336 3889 5786 1241 154 5299 19801 14110 5450 2186 370 306 13040 1087 13577 3607
cat_boundaries=0 6 12 18 24 25 30 36 42 48 53 59 65
cat_threshold=107008 187885706 67641472 823269376 16 5248 2160068640 525316 36982878 2283831296 2214854659 330 2550374912 50522118 1107337362 276892680 0 6144 196608 4636225 536870924 806391808 0 10191 15 268478472 135806978 1140850688 2166423624 1364500480 397320 268440065 166688 4473952 26402848 2565 2128 268440128 541203212 671121568 1484785280 8192 268480536 187711628 1144029312 134417480 2151677952 4096 2147518464 4 16594 150996992 2147483648 397312 0 133632 16448 25354240 2048 0 138937345 64 2172014656 18145330 1024
is_linear=0
shrinkage=0.05


Tree=27
num_leaves=31
num_cat=12
split_feature=11 13 10 3 13 13 13 14 13 13 3 13 14 0 1 0 0 14 5 12 12 12 13 5 3 11 1 13 6 11
split_gain=1828.74 318.056 290.881 235.939 162.924 153.781 134.171 89.5711 76.2358 69.3148 62.6775 60.3145 56.784 56.4484 55.1429 134.68 67.002 64.2381 54.3831 53.9955 124.795 171.536 54.086 51.263 50.4501 46.7984 47.4283 57.3052 67.3262 63.3755
threshold=0.026785714285714288 0 1.0000000180025095e-35 1.0000000180025095e-35 1 2 3 4 5 6 1.0000000180025095e-35 7 8 21.500000000000004 37.500000000000007 30.500000000000004 9.5000000000000018 9 10.500000000000002 1.4960264830861913 1.4638501094227998 1.4960264830861882 10 52.500000000000007 1.0000000180025095e-35 0.79464285714285732 45.500000000000007 11 615.50000000000011 0.17250000000000001
decision_type=8 9 8 2 9 9 9 1 9 9 2 9 1 2 2 2 2 1 2 8 10 10 9 2 2 8 2 9 2 10
left_child=1 12 3 4 25 24 14 19 10 13 -7 -6 18 -9 -4 16 17 -16 -1 20 22 -22 -8 -19 -3 26 27 28 29 -2
right_child=2 5 6 -5 11 8 7 9 -10 -11 -12 -13 -14 -15 15 -17 -18 23 -20 -21 21 -23 -24 -25 -26 -27 -28 -29 -30 -31
leaf_value=0.13906420902540173 0.10966589923879443 -0.0076709851947065998 0.023187986761728639 -0.045674982060051939 -0.028514463588237324 -0.01839314827538847 0.017440691487206002 -0.0085641805374504203 -0.045968812570553595 -0.021388725248189893 -0.052356022467552145 -0.0041183238257536999 -0.018076927816247774 0.029382327176251739 0.0046567864094631687 0.13204108530033737 0.0011149142873250399 -0.021449054081110974 0.015644653155969194 -0.0090342943581614796 0.23389046709395425 0.019381498315373322 5.2958652721675927e-05 0.05885236193528344 -0.042781128669314529 -0.026612657882811881 -0.0065673220491257499 0.014012290880437803 0.022698733088814503 0.029822962854630226
leaf_weight=9.1628395393490774 57.314119637012482 577.68083459883928 3545.2060938961804 292.53371913917363 294.03873977437615 584.29664943739772 1585.4266525954008 230.28305915370584 2002.9382391981781 421.21654370985925 176.99455453455448 1591.5255039334297 143.6532375998795 170.61696973070502 194.06565403565764 22.577621575444937 861.68571167811751 22.663183726370335 344.68592526763678 283.1121855340898 15.213701248168944 24.056398741900921 631.61482294276357 161.52066569402814 124.33574315905571 63.715115115046501 176.83571830391884 772.69975572824478 156.32944825291634 43.882810518145561
leaf_count=45 111 9077 9534 8949 3406 14381 5672 2417 67681 5129 5800 13235 2053 1213 699 45 2919 78 2662 1456 1 60 4542 439 3671 452 957 3495 513 108
internal_value=-0.000546729 -0.0298726 0.00945837 -0.00271785 0.00126347 -0.0351807 0.0145989 0.00686451 -0.0405684 -0.00742953 -0.0259484 -0.00805307 0.00766329 0.00740068 0.019951 0.0110192 0.00881559 0.0263584 0.0183228 0.0115031 0.014131 0.102485 0.012566 0.0464496 -0.0136944 0.0150323 0.0173551 0.0214613 0.0416505 0.075043
internal_weight=15581.9 3963.75 11618.1 3448.87 3156.34 3466.25 8169.26 3361.54 2764.23 822.117 761.291 1885.56 497.502 400.9 4807.72 1262.51 1239.94 378.25 353.849 2539.42 2256.31 39.2701 2217.04 184.184 702.017 1270.78 1207.06 1030.23 257.526 101.197
internal_count=170800 105370 65430 31226 22277 100610 34204 20490 87862 8759 20181 16641 4760 3630 13714 4180 4135 1216 2707 11731 10275 61 10214 517 12748 5636 5184 4227 732 219
cat_boundaries=0 6 12 18 24 25 31 36 42 43 44 49 55
cat_threshold=41472 154332298 101200012 806490112 0 4226 2550374912 51568646 34644114 276892680 0 6144 2160134176 301989893 2359378 2300611616 2231369746 3392 65536 4636225 536870940 806391816 0 10191 15 135176 528896 1074973472 4473024 9748513 8717 402827288 137904130 1140850688 2166685760 1364500497 2128 268440128 541199116 671121632 1484785280 8192 27 60 268630032 185614476 67137728 151194688 2222981120 139264 8192 8194 8 0 2048
is_linear=0
shrinkage=0.05


Tree=28
num_leaves=31
num_cat=12
split_feature=11 13 3 12 13 13 13 0 13 0 3 13 9 5 13 5 3 5 1 6 13 1 13 13 14 6 13 5 1 1
split_gain=1684.15 291.265 259.256 295.206 185.251 176.861 149.39 104.812 97.3 83.8771 71.3302 95.647 68.4851 67.7157 137.136 67.4133 66.3893 62.1457 262.716 69.4928 124.782 64.8145 59.5615 58.903 58.7431 79.6783 99.0323 98.7241 104.496 70.4117
threshold=0.026785714285714288 0 1.0000000180025095e-35 0.89973541084244091 1 2 3 24.500000000000004 4 29.500000000000004 1.0000000180025095e-35 5 4.5000000000000009 311.50000000000006 6 307.50000000000006 1.0000000180025095e-35 22.500000000000004 12.500000000000002 134.50000000000003 7 31.500000000000004 8 9 10 222.50000000000003 11 104.50000000000001 34.500000000000007 34.500000000000007
decision_type=8 9 2 8 9 9 9 2 9 2 2 9 8 2 9 2 2 2 2 2 9 2 9 9 1 2 9 2 2 2
left_child=1 -1 4 -4 -2 16 7 -5 -6 -9 11 -7 24 14 -13 17 -3 18 -16 20 -19 -22 -14 -21 25 26 27 28 -10 -26
right_child=2 5 3 6 8 10 -8 9 12 -11 -12 13 22 -15 15 -17 -18 19 -20 23 21 -23 -24 -25 29 -27 -28 -29 -30 -31
leaf_value=0.0080340671018853844 0.016135968400617685 -0.0061819972552228167 -0.039111742548075236 -0.012008457958710384 -0.041145329103880676 -0.052720900921128556 -0.010850847924157938 0.094902530352234823 0.22356932741414037 -0.023523409843829585 -0.054277565640888127 -0.041169320571678353 0.020127026674964174 -0.040298229699951518 0.38847283498521407 0.17346653561225078 -0.045201852605287217 -0.030517343721075309 0.0058624314528796491 -0.038100717998250176 0.070455372781842857 0.22345772549566967 -0.049642995296116953 0.0064842807874363334 0.013631384477808343 -0.021394698132490779 -0.017307688736373682 0.0098926622590369741 0.059102605959466842 -0.002255289592430904
leaf_weight=466.17599476501346 6773.0841862782836 640.07721890509129 564.48304190672934 43.532550800591707 113.6913733035326 590.03462045267224 206.13853223249316 106.11627230420709 13.138614535331724 17.403860244899988 700.03095806576312 327.34340282529593 40.359427019953728 592.07328159734607 5.2736581601202479 5.6512857861816874 131.38625354319811 40.912711385637522 30.060545628890395 152.10301954299212 34.781759491190314 8.64144937135279 94.976294104009867 137.19799591042101 2006.5508179850876 423.55748801678419 120.12839610874653 67.961135942488909 36.45649104937911 1069.0517946630716
leaf_count=4344 16173 10083 16055 612 2422 21272 1853 160 24 52 24932 10682 397 18583 29 105 4074 1298 807 4602 770 101 1934 3688 12487 3522 921 451 228 8139
internal_value=-0.000537702 -0.0291674 0.00891464 -0.0163006 0.0111122 -0.0341977 0.0182032 0.0516148 0.00252867 0.0782164 -0.0404565 -0.0356383 0.00391367 -0.0274817 -0.0176247 0.00191059 -0.0126632 -0.0004133 0.0629673 -0.0064071 0.0335307 0.082016 -0.0310173 -0.0180496 0.00518922 -0.00826784 0.0147766 0.0451909 0.102673 0.00808304
internal_weight=15558.4 3861.74 11696.6 937.674 10759 3395.57 373.191 167.053 3985.87 123.52 2624.1 1924.07 3872.18 1334.04 741.966 414.622 771.463 408.971 35.3342 373.637 84.3359 43.4232 135.336 289.301 3736.84 661.242 237.685 117.556 49.5951 3075.6
internal_count=170800 105370 65430 18732 46698 101026 2677 824 30525 212 86869 61937 28103 40665 22082 11400 14157 11295 836 10459 2169 871 2331 8290 25772 5146 1624 703 252 20626
cat_boundaries=0 6 12 18 24 30 36 42 47 52 58 59 65
cat_threshold=41472 187885706 67645568 823269376 16 4226 402890752 134654976 1073750034 805374984 2147483648 1871 2160134144 268960772 36978782 2149613600 2231631875 1344 8 37112846 100663424 2416054280 0 4228 52166720 2961244416 4524800 180 167970432 16 1610614023 3288334592 2281702401 1174938391 528704 48 520110152 8454224 822149408 8388608 1914768904 517 3670192 537137184 12582912 134480000 135266436 2151678464 20463630 303038464 131072 262244 3670032 536870945 1082296832 4523008 12714016 8 16 2560 17302022 67633152 32538688 84205618 10240
is_linear=0
shrinkage=0.05


Tree=29
num_leaves=31
num_cat=12
split_feature=11 13 10 3 13 13 13 3 13 5 1 14 13 0 6 13 13 3 5 1 13 1 1 0 5 5 13 0 13 5
split_gain=1552.99 283.196 242.456 208.554 158.374 143.057 111.219 76.5902 101.471 73.6304 100.502 71.7742 82.7035 69.9378 61.881 84.379 80.7202 60.6358 58.945 57.1813 67.7818 52.8067 95.4862 58.7547 52.6138 48.9131 99.6883 81.5909 58.1366 63.9433
threshold=0.026785714285714288 0 1.0000000180025095e-35 1.0000000180025095e-35 1 2 3 1.0000000180025095e-35 4 311.50000000000006 34.500000000000007 5 6 21.500000000000004 212.50000000000003 7 8 1.0000000180025095e-35 672.50000000000011 26.500000000000004 9 22.500000000000004 26.500000000000004 25.500000000000004 669.50000000000011 48.500000000000007 10 18.500000000000004 11 307.50000000000006
decision_type=8 9 8 2 9 9 9 2 9 2 2 1 9 2 2 9 9 2 2 2 9 2 2 2 2 2 9 2 9 2
left_child=1 17 3 5 -3 -2 -4 8 9 10 25 19 13 -13 16 -16 21 18 24 -8 -21 -7 23 -23 -1 26 -6 -28 -27 -30
right_child=2 4 6 -5 7 14 11 -9 -10 -11 -12 12 -14 -15 15 -17 -18 -19 -20 20 -22 22 -24 -25 -26 28 27 -29 29 -31
leaf_value=0.016862210527876381 0.013287037895588201 -0.012398165752708771 0.018554702589428772 -0.044817599396201627 -0.030649216964895781 -0.015678953900634261 0.017458876605851128 -0.054215493742565561 -0.042300611048843306 -0.036589844160034281 -0.033588075963498762 -0.0071659701781173523 -0.019824706253644839 0.031208777632738573 -9.6238831493667751e-05 -0.025966688302427817 -0.014628496856845001 -0.039057326100348677 -0.050967856792698774 -0.020882276541440745 0.0082520715222797174 0.08964171778237677 0.023202751186264452 0.28579670092353981 0.13442403394177496 -0.023377539648209194 0.081306739952958201 0.32601803643739269 0.029876440509742391 0.23993690798228415
leaf_weight=377.43147614598274 1329.6105830706656 717.28179454803467 4338.0035208277404 271.46802075952291 15.409512691199778 67.791292957961559 1545.0692046768963 672.52292278967798 1307.7148645799607 257.19240012019873 136.63954863324761 271.70041655562818 467.78835728019476 210.88433882966638 583.09923707693815 690.76612650975585 263.17986166849732 60.603773307055235 31.819044023752213 227.06650035083294 1267.6370619162917 21.628440566360954 212.3015626706183 4.6357860863208762 9.7633501514792425 65.42910167016089 5.7498681005090502 8.3568010050803405 92.28830292634666 3.7708433307707301
leaf_count=2854 5891 13203 11812 8949 441 459 6151 25131 46862 7383 3661 2530 5812 1224 4209 7829 2320 1335 389 1509 5166 130 1423 16 28 1732 122 72 2113 44
internal_value=-0.000534452 -0.0285006 0.0084022 -0.00275518 -0.0336861 0.000843482 0.0130168 -0.0395676 -0.0345715 -0.0162872 -0.000847281 0.00693231 -0.00503718 0.00940842 -0.00815963 -0.0143293 0.0054967 0.00753238 0.0144506 0.0106788 0.00374165 0.0225277 0.0343288 0.124264 0.0198266 0.0225746 0.0817582 0.13241 0.0117573 0.034528
internal_weight=15534.6 3761.97 11772.6 3444.48 3282.36 3173.01 8328.15 2565.07 1892.55 584.836 327.644 3990.15 950.373 482.585 1843.4 1273.87 569.537 479.618 419.014 3039.77 1494.7 306.357 238.566 26.2642 387.195 191.004 29.5162 14.1067 161.488 96.0591
internal_count=170800 105370 65430 31226 100764 22277 34204 87561 62430 15568 8185 22392 9566 3754 16386 12038 4348 4606 3271 12826 6675 2028 1569 146 2882 4524 635 194 3889 2157
cat_boundaries=0 6 12 18 24 30 31 37 43 49 54 59 65
cat_threshold=41472 187886602 101195916 806490112 16 5248 2151745568 268959877 3428418 2300611616 2147483650 2378 2558697984 51568654 33595538 276892680 0 6144 65536 4636225 536870924 806391808 0 10186 10227720 4608 1619167792 4210752 97959969 1 15 268609544 135806978 1140850688 2166685768 1364500480 4 4259880 136318081 272388128 2109440 2151680005 79 67112960 138937361 1140850752 2708885568 18145330 1024 2160068608 524290 302538834 2166374400 16818193 0 0 1619167776 4194368 393248 1835016 4096 536870944 16384 72368128 1
is_linear=0
shrinkage=0.05


Tree=30
num_leaves=31
num_cat=12
split_feature=11 13 3 12 13 13 13 13 0 13 3 0 5 13 5 1 13 13 1 3 5 13 6 5 0 1 0 13 13 0
split_gain=1431.42 268.419 217.387 264.417 157.523 149.877 127.665 85.9761 85.7671 78.8353 95.0325 67.678 64.7339 95.9042 64.1028 208.484 95.7563 69.0936 63.9104 62.7806 61.1782 61.1411 74.1238 60.305 59.0349 57.9426 72.8894 57.0678 54.2072 52.7353
threshold=0.026785714285714288 0 1.0000000180025095e-35 0.89973541084244091 1 2 3 4 24.500000000000004 5 1.0000000180025095e-35 29.500000000000004 606.50000000000011 6 22.500000000000004 12.500000000000002 7 8 37.500000000000007 1.0000000180025095e-35 311.50000000000006 9 134.50000000000003 307.50000000000006 30.500000000000004 47.500000000000007 3.5000000000000004 10 11 6.5000000000000009
decision_type=8 9 2 8 9 9 9 9 2 9 2 2 2 9 2 2 9 9 2 2 2 9 2 2 2 2 2 9 9 2
left_child=1 -1 5 -4 19 -2 8 -7 -5 -6 14 -10 18 -14 15 -11 25 -16 -9 -3 21 -19 29 -24 28 26 -17 -22 -20 -23
right_child=2 4 3 6 9 7 -8 12 11 10 -12 -13 13 -15 17 16 -18 20 24 -21 27 22 23 -25 -26 -27 -28 -29 -30 -31
leaf_value=0.0073854713002201216 0.014431158372865844 -0.0053596203369879452 -0.038127811613253626 -0.011883846523522141 -0.053209568753426743 -0.037943485044768348 -0.010746573112275276 0.0099643769511452655 0.083196909347403702 0.29771745140654965 -0.05307304994449339 -0.023091122932942298 0.010801742496046381 -0.036363421481802653 -0.043506008143221087 0.28971511754410662 -0.044675777129683319 -0.031495938602590375 -0.024747374519273585 -0.04573986682885009 -0.050914151568217374 0.13518683677283011 -0.0099874474461252652 0.15766686089039503 0.079402752106889754 0.29495978927459193 -0.0017330921826037736 -0.0081576888945224628 0.00094532378410103278 0.029682913267446032
leaf_weight=475.04023325070739 6808.7827355228364 595.39595822989941 535.24795313924551 43.408005211502314 754.8470232989639 118.49880739673972 205.55931343510747 2580.4210611060262 113.79315643385053 6.235573472455143 429.92360113933682 17.246715068817139 196.46741161495447 224.03094026446342 472.78979857824743 2.8194393869489422 41.063134120777249 138.22858834266663 281.36493567749858 114.81836644932628 195.89624342881143 15.744843384250997 208.50926856137812 5.5053140670061103 20.338157188147306 3.6910626310855141 8.9716912601143104 150.05245891958475 700.29425960406661 47.807980518788099
leaf_count=4441 16178 9251 16055 612 29756 2537 1853 15822 160 56 16700 52 1556 3072 17685 36 1359 3973 2670 3743 6588 269 5793 79 104 44 260 4175 4759 1162
internal_value=-0.000526936 -0.0278236 0.00792407 -0.0154834 -0.0329828 0.00988412 0.0164118 0.00233152 0.0463716 -0.0389946 -0.0325117 0.0692079 0.00361537 -0.0149346 -0.0259484 0.0233376 -0.00691984 -0.0284548 0.00580282 -0.0117227 -0.0183016 -0.00561692 0.00811325 -0.00567471 -0.00491434 0.0741695 0.0679566 -0.0340764 -0.00666123 0.0558209
internal_weight=15512.8 3667.34 11845.5 915.255 3192.3 10930.2 380.007 4121.42 174.448 2482.09 1727.24 131.04 4002.92 420.498 1297.32 62.7809 56.5453 1234.53 3582.42 710.214 761.745 415.796 277.567 214.015 1002 15.4822 11.7911 345.949 981.659 63.5528
internal_count=170800 105370 65430 18732 100929 46698 2677 30520 824 87935 58179 212 27983 4628 41479 1755 1699 39724 23355 12994 22039 11276 7303 5872 7533 340 296 10763 7429 1431
cat_boundaries=0 6 12 18 24 30 36 42 48 53 59 65 71
cat_threshold=41472 154200202 101200008 823269376 0 4226 2160134184 34210821 3407958 2149613600 67371026 3392 402890752 134654976 1073750034 806423560 2147483648 463 8 37112846 100663424 2416054280 0 4228 52166720 2424373504 4524800 4194484 167970432 16 1610614023 3288334592 2281702401 1183326983 528704 48 2147483648 17825855 805306372 2164408320 335855718 4096 251658256 805306400 2560 134234112 54542336 8192 523780176 545325168 285278464 65552 39913992 0 268439552 536887328 262144 4160750592 517 397440 4456448 1086491136 16512 25354372 8192 18488 18354690 101208140 2147536896 546308130 2048
is_linear=0
shrinkage=0.05


Tree=31
num_leaves=31
num_cat=14
split_feature=11 13 10 3 13 13 13 13 3 5 13 14 0 13 5 6 13 13 3 13 5 14 5 0 5 1 1 0 13 13
split_gain=1320.46 252.805 202.314 184.494 163.067 124.657 94.2914 76.9258 94.1083 66.656 128.327 53.4486 70.813 77.9378 52.3501 52.1452 82.5892 71.5561 51.272 50.3842 49.5605 47.9975 66.1986 61.128 48.8427 46.5549 77.1901 46.3359 45.717 44.53
threshold=0.026785714285714288 0 1.0000000180025095e-35 1.0000000180025095e-35 1 2 3 4 1.0000000180025095e-35 311.50000000000006 5 6 19.500000000000004 7 672.50000000000011 212.50000000000003 8 9 1.0000000180025095e-35 10 487.50000000000006 11 10.500000000000002 28.500000000000004 558.50000000000011 22.500000000000004 26.500000000000004 25.500000000000004 12 13
decision_type=8 9 8 2 9 9 9 9 2 2 9 1 2 9 2 2 9 9 2 9 2 1 2 2 2 2 2 2 9 9
left_child=1 14 3 5 18 20 -4 -6 9 10 -9 -8 29 -14 21 17 -17 25 -3 -11 -2 22 -1 -23 -25 -7 27 -27 -22 -13
right_child=2 4 6 -5 7 15 11 8 -10 19 -12 12 13 -15 -16 16 -18 -19 -20 -21 28 23 -24 24 -26 26 -28 -29 -30 -31
leaf_value=0.18115283693305576 0.017429391292044991 -0.0056344363936256976 0.016590933081984911 -0.0439084230017599 -0.05308761267362621 -0.015452542764073832 0.0091887846441227657 -0.039827290203147993 -0.053309685882483887 -0.016296940085052732 0.0030307349773946723 0.0011364003736792853 0.026439326203730729 -0.014571277712628297 -0.051358562145682587 -7.221889362390383e-05 -0.025377163872991326 -0.013398998101438218 -0.041445607769078241 -0.050436593056679094 0.010636788846679977 -0.016287102234459085 0.023132238803548404 0.02553016991755036 0.20243105100693823 0.079174996066924908 0.021341593899356349 0.24572521034694647 -0.030379895942491644 -0.029995769056518014
leaf_weight=6.8216305077075949 1032.4273314625025 618.85178769007325 4487.5802643485367 252.36176996678114 719.69695202447474 67.444129932671785 3049.1758055686951 296.10300273634493 404.52922161668539 205.36351857334375 410.71350291185081 196.0264455974102 267.47738109342754 191.97851246595383 34.955563671886921 624.56434056162834 668.62012516334653 286.50940508395433 119.20237955451012 337.19346991181374 154.47302966937423 172.45219099521637 233.11205864697695 12.757585242390634 5.6211861297488204 23.075284369289879 216.7751853428781 5.0988275781273833 107.29092361778021 284.3962662871927
leaf_count=21 4106 9888 12089 8949 29750 459 12663 10845 16493 6277 11387 1727 1603 2137 522 4359 7738 2449 3996 12454 791 1981 1588 134 34 130 1423 16 806 3985
internal_value=-0.000524783 -0.0271652 0.00747357 -0.0027558 -0.0322482 0.000503593 0.0116232 -0.0386979 -0.0321548 -0.0255626 -0.0154442 0.00597812 -0.00442507 0.00956181 0.00733152 -0.00766325 -0.0133525 0.0044934 -0.0112656 -0.0387444 0.0124067 0.0122643 0.0265197 -0.00669787 0.0796357 0.0206705 0.0314605 0.109317 -0.00692922 -0.0178936
internal_weight=15492.6 3577.37 11915.3 3438.64 3111.65 3186.28 8476.63 2373.6 1653.9 1249.37 706.817 3989.05 939.879 459.456 465.72 1892.09 1293.18 598.903 738.054 542.557 1294.19 430.765 239.934 190.831 18.3788 312.393 244.949 28.1741 261.764 480.423
internal_count=170800 105370 65430 31226 101090 22277 34204 87206 57456 40963 22232 22115 9452 3740 4280 16574 12097 4477 13884 18731 5703 3758 1609 2149 168 2028 1569 146 1597 5712
cat_boundaries=0 6 12 18 24 30 36 37 43 49 55 61 62 68 73
cat_threshold=107008 187755530 67641476 823269376 16 5248 2160068616 269090949 36982858 2149613600 2231631874 322 411214336 51568646 36741266 276892680 0 6144 65536 4636225 1610612764 806391808 0 9931 1744831751 3288334592 2281702401 1174938375 528704 48 385892416 8458320 822149408 8388624 1914768904 517 15 174088 137887752 67108992 2166554696 1318928 4356 2151759912 136318089 269242400 2109440 2151680005 79 67112960 138937361 1140850752 2708885568 18145330 1024 67125280 4608 822149424 138675264 2014318121 525 11 134226432 1236998 33554432 268501000 0 4096 402812944 134758406 1073216 262216 21012480
is_linear=0
shrinkage=0.05


Tree=32
num_leaves=31
num_cat=13
split_feature=11 13 3 12 13 3 10 13 13 13 13 5 13 13 6 5 1 13 5 0 13 5 5 5 15 13 5 13 5 0
split_gain=1216.86 245.876 183.12 235.995 156.065 160.851 124.613 119.529 113.372 91.763 78.7935 69.1669 127.99 98.2375 92.2112 71.3284 71.1481 71.1918 65.4455 61.8521 61.1035 56.4897 53.1937 52.5511 51.6215 47.8305 47.0755 98.0475 90.8567 52.1678
threshold=0.026785714285714288 0 1.0000000180025095e-35 0.89973541084244091 1 1.0000000180025095e-35 1.0000000180025095e-35 2 3 4 5 327.50000000000006 6 7 134.50000000000003 48.500000000000007 14.500000000000002 8 22.500000000000004 24.500000000000004 9 46.500000000000007 228.50000000000003 479.50000000000006 10 11 355.50000000000006 12 383.50000000000006 12.500000000000002
decision_type=8 9 2 8 9 2 8 9 9 9 9 2 9 9 2 2 2 9 2 2 9 2 2 2 9 9 2 9 2 2
left_child=1 -1 6 26 -3 9 8 19 -2 -6 -8 13 23 24 -15 16 17 -16 -19 -5 -17 -20 -9 -13 -11 -10 -4 28 29 -28
right_child=2 4 3 7 5 -7 10 22 25 11 -12 12 -14 14 15 20 -18 18 21 -21 -22 -23 -24 -25 -26 -27 27 -29 -30 -31
leaf_value=0.0066291445254227912 0.011642637236537754 -0.052959800359800593 -0.050084116050426758 -0.0091866343264301372 -0.036903344094833639 -0.050626315531536674 0.017722715132193059 -0.055555555594327094 -0.026670064450496824 -0.025745098399468754 0.0076189916280711275 0.091486691357948721 -0.033750485720837498 0.062611257997827088 -0.025215064996276682 -0.028077334375881058 0.00035119022674867927 0.28597466605182503 0.068154653417685812 0.079279756251973005 0.017174147005792961 0.30330554550474409 0.0052245365913927578 0.0077968682717275972 0.23384540890955288 -0.0040893970273750543 0.29919561689267421 -0.043784496764049594 0.0075819855550120279 0.059667816201732504
leaf_weight=486.70189733058214 1317.5326921120286 686.30925583466887 294.18878109194338 25.347476176917553 489.22417561337352 496.71131043694913 3537.4496428966522 42.70362015068531 267.45978624932468 292.72297431156039 4362.839011054486 26.401720875874162 502.8874951954931 79.295556459575891 13.286404607817529 160.09250643663108 42.77500643953681 8.0310656018555182 13.59155071526766 89.59470546245575 125.04380180314183 3.1449289619922629 229.24478731676936 64.785631092265248 1.9277181010693301 1600.8292807936668 4.3928421270102245 132.9872940313071 71.85027152299881 4.7109236512333155
leaf_count=4654 5524 29756 9796 368 19522 20383 7843 929 3194 7217 16578 497 12547 1425 337 4022 894 49 232 139 2404 22 1241 1386 23 13559 38 4453 1668 100
internal_value=-0.000518204 -0.0264865 0.00705248 -0.0147026 -0.0317642 -0.0252934 0.00880885 0.0147211 0.00046104 -0.0185305 0.0121751 -0.0114302 -0.024222 -0.00131414 0.0134276 0.00313761 0.0445971 0.0943323 0.120137 0.0549869 -0.00861511 0.112342 -0.00416646 0.0288626 -0.0232574 -0.00744677 -0.0371059 -0.0192597 0.0235303 0.175247
internal_weight=15474.1 3492.93 11981.1 895.021 3006.23 2319.92 11086.1 386.891 3185.82 1823.21 7900.29 1333.99 594.075 739.912 445.261 365.965 80.829 38.0539 24.7675 114.942 285.136 16.7365 271.948 91.1874 294.651 1868.29 508.13 213.941 80.954 9.10377
internal_count=170800 105370 65430 18732 100716 70960 46698 2677 22277 50577 24421 31055 14430 16625 9385 7960 1534 640 303 507 6426 254 2170 1883 7240 16753 16055 6259 1806 138
cat_boundaries=0 6 12 18 24 29 35 41 47 53 59 60 66 72
cat_threshold=41472 187885706 101200008 806490112 16 4226 1610614023 3288334592 2281702401 1183326983 528704 48 8 37110788 100663424 2147618824 0 4096 402825728 50522126 34644114 276892680 16 6144 522207440 8454256 285278464 65552 1914768012 198656 4624961 1610612764 940670976 2147483648 10187 8 268960772 540033056 16777248 2147746816 1 2155872264 806097925 544227360 21234720 2283013152 517 32 0 1082296896 32832 131072 8192 1835008 0 1073777218 136331392 96616451 8200 2 2128 268440128 541199116 671121504 1484784768 8192 536912384 137536524 2097152 807539712 2147483648 5632
is_linear=0
shrinkage=0.05


Tree=33
num_leaves=31
num_cat=11
split_feature=11 13 3 3 12 13 13 5 13 13 0 0 0 9 13 5 0 5 14 6 13 5 1 13 1 14 5 5 1 14
split_gain=1121.98 237.736 227.418 166.282 220.868 146.717 111.808 106.371 81.6376 77.3152 75.7787 77.3811 73.7032 63.1925 58.1343 63.3917 55.5918 73.7967 50.7515 65.4816 80.9348 78.3948 51.5808 66.8105 56.8952 69.6807 90.8695 81.8114 49.0177 49.2079
threshold=0.026785714285714288 0 1.0000000180025095e-35 1.0000000180025095e-35 0.89973541084244091 1 2 228.50000000000003 3 4 29.500000000000004 16.500000000000004 17.500000000000004 5.5000000000000009 5 367.50000000000006 24.500000000000004 255.50000000000003 6 222.50000000000003 7 138.50000000000003 34.500000000000007 8 32.500000000000007 9 106.50000000000001 239.50000000000003 50.500000000000007 10
decision_type=8 9 2 2 8 9 9 2 9 9 2 2 2 8 9 2 2 2 1 2 9 2 2 9 2 1 2 2 2 1
left_child=1 -1 5 6 -5 -3 28 -6 -8 -7 11 -9 -13 18 15 -4 -14 -18 19 20 21 -10 24 -24 -20 26 -26 -28 29 -2
right_child=3 2 14 4 7 9 8 10 13 -11 -12 12 16 -15 -16 -17 17 -19 22 -21 -22 -23 23 -25 25 -27 27 -29 -30 -31
leaf_value=-0.052826446342182878 0.02083175003216586 0.011614358535941302 -0.055555555795262571 -0.036554169522986964 -0.052579009593603933 -0.036232533380002978 -0.039066593196068346 -0.031474555551228238 0.071911711022548508 -0.012273381272128681 -0.038883562583863877 0.18675201444561593 -0.038496172343220822 -0.031645711429464984 -0.052242623353004197 0.080521107503691958 0.11045751066162912 0.032868926360114563 0.0087507004253788677 -0.019732349298156687 -0.016601408805968311 -0.0071980340732766268 -0.027346135174851745 0.0037715292510704518 -0.055555555233304257 0.013068599148580343 0.16473016754926517 0.025135313519194919 -0.010880839252393491 0.010591186991317579
leaf_weight=654.64190534129739 1573.5875412002206 499.38767353445292 15.325167840346692 491.29277884960175 52.236345827579498 473.57974117062986 107.82637422718108 40.241188183426857 79.391257740557194 1248.4152845982462 41.865722168236971 8.6292581483721715 21.618694860488176 126.61005975678563 499.89801546931267 19.384035103023052 36.568077158182859 189.25482238456607 2034.111840326339 443.17607275396585 125.8509164005518 51.715253103524446 199.6870486214757 964.46573551371694 8.7343753799796087 137.13335404917598 32.580772113054991 15.483867868781088 220.65871445834637 5040.6130016855896
leaf_count=29748 3030 4455 524 16055 1137 19526 2510 593 390 29907 223 51 285 2277 20728 482 41 347 11706 3574 925 338 2033 6204 58 720 94 85 690 12064
internal_value=-0.000511762 -0.025828 -0.0191538 0.00665771 -0.0142459 -0.0121772 0.00830898 0.0138266 0.00199729 -0.0190337 0.0240839 0.0329806 0.0431096 0.00313668 -0.048501 0.0158676 0.0381002 0.045433 0.00422046 -0.00797499 0.0119926 0.0378219 0.00674118 -0.00176859 0.0112178 0.0370944 0.0789081 0.11976 0.0122837 0.013075
internal_weight=15454 3410.63 2755.99 12043.3 881.707 2221.38 11161.6 390.414 4326.77 1722 338.178 296.312 256.071 4218.94 534.607 34.7092 247.442 225.823 4092.33 700.133 256.957 131.107 3392.2 1164.15 2228.04 193.932 56.799 48.0646 6834.86 6614.2
internal_count=170800 105370 75622 65430 18732 53888 46698 2677 30914 49433 1540 1317 724 28404 21734 1006 673 388 26127 5227 1653 728 20900 8237 12663 957 237 179 15784 15094
cat_boundaries=0 6 12 18 24 29 35 36 42 48 49 50
cat_threshold=1879049479 3288334592 2281702401 1174938375 528704 48 35328 187755650 67645580 2954006528 16 4096 402890752 134654976 1342185490 806422536 2147483648 463 54263872 2961178880 4524800 180 167972480 16 253771984 8454256 285278464 8454160 1914768012 2155872256 16801800 33554690 16911360 0 898 16 2560 17302022 67633152 14975040 84205618 11776 18480 524288 34132172 12619776 1435762736 8192 2 1
is_linear=0
shrinkage=0.05


Tree=34
num_leaves=31
num_cat=15
split_feature=11 13 3 10 3 13 13 13 13 5 13 13 14 13 13 5 0 13 5 1 5 6 13 11 14 6 0 5 13 13
split_gain=1032.86 235.075 221.566 151.659 154.961 135.39 99.4686 79.9705 76.7623 66.491 79.1511 61.5532 60.759 79.3196 56.0431 55.7495 46.469 45.2025 44.1333 41.7614 40.4829 95.796 42.8154 49.0301 40.9301 73.8704 55.3903 51.83 37.8184 37.3512
threshold=0.026785714285714288 0 1.0000000180025095e-35 1.0000000180025095e-35 1.0000000180025095e-35 1 2 3 4 483.50000000000006 5 6 7 8 9 367.50000000000006 21.500000000000004 10 606.50000000000011 45.500000000000007 28.500000000000004 207.50000000000003 11 0.52678571428571441 12 29.500000000000004 18.500000000000004 463.50000000000006 13 14
decision_type=8 9 2 8 2 9 9 9 9 2 9 9 1 9 9 2 2 9 2 2 2 2 9 10 1 2 2 2 9 9
left_child=1 -1 5 4 6 -3 18 -7 -5 11 -11 -9 -10 16 15 -4 -14 -8 19 20 21 -2 23 24 25 -22 -27 -26 -6 -15
right_child=3 2 14 8 28 7 17 9 12 10 -12 -13 13 29 -16 -17 -18 -19 -20 -21 22 -23 -24 -25 27 26 -28 -29 -30 -31
leaf_value=-0.052686519314789071 0.20046927146251062 -0.035554294678242025 -0.055555555341180611 0.018258891883982411 0.016452836807073077 0.026363063668351783 -0.026455227468669042 0.013768540299541256 0.009738902689457582 0.01081740927319101 -0.036991241298074601 -0.010681088946775403 -0.0010677152125463209 -0.003965525602065762 -0.052074936816821848 0.072418645358856545 0.023747673017440057 -0.003980648635591319 -0.016085967412926304 -0.011625696284789065 0.16870498707395332 0.028660342863254647 0.0073422661659480028 -0.028665838142535462 0.0071021680378969155 0.011657086766336325 0.07842923350474483 0.11327623901250031 -0.048423471465348568 -0.02719929690758946
leaf_weight=624.53950037248433 9.8450239747762662 458.777985855937 14.577750768512486 2047.7112070787698 25.46378880739212 171.11904194205999 251.3719546534121 382.20200239121914 5130.0033406987786 115.88677087426186 330.00795296952128 740.59867724962533 441.55166246183217 438.74623520299792 477.03843681327999 20.44600336253643 329.37783845886588 1644.5070980023593 135.72378609701991 139.48399225622416 14.036103039979933 46.123886197805405 649.8901051916182 31.245916664600372 136.05129016190767 57.484887711703777 67.561890281736851 12.555069491267203 201.45550334267318 289.68484186008573
leaf_count=29750 26 19524 524 4643 805 993 3093 5296 16914 1985 7913 18175 3287 3905 20728 482 1542 13425 977 755 11 172 2874 82 479 196 148 39 8144 3913
internal_value=-0.000504705 -0.0251405 -0.0185311 0.00628586 -0.00262684 -0.0117006 0.000208012 -0.00517647 0.00980161 -0.00876211 -0.0251529 -0.00233092 0.00715095 -0.00170948 -0.0482201 0.0148987 0.00941251 -0.0070837 0.0108133 0.0140419 0.0175355 0.0588818 0.0151469 0.0298833 0.037281 0.0559212 0.0477336 0.015059 -0.0425523 -0.0134484
internal_weight=15435.1 3335.19 2710.65 12099.9 3422.8 2198.59 3195.88 1739.81 8677.08 1568.7 445.895 1122.8 6629.36 1499.36 512.062 35.0238 770.93 1895.88 1300 1164.28 1024.79 55.9689 968.825 318.935 287.689 139.083 125.047 148.606 226.919 728.431
internal_count=170800 105370 75620 65430 31226 53886 22277 34362 34204 33369 9898 23471 29561 12647 21734 1006 4829 16518 5759 4782 4027 198 3829 955 873 355 344 518 8949 7818
cat_boundaries=0 6 11 17 23 29 35 41 42 48 54 60 66 67 73 79
cat_threshold=1744831751 3288334592 2281702401 1174938375 528704 48 387989712 8454256 285278464 8454160 1914768012 2558665216 50520070 36741266 276892680 16 6144 0 137390082 532480 805441536 0 4096 65536 397824 536870924 805339136 0 8320 40968 268599429 540037280 2164523008 201589761 259 4200992 50333184 67371230 2150664288 16810000 3136 15 268609544 138994690 1140850688 18944072 289677312 580 2155872256 16801800 33554690 16911360 0 898 2128 268440128 541199116 671121440 1488979072 8192 139264 8192 1056786 8388616 0 2048 9 8192 18877440 2097152 805306368 2147483650 2048 2285899792 19925005 24576 2147876864 1141932049 5378
is_linear=0
shrinkage=0.05


Tree=35
num_leaves=31
num_cat=13
split_feature=11 13 3 3 5 13 13 10 13 13 13 5 13 13 5 0 0 0 13 6 13 13 13 5 1 14 1 11 5 5
split_gain=950.946 231.95 215.394 139.748 205.893 156.188 128.217 93.1602 90.8517 71.7907 62.1994 61.8414 75.2793 55.7268 55.2838 54.8783 62.9653 70.377 54.3504 49.3735 71.9678 62.6485 48.7505 47.8844 42.8759 51.5516 77.6137 115.627 44.8009 136.073
threshold=0.026785714285714288 0 1.0000000180025095e-35 1.0000000180025095e-35 228.50000000000003 1 2 1.0000000180025095e-35 3 4 5 483.50000000000006 6 7 235.50000000000003 30.500000000000004 29.500000000000004 24.500000000000004 8 212.50000000000003 9 10 11 367.50000000000006 25.500000000000004 12 24.500000000000004 0.24392857142857147 28.500000000000004 22.500000000000004
decision_type=8 9 2 2 2 9 9 8 9 9 9 2 9 9 2 2 2 2 9 2 9 9 9 2 2 1 2 10 2 2
left_child=1 -1 6 7 -5 15 -3 8 -2 -8 24 13 -13 -11 -7 16 17 -6 23 21 -21 -10 -19 -4 25 26 -9 -28 29 -27
right_child=3 2 18 4 5 14 9 10 19 11 -12 12 -14 -15 -16 -17 -18 22 -20 20 -22 -23 -24 -25 -26 28 27 -29 -30 -31
leaf_value=-0.052539453326066243 0.0099723962572397899 -0.034776863729405576 -0.055555555704369375 -0.050601884919453978 0.0037176833002215506 0.059439031683886284 0.02463951359992551 0.028521556205768701 0.019611339929597991 0.012276552810134799 0.0067711954134843854 0.010113039330236918 -0.036430339516542717 -0.010648289428648573 -0.030357079035808705 0.20803014541876488 -0.05555555602806838 0.0074678398682951792 -0.052057283665110726 -0.00012831135567488729 -0.024101688599454486 -0.012744834531097954 0.071446104159467394 0.060683126104958234 0.010379853957728285 0.010403872630431243 0.21384752039740254 0.043783366692866976 0.0096596927922522335 0.15310242111655581
leaf_weight=595.80214041098952 1354.3696164675057 447.93359232507646 14.394105942919849 260.49473728239536 129.26089379936457 18.313765266910195 174.5427824780345 571.05654697492719 317.10790404677391 411.03049377724528 4998.2707992084324 118.19072230905294 317.58602622710168 707.04694975353777 267.54159338399768 4.1434338651597491 22.57889524102211 57.489063022658229 453.13108571246266 609.06797427497804 646.20050399750471 267.21523620933294 102.14692860841751 23.04455179721117 1652.5678028576076 63.988100051879883 14.310567200183867 33.141826525330544 743.66275189071894 22.608613602817059
leaf_count=29756 5555 19509 540 9008 2800 142 993 1093 2006 5852 17665 1997 7897 17636 5953 46 177 180 20662 4535 7743 2438 426 528 3823 146 30 47 1588 29
internal_value=-0.000497076 -0.0244649 -0.0179287 0.0059362 -0.0134694 0.00261251 -0.0112495 0.00741731 0.00018567 -0.00492244 0.010269 -0.00837942 -0.0244108 -0.00220604 -0.0237725 0.0264253 0.0248579 0.0311426 -0.0479251 -0.00703561 -0.0126626 0.00493214 0.0533492 0.0126214 0.0158334 0.0221633 0.0330922 0.0950709 0.013461 0.0476595
internal_weight=15418.2 3262.7 2666.9 12155.5 861.969 601.475 2176.33 11293.6 3193.96 1728.4 8099.61 1553.85 435.777 1118.08 285.855 315.619 311.476 288.897 490.57 1839.59 1255.27 584.323 159.636 37.4387 3101.34 1448.77 618.509 47.4524 830.259 86.5967
internal_count=170800 105370 75614 65430 18732 9724 53884 46698 22277 34375 24421 33382 9894 23488 6095 3629 3583 3406 21730 16722 12278 4444 606 1068 6756 2933 1170 77 1763 175
cat_boundaries=0 6 12 17 23 29 35 41 47 53 59 65 71 72
cat_threshold=1610614023 3288334592 2281702401 1183326983 528704 48 541139464 37104652 637534336 2955022408 3 4608 522207312 8454256 289472768 327696 1646332556 2550374912 18014222 35692690 276892680 0 6144 0 137390082 532480 805441536 0 4096 268638208 4592192 1610612764 940605440 2147483648 9675 40968 285376645 540037280 2164260864 470025217 259 4200992 50333184 67371230 2284882016 16810002 3136 2155872256 16932872 33554690 16911360 0 1922 12582952 35654656 270290976 2240512 2151680005 847 75497472 172491777 1140850752 2708885568 18145330 1024 8192 8204 128 805306368 0 512 9
is_linear=0
shrinkage=0.05


Tree=36
num_leaves=31
num_cat=15
split_feature=11 13 3 13 3 13 5 13 12 12 0 13 13 13 5 13 13 6 13 5 13 13 0 0 6 13 6 13 6 13
split_gain=875.628 228.525 208.871 127.89 128.062 122.651 89.1856 108.115 80.3654 74.237 68.8662 65.433 53.9007 53.7649 49.8604 121.596 89.8045 57.138 101.154 67.9175 99.2616 70.889 52.5479 60.8204 51.1337 49.7001 47.7394 109.298 86.8832 61.8955
threshold=1.0000000180025095e-35 0 1.0000000180025095e-35 1 1.0000000180025095e-35 2 475.50000000000006 3 0.95118973121134209 1.5118578920369099 3.5000000000000004 4 5 6 327.50000000000006 7 8 134.50000000000003 9 48.500000000000007 10 11 20.500000000000004 21.500000000000004 114.50000000000001 12 134.50000000000003 13 130.50000000000003 14
decision_type=8 9 2 9 2 9 2 9 8 8 2 9 9 9 2 9 9 2 9 2 9 9 2 2 2 9 2 9 2 9
left_child=1 -1 5 -2 6 -3 13 9 -6 -8 -11 -7 -4 -5 16 -16 -13 18 -18 20 -19 -21 -22 -24 -20 -10 27 28 -15 -28
right_child=3 2 12 4 8 11 7 -9 25 10 -12 14 -14 26 15 -17 17 19 24 21 22 -23 23 -25 -26 -27 29 -29 -30 -31
leaf_value=-0.052386256040429291 0.009558077020743105 -0.034363960520324512 0.010061622512088537 -0.029148933766676585 -0.043333151373561939 0.011683751085814343 0.0020420814719313376 -0.029434156307681876 0.041002194201028505 -0.055555555282622397 0.14501540497792195 -0.026478670708671138 -0.052196581893064489 0.031730609280494197 0.025128396143694616 -0.032823625532091054 -0.023191260710586272 -0.020125160529594104 0.070637701179947915 0.025327490196983063 0.047754041554579345 -0.024765337442007512 0.30670126429238165 0.11030825927312836 0.19894470756970287 -0.020767659824223683 -0.016892943416298642 0.00029222588946278003 0.14357125847173194 0.0057640209867693849
leaf_weight=568.56073070690036 7644.215867349878 430.56475406885147 41.371163692325354 102.28779194504023 272.14727270789444 443.25653047859669 292.11172786541283 445.48966222815216 47.335282493382692 5.6871229894459274 17.292937215417624 236.92843037284911 428.49758215621114 351.8706971257925 107.06987621076405 448.14987400360405 37.259877292439342 39.986426031216979 52.035466073080897 95.625851856544614 22.790950741618872 208.77483513392508 5.1363949459046152 16.955762220546603 9.1270879469811899 66.457401281222701 341.54819555580616 485.44940527528524 18.266532234847546 2117.3005482014269
leaf_count=29748 22796 19339 1144 1750 11209 3473 2309 5777 152 72 73 5818 20568 1519 2064 12221 849 1002 864 1869 461 5486 32 269 87 858 3243 2960 41 12747
internal_value=-0.000486001 -0.0238018 -0.0173414 0.00561078 -0.00102032 -0.0108178 0.00152342 -0.0139612 -0.0285795 0.00857698 0.0953779 -0.00470732 -0.0476116 0.00497039 -0.0104307 -0.0217866 -0.00187356 0.0104095 0.0446589 0.00201731 0.0415706 -0.00901048 0.082613 0.155969 0.0771677 0.00670545 0.00609292 0.016284 0.0362701 0.00257158
internal_weight=15399.6 3192.09 2623.53 12207.5 4563.24 2153.66 4177.3 760.581 385.94 315.092 22.9801 1723.1 469.869 3416.72 1279.84 555.22 724.621 487.693 98.4224 389.27 84.8695 304.401 44.8831 22.0922 61.1626 113.793 3314.44 855.587 370.137 2458.85
internal_count=170800 105294 75546 65506 42710 53834 30491 8231 12219 2454 145 34495 21712 22260 31022 14285 16737 10919 1800 9119 1764 7355 762 301 951 1010 20510 4520 1560 15990
cat_boundaries=0 6 12 17 23 29 35 40 46 52 57 63 69 75 81 87
cat_threshold=1879049479 3288334592 2281702401 1174938375 528704 48 402891264 134654989 1610612866 805371912 2147483648 718 253771984 8454256 289472768 8716304 1377897096 2147483648 3145778 336592900 2147635264 311494 4097 512 187754498 67645580 2953973760 16 4096 2155872256 16932872 33554690 17959936 0 6018 2359360 268435504 4328196 24738 198272 32776 268960901 540033056 16777248 2147746816 3 8 268964877 540033056 16777248 2818835488 519 2161639456 537133184 8650752 134217856 1048580 8388640 262784 1116113408 4194368 8519685 8200 2151811104 262272 42336256 34880 40964 3136 8 36716546 100663296 2149715968 0 4096 6144 17302080 24 26253312 75759664 9472 2155878400 524800 8 2176876544 78921762 8192
is_linear=0
shrinkage=0.05


Tree=37
num_leaves=31
num_cat=12
split_feature=11 13 3 14 13 13 11 13 0 0 1 13 13 0 1 0 13 13 12 13 1 1 6 0 5 5 14 11 13 3
split_gain=807.156 224.519 201.947 120.669 161.995 115.165 91.5643 110.183 190.732 198.979 84.7834 82.7257 80.3805 68.8041 76.4038 76.2592 73.1958 61.8636 61.4035 63.125 55.702 94.8272 87.4343 76.8681 61.3671 90.3328 85.0485 88.3448 52.0718 51.983
threshold=1.0000000180025095e-35 0 1.0000000180025095e-35 1 2 3 2.7142857142857149 4 7.5000000000000009 3.5000000000000004 34.500000000000007 5 6 30.500000000000004 43.500000000000007 9.5000000000000018 7 8 0.37796447300922736 9 44.500000000000007 33.500000000000007 153.50000000000003 19.500000000000004 455.50000000000006 459.50000000000006 10 0.2916071428571429 11 1.0000000180025095e-35
decision_type=8 9 2 1 9 9 8 9 2 2 2 9 9 2 2 2 9 9 8 9 2 2 2 2 2 2 1 8 9 2
left_child=1 -1 5 6 20 -3 10 8 9 -8 12 -12 -2 15 -15 16 -13 -7 29 -20 21 24 -23 -24 -5 -26 27 -27 -4 -6
right_child=3 2 28 4 18 17 7 -9 -10 -11 11 13 -14 14 -16 -17 -18 -19 19 -21 -22 22 23 -25 25 26 -28 -29 -30 -31
leaf_value=-0.052225648698964171 0.018317549704653768 -0.033426216910568546 0.0090649334852796939 -0.005262651725854022 -0.016136323974800287 0.029412833928569755 -0.055555555982484045 -0.04748356184815522 -0.047828828342116325 0.26356457201576061 -0.020914186028055913 -0.0093926232180802111 0.0068006215860080422 -0.05555555534453599 0.10889452918006937 -0.0016722919391735222 0.024235522084316126 -0.0071155486251575032 0.034966663096716255 -0.0095392500378577855 -0.019016405027126263 0.094785157002962625 -0.0043092732378328868 0.050105408927229145 0.15549644927141401 0.1855259143709144 -0.014171503591322746 0.035877263312289583 -0.052024547441903261 -0.043596224207798365
leaf_weight=542.66018999554217 2800.1432425566018 424.04047743044794 42.119685437530279 536.54807878471911 608.54267058894038 115.30032639950514 7.4654019363224515 138.41405543498695 25.981900818645954 14.130376189947128 341.2029429897666 211.74415821582079 3381.9036182165146 9.2191895321011526 30.198499694466591 1912.0766855813563 655.94403092563152 1591.9350170362741 82.587619815021753 567.33811415545642 150.18139179423451 53.577236810699105 121.93117193318903 138.76075203716755 12.651238739490507 10.955111576244233 107.2284154240042 98.860552538186312 408.49311137199402 240.44378015585244
leaf_count=29750 6302 19430 1156 3633 5009 602 60 2504 240 20 2776 898 14684 38 83 7579 2223 33800 761 4575 1265 241 909 668 18 112 627 211 20556 10070
internal_value=-0.000480599 -0.0231662 -0.0167912 0.00530193 -0.00396436 -0.0104264 0.00795225 -0.0267775 0.0358965 0.153249 0.00865217 0.00199037 0.0120578 0.00481958 0.0704322 0.00390651 0.0162002 -0.00449164 -0.0149591 -0.00349254 0.00943924 0.0134817 0.0366105 0.0246545 0.00399554 0.0256219 0.0180516 0.0465657 -0.0472678 -0.0239133
internal_weight=15382.6 3124.55 2581.89 12258 2729.61 2131.28 9528.42 185.992 47.5777 21.5958 9342.43 3160.39 6182.05 2819.18 39.4177 2779.76 867.688 1707.24 1498.91 649.926 1230.69 1080.51 314.269 260.692 766.243 229.695 217.044 109.816 450.613 848.986
internal_count=170800 105294 75544 65506 28099 53832 37407 2824 320 80 34583 13597 20986 10821 121 10700 3121 34402 20415 5336 7684 6419 1818 1577 4601 968 950 323 21712 15079
cat_boundaries=0 6 7 13 18 24 30 36 42 48 52 53 59
cat_threshold=1744831751 3288334592 2281702401 1174938375 528704 48 15 939728896 134657028 538976256 821104648 16818212 512 388514000 8454256 285278464 8716304 304155276 2147484160 153111552 269484032 268566536 262368 7 48 1835012 1107882204 4231168 93585457 10240 229392 395265 1107357918 805339136 2147483648 11658 2151715336 134218752 67108866 2418018368 2147508224 129 0 3172354 524288 805306368 0 4096 4194312 7340546 1174405120 2164424768 32 2155872256 16965640 33554690 17959936 0 6018
is_linear=0
shrinkage=0.05


end of trees

feature_importances:
codigo_producto_enc=334
dias_hasta_proximo_evento=163
es_fin_de_semana=110
dia_mes=103
rolling_mean_28=102
semana_anio=90
dias_desde_evento_anterior=61
dia_semana=61
rolling_mean_7=47
rolling_std_7=38
lag_7=23
lag_28=4
lag_14=3
tipo_evento_activo_enc=1

parameters:
[boosting: gbdt]
[objective: tweedie]
[metric: l1,tweedie]
[tree_learner: serial]
[device_type: cpu]
[data_sample_strategy: bagging]
[data: ]
[valid: ]
[num_iterations: 1000]
[learning_rate: 0.05]
[num_leaves: 31]
[num_threads: 6]
[seed: 42]
[deterministic: 0]
[force_col_wise: 0]
[force_row_wise: 0]
[histogram_pool_size: -1]
[max_depth: -1]
[min_data_in_leaf: 20]
[min_sum_hessian_in_leaf: 0.001]
[bagging_fraction: 1]
[pos_bagging_fraction: 1]
[neg_bagging_fraction: 1]
[bagging_freq: 0]
[bagging_seed: 400]
[bagging_by_query: 0]
[feature_fraction: 1]
[feature_fraction_bynode: 1]
[feature_fraction_seed: 30056]
[extra_trees: 0]
[extra_seed: 12879]
[early_stopping_round: 0]
[early_stopping_min_delta: 0]
[first_metric_only: 0]
[max_delta_step: 0]
[lambda_l1: 0]
[lambda_l2: 0]
[linear_lambda: 0]
[min_gain_to_split: 0]
[drop_rate: 0.1]
[max_drop: 50]
[skip_drop: 0.5]
[xgboost_dart_mode: 0]
[uniform_drop: 0]
[drop_seed: 17869]
[top_rate: 0.2]
[other_rate: 0.1]
[min_data_per_group: 100]
[max_cat_threshold: 32]
[cat_l2: 10]
[cat_smooth: 10]
[max_cat_to_onehot: 4]
[top_k: 20]
[monotone_constraints: ]
[monotone_constraints_method: basic]
[monotone_penalty: 0]
[feature_contri: ]
[forcedsplits_filename: ]
[refit_decay_rate: 0.9]
[cegb_tradeoff: 1]
[cegb_penalty_split: 0]
[cegb_penalty_feature_lazy: ]
[cegb_penalty_feature_coupled: ]
[path_smooth: 0]
[interaction_constraints: ]
[verbosity: 1]
[saved_feature_importance_type: 0]
[use_quantized_grad: 0]
[num_grad_quant_bins: 4]
[quant_train_renew_leaf: 0]
[stochastic_rounding: 1]
[linear_tree: 0]
[max_bin: 255]
[max_bin_by_feature: ]
[min_data_in_bin: 3]
[bin_construct_sample_cnt: 200000]
[data_random_seed: 175]
[is_enable_sparse: 1]
[enable_bundle: 1]
[use_missing: 1]
[zero_as_missing: 0]
[feature_pre_filter: 1]
[pre_partition: 0]
[two_round: 0]
[header: 0]
[label_column: ]
[weight_column: ]
[group_column: ]
[ignore_column: ]
[categorical_feature: 13,14,15]
[forcedbins_filename: ]
[precise_float_parser: 0]
[parser_config_file: ]
[objective_seed: 16083]
[num_class: 1]
[is_unbalance: 0]
[scale_pos_weight: 1]
[sigmoid: 1]
[boost_from_average: 1]
[reg_sqrt: 0]
[alpha: 0.9]
[fair_c: 1]
[poisson_max_delta_step: 0.7]
[tweedie_variance_power: 1.1]
[lambdarank_truncation_level: 30]
[lambdarank_norm: 1]
[label_gain: ]
[lambdarank_position_bias_regularization: 0]
[eval_at: ]
[multi_error_top_k: 1]
[auc_mu_weights: ]
[num_machines: 1]
[local_listen_port: 12400]
[time_out: 120]
[machine_list_filename: ]
[machines: ]
[gpu_platform_id: -1]
[gpu_device_id: -1]
[gpu_device_id_list: ]
[gpu_use_dp: 0]
[num_gpu: 1]

end of parameters

pandas_categorical:[]
