tree
version=v4
num_class=1
num_tree_per_iteration=1
label_index=0
max_feature_idx=20
objective=binary sigmoid:1
feature_names=dia_mes semana_anio trimestre es_fin_de_semana es_evento dias_hasta_proximo_evento dias_desde_evento_anterior lag_1 lag_2 lag_3 lag_7 lag_14 lag_28 rolling_mean_7 rolling_mean_28 rolling_mean_90 rolling_std_7 historico_promedio_producto codigo_producto_enc dia_semana tipo_evento_activo_enc
feature_infos=[1:31] [1:52] [1:4] [0:1] [0:1] [0:999] [0:999] [0:100] [0:100] [0:100] [0:100] [0:100] [0:100] [0:14.714285714285714] [0:4.2857142857142856] [0:2.088888888888889] [0:37.796447300922722] [0:42] -1:0:1:2:3:4:5:6:7:8:9:10:11:12:13:14:15:16:17:18:19:20:21:22:23:24:25:26:27:28:29:30:31:32:33:34:35:36:37:38:39:40:41:42:43:44:45:46:47:48:49:50:51:52:53:54:55:56:57:58:59:60:61:62:63:64:65:66:67:68:69:70:71:72:73:74:75:76:77:78:79:80:81:82:83:84:85:86:87:88:89:90:91:92:93:94:95:96:97:98:99:100:101:102:103:104:105:106:107:108:109:110:111:112:113:114:115:116:117:118:119:120:121:122:123:124:125:126:127:128:129:130:131:132:133:134:135:136:137:138:139:140:141:142:143:144:145:146:147:148:149:150:151:152:153:154:155:156:157:158:159:160:161:162:163:164:165:166:167:168:169:170:171:172:173 -1:0:5:6:1:2:3:4 -1:1:2
tree_sizes=1863 1924 1912 1910 1894 1964 1976 1967 1963 1928 1896 1935 1950 1905 1899 1937 1968 1950 1944 1981 1913 1936 1914 1922 1960 1911 2017 1966 1971 1948 1980 1921 1948 1991 1984 1964 1913 1980 1936 1945 1943 1989 1930 1969 1943 1957 1930 1985 1971 1975 1949 1987 1981 1984 1981 1973 2038 1955 2016 1995 1932 2054 2045 2026 1969 1985 2016 2029 1956 2009 2019 2018 1985 1995 1905

Tree=0
num_leaves=15
num_cat=3
split_feature=14 3 17 18 3 15 18 14 3 18 17 1 5 7
split_gain=14077.8 6930.16 2929.99 2575.34 1169.54 796.385 718.098 498.398 465.069 354.708 302.561 286.299 264.253 156.061
threshold=0.23500000000000001 1.0000000180025095e-35 0.37336743393009381 0 1.0000000180025095e-35 0.025000000000000005 1 0.041071428571428578 1.0000000180025095e-35 2 0.26132152408822157 34.500000000000007 609.50000000000011 3.2500000000000004
decision_type=10 2 10 9 2 10 9 10 2 9 10 2 2 8
left_child=3 2 6 4 7 -5 -2 -1 9 -7 -9 12 -4 -6
right_child=1 -3 11 5 13 8 -8 10 -10 -11 -12 -13 -14 -15
leaf_value=-3.0415784978501677 -2.9185258371598235 -3.0839031200017009 -2.770735958569619 -3.0909165524948938 -3.0874820155858727 -3.0329130539716389 -3.0294076596085047 -2.9930376714041187 -3.0924321774706942 -3.0699743739459957 -2.9096417094184801 -2.8561478711146004 -2.9139535743517992 -2.8820073395933092
leaf_weight=198.08389624580741 188.06242894381285 222.22070685401559 139.66087410226464 4439.5526593253016 220.72814789414406 421.7118729762733 103.2424354813993 312.2859789468348 371.90304825827479 499.32493888959289 44.989991504698992 103.28508002310991 16.247570391744375 2.388094335794448
leaf_count=4645 4410 5211 3275 104106 5176 9889 2421 7323 8721 11709 1055 2422 381 56
internal_value=-3.06353 -2.94255 -2.88555 -3.0779 -3.027 -3.08485 -2.95144 -3.00326 -3.06416 -3.05273 -2.98214 -2.81221 -2.78461 -3.08448
internal_weight=7283.69 772.719 550.498 6510.97 778.476 5732.49 291.305 555.36 1292.94 921.037 357.276 259.194 155.908 223.116
internal_count=170800 18120 12909 152680 18255 134425 6831 13023 30319 21598 8378 6078 3656 5232
cat_boundaries=0 6 12 18
cat_threshold=2147590656 187886607 0 537005064 2147483648 5255 172544 168058892 0 537922560 2147483648 14277 402788360 4456576 100671618 2167771136 16834578 2888
is_linear=0
shrinkage=1


Tree=1
num_leaves=15
num_cat=4
split_feature=18 3 14 15 3 18 15 14 14 16 18 18 9 1
split_gain=11988.7 5010.45 2670.7 2006.43 1144.01 768.935 484.781 470.554 235.495 176.87 160.23 151.34 103.948 98.7676
threshold=0 1.0000000180025095e-35 0.18892857142857147 0.034722222222222231 1.0000000180025095e-35 1 0.32500000000000007 0.041071428571428578 0.23500000000000001 0.37796447300922814 2 3 13.500000000000002 37.500000000000007
decision_type=9 2 10 10 2 9 10 10 10 10 9 9 8 2
left_child=1 2 7 11 5 8 -4 -1 -5 -8 -7 -2 -3 -11
right_child=3 12 6 4 -6 10 9 -9 -10 13 -12 -13 -14 -15
leaf_value=0.011093749832919718 -0.0072317966225211132 -0.019508645961796332 0.12822295120566912 0.047248023363535951 -0.027897931891986184 0.019263291562470964 0.14535574225582806 0.090657681702915993 0.099299753805258184 0.21772979026487024 -0.0097093635762161342 -0.027613474624615136 0.14973187826566747 0.17064522170264734
leaf_weight=118.2857882976532 384.62761126086116 267.1840968132019 161.1595138348639 380.12433708459139 449.36774443089962 413.59114119783044 69.478791315108538 153.93762945756316 99.414439402520657 196.28508629649878 281.59218031167984 4231.2479098401964 2.3174344450235358 82.918875262141228
leaf_count=2740 9132 6392 3308 8539 10797 9501 1343 3337 2104 3657 6628 101651 48 1623
internal_value=-4.18645e-05 0.0931204 0.132405 -0.0158779 0.0127699 0.0283372 0.172876 0.0562529 0.0570363 0.193088 0.00755914 -0.0259925 -0.0175052 0.204405
internal_weight=7291.53 1051.57 782.066 6239.97 1624.09 1174.72 509.842 272.223 479.539 348.683 695.183 4615.88 269.502 279.204
internal_count=170800 22448 16008 148352 37569 26772 9931 6077 10643 6623 16129 110783 6440 5280
cat_boundaries=0 6 12 17 23
cat_threshold=237568 151186444 0 805307400 2147483648 5126 2550141440 41156611 0 1214464 40960 11209 4210824 4832 1711300818 2166689856 83902482 2151678496 36700291 101195922 2165446720 262145 905
is_linear=0
shrinkage=0.03


Tree=2
num_leaves=15
num_cat=3
split_feature=18 3 14 15 3 14 18 17 7 18 17 13 14 13
split_gain=10620.1 4207.8 2566.78 1293.72 712.911 519.596 399.424 366.481 141.413 129.643 124.542 121.42 121.209 110.574
threshold=0 1.0000000180025095e-35 0.24392857142857147 0.034722222222222231 1.0000000180025095e-35 0.041071428571428578 1 0.37336743393009381 13.500000000000002 2 0.26132152408822157 0.059285714285714296 0.075892857142857165 0.059285714285714296
decision_type=9 2 10 10 2 10 9 10 8 9 10 10 10 10
left_child=1 2 5 9 6 -1 12 -4 -3 -2 -7 -9 -5 -12
right_child=3 8 7 4 -6 10 -8 11 -10 -11 13 -13 -14 -15
leaf_value=0.011274402221797592 -0.010910677962526217 -0.020526444576801021 0.11141444463113956 0.021812091443255421 -0.02829262353993724 0.06523688642312632 -0.00091367978450775946 0.098982855255429811 0.18474650159675915 -0.027913811459522379 0.057246943556211079 0.16662580222730011 0.050104724320099533 0.14765365862291965
leaf_weight=185.87843096628785 500.28262978792191 343.01776481047273 222.65034265816212 249.43370858207345 375.1749908849597 265.09140351042151 463.71031630411744 31.296630207449198 2.0556770786643019 3947.7356139495969 21.257203746587038 347.11560850590467 306.52982205525041 35.113265309482813
leaf_count=4272 12074 8362 4073 5498 9251 5474 10843 523 38 97275 400 5490 6579 648
internal_value=-8.11586e-05 0.0721726 0.101128 -0.0181568 0.00701686 0.0512891 0.0200235 0.143041 -0.0187733 -0.0260916 0.0743201 0.161307 0.0368122 0.115154
internal_weight=7296.34 1453.48 1108.4 5842.87 1394.85 507.34 1019.67 601.063 345.073 4448.02 321.462 378.412 555.964 56.3705
internal_count=170800 29280 20880 141520 32171 10794 22920 10086 8400 109349 6522 6013 12077 1048
cat_boundaries=0 6 12 18
cat_threshold=238080 152235022 0 805309448 2147483648 5958 2550140936 40108161 100671618 3379200 16834560 10377 2160068648 36176513 101195926 2165444672 262161 137
is_linear=0
shrinkage=0.03


Tree=3
num_leaves=15
num_cat=3
split_feature=18 3 14 15 3 14 18 17 13 7 17 18 1 1
split_gain=9538.15 3524.67 1988.89 1119.68 599.912 505.843 316.679 263.737 144.411 143.856 126.83 120.202 91.1155 88.5992
threshold=0 1.0000000180025095e-35 0.24392857142857147 0.034722222222222231 1.0000000180025095e-35 0.026785714285714288 1 0.37336743393009381 0.059285714285714296 87.500000000000014 0.26132152408822157 2 46.500000000000007 49.500000000000007
decision_type=9 2 10 10 2 10 9 10 10 8 10 9 2 2
left_child=1 2 5 11 6 -1 12 -4 -7 -3 -10 -2 -5 -9
right_child=3 9 7 4 -6 8 -8 13 10 -11 -12 -13 -14 -15
leaf_value=-0.001599707181338517 -0.011319849028456416 -0.020577802184190943 0.096655644026638704 0.036711874717085556 -0.028374039168417756 0.043655426882828148 -0.00316102125290341 0.13960147500783487 0.067709203812020585 0.18811737170452963 0.1262565048377908 -0.027846207430536802 0.0028321075148909063 0.076458921354717171
leaf_weight=147.8362588994205 496.22682217136025 359.47743879631162 256.79367112740874 495.02639266103506 349.31189364567399 203.32275687158108 409.22403103113174 408.99317805469036 193.35902345180511 2.0057000182569018 41.829451333731413 3824.932176169008 83.668070521205664 25.211542993783951
leaf_count=3385 12132 8928 4284 10481 8841 4086 9630 5640 3814 32 690 96696 1788 373
internal_value=-0.000112697 0.0633724 0.0871486 -0.0185869 0.0053666 0.0463935 0.0173134 0.121614 0.0625404 -0.0189041 0.0786126 -0.0260421 0.0312871 0.136119
internal_weight=7297.22 1638.83 1277.35 5658.39 1337.23 586.347 987.918 690.998 438.511 361.483 235.188 4321.16 578.694 434.205
internal_count=170800 31232 22272 139568 30740 11975 21899 10297 8590 8960 4504 108828 12269 6013
cat_boundaries=0 6 12 18
cat_threshold=238080 152235023 0 805309448 2147483648 6086 2550140936 40108160 100671618 2167640064 16834576 10249 2160068648 36176512 101195926 2167541824 262161 9
is_linear=0
shrinkage=0.03


Tree=4
num_leaves=15
num_cat=4
split_feature=18 3 14 14 3 14 18 13 7 19 18 1 1 9
split_gain=8626.64 2934.62 1540.93 1118.04 620.806 371.122 362.068 198.95 139.073 134.389 117.299 96.4183 89.4897 84.6154
threshold=0 1.0000000180025095e-35 0.24392857142857147 0.026785714285714288 1.0000000180025095e-35 0.026785714285714288 1 0.34500000000000003 87.500000000000014 2 3 27.500000000000004 3.5000000000000004 0.41500000000000009
decision_type=9 2 10 10 2 10 9 10 8 1 9 2 2 10
left_child=1 2 5 10 6 -1 -5 -4 -3 -7 -2 -9 -11 -13
right_child=3 8 7 4 -6 9 -8 11 -10 12 -12 13 -14 -15
leaf_value=0.00027489374529737271 -0.011985620683666253 -0.020173446413298931 0.087699819601483014 0.032207688835871023 -0.0288652599336491 0.069014965224867914 -0.0026314929886449754 0.13448896567022661 0.17445430278636201 0.11001228057326959 -0.028257865572659101 0.11787147097420117 0.025744737643326337 0.076216867505858626
leaf_weight=141.88553957268596 507.43673396110535 352.64459900930524 312.13094367459416 561.98574471473694 375.12828104943037 284.5750376097858 509.62469186261296 225.02277584373951 2.3445091843605033 11.272659886628388 3609.3671903423965 150.83442888781428 176.70579108968377 73.915820680558681
leaf_count=3253 12441 8928 4394 11821 9690 5289 12358 2850 32 203 93258 2014 3293 976
internal_value=-0.000138642 0.0581282 0.078288 -0.0183495 0.00430153 0.0428369 0.015928 0.106784 -0.0184016 0.0555887 -0.0263533 0.119804 0.0297778 0.10457
internal_weight=7294.87 1731.33 1376.34 5563.54 1446.74 614.439 1071.61 761.904 354.989 472.553 4116.8 449.773 187.978 224.75
internal_count=170800 31232 22272 139568 33869 12038 24179 10234 8960 8785 105699 5840 3496 2990
cat_boundaries=0 6 12 13 19
cat_threshold=238080 154332174 0 805309448 2147483648 6086 2550140936 38011521 1711284370 20123648 16818176 10249 7 2160068616 33554561 101200014 2167574592 67371027 2049
is_linear=0
shrinkage=0.03


Tree=5
num_leaves=15
num_cat=6
split_feature=14 3 18 18 15 16 18 3 3 7 18 19 18 1
split_gain=7894.13 2860.12 1693.31 731.187 309.868 299.632 280.838 199.195 197.876 179.658 133.478 110.142 77.6917 69.287
threshold=0.086250000000000007 1.0000000180025095e-35 0 1 1.0000000180025095e-35 0.37796447300922736 2 1.0000000180025095e-35 1.0000000180025095e-35 87.500000000000014 3 4 5 34.500000000000007
decision_type=10 2 9 9 10 10 9 2 2 8 9 1 9 2
left_child=3 2 5 8 -5 -2 -4 10 -1 -10 -6 13 -8 -7
right_child=1 -3 6 4 7 11 12 -9 9 -11 -12 -13 -14 -15
leaf_value=0.026827916875997691 0.066188508988259648 -0.021919318764986265 0.046646586966486249 -0.028609376610829549 0.012007507517160001 0.13051915756358479 0.018901712402106433 -0.030150337699754084 -0.024226959635573357 0.1971909419877568 -0.011630649286141732 0.074654365655445171 -0.01103692386798712 0.10226181664010174
leaf_weight=356.75966060906649 276.48263864219189 410.84408984705806 397.89855711534619 3299.1849362887442 291.5566772967577 267.52440695464611 204.47290991619229 387.91704433783889 114.36492819339037 2.402126431465148 742.7884797565639 272.64574370533228 115.10325995087624 149.12383543327451
leaf_count=7409 4113 10732 7169 87404 6599 3187 4331 10231 2965 32 18605 3365 2744 1914
internal_value=-0.00015555 0.0490042 0.0663178 -0.0199775 -0.0235135 0.0920795 0.0298634 -0.0118461 0.0154251 -0.0180362 -0.00495883 0.103688 0.00811013 0.117853
internal_weight=7289.07 2094.1 1683.25 5194.97 4721.45 965.777 717.475 1422.26 473.527 116.767 1034.35 689.294 319.576 416.648
internal_count=170800 37555 26823 133245 122839 12579 14244 35435 10406 2997 25204 8466 7075 5101
cat_boundaries=0 6 12 18 24 25 30
cat_threshold=237568 134654988 0 805307400 2147483648 1990 2147590656 187878543 100663296 806492168 2147483648 4098 2550141440 57688707 128 1050624 40960 14345 939524248 4456512 805314688 2164343808 71360528 11977 7 4212760 4192 1980784658 153325632 26230802
is_linear=0
shrinkage=0.03


Tree=6
num_leaves=15
num_cat=5
split_feature=14 3 18 18 18 15 3 3 16 7 18 1 1 18
split_gain=7254.45 2490.32 1382.98 706.319 327.237 309.495 195.871 181.93 169.494 156.904 123.82 97.0999 84.7976 66.9287
threshold=0.086250000000000007 1.0000000180025095e-35 0 1 2 1.0000000180025095e-35 1.0000000180025095e-35 1.0000000180025095e-35 0.18898223650461335 87.500000000000014 3 28.500000000000004 44.500000000000007 4
decision_type=10 2 9 9 9 10 2 2 10 8 9 2 2 9
left_child=3 2 8 7 12 -5 10 -1 -2 -9 -7 -10 -4 -6
right_child=1 -3 4 5 13 6 -8 9 11 -11 -12 -13 -14 -15
leaf_value=0.025399338334513626 0.052829378167335204 -0.021702622081999245 0.051638357015627225 -0.028504760887251741 0.017862898593613494 0.012004727818603643 -0.03008334673658283 -0.024039939008661516 0.10427907935570753 0.17177791116193067 -0.011093783768868618 0.082161669788556074 0.018681272562471662 -0.010083785133968804
leaf_weight=365.43994151055813 112.84071666747332 402.63268100842834 494.06610365584493 3213.2569123059511 182.20973439514637 278.40980769693851 377.28025725483894 111.84303021803498 379.26844602078199 2.8157326467335215 751.24544571712613 404.74272103980184 83.64464171230793 120.79699724167585
leaf_count=7409 1588 10732 8219 87404 3803 6265 10231 2965 4121 32 18939 4754 1435 2903
internal_value=-0.000167641 0.0456229 0.0608762 -0.0197466 0.032822 -0.0233166 -0.0116212 0.0147629 0.0870238 -0.0177875 -0.00483372 0.0929803 0.0461104 0.00675869
internal_weight=7280.49 2180.2 1777.57 5100.29 880.717 4620.19 1406.94 480.099 896.852 114.659 1029.66 784.011 577.711 303.007
internal_count=170800 37555 26823 133245 16360 122839 35435 10406 10463 2997 25204 8875 9654 6706
cat_boundaries=0 6 12 18 24 29
cat_threshold=237568 134654984 0 805306376 0 1350 2147590656 187878543 100663296 806492168 2147483648 4098 2550141440 57688711 130 1051648 2147524608 14985 939524248 4456512 805314688 2164343808 71360528 11849 4210712 4192 1443913744 153325632 26230802
is_linear=0
shrinkage=0.03


Tree=7
num_leaves=15
num_cat=5
split_feature=14 3 18 17 3 18 18 18 7 16 15 1 14 18
split_gain=6683.52 2184.12 1148.48 696.516 284.665 243.438 233.669 181.833 140.796 114.267 101.512 86.4551 78.9076 66.8993
threshold=0.086250000000000007 1.0000000180025095e-35 0 0.025053329148871335 1.0000000180025095e-35 1 2 3 87.500000000000014 0.18898223650461335 1.0000000180025095e-35 24.500000000000004 0.026785714285714288 4
decision_type=10 2 9 8 2 9 9 9 8 10 10 2 10 9
left_child=3 2 5 10 6 -2 -5 -4 -6 -7 -1 -11 -8 -12
right_child=1 -3 7 4 8 9 12 -9 -10 11 13 -13 -14 -15
leaf_value=-0.02883818794662981 0.095772163654217896 -0.021484507233892149 0.034495410046645955 0.028499697777376112 -0.027876970092229815 0.037923712332056402 -0.010967870193655509 0.00076813178946714261 0.088231303174661352 0.081486969655318153 0.0030411789300072161 0.05784617228093808 0.0093092646593641373 -0.020459534789566722
leaf_weight=2921.543937921524 417.19125048816204 394.65014203637838 475.31856206059456 300.10304422676563 335.64504846185446 150.70952367782593 422.24977799877524 215.68229226022959 8.7172478139400464 247.02429448440671 136.9763650149107 362.1588330604136 290.85321951657534 592.05105439200997
leaf_count=81658 4191 10732 8292 5870 9246 2183 10616 4917 175 2820 3432 4420 6510 15738
internal_value=-0.000182253 0.0425977 0.0561399 -0.0195154 -0.00116751 0.0740523 0.00684391 0.0241451 -0.0246908 0.0609313 -0.0263363 0.0675504 -0.00265875 -0.0162845
internal_weight=7270.87 2262.73 1868.08 5008.14 1357.57 1177.08 1013.21 691.001 344.362 759.893 3650.57 609.183 713.103 729.027
internal_count=170800 37555 26823 133245 32417 13614 22996 13209 9421 9423 100828 7240 17126 19170
cat_boundaries=0 6 8 14 20 26
cat_threshold=237568 138865677 0 805307400 2147483648 1990 204800 174080 33280 192037903 33554432 2148670472 2147483648 6146 2554335744 53478018 100671618 19957760 16818178 14345 1010827408 37748928 1074290720 1394688 71606289 8520
is_linear=0
shrinkage=0.03


Tree=8
num_leaves=15
num_cat=6
split_feature=14 3 18 17 3 18 19 18 7 16 15 1 18 18
split_gain=6181.13 1932.11 953.235 685.069 274.297 218.281 199.164 171.185 129.869 125.098 99.3267 86.2972 82.2643 66.4251
threshold=0.086250000000000007 1.0000000180025095e-35 0 0.024514096356581163 1.0000000180025095e-35 1 2 3 87.500000000000014 0.18898223650461335 1.0000000180025095e-35 44.500000000000007 4 5
decision_type=10 2 9 8 2 9 1 9 8 10 10 2 9 9
left_child=3 2 6 10 5 -5 9 -4 -6 -2 -1 -8 -7 -12
right_child=1 -3 7 4 8 12 11 -9 -10 -11 13 -13 -14 -15
leaf_value=-0.02874845266623037 0.049576456666136567 -0.021264997670769899 0.033388625137212545 -0.012116603017166848 -0.027793233432169683 0.03273227960050927 0.055779805548423135 0.0013410520402870019 0.080168988112840664 0.085637948800319025 0.0038009448941764981 0.021361519685301106 0.0092200663463734706 -0.020260066313576883
leaf_weight=2839.1091344691813 105.82618296891451 386.89051187410951 502.68009979650378 362.61228828877211 330.4721234254539 194.70159906148911 399.61341514065862 224.4443394690752 9.3955773562192899 639.97980559617281 127.76909294724464 80.431269586086273 472.01075788587332 582.4138156324625
leaf_count=81505 1421 10732 8471 9411 9341 3637 4348 5083 175 6544 3188 956 10212 15776
internal_value=-0.000188914 0.0399392 0.0520686 -0.0192832 -0.00125509 0.00646356 0.0681359 0.0236638 -0.0245822 0.0795293 -0.0262356 0.0490498 0.0165062 -0.0161634
internal_weight=7258.35 2339.87 1952.98 4918.48 1369.19 1029.32 1225.85 727.124 339.868 745.806 3549.29 480.045 666.712 710.183
internal_count=170800 37555 26823 133245 32776 23260 13269 13554 9516 7965 100469 5304 13849 18964
cat_boundaries=0 6 12 13 19 25 31
cat_threshold=237568 138865676 0 805307400 2147483648 1990 4194336 269226496 808833084 134217792 266477 4 7 2554335744 53478019 100671618 19957760 40962 14345 33280 187712526 0 2147616776 0 4096 1010827408 37748928 1074290720 1378304 71622673 8520
is_linear=0
shrinkage=0.03


Tree=9
num_leaves=15
num_cat=7
split_feature=14 3 18 17 3 18 18 7 15 19 19 1 18 18
split_gain=5726.38 1717.89 830.719 673.6 263.088 239.69 206.05 120.403 99.9146 84.6783 77.5005 73.9055 72.681 66.4294
threshold=0.086250000000000007 1.0000000180025095e-35 0 0.024514096356581163 1.0000000180025095e-35 1 2 87.500000000000014 1.0000000180025095e-35 3 4 3.5000000000000004 5 6
decision_type=10 2 9 8 2 9 9 8 10 1 1 2 9 9
left_child=3 2 9 8 6 10 -5 -6 -1 -2 -4 -11 -8 -10
right_child=1 -3 5 4 7 -7 12 -9 13 11 -12 -13 -14 -15
leaf_value=-0.02865227637672144 0.077773516724489233 -0.02104411671334374 0.01500294352551987 -0.011846313436717812 -0.02767468100610929 0.0072195534310341477 0.030930300143546287 0.073314151182855197 0.0035295542240807716 0.11366331652214336 0.044191736301196854 0.049216948205836789 0.0089997498163768008 -0.020198323541988684
leaf_weight=2764.3136684596539 610.07631492614746 379.34796903282404 138.72114380821586 362.31781682372093 322.06263511255383 337.27196804061532 200.41399459168315 10.048720657825468 133.1643925383687 16.462870068848133 565.59753150865436 366.67245141416788 472.22384691983461 566.66571924462914
leaf_count=81505 5708 10732 2035 9504 9341 7172 3637 175 3327 155 8112 3641 10119 15637
internal_value=-0.000198082 0.037522 0.0484455 -0.0190506 -0.0012171 0.0287305 0.00624115 -0.0244081 -0.026086 0.0680971 0.0387619 0.0509485 0.0159265 -0.0159226
internal_weight=7245.36 2414.15 2034.8 4831.21 1367.07 1041.59 1034.96 332.111 3464.14 993.212 704.319 383.135 672.638 699.83
internal_count=170800 37555 26823 133245 32776 17319 23260 9516 100469 9504 10147 3796 13756 18964
cat_boundaries=0 6 12 18 19 20 26 32
cat_threshold=237568 134654976 0 805306376 0 1346 2550137344 57688719 128 1051648 2147524608 14989 4210720 269226496 808833084 134217792 266477 4 7 16 33280 187712526 0 2147616776 0 4096 1010827408 37748928 1074290720 1394688 71606289 8520
is_linear=0
shrinkage=0.03


Tree=10
num_leaves=15
num_cat=5
split_feature=14 3 18 17 18 18 18 19 1 5 15 3 7 3
split_gain=5350.15 1761.83 972.559 405.966 238.422 172.85 144.335 101.202 86.8619 74.5987 66.6746 66.1772 91.6776 65.0146
threshold=0.041071428571428578 1.0000000180025095e-35 0 0.024514096356581163 1 2 3 4 34.500000000000007 339.50000000000006 1.0000000180025095e-35 1.0000000180025095e-35 87.500000000000014 1.0000000180025095e-35
decision_type=10 2 9 8 9 9 9 1 2 2 10 2 8 2
left_child=3 2 4 10 -2 11 -4 8 9 -6 -1 -5 -13 -7
right_child=1 -3 6 5 7 13 -8 -9 -10 -11 -12 12 -14 -15
leaf_value=-0.028554546598850969 0.074293159800429442 -0.022187026490499764 0.024677594386131943 0.025716195160794309 0.073014107670949291 -0.0067706869575481733 -0.00065730728538205109 0.031484586746415556 0.040852083107654681 0.045388335635294451 -0.017431697568745644 -0.022846214825718671 0.12294082228545143 -0.026521840163618082
leaf_weight=2690.6374586001039 499.46006197854877 466.33151962980628 546.61515017971396 189.60149192810059 270.33504553511739 583.58819279819727 326.01119616255164 412.74090072512627 249.7671587690711 141.1276628524065 599.13425264880061 49.996643558144569 3.2097101435065261 201.41182988137007
leaf_count=81478 4232 13534 9472 3677 2956 14390 7679 4932 2930 1540 16558 1466 31 5925
internal_value=-0.000200563 0.0312152 0.041401 -0.0213941 0.0553963 -0.00493035 0.0153222 0.045944 0.0543067 0.0636718 -0.0265348 0.0167608 -0.0119457 -0.0117166
internal_weight=7229.97 2912.39 2446.06 4317.58 1573.43 1027.81 872.626 1073.97 661.23 411.463 3289.77 242.808 53.2064 785
internal_count=170800 47275 33741 123525 16590 25489 17151 12358 7426 4496 98036 5174 1497 20315
cat_boundaries=0 6 8 14 20 21
cat_threshold=237568 155642893 0 805309448 2147483648 6087 204800 174080 102912 192072714 100663296 2148702216 2 14338 2554335760 36704898 67117186 20353024 16834560 10248 7
is_linear=0
shrinkage=0.03


Tree=11
num_leaves=15
num_cat=6
split_feature=14 3 18 17 18 18 18 16 15 3 18 3 7 19
split_gain=5007.37 1595.28 842.545 401.42 165.391 162.909 152.816 84.8492 67.2274 64.3708 62.6028 59.6167 83.3499 58.4028
threshold=0.041071428571428578 1.0000000180025095e-35 0 0.024514096356581163 1 2 3 0.18898223650461335 1.0000000180025095e-35 1.0000000180025095e-35 4 1.0000000180025095e-35 87.500000000000014 5
decision_type=10 2 9 8 9 9 9 10 10 2 9 2 8 1
left_child=3 2 4 8 -2 11 13 -6 -1 -7 -8 -5 -13 -4
right_child=1 -3 6 5 7 9 10 -9 -10 -11 -12 12 -14 -15
leaf_value=-0.02845698834781131 0.068419532888056647 -0.021977150517645708 0.0056786382536587647 0.02446477005573703 0.027752405842949902 -0.0065647464947591961 0.012500258490730885 0.049175766111943256 -0.017188250401017343 -0.026389630774071277 -0.011672684302733478 -0.022570561817686557 0.11250958768965506 0.030468181068030051
leaf_weight=2619.9379523806274 526.57194116711617 456.81543816626072 125.33133878558874 192.61446846276522 217.83938816189766 581.35905487090349 195.68003171682358 774.93624360114336 589.55183215811849 196.97341994568706 169.94258473068476 48.489204354584217 3.4921507984399787 514.05257633328438
leaf_count=81478 4232 13534 2076 3646 2845 14421 4221 7832 16558 5939 4236 1452 31 8299
internal_value=-0.000202968 0.0295733 0.038907 -0.0211784 0.0529363 -0.00480731 0.0169714 0.0440642 -0.026393 -0.0114622 0.00125183 0.0161393 -0.0115435 0.0257872
internal_weight=7213.59 2981.17 2524.35 4232.42 1519.35 1022.93 1005.01 992.776 3209.49 778.332 365.623 244.596 51.9814 639.384
internal_count=170800 47275 33741 123525 14909 25489 18832 10677 98036 20360 8457 5129 1483 10375
cat_boundaries=0 6 8 14 20 25 26
cat_threshold=237568 134671373 0 805307400 2147483648 5959 204800 174080 102912 192072714 100663296 2148669448 8194 14338 2554335760 57672322 8322 20092928 57344 10376 2115720 4192 1979727888 2282045504 1641283602 16
is_linear=0
shrinkage=0.03


Tree=12
num_leaves=15
num_cat=5
split_feature=14 3 18 17 18 18 18 16 3 15 5 3 7 18
split_gain=4692.59 1449.5 738.3 397.072 171.916 158.253 134.351 78.0697 66.0268 62.702 56.7558 55.6955 76.3657 51.9912
threshold=0.041071428571428578 1.0000000180025095e-35 0 0.022963310954461677 1 2 3 0.37796447300922736 1.0000000180025095e-35 1.0000000180025095e-35 459.50000000000006 1.0000000180025095e-35 87.500000000000014 4
decision_type=10 2 9 8 9 9 9 10 2 10 2 2 8 9
left_child=3 2 4 9 -2 11 -4 -6 13 -1 -9 -5 -13 -7
right_child=1 -3 6 5 7 8 -8 10 -10 -11 -12 12 -14 -15
leaf_value=-0.028379546592818949 0.059860154514412768 -0.021765691177695688 -0.016757194837065212 0.023236071524817402 0.028955971271599285 -0.014422273726049217 0.018297213434598267 0.051127584148301784 -0.026457429988042146 -0.017227269220632488 0.024125518391166865 -0.022461615122254211 0.10342558897855149 0.003136031702679027
leaf_weight=2537.3036082535982 766.57192789018154 447.56615970283747 105.54462894052267 198.42573106661439 432.17762744054198 327.28094884939492 790.85463628917933 416.46953197941184 201.09122368693352 559.79797401279211 87.495877750217915 47.998357810080051 3.767901185899972 273.92651624418795
leaf_count=81040 6103 13534 2672 3683 5490 8783 14479 4093 6208 16004 904 1468 31 6308
internal_value=-0.000205537 0.0280618 0.0366471 -0.0209615 0.0481806 -0.00503625 0.0140167 0.0380326 -0.0114743 -0.02637 0.0464967 0.0154155 -0.0115123 -0.00661772
internal_weight=7196.27 3046.68 2599.11 4149.59 1702.71 1052.49 896.399 936.143 802.299 3097.1 503.965 250.192 51.7663 601.207
internal_count=170800 47275 33741 123525 16590 26481 17151 10487 21299 97044 4997 5182 1499 15091
cat_boundaries=0 6 12 18 23 29
cat_threshold=237568 155642893 0 805309448 2147483648 6087 237568 174080 0 8 0 2 102912 192072714 100663296 2148702216 2 14338 60555264 813760528 5184332 4194336 402784421 4194336 269226496 1882505404 134217792 1315020 268
is_linear=0
shrinkage=0.03


Tree=13
num_leaves=15
num_cat=6
split_feature=14 3 18 17 18 18 19 1 18 1 3 15 16 19
split_gain=4402.3 1320.9 649.167 392.392 188.867 149.277 100.682 73.558 70.1781 68.3755 65.2957 63.2102 62.3537 59.3552
threshold=0.041071428571428578 1.0000000180025095e-35 0 0.022963310954461677 1 2 3 45.500000000000007 4 3.5000000000000004 1.0000000180025095e-35 1.0000000180025095e-35 0.18898223650461335 5
decision_type=10 2 9 8 9 9 1 2 9 2 2 10 10 1
left_child=3 2 6 11 7 -5 12 13 -6 -8 -7 -1 -2 -4
right_child=1 -3 4 5 8 10 9 -9 -10 -11 -12 -13 -14 -15
leaf_value=-0.028280851623367589 0.03560778744962545 -0.021552667128983995 0.010875822364054485 0.014856760836976575 0.012786001058247839 -0.0064224122361491685 0.084958077517245739 0.0057230066778503541 -0.010141616502468078 0.034008387365792786 -0.02632601945723121 -0.016984222413347471 0.060650106907012905 0.035762872451625322
leaf_weight=2470.7826412636787 107.89099902287126 438.57665039785206 138.28883722797036 251.75313575193286 299.365144751966 599.04038576222956 24.479712076485157 114.61881840974092 186.70689084008336 489.31036350876093 196.6339814029634 550.92417129874229 728.35032226890326 581.81095721572638
leaf_count=81040 1183 13534 2015 5137 5877 15122 204 1700 4692 4363 6222 16004 5685 8022
internal_value=-0.000209485 0.0266612 0.0345836 -0.0207441 0.019109 -0.00491494 0.049192 0.0277704 0.00394965 0.0358989 -0.0112271 -0.0262275 0.0567873 0.031652
internal_weight=7178.53 3109.4 2670.82 4069.13 1320.79 1047.43 1350.03 834.719 486.072 513.79 795.674 3021.71 836.241 720.1
internal_count=170800 47275 33741 123525 22306 26481 11435 11737 10569 4567 21344 97044 6868 10037
cat_boundaries=0 6 12 18 19 24 25
cat_threshold=237568 134654988 0 805306376 2147483648 326 2554335744 57688707 130 1084416 40960 16009 102912 192072714 100663296 2148669448 8194 14338 7 16536 4192 1979736080 2301038656 567296018 16
is_linear=0
shrinkage=0.03


Tree=14
num_leaves=15
num_cat=5
split_feature=14 3 18 17 18 18 18 1 19 15 3 3 7 5
split_gain=4134.27 1207.24 587.509 387.873 142.771 136.023 111.823 78.6631 65.0348 63.7019 63.5929 49.4701 74.2651 48.9035
threshold=0.041071428571428578 1.0000000180025095e-35 0 0.022963310954461677 1 2 3 49.500000000000007 4 1.0000000180025095e-35 1.0000000180025095e-35 1.0000000180025095e-35 87.500000000000014 447.50000000000006
decision_type=10 2 9 8 9 9 9 2 1 10 2 2 8 2
left_child=3 2 5 9 11 -2 -4 8 -7 -1 -6 -5 -13 -8
right_child=1 -3 6 4 10 7 13 -9 -10 -11 -12 12 -14 -15
leaf_value=-0.028181256285548083 0.05579719726026855 -0.021338099294188426 -0.016986043537749063 0.020878772195569877 -0.0064661522337033286 0.047767746761754402 0.020157551703773369 0.0054800915420827306 0.029962130619132814 -0.016741127034680895 -0.0264338975273808 -0.022108846118725538 0.097116200071596201 0.0017513976186828136
leaf_weight=2406.1101983189583 594.33802312612534 429.84002331085503 92.95681756362319 212.20900471135974 587.13568129763007 466.28729047998786 694.80258874222636 71.273144900798798 659.54745158180594 542.30237825214863 189.46073265746236 49.475587904453278 4.1956401988863936 159.98677732050419
leaf_count=81040 4232 13534 2412 3822 14952 4492 12188 794 6729 16004 6148 1527 32 2894
internal_value=-0.000211929 0.0253659 0.0326999 -0.0205237 -0.00478921 0.0427542 0.0130815 0.0358296 0.0380623 -0.0260835 -0.011221 0.0138694 -0.0111828 0.0165255
internal_weight=7159.92 3169.03 2739.19 3990.89 1042.48 1791.45 947.746 1197.11 1125.83 2948.41 776.596 265.88 53.6712 854.789
internal_count=170800 47275 33741 123525 26481 16247 17494 12015 11221 97044 21100 5381 1559 15082
cat_boundaries=0 6 12 14 19 20
cat_threshold=134455296 155642893 0 805309448 2147483648 5959 102912 192072718 100663296 2148702216 2 14338 204800 174080 10223616 813694992 5184268 4194336 402784421 3
is_linear=0
shrinkage=0.03


Tree=15
num_leaves=15
num_cat=5
split_feature=14 3 18 17 18 19 18 3 16 1 15 7 18 1
split_gain=3887.87 1106.65 529.64 383.106 138.598 118.257 112.214 88.8778 75.5126 68.3536 64.1761 64.0459 51.9525 51.1071
threshold=0.041071428571428578 1.0000000180025095e-35 0 0.022963310954461677 1 2 3 1.0000000180025095e-35 0.18898223650461335 44.500000000000007 1.0000000180025095e-35 87.500000000000014 4 3.5000000000000004
decision_type=10 2 9 8 9 1 9 2 10 2 10 8 9 2
left_child=3 2 5 10 -5 8 -4 -6 -2 13 -1 -9 -8 -7
right_child=1 -3 6 4 7 9 12 11 -10 -11 -12 -13 -14 -15
leaf_value=-0.028080697569567284 0.029798954909319136 -0.021122015108919843 0.021622465383569284 -0.016246397653662082 0.011897942166558035 0.070751437981010273 -0.017178443218666916 -0.02390291337037833 0.051269770034684248 0.0078749081830887802 -0.016498064299887004 0.053464738399110534 0.0069039653419637297 0.031520731753408728
leaf_weight=2343.238770917058 181.0380074493587 421.34958210028708 586.48583716154099 481.23895115032792 437.42124854959548 31.483964286744595 94.523089628666639 109.28827241249382 934.20425555855036 109.76730852201581 533.9257804825902 9.6102640517055971 331.67640256136656 535.12510455027223
leaf_count=81040 2036 13534 8830 13872 8901 261 2492 3565 7329 1104 16004 143 6826 4863
internal_value=-0.00021139 0.0241716 0.0309821 -0.0203035 -0.00466968 0.0407418 0.0131605 0.0055478 0.0473897 0.0291974 -0.0259377 -0.0172557 0.00126511 0.0338214
internal_weight=7140.38 3225.65 2804.3 3914.72 1037.56 1791.62 1012.69 556.32 1115.24 676.376 2877.16 118.899 426.199 566.609
internal_count=170800 47275 33741 123525 26481 15593 18148 12609 9365 6228 97044 3708 9318 5124
cat_boundaries=0 6 12 13 19 24
cat_threshold=134455296 134671373 0 805307400 2147491840 6087 4210728 268702208 1882509500 134217792 1310733 268 7 2420118032 57676418 1073741954 20219904 16826368 10248 60555264 813760528 5184268 4194352 402784421
is_linear=0
shrinkage=0.03


Tree=16
num_leaves=15
num_cat=7
split_feature=14 3 18 18 18 18 19 18 1 16 7 18 16 5
split_gain=3668.56 1224 668.652 206.392 133.564 112.723 80.9779 77.7097 73.9686 58.6541 57.7439 55.2407 36.2345 57.9275
threshold=0.026785714285714288 1.0000000180025095e-35 0 1 2 3 4 5 36.500000000000007 0.18898223650461335 87.500000000000014 6 0.89973541084244091 228.50000000000003
decision_type=10 2 9 9 9 9 1 9 2 10 8 9 10 2
left_child=3 2 5 10 6 -2 -4 -5 -8 -7 -1 -6 -3 -14
right_child=1 12 4 7 11 9 8 -9 -10 -11 -12 -13 13 -15
leaf_value=0.0057460995858983855 0.048750030960860787 -0.025539201390711707 -0.0014175546042937742 -0.012259859229243013 -0.016802206400766399 0.020142788538092551 0.030566103413921335 -0.026972898569301872 0.0092975444088346897 0.035743218470008178 0.10431254547355641 0.0046065993248652123 -0.029293917252797067 0.024401819461564049
leaf_weight=172.07655767537653 711.88340347632766 457.4517826680094 156.26190027967095 435.65206163004041 131.79688427969813 294.09531824663281 435.5813949778676 2707.0345444511622 223.75924246758223 880.28420953080058 4.5283506512641898 440.49396602809429 35.032799938693643 35.304214090108871
leaf_count=3980 4927 15054 2552 12625 3654 3800 6736 93634 3504 7977 31 10048 1137 1141
internal_value=-0.000215354 0.0199015 0.0267353 -0.0232564 0.0106354 0.0383102 0.0183851 -0.0249832 0.0230246 0.0315882 0.008375 -0.00054767 -0.0224629 -0.00237819
internal_weight=7121.24 3801.95 3274.16 3319.29 1387.89 1886.26 815.603 3142.69 659.341 1174.38 176.605 572.291 527.789 70.337
internal_count=170800 60530 43198 110270 26494 16704 12792 106259 10240 11777 4011 13702 17332 2278
cat_boundaries=0 6 12 18 20 21 27 32
cat_threshold=402890752 138865677 0 805309448 2147491840 4935 107008 154324106 101195776 823269384 0 5122 2147504664 53478018 1912610962 1507328 16809984 11400 237568 174080 16 2160068616 33562629 266382 2149614656 2214854675 2949 262208 268435456 5184300 4194464 2055407268
is_linear=0
shrinkage=0.03


Tree=17
num_leaves=15
num_cat=8
split_feature=14 3 18 18 18 18 18 1 19 19 18 7 1 3
split_gain=3472.75 1132.94 592.906 197.92 118.42 106.562 83.7328 69.71 59.1281 55.9003 55.3996 49.6548 49.4331 37.9313
threshold=0.026785714285714288 1.0000000180025095e-35 0 1 2 3 4 49.500000000000007 5 6 7 87.500000000000014 34.500000000000007 1.0000000180025095e-35
decision_type=10 2 9 9 9 9 9 2 1 1 9 8 2 2
left_child=3 2 5 11 8 -2 13 9 12 -7 -6 -1 -4 -5
right_child=1 -3 4 6 10 7 -8 -9 -10 -11 -12 -13 -14 -15
leaf_value=0.0057357369465437513 0.046823174095708561 -0.022261473455652981 0.032577953947259757 -0.0071931090719445463 -0.016660358904177941 0.04044244707695524 -0.026931372191695571 0.0028164657175555378 0.0066100926262784576 0.025175964627112257 0.0047320152186179059 0.094186551634475799 0.012563587707421008 -0.027089149785272857
leaf_weight=167.17654904164374 653.73069509118795 516.82705330848694 289.77147368714213 340.28270807117224 130.56961776316166 518.57138970121741 2620.2489306554198 77.855036791414022 300.73436377570033 720.98527652397752 461.89787041395903 4.923525594174861 182.77870507910848 115.08108944818377
leaf_count=3799 4262 17332 4430 9566 3674 4756 93000 860 4837 7103 10429 32 2847 3873
internal_value=-0.000218759 0.019038 0.0254394 -0.0230676 0.00996651 0.0359169 -0.0247723 0.0301621 0.0176495 0.0321191 -0.000200244 0.0083153 0.0243649 -0.0120066
internal_weight=7101.43 3853.72 3336.89 3247.71 1365.75 1971.14 3075.61 1317.41 773.285 1239.56 592.467 172.1 472.55 455.364
internal_count=170800 60530 43198 110270 26217 16981 106439 12719 12114 11859 14103 3831 7277 13439
cat_boundaries=0 6 12 18 20 26 27 28 33
cat_threshold=402890752 138865677 0 805309448 2147483648 5959 107008 154332298 100671488 823269384 0 5250 2147504656 53478018 1912610962 1507328 16818176 10376 204800 174080 2160068616 33554437 790734 2149614656 2214854675 2821 7 3 262208 805306368 5184300 4194464 2055407268
is_linear=0
shrinkage=0.03


Tree=18
num_leaves=15
num_cat=7
split_feature=14 3 18 18 18 19 18 19 1 16 1 18 7 1
split_gain=3290.65 1050.79 540.607 197.477 114.122 91.0498 78.092 67.7654 67.2833 65.059 61.0163 51.7558 47.2221 45.0006
threshold=0.026785714285714288 1.0000000180025095e-35 0 1 2 3 4 5 44.500000000000007 0.18898223650461335 41.500000000000007 6 87.500000000000014 3.5000000000000004
decision_type=10 2 9 9 9 1 9 1 2 10 2 9 8 2
left_child=3 2 5 12 7 9 -5 -4 13 -2 -9 -6 -1 -7
right_child=1 -3 4 6 11 8 -8 10 -10 -11 -12 -13 -14 -15
leaf_value=0.0053987706555499995 0.025208155527787157 -0.022057270486051786 -0.0013523802313890011 -0.01181412992530843 0.0067906138094900375 0.061304816492606433 -0.026720164744467922 0.026179373751686864 0.0046114137632518185 0.043342769406725143 0.0041827925952804164 -0.011033880024041823 0.090791364182602072 0.026957423181166638
leaf_weight=173.62640246003866 222.0582036934793 506.13506423309445 153.83145628497005 425.9366106018424 355.09006174840033 36.265002470463514 2573.4274868033826 525.76059935986996 121.54148297011852 1016.0042596533895 145.20835603028536 233.57005164027214 5.0396766960620871 587.0405801050365
leaf_count=3980 2562 17332 2489 12634 7642 295 93625 7726 1218 7463 2261 6376 31 5166
internal_value=-0.000217832 0.0182361 0.0242454 -0.0228772 0.00980464 0.0343066 -0.0246543 0.0169645 0.0247427 0.039792 0.021118 -0.000354501 0.00786181 0.0290508
internal_weight=7080.54 3902.51 3396.37 3178.03 1413.46 1982.91 2999.36 824.8 744.847 1238.06 670.969 588.66 178.666 623.306
internal_count=170800 60530 43198 110270 26494 16704 106259 12476 6679 10025 9987 14018 4011 5461
cat_boundaries=0 6 12 18 19 25 26 31
cat_threshold=402890752 138865677 0 805309448 2147491840 4935 107008 154324106 101195776 823269384 0 5122 2147504656 53478082 1912610962 1507328 16809984 11400 7 2160068616 33562629 4302 2149614656 2214854675 2949 16 549453992 4144 75513856 2309017664 72630354
is_linear=0
shrinkage=0.03


Tree=19
num_leaves=15
num_cat=7
split_feature=14 3 18 18 18 18 15 19 16 18 3 18 1 7
split_gain=3118.3 975.457 486.929 192.502 104.882 91.9528 77.0659 61.3427 55.8046 49.5624 49.4111 64.4129 42.3138 41.4235
threshold=0.026785714285714288 1.0000000180025095e-35 0 1 2 3 1.0000000180025095e-35 4 0.18898223650461335 5 1.0000000180025095e-35 6 34.500000000000007 87.500000000000014
decision_type=10 2 9 9 9 9 10 1 10 9 2 9 2 8
left_child=3 2 5 13 7 -2 -5 12 -7 -6 11 -8 -4 -1
right_child=1 -3 4 6 9 8 10 -9 -10 -11 -12 -13 -14 -15
leaf_value=0.0055501737334309933 0.040540222693662288 -0.021851336275119169 0.030156389181847251 -0.027106089406532963 -0.016438611089408636 0.015258556737168668 0.0093395478547983329 0.0053324925079518337 0.030253558392256956 0.0041863852601153485 -0.029596266437661545 -0.01620332062225115 0.012213965687624548 0.085731293638212053
leaf_weight=171.28661800734699 870.32057068496943 495.74514735862613 309.91528100147843 2299.7036987300962 122.6260734423995 305.91337938606739 111.33089107647538 312.12726359814405 862.77104293555021 476.15921425819397 160.56058210134506 362.48835352621973 194.35660411044955 5.0122814029455176
leaf_count=3925 5603 17332 4460 86701 3553 3737 3038 4911 7428 10570 5679 10897 2936 30
internal_value=-0.000221575 0.0174687 0.0231166 -0.0226852 0.00934525 0.0324605 -0.0244658 0.0162983 0.0261216 -0.000257781 -0.015252 -0.0103392 0.0228271 0.00785729
internal_weight=7060.32 3949.93 3454.19 3110.38 1415.18 2039 2934.08 816.399 1168.68 598.785 634.38 473.819 504.272 176.299
internal_count=170800 60530 43198 110270 26430 16768 106315 12307 11165 14123 19614 13935 7396 3955
cat_boundaries=0 6 12 18 22 23 28 34
cat_threshold=402890752 138865677 0 805309448 2147491840 5703 74240 154324106 101195776 823269384 0 4226 2147504664 53478082 1912602770 1507328 16809984 10632 237568 174080 0 8 7 262208 268435456 5184268 4194464 2055407268 71309464 37749360 1610612736 2153857056 2218844176 11328
is_linear=0
shrinkage=0.03


Tree=20
num_leaves=15
num_cat=6
split_feature=14 3 18 17 18 19 18 1 18 1 19 6 0 0
split_gain=2956.99 907.111 441.517 189.388 97.5591 92.2722 76.5123 57.8675 48.9964 48.7416 44.0329 40.4763 42.5531 40.3049
threshold=0.026785714285714288 1.0000000180025095e-35 0 0.030319445812403565 1 2 3 44.500000000000007 4 49.500000000000007 5 122.50000000000001 5.5000000000000009 7.5000000000000009
decision_type=10 2 9 8 9 1 9 2 9 2 1 2 2 2
left_child=3 2 5 -1 10 9 -5 -7 -6 11 -4 -2 -13 -14
right_child=1 -3 4 6 8 7 -8 -9 -10 -11 -12 12 13 -15
leaf_value=-0.026003417769736061 0.050043134413002122 -0.021643689204698106 0.021249432286989819 0.011457362720810655 -0.01653353138429596 0.025517972332063717 -0.013165813367185355 0.0032419379836426351 0.0041052947835793782 0.013279695667798096 0.0062401910220632366 0.021818594028318154 0.061348840937632848 0.03617698621615878
leaf_weight=2494.4662255290896 209.36853947862983 485.64921101182699 508.69381960108876 148.46947632730007 119.50812937878072 651.36038425192237 401.43021931312978 125.45477598160505 489.69789835996926 78.635297153145075 311.21824174001813 178.90030520409346 63.510097239166498 772.60368000343442
leaf_count=95195 1519 17332 7289 3169 3506 5475 11906 1228 10797 686 4840 1399 501 5958
internal_value=-0.000222077 0.016751 0.0220695 -0.0224911 0.00899347 0.0308544 -0.00653999 0.0216509 -0.000164861 0.036114 0.0157103 0.0378632 0.0353041 0.03816
internal_weight=7038.97 3994.6 3508.95 3044.37 1429.12 2079.83 549.9 776.815 609.206 1303.02 819.912 1224.38 1015.01 836.114
internal_count=170800 60530 43198 110270 26432 16766 15075 6703 14303 10063 12129 9377 7858 6459
cat_boundaries=0 6 12 13 19 24 25
cat_threshold=402890752 155642893 0 805307400 2147491840 5447 2147504656 36700866 1912619154 1509376 16809984 10888 7 66048 187747338 101187584 2165446664 83886096 14658 1835072 268435456 5184268 4194464 1518536356 7
is_linear=0
shrinkage=0.03


Tree=21
num_leaves=15
num_cat=6
split_feature=14 3 18 17 18 18 16 18 19 5 19 1 1 16
split_gain=2804.84 844.481 405.742 187.842 110.462 74.6059 64.1509 52.6366 51.7931 49.6436 47.4617 41.8782 39.6543 38.8469
threshold=0.026785714285714288 1.0000000180025095e-35 0 0.030319445812403565 1 2 0.18898223650461335 3 4 451.50000000000006 5 34.500000000000007 44.500000000000007 0.89973541084244091
decision_type=10 2 9 8 9 9 10 9 1 2 1 2 2 10
left_child=3 2 6 -1 9 -5 -2 -6 -8 10 -4 -12 -10 -3
right_child=1 13 4 5 7 -7 8 -9 12 -11 11 -13 -14 -15
leaf_value=-0.025861593486623272 0.018111160381864257 -0.024825438946902777 0.0034684341421613637 -0.016684836817043566 -0.016403801314003694 0.0051981929119700671 0.038142003491363242 0.0047846429196939056 0.028080684283855538 0.003542637551842052 0.028597024575619384 0.012566990263445637 0.0059056834066520741 0.00018441225038086544
leaf_weight=2433.8250883407891 295.89701547846198 411.19203566014767 150.56211004406214 283.83925325796008 118.47678338363767 262.70394719019532 974.77665250375867 560.34253199584782 485.32914271950722 208.25483638420701 464.67897361889482 217.72637438774109 86.033632319420576 64.647309338673949
leaf_count=95195 3200 15054 2143 8845 3522 6230 6434 12032 3547 3039 5746 2805 730 2278
internal_value=-0.000222455 0.0160695 0.0210841 -0.0222935 0.0103852 -0.00638594 0.0308397 0.00088394 0.0334617 0.0165055 0.0199362 0.0231694 0.0243327 -0.0214344
internal_weight=7018.29 4037.92 3562.08 2980.37 1720.04 546.543 1842.04 678.819 1546.14 1041.22 832.967 682.405 571.363 475.839
internal_count=170800 60530 43198 110270 29287 15075 13911 15554 10711 13733 10694 8551 4277 17332
cat_boundaries=0 6 12 18 23 24 25
cat_threshold=402890752 138849293 0 805306376 2147491840 4167 2147504656 53494402 1644167314 1117184 16809984 12168 2155872264 269222401 808472766 134218816 2147491847 525 1835072 805306368 5184268 4194464 1786971812 7 16
is_linear=0
shrinkage=0.03


Tree=22
num_leaves=15
num_cat=6
split_feature=14 3 18 17 18 18 1 18 19 16 16 5 5 19
split_gain=2662.05 787.357 368.439 186.339 113.283 72.7457 54.1085 53.4367 52.9083 50.1464 38.2044 59.5733 168.058 35.5365
threshold=0.026785714285714288 1.0000000180025095e-35 0 0.028852186082424482 1 2 49.500000000000007 3 4 0.18898223650461335 0.89973541084244091 228.50000000000003 235.50000000000003 5
decision_type=10 2 9 8 9 9 2 9 1 10 10 2 2 1
left_child=3 2 9 -1 6 -5 8 -6 -4 -2 -3 -12 -13 -11
right_child=1 10 4 5 7 -7 -8 -9 -10 13 11 12 -14 -15
leaf_value=-0.025809120987810085 0.017663891300220929 -0.024661201729993656 0.026179021103572085 0.010738229022770168 0.0076703515320189304 -0.012978805202644267 -0.010620360869116203 -0.0088028548374372174 0.012125676698611613 0.036767733591015393 -0.028997912934356218 0.2172579957544373 0.0043139879942893878 0.024252133444850693
leaf_weight=2352.9831481054425 239.48350463062525 401.6636210642755 467.00973174721003 152.46683321148157 475.96441661193967 412.83710334636271 60.400033261626959 268.17654574662447 644.40490663051605 920.82361810654402 31.387178163975477 2.7509806994348756 30.520375810563564 535.94689073041081
leaf_count=94467 2448 15054 5483 3207 9307 12596 857 7382 8201 5720 1137 95 1046 3800
internal_value=-0.00022265 0.0154287 0.0201649 -0.0220944 0.010943 -0.00661404 0.0167473 0.00169192 0.0183934 0.0303256 -0.0212239 0.000178933 0.0277465 0.0326016
internal_weight=6996.82 4078.53 3612.21 2918.29 1915.96 565.304 1171.81 744.141 1111.41 1696.25 466.322 64.6585 33.2714 1456.77
internal_count=170800 60530 43198 110270 31230 15803 14541 16689 13684 11968 17332 2278 1141 9520
cat_boundaries=0 6 12 18 23 24 25
cat_threshold=402890752 138849293 0 805306376 0 70 2147504640 53494402 536871042 1117184 2164301824 16265 66048 187747338 101195840 2165446664 83886080 14402 549454008 4192 1442865168 2309394496 5259282 3 7
is_linear=0
shrinkage=0.03


Tree=23
num_leaves=15
num_cat=6
split_feature=14 3 18 17 18 18 18 19 1 5 5 0 18 15
split_gain=2528.41 734.99 338.978 184.753 123.541 70.6171 59.3543 51.6971 48.1639 38.3846 113.621 213.319 42.775 35.6858
threshold=0.026785714285714288 1.0000000180025095e-35 0 0.028852186082424482 1 2 3 4 37.500000000000007 228.50000000000003 235.50000000000003 24.500000000000004 5 1.0000000180025095e-35
decision_type=10 2 9 8 9 9 9 1 2 2 2 2 9 10
left_child=3 2 -2 13 7 -5 -6 -4 -9 -3 11 -11 -12 -1
right_child=1 9 4 5 6 -7 -8 8 -10 10 12 -13 -14 -15
leaf_value=-0.027253876844715374 0.030753164108737602 -0.029430515973214142 0.0043403493897776341 -0.016718221646053858 -0.016066146861099809 0.0042874949538844664 0.0060977608410767376 0.024791680093450539 0.011261802253050558 -0.025373555125801941 0.0092848813718957521 0.29009635723163968 -0.022231602521273212 -0.016738181140334592
leaf_weight=1947.4665115643293 1421.1391983479261 235.53652022406459 241.58469364792109 281.21583882346749 115.78790032118559 280.59306574426591 773.1138390507549 760.46302495524287 347.5525862313807 4.5414901897311202 46.756171818822622 2.1794702336192131 167.94399496912956 348.57482703588903
leaf_count=82041 9139 9008 3020 9080 3526 6723 15419 8020 4074 155 1697 69 6403 12426
internal_value=-0.000218552 0.0148303 0.0193099 -0.0218933 0.0118444 -0.0064589 0.00304961 0.0175655 0.020378 -0.0210098 -0.0119602 0.10125 -0.0159571 -0.0256654
internal_weight=6974.45 4116.6 3659.64 2857.85 2238.5 561.809 888.902 1349.6 1108.02 456.958 221.421 6.72096 214.7 2296.04
internal_count=170800 60530 43198 110270 34059 15803 18945 15114 12094 17332 8324 224 8100 94467
cat_boundaries=0 6 12 18 23 24 28
cat_threshold=402890752 134654976 0 805306376 0 2 2147484160 57688591 128 68608 2147524608 16333 2155872296 269222401 808501438 134218816 270337 525 1835072 276824064 5184268 4194464 1518536356 16 40960 175108 0 805311496
is_linear=0
shrinkage=0.03


Tree=24
num_leaves=15
num_cat=7
split_feature=14 3 18 17 18 18 5 18 19 1 18 18 1 5
split_gain=2401.39 686.696 309.068 183.055 91.5206 67.7527 66.1535 58.6368 53.8838 47.9471 52.2091 44.405 38.8398 38.3531
threshold=0.026785714285714288 1.0000000180025095e-35 0 0.028852186082424482 1 2 451.50000000000006 3 4 34.500000000000007 5 6 32.500000000000007 228.50000000000003
decision_type=10 2 9 8 9 9 2 9 1 2 9 9 2 2
left_child=3 2 7 -1 -4 -5 8 -2 -6 12 -11 -8 -10 -3
right_child=1 13 4 5 6 -7 11 -9 9 10 -12 -13 -14 -15
leaf_value=-0.025520228227388381 0.033950100057193781 -0.029367217872365712 -0.015744003636088435 -0.016485210560236524 0.00090846967842904305 0.0041480973016075886 0.0095082111316107283 0.02189850060485558 0.019435888055148901 0.016875867344232961 -0.0064538420331270848 -0.011845904573544484 0.046173278238480213 -0.011736357818732434
leaf_weight=2240.7135773990303 751.8322414830327 229.06276519969106 115.14399061538279 276.85693122074008 242.18068386055529 281.67469598911703 169.51261120289564 1190.4966113306582 680.19495135545731 206.20928994193673 138.49916597828269 159.48690395615995 52.422143641859293 218.89724307693541
leaf_count=94467 4262 9008 3536 9080 4030 6723 2599 9649 10062 2797 2467 3043 753 8324
internal_value=-0.000218637 0.0142529 0.018494 -0.0216911 0.00921186 -0.00631124 0.0110478 0.0267283 0.0141136 0.0169132 0.00781222 -0.000918849 0.0214094 -0.0207972
internal_weight=6953.18 4153.94 3705.98 2799.25 1763.65 558.532 1648.51 1942.33 1319.51 1077.33 344.708 329 732.617 447.96
internal_count=170800 60530 43198 110270 29287 15803 25751 13911 20109 16079 5264 5642 10815 17332
cat_boundaries=0 6 11 17 19 20 26 32
cat_threshold=402890752 138849293 0 805306376 2147491840 4167 1310784 813694976 5184300 4194464 1250100900 2155872296 269222401 808501438 134218816 270337 525 204800 174080 16 79696008 52445376 0 154602560 6340608 3968 2147484160 3162162 873463808 135486528 21250050 8
is_linear=0
shrinkage=0.03


Tree=25
num_leaves=15
num_cat=5
split_feature=14 3 18 17 18 18 18 19 1 16 0 0 1 15
split_gain=2281.68 642.311 285.358 181.29 109.222 66.3293 49.1442 46.1185 40.4351 38.3609 55.6747 86.4624 115.277 42.3058
threshold=0.026785714285714288 1.0000000180025095e-35 0 0.028852186082424482 1 2 3 4 37.500000000000007 0.89973541084244091 24.500000000000004 25.500000000000004 33.500000000000007 1.427777777777778
decision_type=10 2 9 8 9 9 9 1 2 10 2 2 2 8
left_child=3 2 -2 -1 7 -5 -6 -4 -9 -3 13 12 -12 -11
right_child=1 9 4 5 6 -7 -8 8 -10 10 11 -13 -14 -15
leaf_value=-0.025372683686777479 0.02802590855260375 -0.024193366038779005 0.0037910168402432412 -0.016313612961814307 0.0078190235419524096 0.0041558405351070282 -0.0066770610050605819 0.022762203082997836 0.010519578685411974 -0.021344343733798621 -0.020311276190429516 -5.7994774637044404e-05 0.26504469876663034 0.085313893614012287
leaf_weight=2186.9512874614447 1469.3418230228126 376.4882255345583 244.20229333639145 273.81165617518127 578.55316521599889 281.53329134173691 318.06078039109707 784.59841237217188 355.45183911174536 46.338459059596062 1.9203365575522173 9.7412407267838699 2.1416719146072865 2.6213091891258946
leaf_count=94467 9139 15054 3023 9123 10334 6680 8598 8002 4102 1706 69 361 51 91
internal_value=-0.000217311 0.0137069 0.0177275 -0.0214868 0.0109133 -0.00616629 0.00265815 0.0161972 0.018793 -0.0205824 0.00111796 0.052201 0.152779 -0.0140405
internal_weight=6931.76 4189.46 3750.21 2742.3 2280.87 555.345 896.614 1384.25 1140.05 439.251 62.763 13.8032 4.06201 48.9598
internal_count=170800 60530 43198 110270 34059 15803 18932 15127 12104 17332 2278 481 120 1797
cat_boundaries=0 6 12 18 23 24
cat_threshold=402890752 134654976 0 805306376 0 2 2147500544 57688079 536871040 68608 2147524608 16333 2155872296 269222401 808501438 134218816 270341 525 12587192 4800 1442865170 20353088 16793618 16
is_linear=0
shrinkage=0.03


Tree=26
num_leaves=15
num_cat=8
split_feature=14 3 18 17 18 18 18 19 1 18 1 18 18 5
split_gain=2168.7 600.85 262.058 179.466 69.7244 69.3056 63.4035 54.4862 49.3835 47.6435 42.7063 40.1045 39.165 38.9049
threshold=0.026785714285714288 1.0000000180025095e-35 0 0.028852186082424482 1 2 3 4 40.500000000000007 5 49.500000000000007 6 7 228.50000000000003
decision_type=10 2 9 8 9 9 9 1 2 9 2 9 9 2
left_child=3 2 5 12 -4 -2 -5 -6 11 -10 -7 -9 -1 -3
right_child=1 13 4 6 7 10 -8 8 9 -11 -12 -13 -14 -15
leaf_value=-0.0084384460356181339 0.031091556193367707 -0.029253515861170407 -0.015059459660868715 0.0098872311673382195 -0.0036716900439006032 0.020534083839812051 -0.012218214136485935 0.019701771008040145 0.015663503301886636 -0.0093822196618781606 -0.0012442563600535031 0.0052758046438639208 -0.026336655932300685 -0.011151531419384939
leaf_weight=152.76813126914203 776.2748242393136 217.95498992875218 109.81827357970178 155.63209068961442 252.70029144734144 1438.5200560130179 396.61223993264139 581.99467303603888 101.48868147656322 163.27918482199311 85.753878101706505 282.78227428346872 1981.9462730698287 212.58038455806673
leaf_count=5824 4262 9008 3416 3207 4575 11761 12596 7860 1569 2971 849 5935 88643 8324
internal_value=-0.000215332 0.0131894 0.0170025 -0.0212809 0.00703373 0.0233302 -0.00602404 0.00889406 0.0117135 0.000477263 0.0191831 0.0152845 -0.0252232 -0.0203621
internal_weight=6910.11 4223.15 3792.61 2686.96 1492.06 2300.55 552.244 1382.25 1129.54 264.768 1524.27 864.777 2134.71 430.535
internal_count=170800 60530 43198 110270 26326 16872 15803 22910 18335 4540 12610 13795 94467 17332
cat_boundaries=0 6 11 13 19 20 26 32 38
cat_threshold=402890752 155642893 0 805309448 2147491840 4679 262208 268435456 6232844 4194464 1241712292 204800 174080 66048 187747338 101195840 2165446664 83886080 14402 16 2222981120 35651760 1610612736 18153536 6324224 1288 2151698968 36700738 369123474 136482816 0 11656 12584992 33563265 2650246 2284850240 2147745809 1920
is_linear=0
shrinkage=0.03


Tree=27
num_leaves=15
num_cat=6
split_feature=14 3 18 17 18 18 18 1 0 18 5 5 0 18
split_gain=2061.97 562.992 243.204 177.674 101.318 61.9584 47.2747 40.7147 57.6093 39.1411 38.8262 97.6532 133.974 44.1851
threshold=0.026785714285714288 1.0000000180025095e-35 0 0.028852186082424482 1 2 3 37.500000000000007 30.500000000000004 4 228.50000000000003 235.50000000000003 24.500000000000004 5
decision_type=10 2 9 8 9 9 9 2 2 9 2 2 2 9
left_child=3 2 -2 9 7 -5 -6 -4 -9 -1 -3 12 -12 -13
right_child=1 10 4 5 6 -7 -8 8 -10 -11 11 13 -14 -15
leaf_value=-0.0082645032327685799 0.02681948211637571 -0.029189172154619442 0.01873040985992383 -0.0158134556377654 -0.015558141080462566 0.0040766437827878489 0.0052521649962200788 0.007005634146891984 0.092998713696149121 -0.026207803929801113 -0.025007147536664383 0.0094145095904149562 0.20791712748459251 -0.022141719831174262
leaf_weight=151.55407061055303 1306.383180629462 211.9748756736517 1088.0994876697659 268.67772142961621 100.41181181371212 280.43984993174672 850.51839197799563 481.54313049465418 6.1243509203195563 1932.7387337703258 4.2472001779824486 49.588039612397552 3.2638922445476055 153.24785872362554
leaf_count=5824 7567 9008 10523 9138 3223 6665 16456 5362 67 88643 155 1867 69 6233
internal_value=-0.000215002 0.0126957 0.0163182 -0.0210746 0.0107317 -0.00587979 0.00290195 0.0154039 0.00827368 -0.025073 -0.0201444 -0.0109346 0.0887452 -0.0150431
internal_weight=6888.81 4255.4 3833.08 2633.41 2526.7 549.118 950.93 1575.77 487.667 2084.29 422.322 210.347 7.51109 202.836
internal_count=170800 60530 43198 110270 35631 15803 19679 15952 5429 94467 17332 8324 224 8100
cat_boundaries=0 6 12 18 23 29 33
cat_threshold=402890752 174080 0 805306376 0 2 2147484160 192168975 0 68608 2147524608 16333 2155872296 269222401 808501438 134218816 2147753988 525 262208 268435456 5184268 4194464 1241712292 12584992 33563265 2650246 2284850240 2147745809 1920 41472 175108 0 807408648
is_linear=0
shrinkage=0.03


Tree=28
num_leaves=15
num_cat=6
split_feature=14 3 18 17 18 19 18 1 18 16 15 18 5 5
split_gain=1960.86 527.959 224.673 175.771 73.7489 65.5033 58.3529 56.2318 44.4177 41.7692 39.3826 49.0609 38.7023 88.705
threshold=0.026785714285714288 1.0000000180025095e-35 0 0.028852186082424482 1 2 3 36.500000000000007 4 0.18898223650461335 1.0000000180025095e-35 5 228.50000000000003 235.50000000000003
decision_type=10 2 9 8 9 1 9 2 9 10 10 9 2 2
left_child=3 2 9 10 -4 -6 -5 -7 -9 -2 -1 -12 -3 -14
right_child=1 12 4 6 5 7 -8 8 -10 -11 11 -13 13 -15
leaf_value=-0.026705966079444591 0.012283503175262132 -0.029124361081741067 -0.01475191883213609 -0.015524603410599615 -0.0020983644161176123 0.016602160019120599 0.0038353741863421985 -0.0095926107622985365 0.0097472320864262583 0.025058672841008201 0.010224494490768453 -0.020071781420803913 0.081167523009979065 -0.014817593531895913
leaf_weight=1721.9003638587892 272.33324781805277 206.16317227296531 107.70631223171949 263.87812324799597 338.42984662018716 1038.2834876105189 282.31177136860788 139.95986406132579 367.61296020448208 1607.8015919066966 54.929468967020512 258.47202528640628 8.0690718572586757 200.08927095495164
leaf_count=82041 2566 9008 3434 9150 5497 14344 6653 2595 5096 9666 2031 10395 224 8100
internal_value=-0.000215701 0.0122234 0.015668 -0.020867 0.00849344 0.00990006 -0.00574282 0.0125231 0.00440906 0.023093 -0.0249209 -0.0150594 -0.0199292 -0.0107265
internal_weight=6867.94 4286.45 3872.13 2581.49 1991.99 1884.29 546.19 1545.86 507.573 1880.13 2035.3 313.401 414.322 208.158
internal_count=170800 60530 43198 110270 30966 27532 15803 22035 7691 12232 94467 12426 17332 8324
cat_boundaries=0 6 11 12 18 24 30
cat_threshold=402890752 138849293 0 805306376 8192 70 786496 268435456 7281420 4194464 1241712292 16 2160066600 269222401 808501436 134218816 270340 525 22584 524802 101736658 2281738240 898629649 10240 67113104 37749361 2646016 2147568672 71360528 8192
is_linear=0
shrinkage=0.03


Tree=29
num_leaves=15
num_cat=7
split_feature=14 3 18 17 18 18 18 18 16 5 5 19 19 1
split_gain=1864.58 495.169 210.518 173.8 80.2763 57.1672 42.3363 40.8399 38.6511 51.3003 77.8281 36.7942 36.0718 41.8048
threshold=0.026785714285714288 1.0000000180025095e-35 0 0.028852186082424482 1 2 3 4 0.89973541084244091 228.50000000000003 235.50000000000003 5 6 3.5000000000000004
decision_type=10 2 9 8 9 9 9 9 10 2 2 1 1 2
left_child=3 2 12 7 11 -5 -6 -1 -3 -10 -11 -4 -2 -14
right_child=1 8 4 5 6 -7 -8 -9 9 10 -12 -13 13 -15
leaf_value=-0.0073395332832967728 0.027412999588234861 -0.023555804619307889 0.019271212032319199 -0.015277935380918473 -0.015111727616368274 0.0039271157045490937 0.0044487126327379199 -0.02594227842710865 -0.028493574530712617 0.12573759455415751 0.0060539413106545708 0.0091152699037194401 0.050818620935125625 0.014922967770692528
leaf_weight=143.99929780513048 988.2216707803309 346.31144255213439 615.35310221463442 263.56883703544736 103.04254022426903 279.77302437461913 788.91854025237262 1843.4818669036031 26.202103683724999 4.9073567204177371 29.072287682443857 827.17481112107635 30.05661029368639 557.25567923858762
leaf_count=5667 5646 15054 6058 9249 3364 6554 15305 88800 1137 95 1046 9062 174 3589
internal_value=-0.000216805 0.0117696 0.0150464 -0.0206571 0.00918614 -0.00560851 0.00203246 -0.0247662 -0.0197094 0.00244758 0.0264392 0.0135606 0.0235108 0.0165617
internal_weight=6847.34 4316.52 3910.02 2530.82 2334.49 543.342 891.961 1987.48 406.493 60.1817 33.9796 1442.53 1575.53 587.312
internal_count=170800 60530 43198 110270 33789 15803 18669 94467 17332 2278 1141 15120 9409 3763
cat_boundaries=0 6 12 18 23 29 30 31
cat_threshold=402890752 138849280 0 805306376 0 2 2147500544 53493775 536871040 68608 2164301824 16333 2155872296 269222401 808505534 134218816 8197 525 50593856 268435456 5184300 4194464 1241712292 12584992 33563265 2646150 2284850240 2147745809 1920 3 7
is_linear=0
shrinkage=0.03


Tree=30
num_leaves=15
num_cat=6
split_feature=14 3 18 17 18 7 3 18 18 18 5 5 0 18
split_gain=1774.28 464.911 194.984 171.792 81.0113 54.6467 61.7173 57.5847 41.9389 40.894 38.927 73.8587 94.0027 45.7419
threshold=0.026785714285714288 1.0000000180025095e-35 0 0.028852186082424482 1 87.500000000000014 1.0000000180025095e-35 2 3 4 228.50000000000003 235.50000000000003 24.500000000000004 5
decision_type=10 2 9 8 9 8 2 9 9 9 2 2 2 9
left_child=3 2 -2 8 -4 6 7 -5 -1 -6 -3 12 -12 -13
right_child=1 10 4 5 9 -7 -8 -9 -10 -11 11 13 -14 -15
leaf_value=-0.0071264530139425013 0.023672556720308487 -0.029004181098388291 0.013587067825509209 -0.015339945129357203 -0.013200691848461761 0.056150570349367393 -0.026209014935037429 0.0071401328670039604 -0.025835404816841216 0.0048817600813517341 -0.025530203410130039 0.0088899661574449902 0.1529453839854186 -0.022468883393559295
leaf_weight=145.21288132295012 1356.4803991988301 195.93499487452209 1628.2137434780598 154.80131954140961 119.2199573777616 11.659418033435939 115.65487545542419 258.4536635056138 1796.0247896295041 841.60538093931973 4.6532733999192697 54.951912125572562 4.5126492939889431 138.77984843216836
leaf_count=5800 7567 9008 15952 5270 3813 175 4461 5897 88667 15866 155 2133 69 5967
internal_value=-0.000215259 0.0113443 0.0144652 -0.0204464 0.00950575 -0.00547672 -0.00693865 -0.00149533 -0.02461 0.00251405 -0.0194887 -0.0102025 0.06874 -0.0142713
internal_weight=6826.16 4344.35 3945.52 2481.81 2589.04 540.569 528.91 413.255 1941.24 960.825 398.833 202.898 9.16592 193.732
internal_count=170800 60530 43198 110270 35631 15803 15628 11167 94467 19679 17332 8324 224 8100
cat_boundaries=0 6 12 18 24 29 35
cat_threshold=402890752 174080 0 805306376 0 2 2147484160 192168975 0 68608 2147524608 16333 2155905056 269222401 808501300 134218816 12460 517 12584992 33563265 2646150 2282753088 2147745811 1920 262208 268435456 6232908 4194464 1250100900 41472 1223684 0 807408648 0 4096
is_linear=0
shrinkage=0.03


Tree=31
num_leaves=15
num_cat=6
split_feature=14 3 18 17 18 18 18 19 5 5 0 18 3 7
split_gain=1688.37 436.974 182.781 169.685 84.4579 77.6614 40.755 39.1332 38.7271 67.8827 78.0552 44.3471 33.3583 47.1298
threshold=0.026785714285714288 1.0000000180025095e-35 0 0.012055459473600072 1 2 3 4 228.50000000000003 235.50000000000003 24.500000000000004 5 1.0000000180025095e-35 40.000000000000007
decision_type=10 2 9 8 9 9 9 1 2 2 2 9 2 8
left_child=3 2 -2 -1 -5 7 -7 -4 -3 10 -10 -11 -6 -14
right_child=1 8 5 4 12 6 -8 -9 9 11 -12 -13 13 -15
leaf_value=-0.025905597113188569 0.023309685621461251 -0.028937780576638799 0.016906297125401756 0.011316575178966981 -0.0097783971625271787 -0.014728841770727107 0.0047822757138100587 0.0069915639584989531 -0.025400599236794434 0.0086062197134148481 0.13402691573969425 -0.022288327735103829 -0.028529119622536073 0.044475122354164801
leaf_weight=1609.1607564352453 1267.2478866912425 190.57626387104392 1070.9647300280631 143.93228278309107 509.65380241349339 96.876503873616457 930.38629195280373 614.58218216523528 4.5434697531163675 55.416241345927119 5.1259705685079098 135.84067444875836 163.71175456047058 7.4925872385501853
leaf_count=81577 6950 9008 9474 3131 18132 3266 17210 6298 155 2133 69 5967 7286 144
internal_value=-0.000215084 0.010934 0.0139095 -0.020236 -0.00915662 0.00939085 0.00280572 0.01336 -0.0192732 -0.0100086 0.0637557 -0.0140502 -0.0134634 -0.0250944
internal_weight=6805.51 4371.56 3980.06 2433.95 824.79 2712.81 1027.26 1685.55 391.503 200.926 9.66944 191.257 680.858 171.204
internal_count=170800 60530 43198 110270 28693 36248 20476 15772 17332 8324 224 8100 25562 7430
cat_boundaries=0 6 12 18 23 24 30
cat_threshold=402890752 174080 0 268435464 0 2 2576 187747466 34078720 22251528 16400 12354 2147484160 190071823 0 536939520 2147524608 8141 262208 268435456 5184268 160 2047018660 7 41472 1223684 0 807408648 0 4096
is_linear=0
shrinkage=0.03


Tree=32
num_leaves=15
num_cat=5
split_feature=14 3 18 17 18 13 18 18 5 5 0 18 7 3
split_gain=1606.43 411.025 168.846 168.511 81.1467 72.4061 67.2074 43.4977 38.5045 62.5771 65.9235 43.0952 34.1864 45.3567
threshold=0.026785714285714288 1.0000000180025095e-35 0 0.012055459473600072 1 1.0000000180025095e-35 2 3 228.50000000000003 235.50000000000003 24.500000000000004 4 40.000000000000007 1.0000000180025095e-35
decision_type=10 2 9 8 9 10 9 9 2 2 2 9 8 2
left_child=3 2 -2 -1 -5 6 -4 -7 -3 10 -10 -11 13 -6
right_child=1 8 5 4 12 7 -8 -9 9 11 -12 -13 -14 -15
leaf_value=-0.025771122607754778 0.022360617905864692 -0.028870725592395476 0.011245724379777689 0.011081491974297549 -0.0097430861899753633 0.017479217887088977 -0.0031631835300839212 0.0069683423142675649 -0.025270507580036451 0.0083695044061167841 0.11904278967966843 -0.022110782802909675 0.045807019880862332 -0.028082497712758989
leaf_weight=1569.6342194415629 1281.6450625918806 185.3692807033658 521.34813280962408 144.02688018046319 506.13230401091278 918.71112325042486 638.11007655598223 653.14424495398998 4.4366185329854471 55.809959124773741 5.7141227722167969 133.04289953969419 7.7141473181545726 159.58912313170731
leaf_count=81577 6950 9008 6610 3153 18119 7555 12384 9699 155 2137 69 5963 143 7278
internal_value=-0.000212046 0.0105431 0.0133824 -0.0200204 -0.00896031 0.00904783 0.00338951 0.0132743 -0.0190581 -0.00981909 0.0593576 -0.0138304 -0.0132249 -0.014175
internal_weight=6784.43 4397.33 4012.96 2387.1 817.462 2731.31 1159.46 1571.86 384.373 199.004 10.1507 188.853 673.436 665.721
internal_count=170800 60530 43198 110270 28693 36248 18994 17254 17332 8324 224 8100 25540 25397
cat_boundaries=0 6 12 18 24 28
cat_threshold=402890752 174080 0 268435464 0 2 2576 187747466 34078720 2152974344 16400 12354 2155872768 191905806 33562770 8457216 57360 6412 16 189011597 536870912 537954304 2147491840 10189 41472 1223692 0 807408648
is_linear=0
shrinkage=0.03


Tree=33
num_leaves=15
num_cat=7
split_feature=14 3 17 18 18 18 19 1 18 18 5 18 5 5
split_gain=1528.82 386.916 167.266 156.075 77.9577 69.4826 61.7901 65.7661 49.2559 46.8354 41.4478 40.1381 38.2608 57.8458
threshold=0.026785714285714288 1.0000000180025095e-35 0.012055459473600072 0 1 2 3 34.500000000000007 4 5 451.50000000000006 6 228.50000000000003 235.50000000000003
decision_type=10 2 8 9 9 9 1 2 9 9 2 9 2 2
left_child=2 3 -1 -2 -4 -5 8 10 -7 -9 -8 -12 -3 -14
right_child=1 12 4 5 -6 6 7 9 -10 -11 11 -13 13 -15
leaf_value=-0.025634660530233468 0.021464113725112192 -0.028802970977355472 0.01055866453525205 -0.015133557979845953 -0.013056756144003085 0.010620363811544457 0.017892159198709345 0.011263026049028355 -0.0084928062167242239 -0.0031659699750676983 0.015248401340833955 -0.011627405119348344 0.055458284631617928 -0.013611947115580419
leaf_weight=1531.2368248756975 1295.3657747879624 180.30993237905204 148.00483888946474 97.581131901592016 662.33270509168506 202.42602934874594 1188.7562971077859 457.57969714328647 270.29412215389311 353.4344906359911 91.804736208170652 86.953532356768847 10.608839336782692 186.51747380010784
leaf_count=81577 6950 9008 3186 3247 25507 2483 13757 4801 4112 5604 882 1362 224 8100
internal_value=-0.000208112 0.0101712 -0.0198034 0.012883 -0.00876659 0.0087231 0.00966006 0.0118015 -0.000252862 0.00507853 0.0158683 0.00238466 -0.0188432 -0.00963361
internal_weight=6763.21 4421.63 2341.57 4044.2 810.338 2748.83 2651.25 2178.53 472.72 811.014 1367.51 178.758 377.436 197.126
internal_count=170800 60530 110270 43198 28693 36248 33001 26406 6595 10405 16001 2244 17332 8324
cat_boundaries=0 6 12 17 18 24 30 36
cat_threshold=402890752 174080 0 268435464 0 2 2576 187747466 34078720 22267912 16400 12354 52166720 805306368 7281412 4194464 1241712292 16 2147485824 136599047 8192 1379392 84205570 8772 2155872896 190857384 805306368 557255680 2151677952 5956 2147483648 1065999 537919490 4096 2214592512 4109
is_linear=0
shrinkage=0.03


Tree=34
num_leaves=15
num_cat=6
split_feature=14 3 17 13 18 18 18 19 5 13 18 18 3 17
split_gain=1454.94 364.067 165.936 147.037 85.3981 75.6888 74.4746 48.3005 38.0668 55.2629 32.905 32.2051 31.5953 38.1347
threshold=0.026785714285714288 1.0000000180025095e-35 0.012055459473600072 1.0000000180025095e-35 0 1 2 3 228.50000000000003 0.59500000000000008 4 5 1.0000000180025095e-35 0.012369312593348149
decision_type=10 2 8 10 9 9 9 1 2 10 9 9 2 10
left_child=2 3 -1 5 7 -2 -4 -5 -3 -10 -8 -7 -12 -14
right_child=1 8 6 4 -6 11 10 -9 9 -11 12 -13 13 -15
leaf_value=-0.025496176922246559 0.013199940135728217 -0.028734465935582338 0.010268815037515552 0.026414157330338285 0.0089770726753059735 0.0049302864731557124 -0.022040769056562531 0.01552184421324731 -0.015326598609926181 0.033135344577340846 -0.003016528306803672 -0.0069924578507759953 0.038034432718572826 -0.027534304933893715
leaf_weight=1493.937515931204 487.52282510697842 175.3942307960242 148.37100865319371 749.32981744036078 1006.1993944961578 358.99842354655266 228.9010535273701 1027.4341256022453 172.0496254041791 23.179512718692422 324.91931203380227 445.25951607711613 7.8537157755345097 93.589646818116307
leaf_count=81577 5475 9008 3244 4278 12652 5568 10508 6413 7582 742 10569 8812 162 4210
internal_value=-0.000205979 0.00981205 -0.0195848 0.0124021 0.0162837 0.00403339 -0.00857769 0.0202498 -0.0186201 -0.00943318 -0.0128154 -0.00167576 -0.00743287 -0.0221363
internal_weight=6742.94 4445.37 2297.57 4074.74 2782.96 1291.78 803.635 1776.76 370.623 195.229 655.264 804.258 426.363 101.443
internal_count=170800 60530 110270 43198 23343 19855 28693 10691 17332 8324 25449 14380 14941 4372
cat_boundaries=0 6 12 18 19 24 30
cat_threshold=268673024 138849921 536870912 806387720 2147483648 9923 2558763520 189949966 33562752 1032 40960 6156 68112 154193034 524288 2169751560 16400 12354 3 16384 268702208 817021232 0 1879049252 71303328 2359312 268451858 2173130752 2165325842 961
is_linear=0
shrinkage=0.03


Tree=35
num_leaves=15
num_cat=5
split_feature=14 3 17 18 18 13 18 3 7 18 5 5 18 5
split_gain=1385.29 342.871 164.438 137.837 70.8789 67.098 59.1035 45.2772 63.77 40.8815 38.1706 37.8613 53.0625 38.2176
threshold=0.026785714285714288 1.0000000180025095e-35 0.012055459473600072 0 1 1.0000000180025095e-35 2 1.0000000180025095e-35 87.500000000000014 3 459.50000000000006 228.50000000000003 4 235.50000000000003
decision_type=10 2 8 9 9 10 9 2 8 9 2 2 9 2
left_child=2 3 -1 -2 -4 6 -5 -6 -9 -7 -11 -3 13 -13
right_child=1 11 4 5 7 9 -8 8 -10 10 -12 12 -14 -15
leaf_value=-0.02535563178141614 0.020450430930588941 -0.028665166056489368 -0.018818699245858519 0.010259739157717792 0.004367513416921015 -0.003352075276293351 -0.0031130695187251527 -0.025838569287855252 0.04620372655105888 0.015864191376054354 0.0039715963955859208 0.087615786353429426 -0.020856728215557414 0.0053624651781894106
leaf_weight=1457.7058698292822 1209.186495423317 170.61825736239552 327.36164755001664 523.40762349590659 362.39001623913646 143.31743469648063 664.58461536839604 95.809768099337816 11.560715042054651 1261.3007559906691 301.76829032786191 4.4856547210365525 116.92963223159313 72.033425373956561
leaf_count=81577 6351 9008 14785 6544 9822 2945 12561 3943 143 11757 3040 76 5345 2903
internal_value=-0.000202223 0.00947231 -0.0193667 0.0119486 -0.00839657 0.00829163 0.00284253 -0.000694656 -0.0177269 0.01213 0.013486 -0.018395 -0.00923598 0.00996662
internal_weight=6722.46 4467.63 2254.83 4103.57 797.122 2894.38 1187.99 469.76 107.37 1706.39 1563.07 364.067 193.449 76.5191
internal_count=170800 60530 110270 43198 28693 36847 19105 13908 4086 17742 14797 17332 8324 2979
cat_boundaries=0 6 12 18 24 30
cat_threshold=402890752 174080 0 8 0 2 16544 269226496 817283444 134217728 1895826468 516 2155872768 189808654 301998226 8457216 16834576 6412 12582944 268435472 37498988 2160083104 9716787 2048 107008 3582988 0 807408648 1342177282 5696
is_linear=0
shrinkage=0.03


Tree=36
num_leaves=15
num_cat=3
split_feature=14 3 17 16 18 18 18 3 7 5 16 0 15 5
split_gain=1318.79 323.238 162.821 128.125 82.1852 73.2492 73.1846 46.9199 56.387 37.5771 51.7564 42.8358 36.9211 35.3274
threshold=0.026785714285714288 1.0000000180025095e-35 0.012055459473600072 0.37796447300922736 0 1 2 1.0000000180025095e-35 87.500000000000014 228.50000000000003 0.89973541084244091 24.500000000000004 1.0166666666666668 255.50000000000003
decision_type=10 2 8 10 9 9 9 2 8 2 10 2 8 2
left_child=2 3 -1 4 -2 -4 -5 -7 -9 -3 -11 12 -12 -13
right_child=1 9 5 6 -6 7 -8 8 -10 10 11 13 -14 -15
leaf_value=-0.025212993698049708 0.013441383807207247 -0.028595023364485307 -0.019664730384685143 0.020172454898700672 0.0012880986986200645 0.0040761883825332253 0.0068025607495788504 -0.025397467378813335 0.04145965713193224 -0.016543537183525581 -0.013943745209671586 0.12133881595425869 0.086575660315333314 0.015703123931189254
leaf_weight=1422.5126407146454 838.67643637210131 165.97820754162967 296.7771710883826 1517.6020664833486 1241.8368802126497 382.53137158229947 533.37634347192943 99.56768249347806 11.889210049062966 155.89368681050837 22.032606741413478 4.9813296198844892 2.8364381212741128 6.1013394854962826
leaf_count=81577 8052 9008 13713 8463 20610 10586 6073 4251 143 7183 786 41 94 220
internal_value=-0.000201154 0.0091422 -0.0191484 0.011512 0.00626208 -0.00822061 0.016832 -0.000903855 -0.0179605 -0.0181762 -0.0090607 0.022956 0.000424498 0.069296
internal_weight=6702.59 4489.32 2213.28 4131.49 2080.51 790.765 2050.98 493.988 111.457 357.824 191.845 35.9517 24.869 11.0827
internal_count=170800 60530 110270 43198 28662 28693 14536 14980 4394 17332 8324 1141 880 261
cat_boundaries=0 6 12 18
cat_threshold=2550390784 50522127 144 68616 2164301824 6145 1589408 268702208 817021236 134217728 1895826476 516 268640768 172404224 67108864 805309448 2147491840 10182
is_linear=0
shrinkage=0.03


Tree=37
num_leaves=15
num_cat=7
split_feature=14 3 17 18 18 13 18 18 5 18 5 19 18 5
split_gain=1255.95 304.461 161.139 120.896 69.2451 58.7882 53.7255 37.6329 37.3584 51.1345 35.7176 33.946 30.8126 30.7928
threshold=0.026785714285714288 1.0000000180025095e-35 0.012055459473600072 0 1 1.0000000180025095e-35 2 3 228.50000000000003 4 459.50000000000006 5 6 235.50000000000003
decision_type=10 2 8 9 9 10 9 9 2 9 2 1 9 2
left_child=2 3 -1 -2 11 6 -5 -7 -3 13 -9 -4 -6 -10
right_child=1 8 4 5 12 7 -8 10 9 -11 -12 -13 -14 -15
leaf_value=-0.025068233856960095 0.018986635991524514 -0.028523991304561552 0.020071760954094346 0.0094147349991264284 -0.021753993382418551 -0.0034688337027507913 -0.0032530612618811008 0.014812650453934935 0.076350551512223253 -0.020557969966929775 0.0033995647667388173 -0.0081310251952309807 -0.0072103275211263841 0.0055588215208946549
leaf_weight=1388.3287910129875 1229.6362807154655 161.47036392986774 95.686922242864966 546.45446335151792 208.82804229855537 145.43440041877329 648.88186919689178 1281.2716387305409 5.0141935423016539 113.22889455035329 306.47453890554607 55.52610013820231 424.56440437957644 71.643278431147337
leaf_count=81577 6351 9008 1865 6695 10196 2897 12410 11771 76 5345 3074 1427 15205 2903
internal_value=-0.000197774 0.00883014 -0.0189289 0.0110969 -0.00804759 0.0076877 0.00259262 0.0112425 -0.0179511 -0.00885813 0.0125343 0.00986646 -0.0122948 0.00984512
internal_weight=6682.44 4509.51 2172.93 4158.15 784.605 2928.52 1195.34 1733.18 351.357 189.886 1587.75 151.213 633.392 76.6575
internal_count=170800 60530 110270 43198 28693 36847 19105 17742 17332 8324 14845 3292 25401 2979
cat_boundaries=0 6 12 18 24 30 31 36
cat_threshold=402890752 174080 0 8 0 2 2576 187747466 532480 2152978440 16400 12352 2155872768 191905806 301998226 8457216 57360 6412 12582944 268435472 3944684 2160083104 1328179 2048 107008 3582988 0 807408648 1342177282 5696 27 16384 268701696 817021232 0 1879049252
is_linear=0
shrinkage=0.03


Tree=38
num_leaves=15
num_cat=7
split_feature=14 3 17 18 18 19 18 1 5 18 19 1 5 18
split_gain=1195.74 287.284 159.465 113.432 67.905 58.3829 45.7627 42.8345 37.0419 49.2528 36.233 35.822 41.7478 35.6898
threshold=0.026785714285714288 1.0000000180025095e-35 0.012055459473600072 0 1 2 3 3.5000000000000004 228.50000000000003 4 5 34.500000000000007 339.50000000000006 6
decision_type=10 2 8 9 9 1 9 2 2 9 1 2 2 9
left_child=2 3 -1 5 -4 11 -5 -7 -3 -10 13 12 -2 -8
right_child=1 8 4 6 -6 7 10 -9 9 -11 -12 -13 -14 -15
leaf_value=-0.0249213222597915 0.026298789470265441 -0.028452024481712149 0.0090270543822263891 -0.013615726039029689 -0.012334355556303161 0.036184226245378412 0.02206223581780967 0.007041029431981977 0.0093224225312863677 -0.020508032821862223 0.0032856969867149171 0.012579630166613551 0.01334518038729699 0.00038269719473036284
leaf_weight=1355.1264721099287 647.81560945510864 157.09110237471759 163.92061477713287 108.54832368157804 614.8518006298691 46.88701706379652 203.88690071180463 902.0467219427228 78.464958330616355 109.90763962268829 1192.8865028973669 622.9286630935967 347.56530809029937 111.3153630848974
leaf_count=81577 3775 9008 3470 3519 25223 291 2564 6373 3028 5296 18401 4109 2119 2047
internal_value=-0.000196611 0.00852621 -0.0187067 0.0106981 -0.00787468 0.0146048 0.00437171 0.00842885 -0.0177322 -0.00868947 0.00575562 0.0181448 0.0217936 0.0146771
internal_weight=6663.24 4529.34 2133.9 4183.88 778.772 2567.24 1616.64 948.934 345.464 188.373 1508.09 1618.31 995.381 315.202
internal_count=170800 60530 110270 43198 28693 16667 26531 6664 17332 8324 23012 10003 5894 4611
cat_boundaries=0 6 12 13 18 24 25 31
cat_threshold=402890752 138865677 0 805306376 2147491840 6087 2576 154193034 101195776 22251528 16400 12354 7 51120192 276824064 6232868 160 1241712292 107008 3582988 0 807408648 1342177283 5696 1 2160083592 19923650 637558802 136449024 16793616 2056
is_linear=0
shrinkage=0.03


Tree=39
num_leaves=15
num_cat=5
split_feature=17 3 15 13 13 18 18 18 3 5 5 18 19 15
split_gain=1140.01 301.333 136.206 129.171 79.7083 78.2611 73.4769 57.0104 42.3803 38.5405 32.6532 32.22 31.2162 28.0232
threshold=0.021474451352575457 1.0000000180025095e-35 1.0000000180025095e-35 0.059285714285714296 0.59500000000000008 0 1 2 1.0000000180025095e-35 228.50000000000003 672.50000000000011 3 4 1.0000000180025095e-35
decision_type=8 2 10 8 8 9 9 9 2 2 2 9 1 8
left_child=2 3 11 6 -3 8 10 12 -4 -6 -2 -1 -5 -8
right_child=1 4 5 7 9 -7 13 -9 -10 -11 -12 -13 -14 -15
leaf_value=-0.0030373794352642389 0.013563352125250346 -0.02163460242641544 0.017143212174609911 0.024063567302067837 -0.026159171819260831 -0.014539981749484791 -0.017283253326363792 0.0093901997330067405 -0.026715973594114661 0.032140040992938559 -0.012338782865701337 -0.026544299481034851 0.013772419849009907 -0.00037358722571412847
leaf_weight=70.857767103239894 540.21229761838913 367.91704294644296 133.14727056212723 561.30532289668918 12.797488648444412 397.88332776539028 96.87695799395442 1458.6755753941834 22.349047776311636 39.56596396304667 46.891670953482389 1227.257072724402 775.72093568742275 893.05334768630564
leaf_count=3780 6421 18557 2963 2848 728 15792 4102 14278 1194 979 681 76710 4265 17502
internal_value=-0.000194665 0.00752874 -0.0201817 0.00986145 -0.0167074 -0.00770092 0.00299365 0.0137331 0.0100658 0.0176687 0.0112852 -0.0254922 0.0182539 -0.00202376
internal_weight=6644.51 4793.02 1851.49 4372.74 420.28 553.38 1577.03 2795.7 155.496 52.3635 587.104 1298.11 1337.03 989.93
internal_count=170800 70361 100439 50097 20264 19949 28706 21391 4157 1707 7102 80490 7113 21604
cat_boundaries=0 6 12 18 24 25
cat_threshold=943866000 37748976 1074307104 1378304 72376337 8200 2147721728 187721742 8322 2147486728 16834578 6144 204800 437760 536870912 805339136 0 1539 8390688 33562753 2384086 2284880896 2147745827 1920 3
is_linear=0
shrinkage=0.03


Tree=40
num_leaves=15
num_cat=5
split_feature=17 3 15 13 13 18 18 18 3 5 5 18 19 5
split_gain=1088.35 284.4 134.976 120.096 76.5106 74.9101 68.6523 53.173 41.5259 35.7313 35.0952 32.0244 28.8411 27.0949
threshold=0.021474451352575457 1.0000000180025095e-35 1.0000000180025095e-35 0.059285714285714296 0.59500000000000008 0 1 2 1.0000000180025095e-35 228.50000000000003 672.50000000000011 3 4 367.50000000000006
decision_type=8 2 10 8 8 9 9 9 2 2 2 9 1 2
left_child=2 3 11 6 13 8 10 12 -4 -6 -2 -1 -5 -3
right_child=1 4 5 7 9 -7 -8 -9 -10 -11 -12 -13 -14 -15
leaf_value=-0.0029660973078389379 0.013110868890297446 -0.027634814804072937 0.016434570106660655 0.023136510814725886 -0.026042263829423436 -0.014385194282728737 -0.0020305151943851444 0.0090507905072907419 -0.026736719310591284 0.030404679338919088 -0.01315687559895321 -0.026429441831563677 0.013280354136890486 -0.010424479343103787
leaf_weight=70.651339016854763 552.00605826452374 229.52837927639484 136.36585378833115 566.639693133533 12.478603525087236 390.51684488169849 979.30734364688396 1468.2391070891172 22.556090742349625 40.610064940527081 49.114122107625008 1196.1314868871123 780.6598714441061 130.84620980545878
leaf_count=3780 6586 12354 3055 2848 728 15662 21392 14278 1232 979 728 76710 4265 6203
internal_value=-0.000192931 0.00727912 -0.0199723 0.00951715 -0.0164813 -0.0075361 0.00289625 0.0132313 0.00957932 0.0169005 0.0107676 -0.0253561 0.0175794 -0.0214322
internal_weight=6625.65 4809.43 1816.22 4395.97 413.463 549.439 1580.43 2815.54 158.922 53.0887 601.12 1266.78 1347.3 360.375
internal_count=170800 70361 100439 50097 20264 19949 28706 21391 4287 1707 7314 80490 7113 18557
cat_boundaries=0 6 12 18 24 25
cat_threshold=943866000 37748976 1074307104 1394688 72359953 8200 2147721728 154167310 33562752 2147490824 16834578 6144 204800 437760 536870912 805339136 0 1539 8390688 33562753 2384086 2284880896 2147745827 1920 3
is_linear=0
shrinkage=0.03


Tree=41
num_leaves=15
num_cat=5
split_feature=17 3 15 13 13 18 18 18 3 5 18 18 1 5
split_gain=1039.04 268.522 133.698 111.739 73.4667 69.8994 65.1904 49.635 36.1634 33.6156 29.8942 27.528 27.3433 27.0208
threshold=0.021474451352575457 1.0000000180025095e-35 1.0000000180025095e-35 0.059285714285714296 0.59500000000000008 0 1 2 1.0000000180025095e-35 516.50000000000011 3 4 50.500000000000007 367.50000000000006
decision_type=8 2 10 8 8 9 9 9 2 2 9 9 2 2
left_child=2 3 10 6 13 8 12 -5 -4 -6 -1 -8 -2 -3
right_child=1 4 5 7 9 -7 11 -9 -10 -11 -12 -13 -14 -15
leaf_value=-0.0028720967902243228 0.01280893512368895 -0.027537788520398752 0.016030431472123664 0.016936779836617986 -0.0047059768709416614 -0.013834315137934013 -0.0086587194150623895 0.0087258780057697712 -0.026282790248412308 0.042445293691653001 -0.026248220289097353 0.0017064502009037875 -0.014519250598455262 -0.010216185812956217
leaf_weight=67.117326928302646 525.54330750368536 223.52131221536547 131.61791072040796 1357.0913781039417 30.424113465473056 393.8478843010962 333.9439567681402 1477.4882120229304 20.14495138078928 23.363957257941365 1169.2323974454775 690.02875537052751 34.338821917772293 129.54883741401136
leaf_count=3561 6332 12354 2810 7113 1231 16007 9499 14278 1132 476 76929 12399 476 6203
internal_value=-0.000191271 0.00703853 -0.0197615 0.00918676 -0.0162563 -0.00737384 0.00280206 0.012752 0.009647 0.016176 -0.0252179 -0.00173 0.0109153 -0.0212289
internal_weight=6607.25 4825.29 1781.96 4418.43 406.858 545.611 1583.85 2834.58 151.763 53.7881 1236.35 1023.97 559.882 353.07
internal_count=170800 70361 100439 50097 20264 19949 28706 21391 3942 1707 80490 21898 6808 18557
cat_boundaries=0 6 12 18 24 30
cat_threshold=943866000 37748944 1074307104 1378304 72376321 8200 2156110336 156264462 8322 2147486728 16834578 6144 204800 437760 536870912 805339136 0 1539 8390688 34087041 2384086 2284880896 2147745795 1920 16416 269226496 1890894116 939524160 1052877 1026
is_linear=0
shrinkage=0.03


Tree=42
num_leaves=15
num_cat=5
split_feature=17 3 15 13 16 18 18 0 18 3 2 19 18 0
split_gain=991.85 253.505 132.372 103.977 70.958 68.4792 60.8036 49.7752 48.6019 37.3596 34.2075 48.9687 34.4038 33.0883
threshold=0.021474451352575457 1.0000000180025095e-35 1.0000000180025095e-35 0.059285714285714296 0.89973541084244091 0 1 24.500000000000004 2 1.0000000180025095e-35 2.5000000000000004 3 4 28.500000000000004
decision_type=8 2 10 8 8 9 9 2 9 2 2 1 9 2
left_child=2 3 -1 6 -3 9 -2 -6 -5 -4 11 -10 -12 -14
right_child=1 4 5 8 7 -7 -8 -9 10 -11 12 -13 13 -15
leaf_value=-0.025077642354772313 0.010405292101894165 -0.021882423178085822 0.015183342723988111 0.018136817311605474 -0.010617919701974935 -0.013939030992872609 -0.0017366533390293761 0.039503585274916014 -0.001687311450940921 -0.026523943616968707 -0.0093276046534643761 0.016828143314319133 0.0060413326098811291 0.026779157333518034
leaf_weight=1206.7886095196009 573.6167660150677 329.41046891082078 139.81790362671018 898.69824719429016 40.641388801857829 380.58047041669488 1013.5358377639204 30.335266662761569 160.25994765758514 21.474241636693478 113.34306559339166 751.97268899902701 854.40202106162906 74.508955989032984
leaf_count=80490 6691 17826 3055 4418 1774 15662 22015 664 1537 1232 1677 6226 6938 595
internal_value=-0.000190566 0.00680519 -0.0195494 0.00886745 -0.0160306 -0.00721398 0.00270997 0.0110551 0.0122905 0.0089498 0.00945336 0.0137429 0.00578 0.00764948
internal_weight=6589.39 4840.72 1748.66 4440.34 400.387 541.873 1587.15 70.9767 2853.18 161.292 1954.49 912.233 1042.25 928.911
internal_count=170800 70361 100439 50097 20264 19949 28706 2438 21391 4287 16973 7763 9210 7533
cat_boundaries=0 6 12 18 19 25
cat_threshold=943866000 37748976 1074307104 1394688 72359953 8200 2147721728 191916046 8320 2147484680 16834578 6208 196608 175616 536870912 32768 0 2 16 12601344 4456450 302805138 2147487744 19 10240
is_linear=0
shrinkage=0.03


Tree=43
num_leaves=15
num_cat=7
split_feature=17 3 15 13 18 16 18 18 19 0 19 18 11 18
split_gain=946.724 246.705 121.053 101.691 68.8534 68.7725 60.2536 48.1051 45.9516 45.6726 43.2612 41.592 36.7056 36.7753
threshold=0.019649175749399419 1.0000000180025095e-35 1.0000000180025095e-35 0.059285714285714296 0 0.89973541084244091 1 2 3 24.500000000000004 4 5 7.5000000000000009 6
decision_type=8 2 10 8 9 8 9 9 1 2 1 9 8 9
left_child=2 3 -1 6 -4 -3 -2 10 11 -7 -5 -8 13 -10
right_child=1 5 4 7 -6 9 8 -9 12 -11 -12 -13 -14 -15
leaf_value=-0.024989642005461315 -0.009312947345663132 -0.021746263697902304 0.0083745255019810616 0.020286781320134142 -0.014878638212765643 -0.010493497809743405 -0.0029607078987509933 0.006432500343715771 -0.0083146829757363098 0.037172988014225757 0.010530355194490198 0.016479916891329008 0.08830322978845509 0.0050634208741885192
leaf_weight=1168.1027976991609 307.32242967840284 331.63262477330863 164.98646175675094 781.74168283492327 334.59155477024615 40.405436931177974 131.65187605656683 1031.7641603630036 287.7542585786432 31.282239323481917 1068.0627640858293 413.9658793695271 3.2569708079099646 474.39173574186862
leaf_count=79909 9358 18350 4517 4123 14188 1784 2458 11272 5453 666 6192 5738 64 6728
internal_value=-0.00018758 0.00645378 -0.0197063 0.00846913 -0.00732779 -0.0159972 0.00244922 0.011848 0.00524247 0.0105319 0.014749 0.0118233 0.000450282 -3.44682e-05
internal_weight=6570.91 4903.23 1667.68 4499.91 499.578 403.32 1618.34 2881.57 1311.02 71.6877 1849.8 545.618 765.403 762.146
internal_count=170800 72186 98614 51386 18705 20800 29799 21587 20441 2450 10315 8196 12245 12181
cat_boundaries=0 6 12 18 19 20 26 32
cat_threshold=1006764176 4195056 1074298880 135612416 72368145 8200 16544 269226496 1890697508 939524160 268439757 2 241664 4632193 536870912 805339144 2147491840 1735 3 3 6144 134381569 266314 17858560 68419586 8769 12582920 4197504 101199888 2293760 2214871040 1421
is_linear=0
shrinkage=0.03


Tree=44
num_leaves=15
num_cat=5
split_feature=17 3 15 18 18 16 18 19 1 0 1 15 18 3
split_gain=903.914 233.145 119.864 95.6969 66.4973 66.4332 61.8345 56.3484 45.1152 41.9019 37.4216 35.3927 33.5499 33.3795
threshold=0.019649175749399419 1.0000000180025095e-35 1.0000000180025095e-35 0 1 0.89973541084244091 2 3 49.500000000000007 24.500000000000004 44.500000000000007 0.019444444444444448 4 1.0000000180025095e-35
decision_type=8 2 10 9 9 8 9 1 2 2 2 10 9 2
left_child=2 3 -1 -2 13 -3 -5 8 11 -7 12 -8 -9 -4
right_child=1 5 4 6 -6 9 7 10 -10 -11 -12 -13 -14 -15
leaf_value=-0.024844347850278042 0.014282437451278239 -0.021547379939571981 0.013693135439292263 -0.0079641287990172231 -0.014758056194166008 -0.010287237594146839 -0.0051073953796943782 -0.0015383017885333878 -0.012793831196400289 0.035130200444509027 -0.00803565009040637 0.014630189027662489 0.0083529642676342334 -0.025283937414239985
leaf_weight=1140.1158067537472 1525.7336479797959 324.76632932946086 146.41027878783643 290.48650868888944 327.85911543946713 40.005285411141813 88.605128521099687 492.19119217991829 63.840152679011226 32.1526168435812 246.02856586687267 993.54087455756962 819.06274614669383 21.901148141361773
leaf_count=79909 8402 18350 3139 9841 14299 1784 1716 7817 901 666 3600 10654 8455 1267
internal_value=-0.000183645 0.00624478 -0.0194906 0.00818158 -0.00716339 -0.0157733 0.00500421 0.00642439 0.0114635 0.0101537 0.00266176 0.0130109 0.00469377 0.00802781
internal_weight=6552.7 4916.41 1636.29 4519.49 496.171 396.924 2993.76 2703.27 1145.99 72.1579 1557.28 1082.15 1311.25 168.311
internal_count=170800 72186 98614 51386 18705 20800 42984 33143 13271 2450 19872 12370 16272 4406
cat_boundaries=0 6 12 17 18 24
cat_threshold=241664 4368384 0 268468232 40960 66 1006764176 37749488 1074298896 135612416 71327761 8200 16512 268963840 834519396 134234112 269750509 3 2160066600 640 100675738 2149781504 2214608912 3337
is_linear=0
shrinkage=0.03


Tree=45
num_leaves=15
num_cat=5
split_feature=17 3 15 13 13 18 18 18 5 18 3 19 5 5
split_gain=862.995 220.316 118.536 90.2913 64.3839 61.9198 54.7792 43.4491 37.5249 34.2391 31.4811 28.7097 27.0178 26.6035
threshold=0.019649175749399419 1.0000000180025095e-35 1.0000000180025095e-35 0.059285714285714296 0.53571428571428581 0 1 2 228.50000000000003 3 1.0000000180025095e-35 4 672.50000000000011 367.50000000000006
decision_type=8 2 10 8 8 9 9 9 2 9 2 1 2 2
left_child=2 3 9 6 13 10 12 11 -6 -1 -4 -5 -2 -3
right_child=1 4 5 7 8 -7 -8 -9 -10 -11 -12 -13 -14 -15
leaf_value=0.00012304836482389576 0.011563721960626858 -0.028018083574576112 0.013983377830808811 0.019874498320275744 -0.025962866137401217 -0.014073142899458655 -0.001911730748532917 0.0071786829661153861 0.022052249859355909 -0.025808967067425966 -0.024967581834562325 0.010743095852810327 -0.011882387720681663 -0.0098731922876144507
leaf_weight=57.67403759341687 537.40964937582612 200.67575148772448 137.77783521078527 620.50008236989379 18.917602472007275 334.44515604991466 1041.1598452692851 1441.8046200554818 54.943294366821647 1055.2624590685591 20.646047317422926 850.40683803148568 47.393517462536693 116.16986030526459
leaf_count=3411 6369 12174 3034 3092 1165 14446 22724 13856 1423 76498 1225 4639 706 6038
internal_value=-0.000181942 0.00604068 -0.0192755 0.00790226 -0.0155495 -0.00700867 0.00223702 0.0110629 0.00957185 -0.0246968 0.00826409 0.0147141 0.00948466 -0.0214173
internal_weight=6535.19 4929.38 1605.81 4538.67 390.707 492.869 1625.96 2912.71 73.8609 1112.94 158.424 1470.91 584.803 316.846
internal_count=170800 72186 98614 51386 20800 18705 29799 21587 2588 79909 4259 7731 7075 18212
cat_boundaries=0 6 12 18 24 25
cat_threshold=1006780560 37749488 1074298896 135596032 72368145 8200 2156110336 185624590 33554560 2147554312 16834578 6144 208896 437761 536870912 805339136 0 1603 8390688 532609 270819542 136315904 2147745827 1920 3
is_linear=0
shrinkage=0.03


Tree=46
num_leaves=15
num_cat=5
split_feature=17 3 15 18 18 16 18 19 11 5 5 0 18 5
split_gain=824.232 208.325 117.212 86.4269 63.0129 62.2166 57.1807 51.398 55.5333 42.7563 43.9746 37.5557 33.862 32.3039
threshold=0.019649175749399419 1.0000000180025095e-35 1.0000000180025095e-35 0 1 0.89973541084244091 2 3 87.500000000000014 672.50000000000011 666.50000000000011 24.500000000000004 4 367.50000000000006
decision_type=8 2 10 9 9 8 9 1 8 2 2 2 9 2
left_child=2 3 12 -2 -4 13 -5 9 -9 10 -8 -7 -1 -3
right_child=1 5 4 6 -6 11 7 8 -10 -11 -12 -13 -14 -15
leaf_value=0.00011993570867181833 0.013759512259959569 -0.028536775935687181 0.0071387312332221913 -0.0070799302417630019 -0.014791710096673898 -0.010137204727260846 0.010011211892347494 0.00028878825280039954 0.08819345701747483 -0.011820156779437839 0.083379941484688053 0.032532830971401437 -0.025682069659432091 -0.0084621979188477629
leaf_weight=57.68088220898062 1420.7738039083779 196.27426421456039 180.72370487451553 319.50367548782378 308.95158110838383 39.700203279964626 1689.9527192413807 1033.4579049423337 5.5088244378566733 81.369439946487546 6.4044128432869902 33.29824767075479 1029.1125145852566 115.51522942446172
leaf_count=3411 7706 12285 4737 10858 13968 1784 18363 13021 107 1247 84 666 76498 6065
internal_value=-0.00018019 0.00584558 -0.0190609 0.0076362 -0.00685579 -0.0153253 0.00479953 0.00616935 0.000831241 0.00926483 0.0103372 0.00950334 -0.0245488 -0.0211502
internal_weight=6518.23 4941.76 1576.47 4556.97 489.675 384.788 3136.2 2816.69 1038.97 1777.73 1696.36 72.9985 1086.79 311.789
internal_count=170800 72186 98614 51386 18705 20800 43680 32822 13128 19694 18447 2450 79909 18350
cat_boundaries=0 6 12 17 18 24
cat_threshold=241664 4368384 0 32776 40960 66 1006764176 4195056 1074298880 135612416 72392721 8200 16544 268963840 817742188 134217728 269750509 7 8390688 532609 270819542 136315904 2147745827 1920
is_linear=0
shrinkage=0.03


Tree=47
num_leaves=15
num_cat=7
split_feature=15 3 18 5 18 17 19 1 18 6 18 18 5 18
split_gain=791.854 292.812 115.746 85.0778 72.233 68.5366 54.9378 71.7868 53.511 53.3027 52.1472 45.2256 39.87 34.1984
threshold=1.0000000180025095e-35 1.0000000180025095e-35 0 672.50000000000011 1 0.21903228410008074 2 34.500000000000007 3 2.5000000000000004 4 5 367.50000000000006 6
decision_type=8 2 9 2 9 8 1 2 9 2 9 9 2 9
left_child=10 2 -2 4 -4 -3 11 13 -9 -5 -1 -6 -7 -8
right_child=1 5 3 9 6 12 7 8 -10 -11 -12 -13 -14 -15
leaf_value=0.0026185259476009795 -0.020399744249794214 -0.02406400652413446 0.015124479081282151 0.033733353644345446 0.0083197138634148616 -0.017876944939292039 0.015068057915324694 -0.011260132308641578 0.0050989277640418953 -0.013657905979878269 -0.025855172456119391 -0.0079669959805978227 0.01819545233555242 0.0065846766662361915
leaf_weight=67.624451534822583 129.97165782842785 371.90143581666052 1057.764446709305 22.52374555170536 235.27227701991796 47.189202315174043 1037.3716606106609 218.84383203648031 822.28307251445949 235.91598711162806 967.95208647008985 398.07936670724303 63.501967396587133 825.83076729346067
leaf_count=3553 6832 22786 5382 265 2932 2563 9018 4568 10142 5860 71730 6973 2117 16079
internal_value=-0.000178718 0.00437917 0.00654065 0.00729308 0.00825034 -0.0179104 0.00613122 0.00787834 0.00159364 -0.00941352 -0.0242192 -0.0018782 0.00279491 0.0114297
internal_weight=6502.03 5466.45 4983.86 4853.89 4595.45 482.593 3537.68 2904.33 1041.13 258.44 1035.58 633.352 110.691 1863.2
internal_count=170800 95517 68051 61219 55094 27466 49712 39807 14710 6125 75283 9905 4680 25097
cat_boundaries=0 6 11 12 18 24 30 36
cat_threshold=1125908544 2424373504 4360992 148 170067616 16 402857984 174080 0 8 32768 16 18480 786436 34369758 411095040 1351876612 8192 2151680032 524417 528414 2300609728 2147745811 3976 2147516464 134501893 72 286590976 88104962 9024 37376 18105358 100688002 805345280 2147483648 15747
is_linear=0
shrinkage=0.03


Tree=48
num_leaves=15
num_cat=6
split_feature=15 3 18 5 19 13 18 5 18 18 6 6 18 1
split_gain=760.727 277.994 110.214 79.839 69.2041 67.0985 58.2718 59.0774 56.3544 52.1875 49.95 45.9927 58.1223 41.6196
threshold=1.0000000180025095e-35 1.0000000180025095e-35 0 672.50000000000011 1 0.53571428571428581 2 666.50000000000011 3 4 2.5000000000000004 207.50000000000003 5 3.5000000000000004
decision_type=8 2 9 2 1 8 9 2 9 9 2 2 9 2
left_child=9 2 -2 4 6 -3 7 -4 -6 -1 -5 12 -10 -13
right_child=1 5 3 10 8 -7 -8 -9 11 -11 -12 13 -14 -15
leaf_value=0.0025265813491488157 -0.020206617932965916 -0.022677171343981221 0.014061830534766912 0.032057914921647432 -0.0089390142291588676 0.007696226145300987 0.0056117723815334534 0.088785467160983858 0.027045163012661157 -0.025756529925366523 -0.013397281784464735 0.024885700755632123 0.0032839631936967275 0.00075478791863991342
leaf_weight=68.762241243384778 127.46543792448938 396.43217999208719 1684.9336576201022 23.034097844734788 280.90095569193363 77.851534725166857 1203.5822750339285 8.6145583549514395 167.09380524232984 942.95231904089451 233.34325903281569 67.825447240844369 217.12264014966786 985.37254466302693
leaf_count=3639 6809 24671 11530 265 5454 2795 21466 96 1656 71644 5860 648 2535 11732
internal_value=-0.000177476 0.00424103 0.00632435 0.00704951 0.00796946 -0.0176858 0.0107894 0.0144091 0.00313054 -0.024063 -0.00920469 0.00553916 0.0144483 0.00233094
internal_weight=6485.29 5473.57 4999.29 4871.82 4615.45 474.284 2897.13 1693.55 1718.32 1011.71 256.377 1437.41 384.216 1053.2
internal_count=170800 95517 68051 61242 55117 27466 33092 11626 22025 75283 6125 16571 4191 12380
cat_boundaries=0 6 7 13 19 25 31
cat_threshold=1128005696 2424373504 4360992 148 169936544 16 7 4432392 16968846 570425344 805437448 2147483648 7555 12583456 146 581521426 2149720160 3222276100 2176 2151680032 524417 528478 2300609728 2147745811 3968 402724864 184690688 72 18127872 67166226 9796
is_linear=0
shrinkage=0.03


Tree=49
num_leaves=15
num_cat=6
split_feature=15 3 13 18 17 18 5 18 18 5 5 5 18 19
split_gain=730.823 263.899 104.72 68.1392 66.7102 52.1127 49.4773 48.286 41.5353 37.5362 40.9795 30.2425 32.0854 25.8633
threshold=1.0000000180025095e-35 1.0000000180025095e-35 1.0000000180025095e-35 0 0.21903228410008074 1 672.50000000000011 2 3 367.50000000000006 383.50000000000006 699.50000000000011 4 5
decision_type=8 2 8 9 8 9 2 9 9 2 2 2 9 1
left_child=5 2 3 -2 -3 -1 8 -4 -5 -6 -11 -8 -13 -9
right_child=1 4 7 6 9 -7 11 13 -10 10 -12 12 -14 -15
leaf_value=0.0024098225673213191 -0.018747479793864898 -0.023753801482833826 0.015331638930066111 0.0097866164696857379 -0.017532025394650208 -0.025655932868235969 -0.028811507533485402 -0.00023997765661316667 -2.4491632146026885e-06 0.13673197875501356 0.012674988371453864 -0.022139122582461083 0.012951866921061001 0.0084967621412256784
leaf_weight=69.944910387508571 139.65809008106589 356.11386717576534 918.41199919302016 620.77154864836484 45.985872169025242 918.59761469811201 68.50705143623054 375.89393881428987 1029.7699891524389 1.5118267647922028 62.595880763605237 28.146384384483099 47.651252193376422 1786.3638552427292
leaf_count=3696 6958 22786 4748 8113 2563 71587 2736 3911 24023 64 2053 641 1144 15777
internal_value=-0.00017572 0.00410726 0.00611514 0.0006439 -0.0174592 -0.0239046 0.0022542 0.00954948 0.00374217 0.00293236 0.0176557 -0.0145186 -0.00139358 0.00698441
internal_weight=6469.92 5481.38 5015.17 1934.5 466.207 988.543 1794.85 3080.67 1650.54 110.094 64.1077 144.305 75.7976 2162.26
internal_count=170800 95517 68051 43615 27466 75283 36657 24436 32136 4680 2117 4521 1785 19688
cat_boundaries=0 6 12 18 24 30 31
cat_threshold=51920896 276889856 12749056 134217940 1512113888 16 2151680032 524417 528462 2300609728 2147745811 3976 268632064 440833 536870912 32768 0 8194 2290262536 53504014 301998208 23560 57344 6144 536875520 589299712 1174938312 1317888 71311360 5664 16
is_linear=0
shrinkage=0.03


Tree=50
num_leaves=15
num_cat=6
split_feature=15 3 18 5 17 18 18 19 1 18 6 18 5 5
split_gain=702.086 250.419 102.116 71.7564 65.2572 63.4495 51.5377 46.2832 61.1117 48.8733 46.1109 42.0219 35.4348 35.8334
threshold=1.0000000180025095e-35 1.0000000180025095e-35 0 672.50000000000011 0.21903228410008074 1 2 3 34.500000000000007 4 2.5000000000000004 5 367.50000000000006 383.50000000000006
decision_type=8 2 9 2 8 9 9 1 2 9 2 9 2 2
left_child=6 2 -2 5 -3 -4 -1 11 -9 -10 -5 -7 -6 -14
right_child=1 4 3 10 12 7 -8 8 9 -11 -12 -13 13 -15
leaf_value=0.0023898429491604253 -0.020565470651137327 -0.023583883323789575 0.013383006441621234 0.030169364703599787 -0.017299041216899388 0.0079993577792399594 -0.025528686850323088 0.010231013172729215 -0.010318944586981559 0.0047683286221097765 -0.013065717907997024 -0.0080298683658531819 0.12381635740423474 0.012168456498063239
leaf_weight=70.019162070937455 117.98924573790282 348.04872330464423 1198.9956936892122 23.617814525961876 45.232014432549477 222.81751202326268 896.0207596514374 1831.2945607658476 245.87413332425058 770.67803824972361 229.63338489085436 389.0937534738332 1.7203718684613694 63.276499113067985
leaf_count=3791 6631 22786 6268 265 2563 3021 71492 24729 4657 9871 5860 6749 64 2053
internal_value=-0.000174063 0.00397827 0.00591345 0.006582 -0.0172286 0.00744115 -0.023744 0.00532464 0.00693387 0.00105806 -0.00893088 -0.0021549 0.00286978 0.0169549
internal_weight=6454.31 5488.27 5029.99 4912 458.278 4658.75 966.04 3459.76 2847.85 1016.55 253.251 611.911 110.229 64.9969
internal_count=170800 95517 68051 61420 27466 55295 75283 49027 39257 14528 6125 9770 4680 2117
cat_boundaries=0 6 11 17 18 24 30
cat_threshold=1128005696 2424373504 4426496 148 167970464 16 402890752 174080 536870912 8 32768 2151680032 524417 528414 2300609728 2147745843 3968 16 18480 787460 34369758 411095040 1350828036 8192 2147483696 134501893 72 295012384 88104962 9024
is_linear=0
shrinkage=0.03


Tree=51
num_leaves=15
num_cat=6
split_feature=15 3 15 18 13 19 18 18 18 1 1 5 6 18
split_gain=674.408 237.622 95.0933 81.529 64.2164 61.5951 57.2181 51.5713 50.5071 36.808 33.563 31.2076 28.7539 28.3299
threshold=1.0000000180025095e-35 1.0000000180025095e-35 0.045833333333333344 0 0.53571428571428581 1 2 3 4 44.500000000000007 49.500000000000007 228.50000000000003 10.500000000000002 5
decision_type=8 2 10 9 8 1 9 9 9 2 2 2 2 9
left_child=7 2 3 -2 -3 8 -7 -1 10 12 -4 -6 -8 -5
right_child=1 4 5 13 11 6 9 -9 -10 -11 -12 -13 -14 -15
leaf_value=0.0023189838618641787 0.011917484998161294 -0.022154730577368269 0.019671915743922713 0.0017225319278614747 -0.025745639073100741 -0.0058931801339802883 -0.028532985405135519 -0.025426585831647908 0.0072076081945553648 -0.0025309909481432318 -0.0062458059747491313 0.018234279083310507 0.0089775412106923719 -0.010993838170312985
leaf_weight=71.109978806227446 255.84355657733977 372.96087673027068 726.11614031717181 223.20368516352028 18.163995881564915 386.96429572068155 17.661106100305915 873.07860966119915 935.23461767658591 324.13336736150086 47.485292863100767 59.45902549661696 1584.8124416731298 543.09089775010943
leaf_count=3798 4958 24671 4555 5145 1217 5791 144 71485 9905 3066 346 1578 13270 20871
internal_value=-0.000173226 0.00385236 0.00571772 -0.00245134 -0.0169979 0.00779366 0.00453247 -0.0235812 0.0121064 0.00664806 0.0178446 0.0077463 0.0085466 -0.0073179
internal_weight=6439.32 5495.13 5044.55 1022.14 450.584 4022.41 2313.57 944.189 1708.84 1926.61 773.601 77.623 1602.47 766.295
internal_count=170800 95517 68051 30974 27466 37077 22271 75283 14806 16480 4901 2795 13414 26016
cat_boundaries=0 6 7 13 19 25 31
cat_threshold=2558599344 4368071 872939664 2147487752 2147483648 5 3 2160067120 524992 579510422 2147618816 2151677968 2049 2151680032 524417 528478 2300609728 262163 3976 238088 21162112 33554432 2228224 2147491840 3459 71336456 3164216 34643972 536955904 75759632 12874
is_linear=0
shrinkage=0.03


Tree=52
num_leaves=15
num_cat=5
split_feature=15 3 18 13 17 18 18 18 5 1 5 5 18 6
split_gain=647.823 225.67 92.6423 66.4555 63.2642 53.5519 50.1647 49.3955 41.34 33.9259 32.8343 31.8342 30.0223 27.5732
threshold=1.0000000180025095e-35 1.0000000180025095e-35 0 0.18785714285714289 0.21903228410008074 1 2 3 606.50000000000011 26.500000000000004 367.50000000000006 383.50000000000006 4 149.50000000000003
decision_type=8 2 9 8 8 9 9 9 2 2 2 2 9 2
left_child=5 2 -2 7 -3 -1 9 -4 13 -5 -6 -12 -10 -9
right_child=1 4 3 6 10 -7 -8 8 12 -11 11 -13 -14 -15
leaf_value=0.002122783843053748 -0.020315869713409831 -0.023259897544250195 0.010118932456880158 0.018327486871842335 -0.016896518471421935 -0.025410657384445114 0.0034560131951166442 0.0097740318998999539 0.0054291103752036728 0.0091290045455621489 0.11349887295745105 0.011665155369828843 -0.016143334998243001 0.00054568099214462795
leaf_weight=75.311440863646567 111.94091722369194 333.4095478001982 662.45554066915065 666.10865391138941 43.908584128133953 847.6580468788743 731.29690378252417 363.19597361236811 79.498067664913833 795.11242659389973 1.9131876789033402 63.881843753159046 189.97591157536954 1458.4086282765493
leaf_count=4168 6347 22786 6660 3517 2563 71115 7121 5845 2000 4170 64 2053 6739 25652
internal_value=-0.00017214 0.00373127 0.00553064 0.00614823 -0.0167742 -0.0234162 0.0100567 0.0030559 0.000762549 0.0132413 0.0029692 0.0162812 -0.0101788 0.00239001
internal_weight=6424.08 5501.11 5057.99 4946.05 443.113 922.969 2192.52 2753.53 2091.08 1461.22 109.704 65.795 269.474 1821.6
internal_count=170800 95517 68051 61704 27466 75283 14808 46896 40236 7687 4680 2117 8739 31497
cat_boundaries=0 6 12 18 24 30
cat_threshold=1125908544 2424373504 4426528 20 167970464 16 2160068640 524417 528462 2283832512 2147745843 3464 268640768 172408320 1140850688 805308416 8192 10190 402882560 26639 536871040 65544 2147516416 6145 2214600704 1213616 269484052 2684879104 1947748354 14
is_linear=0
shrinkage=0.03


Tree=53
num_leaves=15
num_cat=6
split_feature=15 3 18 5 17 19 18 18 1 18 0 18 5 6
split_gain=622.26 214.177 89.0089 64.1864 61.8009 58.8224 49.7715 49.4727 49.0671 65.3501 61.0078 50.222 45.9631 41.7526
threshold=1.0000000180025095e-35 1.0000000180025095e-35 0 672.50000000000011 0.21903228410008074 1 2 3 34.500000000000007 4 5.5000000000000009 5 696.50000000000011 207.50000000000003
decision_type=8 2 9 2 8 1 9 9 2 9 2 9 2 2
left_child=6 2 -2 5 -3 8 -1 -7 10 -10 -4 -12 -5 -9
right_child=1 4 3 12 -6 7 -8 13 9 -11 11 -13 -14 -15
leaf_value=0.0023539009306191984 -0.02043884932639543 -0.023083507126177124 -4.4834763442265363e-05 -0.029540123418555098 0.0028995875731523892 -0.0089805921185548351 -0.025131990736769763 0.012931686514057695 0.012262282919889586 -0.0025021252909614069 0.019364648666994815 0.0081805897640028474 -0.00088831539421232184 0.0015030761580664066
leaf_weight=70.090011510066688 107.72776692453772 325.99860611371696 304.92828379105777 68.577567351981997 109.85853518173099 281.44596569985151 832.27898288611323 392.52185688912868 482.08170219510794 593.0992615679279 885.49776970222592 700.59711647313088 182.96644023992121 1071.083225290291
leaf_count=3716 6281 22786 3401 2592 4680 5543 71567 4130 3751 8651 5899 11678 3584 12541
internal_value=-0.000171293 0.00361414 0.00534973 0.00594273 -0.0165428 0.00674342 -0.023249 0.00231997 0.00930494 0.00421377 0.0122451 0.0146063 -0.0087856 0.00454381
internal_weight=6408.75 5506.38 5070.53 4962.8 435.857 4711.26 902.369 1745.05 2966.2 1075.18 1891.02 1586.09 251.544 1463.61
internal_count=170800 95517 68051 61770 27466 55594 75283 22214 33380 12402 20978 17577 6176 16671
cat_boundaries=0 6 7 13 19 25 31
cat_threshold=1128005632 2424373504 4360960 20 1243809440 16 7 2151680032 524417 528478 2300609600 2147745843 3968 12583456 146 581521426 2149720289 2148534276 2176 2554528392 174254232 536870912 2231296 4194304 5700 107008 17214474 100679824 805310472 2147483648 7563
is_linear=0
shrinkage=0.03


Tree=54
num_leaves=15
num_cat=6
split_feature=15 3 18 16 5 19 18 18 1 18 0 18 5 6
split_gain=597.688 203.355 87.6101 61.3491 60.1171 54.6487 51.2547 47.5466 46.3436 61.6708 56.8298 46.0037 44.7698 38.7383
threshold=1.0000000180025095e-35 1.0000000180025095e-35 0 0.89973541084244091 672.50000000000011 1 2 3 34.500000000000007 4 5.5000000000000009 5 696.50000000000011 207.50000000000003
decision_type=8 2 9 8 2 1 9 9 2 9 2 9 2 2
left_child=6 2 -2 -3 5 8 -1 -7 10 -10 -4 -12 -6 -9
right_child=1 3 4 -5 12 7 -8 13 9 -11 11 -13 -14 -15
leaf_value=0.0025083832983860224 -0.020561495834712756 -0.021564937951110582 -3.6293750007192189e-05 0.0080579457504559825 -0.029415382777661432 -0.0084610985707744609 -0.02506197205835542 0.01261122252663509 0.011822413067332236 -0.0024970061634621509 0.018489536603805611 0.0077710768891527098 -0.00083851103303240343 0.0015634693994124526
leaf_weight=71.606084201484919 106.31950362958014 352.97167609259486 304.84823695290834 75.971555119380355 66.626495815813541 297.67573781870306 810.75075787957758 390.3222855553031 485.37572725862265 592.35839897673577 917.39751951955259 680.29298786912113 182.69485629722476 1059.1456286087632
leaf_count=3979 6324 24789 3398 2677 2574 5794 71304 4056 3751 8670 6087 11464 3572 12361
internal_value=-0.000169961 0.00350091 0.00517572 -0.0163118 0.00575931 0.00652845 -0.0230796 0.00226422 0.00898895 0.00404341 0.0118341 0.0140976 -0.00856215 0.004514
internal_weight=6394.36 5512 5083.06 428.943 4976.74 4727.42 882.357 1747.14 2980.27 1077.73 1902.54 1597.69 249.321 1449.47
internal_count=170800 95517 68051 27466 61727 55581 75283 22211 33370 12421 20949 17551 6146 16417
cat_boundaries=0 6 7 13 19 25 31
cat_threshold=1128005696 2424373504 4426496 20 1243808416 16 7 2160068640 524417 528414 2283832512 262195 3464 12583456 210 581456018 2149720289 2148534276 2176 2554528392 174254232 536870912 2231296 4194304 5700 107008 17214478 101204112 805306376 2147483648 7563
is_linear=0
shrinkage=0.03


Tree=55
num_leaves=15
num_cat=6
split_feature=15 3 18 17 5 18 19 1 18 18 18 6 5 5
split_gain=574.059 193.097 81.4216 60.0405 58.968 68.3511 49.5355 56.1711 52.4916 49.177 47.1875 34.6016 30.8986 28.3289
threshold=1.0000000180025095e-35 1.0000000180025095e-35 0 0.21903228410008074 606.50000000000011 1 2 49.500000000000007 3 4 5 2.5000000000000004 367.50000000000006 383.50000000000006
decision_type=8 2 9 8 2 9 1 2 9 9 9 2 2 2
left_child=9 2 -2 -3 6 11 7 10 -8 -1 -4 -6 -5 -14
right_child=1 3 4 12 5 -7 8 -9 -10 -11 -12 -13 13 -15
leaf_value=0.0038973837161210868 -0.018219151706836946 -0.022753767948074499 0.016642330947445914 -0.016575500423813821 0.06122102131258042 -0.012921633544665396 0.0086061867609497997 -0.014720827120348832 -2.0144194544423464e-05 -0.024731641906059938 0.0066735911044834761 0.0059633491641319595 0.10449881839678341 0.011306757912983228
leaf_weight=62.177347981370986 122.46892487350851 312.81706269923598 862.08286954462528 42.920279706828296 9.6913591027259809 302.9324606442824 1178.3840314522386 75.364189632236958 1371.4983371440321 800.74994876980782 940.69981711171567 231.87101855222136 2.1048220731317988 64.313327511772513
leaf_count=3379 6920 22786 6148 2563 72 9164 8511 926 21090 71904 12561 2659 64 2053
internal_value=-0.000168596 0.00339152 0.00500795 -0.016083 0.00560892 -0.00369076 0.00676569 0.0104583 0.00398621 -0.0229078 0.0115764 0.00808999 0.00303549 0.0157663
internal_weight=6380.08 5517.15 5094.99 422.155 4972.52 544.495 4428.03 1878.15 2549.88 862.927 1802.78 241.562 109.338 66.4181
internal_count=170800 95517 68051 27466 61131 11895 49236 19635 29601 75283 18709 2731 4680 2117
cat_boundaries=0 6 12 13 19 25 31
cat_threshold=1128005696 2424373504 4426532 20 167839392 16 2147688448 1221823 806354944 268435464 2483290114 4109 3 402894992 170277888 1342177280 823150600 32768 8770 2147485728 524417 528462 2283832512 262147 3464 12812808 4385408 532480 807534600 2147483648 3463
is_linear=0
shrinkage=0.03


Tree=56
num_leaves=15
num_cat=6
split_feature=15 3 18 13 13 18 18 18 5 18 1 18 5 6
split_gain=551.345 183.292 76.6242 59.0744 55.4768 47.6818 44.9269 44.7928 33.4099 33.6601 30.2545 28.5237 28.0028 25.0486
threshold=1.0000000180025095e-35 1.0000000180025095e-35 0 0.53571428571428581 0.18214285714285719 1 2 3 451.50000000000006 4 26.500000000000004 5 228.50000000000003 157.50000000000003
decision_type=8 2 9 8 8 9 9 9 2 9 2 9 2 2
left_child=5 2 -2 -3 7 -1 10 -4 11 -10 -6 -9 -5 -13
right_child=1 3 4 12 6 -7 -8 8 9 -11 -12 13 -14 -15
leaf_value=0.0024669858096573144 -0.020246791637355311 -0.021253272347621373 0.0092303877959010322 -0.025396782588178689 0.016603899330886726 -0.024688796365740617 0.0026663312412653632 -0.005823742954518497 0.0037291762055737926 -0.011381344599269616 0.0080117706401652989 0.011768930782472925 0.017243972804413952 0.0021164120145751174
leaf_weight=68.930848371237516 97.144849768839777 338.07335847523063 672.15023928601295 16.949163800105453 682.29381087608635 775.11304514668882 731.16389906220138 284.31343958433717 206.5869966186583 350.13376632146537 809.62998298555613 324.08660247176886 60.482775432989001 948.70532156340778
leaf_count=3783 5961 24671 6656 1217 3580 71500 7041 6491 3554 10823 4222 4698 1578 15025
internal_value=-0.000166621 0.00328646 0.00484653 -0.0158511 0.00536683 -0.0227337 0.00891097 0.00255583 0.00038464 -0.00591473 0.0118701 0.00264171 0.00770549 0.00454582
internal_weight=6365.76 5521.71 5106.21 415.505 5009.06 844.044 2223.09 2785.98 2113.83 556.721 1491.92 1557.11 77.4319 1272.79
internal_count=170800 95517 68051 27466 62090 75283 14843 47247 40591 14377 7802 26214 2795 19723
cat_boundaries=0 6 12 18 24 30 36
cat_threshold=1125908480 2424373504 4360960 150 167969444 16 2160068640 524417 528414 2300609600 2148794418 3968 2416124416 172408320 1140850688 805308416 8192 10190 402882560 26639 536871040 65544 2147516416 6145 2214601216 3310768 269488128 5379072 269501441 14 2149580864 299056 276893740 134225953 1882197057 8206
is_linear=0
shrinkage=0.03


Tree=57
num_leaves=15
num_cat=6
split_feature=15 3 18 17 5 18 18 5 19 18 6 18 0 1
split_gain=529.443 174.085 74.0045 57.9725 53.4771 52.7374 50.244 43.5755 39.8065 37.7683 36.3304 38.6786 31.3609 29.9952
threshold=1.0000000180025095e-35 1.0000000180025095e-35 0 0.21903228410008074 672.50000000000011 1 2 696.50000000000011 3 4 71.500000000000014 5 23.500000000000004 38.500000000000007
decision_type=8 2 9 8 2 9 9 2 1 9 2 9 2 2
left_child=5 2 -2 -3 6 -1 -4 -6 10 12 -8 -12 -9 -10
right_child=1 3 4 -5 7 -7 8 9 13 -11 11 -13 -14 -15
leaf_value=0.0023433698437382946 -0.020594636404452322 -0.022411106222413969 0.01259186457242446 0.0031031438632157901 -0.029299478848908107 -0.024803990426506384 0.029781442881861669 0.024644272909184802 0.0046321045573206876 -0.011744467287578348 -0.0092139555798656271 0.010754546196556782 -0.027065982680265766 -0.0020519148186124063
leaf_weight=76.594359244219959 91.957485728897154 300.12532156985253 829.31573929172009 108.91568035446107 64.869529007002711 749.12547990400344 77.525194038636982 63.245116451755166 2283.5068943155929 107.23869401775301 93.778246961534023 672.54578517004848 11.771055925637482 820.8947341106832
leaf_count=4407 5769 22786 4333 4680 2610 70876 841 850 29830 2630 2158 7357 116 11557
internal_value=-0.000166322 0.00318316 0.00468962 -0.0156264 0.00518701 -0.0225577 0.00590159 -0.00838684 0.00445034 -0.000824193 0.0102058 0.00832217 0.0143881 0.00285537
internal_weight=6351.41 5525.69 5116.65 409.041 5024.69 825.72 4777.57 247.124 3948.25 182.255 843.849 766.324 75.0162 3104.4
internal_count=170800 95517 68051 27466 62282 75283 56076 6206 51743 3596 10356 9515 966 41387
cat_boundaries=0 6 12 17 18 24 30
cat_threshold=1128005632 2424373504 4426496 20 170066592 16 2155874336 268959873 528462 2300609728 262179 3464 402849792 174080 536870912 0 32768 1 2286092288 135323839 0 2420244488 2148810754 14 6160 34082817 1076887756 8699968 1908670467 8192
is_linear=0
shrinkage=0.03


Tree=58
num_leaves=15
num_cat=7
split_feature=15 3 18 16 18 5 19 5 18 1 18 0 18 18
split_gain=508.371 165.268 72.9747 56.8108 51.5385 50.9874 48.5516 41.7333 41.6993 39.1143 54.5333 52.595 42.5355 36.1081
threshold=1.0000000180025095e-35 1.0000000180025095e-35 0 0.89973541084244091 1 672.50000000000011 2 696.50000000000011 3 34.500000000000007 4 5.5000000000000009 5 6
decision_type=8 2 9 8 9 2 1 2 9 2 9 2 9 9
left_child=4 2 -2 -3 -1 6 9 -7 -8 11 -11 -4 -13 -9
right_child=1 3 5 -5 -6 7 8 13 -10 10 -12 12 -14 -15
leaf_value=0.002154098805306245 -0.018977828593744726 -0.020821261419007312 -0.00072673106541799501 0.0078608717825260268 -0.024660509535855878 -0.029165216970775041 0.0070046488306772662 0.013809774994076067 -0.0022682847391654899 0.010970259805236625 -0.0024644390797029301 0.017125980654407059 0.0069956275654273698 -0.011730401154589124
leaf_weight=77.125769887119532 106.02186051383615 326.75837390869856 307.56326686870307 76.132732310332358 730.80824163556099 62.676128493621945 759.74955090507865 75.88995913695544 999.28544846922159 478.06447406299412 608.71116882562637 905.48333218600601 718.3239407427609 105.91198291629553
leaf_count=4481 6592 24789 3386 2677 70802 2574 6184 966 15918 3740 8588 6079 11418 2606
internal_value=-0.000165997 0.00308252 0.00453707 -0.0153953 -0.0223795 0.00506492 0.00575923 -0.00826396 0.00175545 0.00805885 0.00352823 0.0106468 0.0128001 -0.000938139
internal_weight=6338.51 5530.57 5127.68 402.891 807.934 5021.66 4777.18 244.478 1759.03 3018.15 1086.78 1931.37 1623.81 181.802
internal_count=170800 95517 68051 27466 75283 61459 55313 6146 22102 33211 12328 20883 17497 3572
cat_boundaries=0 6 12 13 19 25 31 37
cat_threshold=1125908544 2424373504 4360992 22 1241581220 16 2147485728 524417 528478 2283832512 1310771 3976 7 402894848 172404736 8192 554011656 57346 8262 2554528392 191015064 536870912 2229312 4194304 5700 107008 50768906 101204112 805343240 2147483648 7299 2286092288 135323839 0 2420244488 2148810754 14
is_linear=0
shrinkage=0.03


Tree=59
num_leaves=15
num_cat=6
split_feature=15 3 18 18 18 18 5 18 5 5 1 0 5 18
split_gain=488.203 156.956 67.4916 57.0721 50.3945 48.9675 46.1946 51.1552 40.1051 61.8775 38.0963 104.893 43.6288 45.7281
threshold=1.0000000180025095e-35 1.0000000180025095e-35 0 1 2 3 606.50000000000011 4 367.50000000000006 383.50000000000006 36.500000000000007 30.500000000000004 576.50000000000011 5
decision_type=8 2 9 9 9 9 2 9 2 2 2 2 2 9
left_child=4 2 -2 8 -1 -4 10 -8 -3 -10 -7 12 13 -12
right_child=1 3 5 -5 -6 6 7 -9 9 -11 11 -13 -14 -15
leaf_value=0.0022237780613247331 -0.019728414959288374 -0.01464447823156388 0.013375398175590433 -0.021756668948179032 -0.024485791711482591 0.0069453478988695388 0.0067719070683332893 -0.012684617776290636 0.1457652528521545 0.013372858238510435 -0.011639386343910416 0.070213399078192101 0.046436407674518641 0.0020036755098114568
leaf_weight=76.02688498608768 92.141516843810678 52.593527554534376 536.72187478095293 287.2273460123688 714.63982277456671 2687.0553949521855 197.50792146846652 288.30857764557004 2.3984792362898579 54.629968023858964 269.84158954117447 18.280084500089288 16.756685995496809 1030.552811623551
leaf_count=4547 5948 3565 2719 21435 70736 30424 2668 8824 88 2378 5247 236 221 11764
internal_value=-0.000163758 0.00298797 0.00439309 -0.0151665 -0.0221992 0.00486692 0.00382387 -0.00489839 0.00376766 0.021357 0.00488777 0.000745558 -0.000271087 -0.000908172
internal_weight=6324.68 5534.02 5137.17 396.849 790.667 5045.02 4508.3 485.816 109.622 57.0284 4022.49 1335.43 1317.15 1300.39
internal_count=170800 95517 68051 27466 75283 62103 59384 11492 6031 2466 47892 17468 17232 17011
cat_boundaries=0 6 12 18 20 26 32
cat_threshold=1128005632 2424373504 12815104 148 167838368 16 536977408 18000908 100663552 553779208 4104 4736 2160068640 268959873 528478 2283832512 2165571586 3456 402849792 139264 2147491840 1082559 806354948 268435464 3557049346 4109 18464 786950 103309534 142645248 1896087552 6144
is_linear=0
shrinkage=0.03


Tree=60
num_leaves=15
num_cat=6
split_feature=15 3 18 18 18 18 5 5 5 19 6 18 5 6
split_gain=468.696 149.099 65.6437 57.0366 48.1295 45.6413 44.2334 40.7649 50.5715 40.638 40.3456 43.0387 35.4422 33.3461
threshold=1.0000000180025095e-35 1.0000000180025095e-35 0 1 2 3 672.50000000000011 367.50000000000006 383.50000000000006 4 71.500000000000014 5 696.50000000000011 9.5000000000000018
decision_type=8 2 9 9 9 9 2 2 2 1 2 9 2 2
left_child=4 2 -2 7 -1 -4 9 -3 -9 10 -7 -12 -8 -11
right_child=1 3 5 -5 -6 6 12 8 -10 13 11 -13 -14 -15
leaf_value=0.0024086622148236894 -0.018768697536365286 -0.015032676865974239 0.012931484646799923 -0.021839039572646005 -0.024240479625741943 0.029553250089127226 -0.029366193648819726 0.12665056254536305 0.013292666441194948 -0.027408835106237293 0.015178117184249098 0.0014633388122994456 -0.0020653921780507557 0.0031444459743819372
leaf_weight=72.76546024158597 98.98016522731632 54.004163648933172 538.83684123586863 277.01652718614787 701.13375279586762 85.777122751809657 57.880366514436901 2.8075163010507813 57.368462055921555 31.470260238274932 386.68580218404531 447.45209668111056 157.30789856612682 3343.1662329351529
leaf_count=4196 6364 3735 2719 21155 71087 879 2484 92 2484 356 3173 6577 3386 42113
internal_value=-0.000163517 0.00289333 0.00425111 -0.0149383 -0.0220167 0.00473385 0.00372529 0.00344493 0.0205652 0.00439923 0.0099596 0.008031 -0.00951051 0.00284306
internal_weight=6312.65 5538.75 5147.56 391.197 773.899 5048.58 4509.74 114.18 60.176 4294.55 919.915 834.138 215.188 3374.64
internal_count=170800 95517 68051 27466 75283 61687 58968 6311 2576 53098 10629 9750 5870 42469
cat_boundaries=0 6 12 18 20 21 27
cat_threshold=1125646400 2424373504 4360992 22 170067616 16 536977408 18000908 100663552 553783304 4104 4736 2151680032 268959873 528398 2300609600 17039411 3976 402849792 139264 1 8421896 17878724 637550594 2230280 2147483664 4291
is_linear=0
shrinkage=0.03


Tree=61
num_leaves=15
num_cat=8
split_feature=15 3 18 18 18 5 18 19 1 18 18 5 6 18
split_gain=449.974 141.676 63.9182 59.2896 50.5766 45.0017 56.7063 41.1264 50.2825 47.3227 41.6986 40.9893 29.07 28.8171
threshold=1.0000000180025095e-35 1.0000000180025095e-35 0 1 2 606.50000000000011 3 4 49.500000000000007 5 6 228.50000000000003 11.500000000000002 7
decision_type=8 2 9 9 9 2 9 1 2 9 9 2 2 9
left_child=4 2 -2 11 -1 7 -7 8 10 -9 -4 -3 -11 -14
right_child=1 3 5 -5 -6 6 -8 9 -10 12 -12 -13 13 -15
leaf_value=0.002240011408787301 -0.017924586051931625 -0.023150074846777332 0.015119740389631457 -0.02230895668880974 -0.024262212272066454 0.0071745962223705405 -0.012063908947290189 -0.0064952439624508885 -0.014900080839795916 -0.024495368980157497 0.0058263983312028759 0.014332945202754662 0.013410468817110721 0.0036959799822842932
leaf_weight=77.786441141739488 105.64937107264996 36.375952439382672 793.72772446647286 261.99646038096398 679.82646676246077 240.0975223146379 298.30187903251499 385.70231204107404 75.520067161880434 29.093519633635879 1053.4892081450671 87.343246977776289 319.48174687474966 1856.7335114795715
leaf_count=4496 6559 3027 5823 20648 70787 2795 9102 7473 936 284 13018 3791 2659 19402
internal_value=-0.000162121 0.00280284 0.00411524 -0.0147119 -0.0218321 0.00460595 -0.00357781 0.00559288 0.00890982 0.00308269 0.00993899 0.00297629 0.00478177 0.0052062
internal_weight=6301.13 5543.51 5157.8 385.716 757.613 5052.15 538.399 4513.75 1922.74 2591.01 1847.22 123.719 2205.31 2176.22
internal_count=170800 95517 68051 27466 75283 61492 11897 49595 19777 29818 18841 6818 22345 22061
cat_boundaries=0 6 12 18 24 25 31 37 43
cat_threshold=1128005632 2424373504 4426500 22 1241580196 16 536977408 20098060 100663552 822214664 4104 4737 2155874336 524417 528478 2283832512 2148794403 3464 2147688448 173247 806354944 268435464 2483307522 4109 3 12582912 688 581447866 2149720225 2418019328 2049 12812808 191104 34086912 539099136 2147483648 3463 402722944 134615040 1073741824 1048576 32768 8192
is_linear=0
shrinkage=0.03


Tree=62
num_leaves=15
num_cat=7
split_feature=15 3 18 18 18 13 5 18 18 8 5 18 18 5
split_gain=431.942 134.753 62.9022 59.3683 51.8555 42.3436 41.4396 39.3092 37.7615 37.5474 25.6214 39.491 36.7867 32.1856
threshold=1.0000000180025095e-35 1.0000000180025095e-35 0 1 2 0.18214285714285719 549.50000000000011 3 4 1.0000000180025095e-35 222.50000000000003 5 6 220.50000000000003
decision_type=8 2 9 9 9 8 2 9 9 8 2 9 9 2
left_child=4 2 -2 6 -1 7 -3 -4 -7 -8 12 -12 -9 -14
right_child=1 3 5 -5 -6 8 9 10 -10 -11 11 -13 13 -15
leaf_value=0.0021563233766660221 -0.01906824260177141 -0.0084576702221725725 0.0081149186137421028 -0.022437885626852925 -0.024223148617279765 0.01476612841776918 0.0071407010973648759 -0.0057873515699255196 0.0053375561803263166 0.068521786955261621 0.0031150404414080125 -0.0085924040635886809 0.0059024286943739008 0.061768076291547562
leaf_weight=80.865850428119302 94.129848403856158 88.783121812157333 696.87592913024127 252.24193375464529 660.93724277149886 498.31924023479223 26.741076002828777 294.07614541891962 1758.9746730672196 12.706836981698869 460.81890060286969 573.50690878927708 781.72204563394189 8.4069542326033098
leaf_count=5225 6249 5518 7011 20368 70058 2566 1328 5234 12260 252 7162 15359 12091 119
internal_value=-0.000161589 0.00271469 0.00398437 -0.0144929 -0.0216455 0.00444464 0.00271456 0.00199801 0.00751364 0.0281178 -5.50154e-05 -0.00343137 0.00316569 0.0064921
internal_weight=6289.11 5547.3 5166.83 380.473 741.803 5072.7 128.231 2815.41 2257.29 39.4479 2118.53 1034.33 1084.21 790.129
internal_count=170800 95517 68051 27466 75283 61802 7098 46976 14826 1580 39965 22521 17444 12210
cat_boundaries=0 6 12 18 24 30 36 42
cat_threshold=1127743552 2424373504 12749568 20 438502052 16 536977408 20098060 100663552 822218760 4104 4737 2147485728 268959873 4174 2300609728 18088498 3968 402882560 26639 536887424 65544 2147516416 6145 66048 4588032 0 0 0 9478 2214617640 19956912 372781072 805457920 16384 12 2147762688 4493872 69734444 939524227 1610875904 8206
is_linear=0
shrinkage=0.03


Tree=63
num_leaves=15
num_cat=6
split_feature=15 3 18 18 18 1 18 5 18 5 18 1 0 0
split_gain=414.613 128.153 60.2649 56.6429 47.202 40.441 41.1129 42.2285 52.0344 38.9386 30.8101 22.6054 25.9604 24.3366
threshold=1.0000000180025095e-35 1.0000000180025095e-35 0 1 2 49.500000000000007 3 495.50000000000006 4 228.50000000000003 5 45.500000000000007 4.5000000000000009 8.5000000000000018
decision_type=8 2 9 9 9 2 9 2 9 2 9 2 2 2
left_child=4 2 -2 9 -1 6 -4 -8 -9 -3 -7 12 -11 -14
right_child=1 3 5 -5 -6 10 7 8 -10 11 -12 -13 13 -15
leaf_value=0.0024824450880227143 -0.018878194097521252 -0.023022597201080488 0.0084449954330008681 -0.022016359778959608 -0.023824873933937646 0.0068946856613508849 0.0044661248472379744 0.0050951290933143453 -0.012941151996917975 -0.02748539782923869 -0.013703265117549327 -0.02364287363519444 0.068692531510341562 0.017973224572808307
leaf_weight=73.501477844081819 92.565671232528985 35.783692561089993 1853.1137029090896 250.19318515621126 652.95772456284612 93.601452702656388 2395.0686885947362 262.16100947186351 299.48502000793815 8.5475298417732102 179.64668997470289 11.815632474608718 9.2522233044728619 59.527581321075559
leaf_count=4374 6317 3069 11731 20596 70909 1067 32936 3948 9481 433 2571 578 404 2386
internal_value=-0.000160666 0.00262984 0.00385789 -0.0142791 -0.0214568 0.00430422 0.00495078 0.00272091 -0.00466767 0.00279456 -0.00689627 0.0136085 0.0195297 0.0256826
internal_weight=6277.22 5550.76 5175.64 375.12 726.459 5083.08 4809.83 2956.71 561.646 124.927 273.248 89.143 77.3273 68.7798
internal_count=170800 95517 68051 27466 75283 61734 58096 46365 13429 6870 3638 3801 3223 2790
cat_boundaries=0 6 12 18 24 30 36
cat_threshold=1125908480 2424373504 12815104 150 167971488 16 536977408 20098060 100663552 822218760 4104 4736 2160068640 268959873 528414 2283832384 2164523523 3464 402894848 4630528 268435456 536872968 2147524608 4099 2147484160 3162351 637534208 1184768 340001793 12 2558724136 134513707 4098 2432778240 17072144 8204
is_linear=0
shrinkage=0.03


Tree=64
num_leaves=15
num_cat=6
split_feature=15 3 18 18 18 5 5 5 5 19 18 6 18 1
split_gain=397.863 121.882 57.1355 56.5744 51.9013 39.6629 43.2492 39.9583 39.5441 39.5239 36.6528 32.3183 54.9576 37.1251
threshold=1.0000000180025095e-35 1.0000000180025095e-35 0 1 2 672.50000000000011 666.50000000000011 696.50000000000011 228.50000000000003 3 4 207.50000000000003 5 3.5000000000000004
decision_type=8 2 9 9 9 2 2 2 2 1 9 2 9 2
left_child=4 3 8 -2 -1 6 9 -7 -3 -5 -11 12 -12 -13
right_child=1 2 -4 5 -6 7 -8 -9 -10 10 11 13 -14 -15
leaf_value=0.0021723657023050261 -0.017516966657889863 -0.02328340364259834 -0.022312757725201884 0.0066433834982130204 -0.02399741187412964 -0.028932116689647687 0.045939744730208724 -0.00064627402333571613 0.012818194668547812 -0.0079715698889299309 0.022449613691084606 0.02145685524592935 0.00013550975723231049 -0.0012089517568345497
leaf_weight=82.625932553783059 100.1359051335603 37.199121463112533 238.11400602851063 3050.3764179432765 628.92409176845104 58.972159963101149 21.87773662339896 179.61212665773928 94.825461586005986 323.71337281726301 171.60705382190645 68.648999536409974 228.40508809313178 981.44353337492794
leaf_count=5193 6717 3291 20052 32707 70090 2574 572 3572 4123 5709 1710 630 2399 11461
internal_value=-0.000161458 0.00254524 -0.0140635 0.00373341 -0.0212661 0.0041815 0.004778 -0.00772942 0.00236955 0.00458185 0.000991939 0.00303785 0.0103037 0.000291812
internal_weight=6266.48 5554.93 370.139 5184.79 711.55 5084.66 4846.07 238.584 132.025 4824.19 1773.82 1450.1 400.012 1050.09
internal_count=170800 95517 27466 68051 75283 61334 55188 6146 7414 54616 21909 16200 4109 12091
cat_boundaries=0 6 12 18 19 25 31
cat_threshold=536993792 20360204 100663552 822218760 4104 4737 1127743552 2424373504 4360960 8244 436274852 16 2155874336 268959873 4190 2300609728 1311266 3464 7 12583456 154 640176146 2149712064 2150631424 2176 402724864 185212928 72 22322176 67166226 9796
is_linear=0
shrinkage=0.03


Tree=65
num_leaves=15
num_cat=6
split_feature=15 3 16 18 18 1 19 18 5 18 5 18 0 0
split_gain=381.81 115.931 53.7932 52.5474 46.7293 38.2562 38.9196 47.6189 45.7864 63.0455 45.1806 49.014 44.6229 50.9974
threshold=1.0000000180025095e-35 1.0000000180025095e-35 0.89973541084244091 0 1 49.500000000000007 2 3 495.50000000000006 4 407.50000000000006 5 20.500000000000004 22.500000000000004
decision_type=8 2 8 9 9 2 1 9 2 9 2 9 2 2
left_child=4 3 -3 -2 -1 6 7 -5 10 -10 11 -8 -12 -14
right_child=1 2 -4 5 -6 -7 8 -9 9 -11 12 -13 13 -15
leaf_value=0.0025131923312914552 -0.018218514232454339 -0.019628962934516013 0.0089291172487200674 0.016371320391021894 -0.02355219188611303 -0.0068975148514448196 0.0086373582747232905 0.0033774438840056317 0.0056560921094814523 -0.011770403303256289 0.0077664525813271167 0.00046470823934304065 0.08073160988135554 0.022477989818093486
leaf_weight=74.360413850285113 87.042404972948134 291.48303565010428 73.848193628713489 503.24575255997479 622.72286960668862 272.30353248119354 1072.6434216480702 538.59843723382801 348.58398711401969 381.60281406901777 189.20653474517167 1707.7006257716566 15.797904020175336 77.729410652071238
leaf_count=4470 6048 24789 2677 3787 70813 3649 8307 7962 3675 9467 2019 22217 156 764
internal_value=-0.000160716 0.00246463 -0.0138476 0.00361433 -0.0210735 0.00401771 0.00464204 0.00975939 0.00320017 -0.00353843 0.00481761 0.00365237 0.0162231 0.0330677
internal_weight=6256.87 5559.79 365.331 5194.45 697.083 5107.41 4835.11 1041.84 3793.26 730.187 3063.08 2780.34 282.734 93.5273
internal_count=170800 95517 27466 68051 75283 62003 58354 11749 46605 13142 33463 30524 2939 920
cat_boundaries=0 6 12 13 19 25 31
cat_threshold=1125908480 2424373504 4360992 20 1243808416 16 2151680000 524417 528462 2283832512 2165571635 3968 1 8618504 18017988 100679682 2230280 2147483648 1417 107008 7381039 805306368 2147484680 2487485506 4111 402862080 172374016 1073741824 285575168 8429570 14208
is_linear=0
shrinkage=0.03


Tree=66
num_leaves=15
num_cat=7
split_feature=15 3 18 18 18 5 5 5 18 19 1 18 18 8
split_gain=366.429 110.073 55.2656 52.0777 51.2776 38.8772 57.3624 36.2535 50.1379 34.9998 43.7355 41.3343 37.124 34.74
threshold=1.0000000180025095e-35 1.0000000180025095e-35 0 1 2 367.50000000000006 383.50000000000006 606.50000000000011 3 4 49.500000000000007 5 6 1.0000000180025095e-35
decision_type=8 2 9 9 9 2 2 2 9 1 2 9 9 8
left_child=4 3 5 -2 -1 -3 -7 9 -9 10 12 -11 -5 -8
right_child=1 2 -4 7 -6 6 13 8 -10 11 -12 -13 -14 -15
leaf_value=0.0022036137641417851 -0.016937702414999999 -0.015213737139482464 -0.021913455242635986 0.013773571084305526 -0.023732143379357633 0.12085641505301133 -0.0033729784204770191 0.0066307076669541122 -0.011506769747192624 -0.0057456732656190109 -0.014537384823121972 0.0042059706068887015 0.0050598333943227053 0.043066349671584223
leaf_weight=83.469823500141501 99.580003461800516 58.526111881248653 230.26761258486658 776.51986470632255 599.55914231017232 3.5401229690760365 48.412186461500823 240.38351225201041 294.46617075800896 444.67846777010709 74.495985410176218 2170.9267125856131 1101.2577366093174 19.617806593887508
leaf_count=5282 6601 4415 19941 5522 70001 108 2519 2774 9133 7888 932 21898 13303 483
internal_value=-0.000158352 0.00238916 -0.0136224 0.00350069 -0.0208788 0.00258232 0.0174999 0.00392828 -0.00344887 0.00480123 0.00783247 0.00249712 0.00876889 0.0104486
internal_weight=6245.7 5562.67 360.364 5202.31 683.029 130.096 71.5701 5102.73 534.85 4567.88 1952.27 2615.61 1877.78 68.03
internal_count=170800 95517 27466 68051 75283 7525 3110 61450 11907 49543 19757 29786 18825 3002
cat_boundaries=0 6 12 18 24 25 31 37
cat_threshold=536994304 20360204 637534464 553783304 4104 4737 1127743488 2424373504 12815108 8214 167839392 16 2155874336 268959873 4190 2283832512 17039907 3464 2147688448 173119 806354960 268435464 3557048322 4109 3 12845064 688 573059258 2149711905 2485125120 3073 12812808 4385408 532480 539099136 2147483648 3459
is_linear=0
shrinkage=0.03


Tree=67
num_leaves=15
num_cat=8
split_feature=15 3 18 18 18 5 18 1 18 19 6 18 5 18
split_gain=351.589 104.619 55.0643 50.041 43.9319 38.2259 35.7258 31.4804 29.783 29 32.4508 29.1005 28.2447 51.7065
threshold=1.0000000180025095e-35 1.0000000180025095e-35 0 1 2 228.50000000000003 3 49.500000000000007 4 5 27.500000000000004 6 495.50000000000006 7
decision_type=8 2 9 9 9 2 9 2 9 1 2 9 2 9
left_child=4 3 5 -2 -1 -3 -5 8 -8 10 -10 -12 -11 -14
right_child=1 2 -4 6 -6 -7 7 -9 9 12 11 -13 13 -15
leaf_value=0.0026935607112432446 -0.01790251709992648 -0.023100822542248649 -0.021929470690942515 0.0099731656751500235 -0.0231219696572104 0.012635465211967468 -0.0072277948926249887 -0.0081769275553868724 0.034709787434778198 0.0039434994522913602 -0.0032161195649798861 0.010425291761499792 0.0045592955530208172 -0.013221042643350426
leaf_weight=71.161285455338657 87.121394061483443 36.338187544606626 223.44680605921894 714.59717934019864 598.23030282836407 95.79779945500195 218.20740024186671 223.73656142223626 40.750114465132356 2521.8902133516967 178.34957954939455 647.05394970625639 324.33553024567664 253.74090489000082
leaf_count=4258 6250 3412 19780 3686 71025 4274 8870 3397 374 26821 2873 5980 3596 6204
internal_value=-0.000157504 0.00231446 -0.0134071 0.00338987 -0.0206824 0.00251888 0.00378297 0.00275715 0.0033502 0.00394213 0.00877904 0.00756463 0.0025644 -0.00340414
internal_weight=6234.76 5565.37 355.583 5209.78 669.392 132.136 5122.66 4408.06 4184.33 3966.12 866.154 825.404 3099.97 578.076
internal_count=170800 95517 27466 68051 75283 7686 61801 58115 54718 45848 9227 8853 36621 9800
cat_boundaries=0 6 12 18 21 27 28 34 40
cat_threshold=536928768 20360332 100663552 822218760 4104 4737 1125646400 2424373504 4360960 20 1778584228 16 2160068640 268959873 528398 2300609600 1311250 3976 402849792 141312 536870912 69470208 537395200 27332716 146808995 272110664 32 1 2147487792 174067713 1344020608 380992 29655043 8200 2147525120 7389231 268435456 2149057800 2219048962 4175
is_linear=0
shrinkage=0.03


Tree=68
num_leaves=15
num_cat=5
split_feature=15 3 18 18 18 5 13 18 18 7 5 0 1 5
split_gain=337.269 99.5162 54.65 50.1294 50.1142 36.4369 33.8273 35.0688 34.3978 24.4088 25.8679 26.6317 24.3693 22.0259
threshold=1.0000000180025095e-35 1.0000000180025095e-35 0 1 2 228.50000000000003 0.18214285714285719 3 4 87.500000000000014 235.50000000000003 30.500000000000004 25.500000000000004 172.50000000000003
decision_type=8 2 9 9 9 2 8 9 9 8 2 2 2 2
left_child=4 3 5 -2 -1 -3 8 12 -5 10 -7 -12 -8 -10
right_child=1 2 -4 6 -6 9 7 -9 13 -11 11 -13 -14 -15
leaf_value=0.0022887237783156115 -0.018405927021591727 -0.022949766448618601 -0.021905131950598181 0.0060450520133865909 -0.023422629947814508 0.067073688948485088 0.020969512179549076 0.0043182304140051229 0.0030885533417080533 0.066178130453873732 0.00076579312693828515 0.099511766303666316 0.0076930409047004517 -0.0035413364904810975
leaf_weight=83.238747398369014 83.763045404106379 35.60500814858824 217.44661351013929 969.14500840287656 572.89906588150188 5.2060627080500117 223.03731505014002 1778.6809257622808 750.37633513472974 5.9959287866950026 85.40147898811847 1.5315025700256217 284.185541421175 1127.1889465088025
leaf_count=5417 6127 3398 19892 11125 69866 81 1172 12222 12029 31 4011 53 1423 23953
internal_value=-0.00015765 0.00224105 -0.0131945 0.00328256 -0.0204839 0.00246818 0.00366873 0.00639299 0.00149257 0.0120777 0.00788438 0.0036173 0.0132991 -0.000886721
internal_weight=6223.7 5567.56 351.187 5216.38 656.138 133.74 5132.61 2285.9 2846.71 98.135 92.139 86.933 507.223 1877.57
internal_count=170800 95517 27466 68051 75283 7574 61924 14817 47107 4176 4145 4064 2595 35982
cat_boundaries=0 6 12 18 24 30
cat_threshold=536977920 20360204 100663552 822218760 4104 4737 1128005632 2424373504 12815104 22 436404896 16 2147485696 268959873 4190 2283832512 2165572131 3464 66048 4592128 0 0 0 9478 402886792 16803919 536895616 2147684360 2147516416 6145
is_linear=0
shrinkage=0.03


Tree=69
num_leaves=15
num_cat=7
split_feature=15 3 18 18 18 5 5 5 5 19 18 18 6 18
split_gain=323.558 94.5547 53.2084 46.6677 46.3388 34.6005 32.9141 40.4338 39.4183 33.118 34.6061 31.3032 31.5184 29.8751
threshold=1.0000000180025095e-35 1.0000000180025095e-35 0 1 2 228.50000000000003 672.50000000000011 666.50000000000011 696.50000000000011 3 4 5 2.5000000000000004 6
decision_type=8 2 9 9 9 2 2 2 2 1 9 9 2 9
left_child=3 4 5 -1 -2 -3 7 9 -8 13 -11 12 -10 -6
right_child=1 2 -4 -5 6 -7 8 -9 11 10 -12 -13 -14 -15
leaf_value=0.0024772341303450377 -0.017711571720397161 -0.022772932619546247 -0.021743394150851147 -0.02306613883202523 0.0087473731481756099 0.011599117156367923 -0.028821639399647155 0.043304334816076664 0.059986519412747977 -0.0076051257077488802 0.0027091863623400336 -0.010931325516569283 0.0065539093335159121 0.0027962421094608605
leaf_weight=78.141055398620665 83.431844027712941 34.779497481882572 212.42064764164388 565.14085491886362 1531.1778495479375 99.179950751364231 57.190255614928901 22.551085363142192 10.740126438438891 356.38861451297998 1432.1144365947694 100.28145357314497 66.900344085879624 1562.6455014552921
leaf_count=5055 6221 3390 19790 70228 10245 4286 2592 576 90 6357 15748 2564 909 22749
internal_value=-0.000156149 0.00217172 -0.012985 -0.0202839 0.00317909 0.00239512 0.00354912 0.004082 -0.00738772 0.003892 0.000619965 -0.000375537 0.0129654 0.0057621
internal_weight=6213.08 5569.8 346.38 643.282 5223.42 133.959 5139.99 4904.88 235.112 4882.33 1788.5 177.922 77.6405 3093.82
internal_count=170800 95517 27466 75283 68051 7676 61830 55675 6155 55099 22105 3563 999 32994
cat_boundaries=0 6 12 18 19 25 31 37
cat_threshold=536977920 3583116 637534464 822218760 4104 4737 2155874336 524417 266318 2300609728 18089010 3456 1125646400 2424373504 4360960 8341 169935524 16 7 12845608 218 640176274 2149711968 2156922880 2176 2218983424 152101054 0 2420244488 2148810754 270 2428740104 21146698 1644183552 268566536 2147483648 2434
is_linear=0
shrinkage=0.03


Tree=70
num_leaves=15
num_cat=7
split_feature=15 3 18 18 18 5 5 18 5 18 1 18 19 1
split_gain=310.309 89.9426 52.126 45.5722 43.341 32.0284 36.0186 31.7026 31.7692 28.9155 27.6331 27.9946 27.18 31.5852
threshold=1.0000000180025095e-35 1.0000000180025095e-35 0 1 2 549.50000000000011 558.50000000000011 3 606.50000000000011 4 44.500000000000007 5 6 14.500000000000002
decision_type=8 2 9 9 9 2 2 9 2 9 2 9 1 2
left_child=3 4 5 -1 -2 12 -7 -6 10 -10 -9 -12 13 -3
right_child=1 2 -4 -5 7 6 -8 8 9 -11 11 -13 -14 -15
leaf_value=0.0025675901292663951 -0.017537951014561855 0.047778149778174551 -0.02162499938483697 -0.022861979795206686 0.0060906875586356525 0.13950925398043301 0.016564505388856676 0.0036423802259974137 0.0036580688854044607 -0.015143404156860479 0.0044268350675267442 -0.012195910969846563 -0.021735794265103508 -0.0054862602965323757
leaf_weight=76.950061982497573 79.754872440360487 13.12810666207224 207.4226142866537 553.84559262683615 2256.6460142182186 1.2936467435210932 42.764039776287973 2238.8532547028735 119.88866300974041 176.73486836533993 152.86708612926304 205.20878772716969 43.749138053506613 33.873536971397698
leaf_count=4838 5927 750 19728 70445 14006 54 1682 32226 2495 7207 2217 3973 3002 2250
internal_value=-0.000156319 0.00210254 -0.0127751 -0.0200819 0.00307834 0.00232214 0.0231906 0.00342834 0.0013368 -0.00794341 0.00240459 -0.00532325 -0.00769832 0.00833924
internal_weight=6202.98 5572.18 342.231 630.796 5229.95 134.808 44.0577 5150.2 2893.55 296.624 2596.93 358.076 90.7508 47.0016
internal_count=170800 95517 27466 75283 68051 7738 1736 62124 48118 9702 38416 6190 6002 3000
cat_boundaries=0 6 12 18 24 30 36 37
cat_threshold=536994304 20360332 100663552 822218760 4104 4736 2151680000 268959873 528478 2283832384 2147747363 1928 1125646336 2424373504 12814592 22 1778453152 16 402894848 138849280 805306368 805306376 2147524608 67 2147483648 1065151 1048596 2152202496 336348230 4108 2764046344 52428984 3411968 2149698560 20971522 9356 64
is_linear=0
shrinkage=0.03


Tree=71
num_leaves=15
num_cat=7
split_feature=15 3 16 18 18 5 5 19 18 5 18 5 18 18
split_gain=297.536 85.5923 51.1896 46.1702 42.2997 32.1241 41.7177 30.9837 39.8132 38.2643 54.928 47.7181 45.5374 34.4975
threshold=1.0000000180025095e-35 1.0000000180025095e-35 0.48795003647426644 0 1 228.50000000000003 235.50000000000003 2 3 479.50000000000006 4 407.50000000000006 5 6
decision_type=8 2 8 9 9 2 2 1 9 2 9 2 9 9
left_child=3 4 -3 -1 -2 -4 -7 8 -6 11 -11 12 -9 -13
right_child=1 2 5 -5 7 6 -8 9 -10 10 -12 13 -14 -15
leaf_value=0.0025558357575223888 -0.017895906019072323 -0.02088502650019506 -0.023226883718982485 -0.022779435963920507 0.013533196271733447 0.073382870388766591 0.005686716372740314 0.0076463794164459238 0.0021238298780104944 0.0048438302372901254 -0.010312781612069414 0.022434851474372436 -0.0002972727443572139 0.0010462678286043132
leaf_weight=78.83911791536957 75.438498127274215 223.81786309182644 28.709082712419331 539.82998697971925 541.17714205104858 8.1921581896021944 77.526958351954818 972.9504584427923 577.4673123806715 383.10275382734835 468.5631437022239 184.38843932840973 1916.3451271764934 117.26394830271602
leaf_count=5120 5909 21425 2943 70163 3917 133 2965 8353 8592 3954 10956 1336 23183 1851
internal_value=-0.000157373 0.0020343 -0.0125698 -0.0198783 0.00297982 0.00373443 0.012928 0.00331659 0.00772148 0.00208006 -0.00356138 0.00359292 0.00240484 0.0149271
internal_weight=6193.61 5574.94 338.246 618.669 5236.7 114.428 85.7191 5161.26 1118.64 4042.61 851.666 3190.95 2889.3 301.652
internal_count=170800 95517 27466 75283 68051 6041 3098 62142 12509 49633 14910 34723 31536 3187
cat_boundaries=0 6 12 13 19 25 31 37
cat_threshold=2155874336 268959873 266270 2283832512 18088451 3464 1128005632 2424373504 4360960 20 167970468 16 1 8626696 18017988 100679682 2230280 2147483648 137 2281808384 2138159 806354944 2151677960 3557032002 7 402870288 172371968 1073741824 285591552 8429570 14208 4300832 138079239 369111056 536875016 2147483648 15
is_linear=0
shrinkage=0.03


Tree=72
num_leaves=15
num_cat=6
split_feature=15 3 16 18 18 5 5 1 19 18 18 18 6 5
split_gain=285.387 81.2571 49.6095 43.5382 38.5968 30.5482 37.1757 30.476 30.8452 43.7209 35.6005 28.8932 28.7229 32.554
threshold=1.0000000180025095e-35 1.0000000180025095e-35 0.48795003647426644 0 1 228.50000000000003 235.50000000000003 49.500000000000007 2 3 4 5 10.500000000000002 708.50000000000011
decision_type=8 2 8 9 9 2 2 2 1 9 9 9 2 2
left_child=3 4 -3 -1 -2 -4 -7 8 9 -6 -10 -9 -12 -14
right_child=1 2 5 -5 7 6 -8 11 10 -11 12 -13 13 -15
leaf_value=0.0027530387433855777 -0.01558530499715469 -0.020683281722450549 -0.023062729019856336 -0.022452128690267293 0.012133368977925003 0.068035735391737975 0.0054914281755491954 0.0067326755830561065 -0.0065524316817745249 0.0031288872432355063 -0.022235472233656312 -0.013275271301141013 0.0033237078963581127 0.070693857165563367
leaf_weight=74.731619777157903 89.472812746651471 219.29936995729804 28.062939011026174 532.16673570405692 780.22699414100498 8.6422764165326935 77.905175551772118 93.618276296183467 394.03737344034016 1320.5140726193786 38.670941797085106 175.762441447936 2344.7995886849239 5.4757729768753043
leaf_count=4867 6121 21425 2943 70416 6135 133 2965 1067 8133 17232 431 2589 26117 226
internal_value=-0.000154045 0.00197339 -0.012354 -0.0196731 0.00288811 0.00362468 0.0124426 0.00323578 0.00378422 0.00651898 0.0016888 -0.00656467 0.00307192 0.00351067
internal_weight=6183.39 5576.49 333.91 606.898 5242.58 114.61 86.5475 5153.11 4883.72 2100.74 2782.98 269.381 2388.95 2350.28
internal_count=170800 95517 27466 75283 68051 6041 3098 61930 58274 23367 34907 3656 26774 26343
cat_boundaries=0 6 12 13 19 25 31
cat_threshold=2160068640 524289 528458 2300609728 18089010 3968 1125646400 2155938048 12749096 8214 436273824 16 3 12812296 4385472 570949632 2149711872 2151677952 3331 2160328712 268436144 573116946 2149711905 2153778184 2304 2558724136 134513707 4098 2432778240 17072144 8204
is_linear=0
shrinkage=0.03


Tree=73
num_leaves=15
num_cat=7
split_feature=15 3 16 18 18 5 5 18 1 18 18 19 6 18
split_gain=273.642 77.1144 48.0613 47.1961 42.583 29.0598 33.2806 28.5989 26.1232 25.9795 24.1774 23.6921 29.5995 27.9297
threshold=1.0000000180025095e-35 1.0000000180025095e-35 0.48795003647426644 0 1 228.50000000000003 235.50000000000003 2 49.500000000000007 3 4 5 71.500000000000014 6
decision_type=8 2 8 9 9 2 2 9 2 9 9 1 2 9
left_child=3 4 -3 -1 -2 -4 -7 -6 10 -10 -9 12 -12 -14
right_child=1 2 5 -5 7 6 -8 8 9 -11 11 -13 13 -15
leaf_value=0.0025200911554677857 -0.018357220543702753 -0.020479629908247633 -0.022896488586040639 -0.022613810186741037 0.0086414349929852616 0.063331944569652368 0.0053037302244663053 -0.0067831753515549004 0.0051663034059960897 -0.015331914710890418 0.023219488757164911 0.0020370141236394652 -0.006198569696682592 0.0082990885499084448
leaf_weight=82.595658856444061 73.714448491111398 214.91232805745676 27.435465762857348 512.8727634944953 721.32629877980798 9.0729963192716223 78.272048902697861 217.81770658306777 86.423998113721609 134.95050679240376 97.267972763627768 3131.8327391268685 140.04203187860548 645.70254896394908
leaf_count=5576 5820 21425 2943 69707 3686 133 2965 9052 1097 2311 889 36810 2338 6048
internal_value=-0.000152404 0.00191222 -0.0121397 -0.0194661 0.00279696 0.00351793 0.0119801 0.00313117 0.0022197 -0.00779936 0.00275067 0.0032782 0.00760115 0.0057373
internal_weight=6174.24 5578.77 329.693 595.468 5249.08 114.781 87.345 5175.36 4454.04 221.375 4232.66 4014.85 883.013 785.745
internal_count=170800 95517 27466 75283 68051 6041 3098 62231 58545 3408 55137 46085 9275 8386
cat_boundaries=0 6 12 15 21 27 28 34
cat_threshold=2147485696 268959873 266334 2283832512 2164524579 1416 1128005632 2692808960 4425984 21 1243808420 16 402849792 141312 536870912 2155874344 134513711 4098 2432779264 17088528 8268 67110976 268959744 27267692 146808994 806362120 32 1 4112 171970561 1343750272 2147864640 29655043 10248
is_linear=0
shrinkage=0.03


Tree=74
num_leaves=15
num_cat=3
split_feature=15 3 16 18 18 5 5 5 6 6 5 5 18 6
split_gain=262.342 73.1764 46.5454 41.3909 39.3758 28.0896 38.8635 37.4182 30.2846 37.099 27.6532 29.915 27.3959 27.9154
threshold=1.0000000180025095e-35 1.0000000180025095e-35 0.48795003647426644 0 1 672.50000000000011 696.50000000000011 666.50000000000011 8.5000000000000018 17.500000000000004 228.50000000000003 235.50000000000003 2 2.5000000000000004
decision_type=8 2 8 9 9 2 2 2 2 2 2 2 9 2
left_child=3 4 -3 -1 -2 7 -7 8 -6 -10 -4 -12 13 -8
right_child=1 2 10 -5 5 6 12 -9 9 -11 11 -13 -14 -15
leaf_value=0.0029153713265587296 -0.01885824852544795 -0.020274118798127006 -0.022728176159620125 -0.022023937312919951 -0.020744862541338768 -0.02873302041733751 0.056828315318958898 0.04065826558494056 0.025427631037231675 0.0032273755921821889 0.059161197763429617 0.0051232690286001099 -0.0099734137755035576 0.0063299298030545783
leaf_weight=72.471888998523355 64.501136290840805 210.65297514619306 26.826125849504024 511.90370646538213 45.675588509067893 55.838809119537473 10.69671483337879 23.271665044128895 67.738393044099212 4821.0432835081592 9.4851539311930519 78.627922450192273 101.08503693528473 64.724116049706936
leaf_count=4543 5295 21425 2943 70740 475 2610 84 580 661 54855 133 2965 2642 849
internal_value=-0.000151395 0.00185259 -0.0119269 -0.0192578 0.00270853 0.00301066 -0.00715803 0.00349464 0.00331117 0.00354012 0.00341414 0.0115389 -0.000209215 0.0125055
internal_weight=6164.54 5580.17 325.592 584.376 5254.57 5190.07 232.345 4957.73 4934.46 4888.78 114.939 88.1131 176.506 75.4208
internal_count=170800 95517 27466 75283 68051 62756 6185 56571 55991 55516 6041 3098 3575 933
cat_boundaries=0 6 12 18
cat_threshold=2155874336 268959745 790558 2300609600 1311250 3976 1127743488 2692808960 12749568 8212 167969444 16 2151874560 135323838 0 2420244488 2148810754 270
is_linear=0
shrinkage=0.03


end of trees

feature_importances:
codigo_producto_enc=374
dias_hasta_proximo_evento=130
es_fin_de_semana=112
semana_anio=71
dia_semana=65
rolling_mean_90=60
historico_promedio_producto=50
rolling_mean_28=48
rolling_std_7=33
rolling_mean_7=27
dia_mes=26
lag_1=24
dias_desde_evento_anterior=23
lag_2=2
lag_3=2
lag_14=2
trimestre=1

parameters:
[boosting: gbdt]
[objective: binary]
[metric: auc,binary_logloss]
[tree_learner: serial]
[device_type: cpu]
[data_sample_strategy: bagging]
[data: ]
[valid: ]
[num_iterations: 1500]
[learning_rate: 0.03]
[num_leaves: 15]
[num_threads: 6]
[seed: 42]
[deterministic: 0]
[force_col_wise: 0]
[force_row_wise: 0]
[histogram_pool_size: -1]
[max_depth: -1]
[min_data_in_leaf: 50]
[min_sum_hessian_in_leaf: 0.001]
[bagging_fraction: 1]
[pos_bagging_fraction: 1]
[neg_bagging_fraction: 1]
[bagging_freq: 0]
[bagging_seed: 400]
[bagging_by_query: 0]
[feature_fraction: 1]
[feature_fraction_bynode: 1]
[feature_fraction_seed: 30056]
[extra_trees: 0]
[extra_seed: 12879]
[early_stopping_round: 0]
[early_stopping_min_delta: 0]
[first_metric_only: 0]
[max_delta_step: 0]
[lambda_l1: 0]
[lambda_l2: 1]
[linear_lambda: 0]
[min_gain_to_split: 0]
[drop_rate: 0.1]
[max_drop: 50]
[skip_drop: 0.5]
[xgboost_dart_mode: 0]
[uniform_drop: 0]
[drop_seed: 17869]
[top_rate: 0.2]
[other_rate: 0.1]
[min_data_per_group: 100]
[max_cat_threshold: 32]
[cat_l2: 10]
[cat_smooth: 10]
[max_cat_to_onehot: 4]
[top_k: 20]
[monotone_constraints: ]
[monotone_constraints_method: basic]
[monotone_penalty: 0]
[feature_contri: ]
[forcedsplits_filename: ]
[refit_decay_rate: 0.9]
[cegb_tradeoff: 1]
[cegb_penalty_split: 0]
[cegb_penalty_feature_lazy: ]
[cegb_penalty_feature_coupled: ]
[path_smooth: 0]
[interaction_constraints: ]
[verbosity: 1]
[saved_feature_importance_type: 0]
[use_quantized_grad: 0]
[num_grad_quant_bins: 4]
[quant_train_renew_leaf: 0]
[stochastic_rounding: 1]
[linear_tree: 0]
[max_bin: 255]
[max_bin_by_feature: ]
[min_data_in_bin: 3]
[bin_construct_sample_cnt: 200000]
[data_random_seed: 175]
[is_enable_sparse: 1]
[enable_bundle: 1]
[use_missing: 1]
[zero_as_missing: 0]
[feature_pre_filter: 1]
[pre_partition: 0]
[two_round: 0]
[header: 0]
[label_column: ]
[weight_column: ]
[group_column: ]
[ignore_column: ]
[categorical_feature: 18,19,20]
[forcedbins_filename: ]
[precise_float_parser: 0]
[parser_config_file: ]
[objective_seed: 16083]
[num_class: 1]
[is_unbalance: 0]
[scale_pos_weight: 1]
[sigmoid: 1]
[boost_from_average: 1]
[reg_sqrt: 0]
[alpha: 0.9]
[fair_c: 1]
[poisson_max_delta_step: 0.7]
[tweedie_variance_power: 1.5]
[lambdarank_truncation_level: 30]
[lambdarank_norm: 1]
[label_gain: ]
[lambdarank_position_bias_regularization: 0]
[eval_at: ]
[multi_error_top_k: 1]
[auc_mu_weights: ]
[num_machines: 1]
[local_listen_port: 12400]
[time_out: 120]
[machine_list_filename: ]
[machines: ]
[gpu_platform_id: -1]
[gpu_device_id: -1]
[gpu_device_id_list: ]
[gpu_use_dp: 0]
[num_gpu: 1]

end of parameters

pandas_categorical:[]
