tree
version=v4
num_class=1
num_tree_per_iteration=1
label_index=0
max_feature_idx=20
objective=poisson
feature_names=dia_mes semana_anio trimestre es_fin_de_semana es_evento dias_hasta_proximo_evento dias_desde_evento_anterior lag_1 lag_2 lag_3 lag_7 lag_14 lag_28 rolling_mean_7 rolling_mean_28 rolling_mean_90 rolling_std_7 historico_promedio_producto codigo_producto_enc dia_semana tipo_evento_activo_enc
feature_infos=[1:31] [1:52] [1:4] [0:1] none [0:999] [0:999] [0:23] [0:23] [0:16] [0:16] [0:19] [0:23] [0:5.8571428571428568] [0:2.7857142857142856] [0:2.0444444444444443] [0:8.6931828792122268] [0:8.4000000000000004] -1:16:49:45:43:47:13:99:124:15:125:161:42:59:35:34:46:172:159:17:106:170:162:56:107:9:33:169:52:168:166:167:32:53:160:57:31:113:116:89:39:71:108:50:90:171:77:120:65:163:54:174:141:143:3:127:132:117:22:68:41:102:111:152:12:129:146:173:23:154:5:11:128:83:142:123:78:70:76:114:28:51:93:112:27:67:66:110:148:44:82:4:7:84:85:92:14:150:94:151:38:101:103:60:118:133:69:138:156:36:37:157:158:119:137:6:26:29:75:79:81:135:149:72:73:86:134:139:155 -1:0:1:2:3:4:6:5 none
tree_sizes=1777 1857 1856 1857 1821 1858 1855 1857 1866 1857 1878 1846 1880 1859 1857 1855 1835 1835 1849 1814 1872 1860 1879 1855 1850 1867 1857 1854 1853 1865 1862 1887 1840 1859 1856 1855 1887 1854 1857 1847 1860 1853 1837 1856 1866 1858 1858 1853 1881 1862 1883 1864 1872 1867 1846 1874 1865 1822 1886 1910 1851 1850 1880 1855 1876 1855 1879 1843 1837 1873 1831 1875 1867 1895 1915 1834 1935 1873 1838 1825 1862 1886 1870 1867 1916 1865 1859 1831 1828 1889 1821 1869 1898 1892 1890 1885 1866 1891 1818 1844 1892 1877 1828 1873 1885 1881 1884 1886 1841 1830 1832 1823 1856 1873 1882 1775 1817 1773 1910 1782 1767 1861 1803 1770 1796 1895 1857 1845 1820 1816 1835 1784 1782 1779 1868 1843 1866 1830 1803 1846 1789 1823 1818 1819 1817 1822 1811 1868 1867 1809 1790 1864 1826

Tree=0
num_leaves=15
num_cat=6
split_feature=18 10 6 18 19 0 18 17 16 1 18 15 5 19
split_gain=614.605 378.636 67.7752 65.6924 40.6916 76.6018 14.7867 12.3012 16.4459 9.5123 9.87408 9.37327 6.36751 6.04515
threshold=0 14.500000000000002 67.500000000000014 1 2 21.500000000000004 3 0.071022084262941779 1.5735915849388873 37.500000000000007 4 1.0000000180025095e-35 246.50000000000003 5
decision_type=9 8 2 9 1 2 9 10 8 2 9 8 2 1
left_child=2 3 -1 9 7 -6 -5 -4 -9 10 -2 12 -8 -11
right_child=1 -3 4 6 5 -7 11 8 -10 13 -12 -13 -14 -15
leaf_value=0.60734075317685488 0.57944843393552792 0.6184909317227083 0.59569872408171964 0.57552927371186946 0.5914006267433789 0.6105729591526462 0.5849544177907533 0.58574661568991226 0.59364611164197367 0.5807927568968263 0.58147284134929811 0.57738796275481608 0.57783510584482856 0.57787431034822112
leaf_weight=305.75619697570801 4374.1121826171875 212.23077201843262 212.23077201843262 4906.487678527832 568.3468132019043 280.57627487182617 255.39635276794434 892.08866882324219 323.74185562133789 845.32595634460449 4280.5867576599121 7169.0835361480713 201.43937683105469 2597.1291084289551
leaf_count=85 1216 59 59 1364 158 78 71 248 90 235 1190 1993 56 722
internal_value=0.580137 0.578687 0.594033 0.578341 0.592296 0.597561 0.576821 0.588973 0.587859 0.57992 0.58045 0.577657 0.581817 0.578586
internal_weight=27424.5 24841.8 2582.74 24629.6 2276.98 848.923 12532.4 1428.06 1215.83 12097.2 8654.7 7625.92 456.836 3442.46
internal_count=7624 6906 718 6847 633 236 3484 397 338 3363 2406 2120 127 957
cat_boundaries=0 4 10 11 17 23 24
cat_threshold=0 0 1077424286 805306368 67584 134917120 278592 20024328 16 1867 14 2562736312 24117385 805306368 393280 2147540993 4096 0 134228992 262144 1081352 16 1289 1
is_linear=0
shrinkage=1


Tree=1
num_leaves=15
num_cat=5
split_feature=18 10 18 6 19 14 1 18 17 16 15 1 18 1
split_gain=588.961 354.694 64.0952 62.3176 37.9341 74.2995 14.5322 14.1061 11.5579 15.5341 9.3708 9.24547 9.57354 8.05963
threshold=0 14.500000000000002 1 67.500000000000014 2 0.098214285714285726 15.500000000000002 3 0.071022084262941779 1.5735915849388873 1.0000000180025095e-35 37.500000000000007 4 33.500000000000007
decision_type=9 8 9 2 1 10 2 9 10 8 8 2 9 2
left_child=3 2 11 -1 8 -6 -7 -4 -5 -10 -9 12 -2 -8
right_child=1 -3 7 4 5 6 13 10 9 -11 -12 -13 -14 -15
leaf_value=0.026077640963532153 -0.00067861383034055489 0.036359418759471927 -0.0046240424872074932 0.015093748935564168 0.03260676995819755 0.019229545727968589 0.0054883466593792975 0.0016523721194845948 0.0054952152991957527 0.013129285818518641 -0.0027665256335534885 -0.0015298975548500057 0.0013144150000466866 0.013369852325857799
leaf_weight=314.18815732002258 4371.1022644042969 220.52881455421448 4518.7121143341064 215.55933213233948 208.97870588302612 183.16146087646484 248.43200945854187 457.6059787273407 897.10720062255859 328.14505577087402 7514.6247577667236 3437.1405210494995 4286.3096356391907 223.45979905128479
leaf_count=85 1216 59 1262 59 57 50 68 127 248 90 2095 957 1190 61
internal_value=-2.84141e-07 -0.0014309 -0.00177192 0.013499 0.0118323 0.0168657 0.0120589 -0.00327789 0.00862744 0.0075488 -0.00250956 -0.000213564 0.000308913 0.00924094
internal_weight=27425.1 24806 24585.5 2619.03 2304.84 864.032 655.053 12490.9 1440.81 1225.25 7972.23 12094.6 8657.41 471.892
internal_count=7624 6906 6847 718 633 236 179 3484 397 338 2222 3363 2406 129
cat_boundaries=0 4 10 11 17 23
cat_threshold=0 0 1077424286 805306368 67584 134917120 278592 20024328 16 1867 14 2562736312 7340169 805306368 393280 2147540993 4096 0 134228992 262144 1081352 16 1289
is_linear=0
shrinkage=0.03


Tree=2
num_leaves=15
num_cat=5
split_feature=18 9 18 7 14 17 0 18 19 1 5 18 15 5
split_gain=566.372 342.3 65.4301 62.8005 64.3846 86.3714 15.2237 12.7567 11.9168 11.097 11.1432 10.5038 9.81206 6.81615
threshold=0 6.5000000000000009 1 2.5000000000000004 0.20535714285714288 0.14903755386825365 12.500000000000002 2 3 37.500000000000007 659.50000000000011 4 1.0000000180025095e-35 111.00000000000001
decision_type=9 8 9 8 10 10 2 9 1 2 2 9 8 2
left_child=3 2 9 4 5 6 -1 -4 -6 10 11 -2 -9 -10
right_child=1 -3 7 -5 8 -7 -8 12 13 -11 -12 -13 -14 -15
leaf_value=0.0050942529199172826 -0.00082371894725388793 0.039802067837940922 -0.0044781323833318091 0.027899920186858503 0.0048233762561664803 0.032828989819200384 0.01575735235213415 0.0018268628109029271 0.015702235036208618 -0.0015819234227442234 0.0060911510152892182 0.0012702869813177263 -0.0027543538290668679 0.0093026083136668655
leaf_weight=196.32566404342651 4424.8094396591187 179.16389155387878 4797.4191930294037 241.18476629257202 619.49105072021484 263.94472861289978 316.56404066085815 447.43986368179321 188.70381116867065 3597.0179982185364 297.44128322601318 4184.2943923473358 6894.8230452537537 776.88294720649719
leaf_count=53 1232 47 1345 65 169 71 85 124 51 1003 82 1160 1927 210
internal_value=-5.28783e-07 -0.00139871 -0.00170042 0.0132819 0.0118342 0.0189077 0.0116936 -0.00326789 0.00835786 -0.000175681 0.000392164 0.000194582 -0.0024716 0.01046
internal_weight=27425.5 24822.4 24643.2 2603.1 2361.91 776.834 512.89 12139.7 1585.08 12503.6 8906.55 8609.1 7342.26 965.587
internal_count=7624 6920 6873 704 639 209 138 3396 430 3477 2474 2392 2051 261
cat_boundaries=0 4 10 16 17 23
cat_threshold=0 0 1076375710 805306368 67584 134917120 1327168 20024328 16 1871 415252664 7340173 536870912 393280 2147540995 4096 12 0 134228992 262144 1081352 16 1293
is_linear=0
shrinkage=0.03


Tree=3
num_leaves=15
num_cat=5
split_feature=18 9 18 7 14 17 0 18 19 1 5 18 15 5
split_gain=543.075 320.157 63.8281 57.7594 60.038 78.6012 14.2957 13.087 11.275 10.7839 10.742 10.1874 9.9288 6.38252
threshold=0 6.5000000000000009 1 2.5000000000000004 0.20535714285714288 0.14903755386825365 12.500000000000002 2 3 37.500000000000007 659.50000000000011 4 1.0000000180025095e-35 111.00000000000001
decision_type=9 8 9 8 10 10 2 9 1 2 2 9 8 2
left_child=3 2 9 4 5 6 -1 -4 -6 10 11 -2 -9 -10
right_child=1 -3 7 -5 8 -7 -8 12 13 -11 -12 -13 -14 -15
leaf_value=0.0049931808891428902 -0.00081215015604816092 0.037679055946394167 -0.0043997327861385067 0.026727105487589078 0.0047301314743275541 0.031293245097205102 0.015279583948536362 0.002006487141890975 0.015227976304919736 -0.0015608482367659451 0.0059641186160997364 0.0012498158287258204 -0.0026752275560843097 0.0090788128685271273
leaf_weight=197.32834672927856 4421.1660737991333 186.43879580497742 5061.5713119506836 248.00855088233948 622.48631000518799 272.75356936454773 321.59175825119019 433.80108070373535 191.69026923179626 3591.332332611084 299.25857472419739 4189.6128904819489 6604.7281613349915 784.14370632171631
leaf_count=53 1232 47 1425 65 169 71 85 120 51 1003 82 1160 1851 210
internal_value=-7.48998e-07 -0.00137993 -0.00167801 0.0129106 0.0115203 0.0182749 0.0113851 -0.00322988 0.0081653 -0.000173101 0.000386171 0.000191645 -0.00238305 0.0101967
internal_weight=27425.9 24787.9 24601.5 2638 2389.99 791.674 518.92 12100.1 1598.32 12501.4 8910.04 8610.78 7038.53 975.834
internal_count=7624 6920 6873 704 639 209 138 3396 430 3477 2474 2392 1971 261
cat_boundaries=0 4 10 16 17 23
cat_threshold=0 0 1076375710 805306368 67584 134917120 1327168 20024328 16 1871 415252664 7340173 570425344 134611008 2147540995 4096 12 0 134228992 262144 1081352 16 1293
is_linear=0
shrinkage=0.03


Tree=4
num_leaves=15
num_cat=5
split_feature=18 7 18 6 19 5 8 15 5 18 13 10 15 19
split_gain=520.924 307.908 62.692 53.8979 34.8236 52.7585 27.2773 13.626 15.9697 12.675 11.9286 10.6506 9.63968 8.61438
threshold=0 6.5000000000000009 1 67.500000000000014 2 241.50000000000003 2.5000000000000004 0.45722222222222225 391.50000000000006 3 1.3571428571428574 0.75000000000000011 1.0000000180025095e-35 4
decision_type=9 8 9 2 1 2 8 8 2 9 8 10 8 1
left_child=3 2 10 -1 5 -5 7 8 -6 -4 -2 -12 -11 -9
right_child=1 -3 9 4 6 -7 -8 13 -10 12 11 -13 -14 -15
leaf_value=0.023912541602261563 -0.00034959213095863822 0.037661050624604467 -0.0043913485151838563 0.03012603570616916 0.0076238173199775217 0.010397435745943963 0.019465029302449206 0.0015966509503890925 0.016758522781849739 0.0019743507957062784 0.0097642753881263637 0.00083295793043349951 -0.0026659562817256959 0.0079049784846444756
leaf_weight=331.77155685424805 12014.692558765411 179.65351414680481 4812.4396739006042 204.55661106109619 583.10717701911926 304.39233708381653 196.74114441871643 404.53206515312195 245.86875629425049 427.51684522628784 197.8861608505249 304.13285684585571 6817.5909674167633 401.40467953681946
leaf_count=85 3343 44 1361 53 154 80 52 109 65 118 54 84 1916 106
internal_value=-9.52704e-07 -0.00136137 -0.00164873 0.0125544 0.0109885 0.018017 0.00888003 0.00764943 0.01035 -0.00319122 -0.000160001 0.00436592 -0.00238861 0.00486223
internal_weight=27426.3 24753.9 24574.3 2672.37 2340.6 508.949 1831.65 1634.91 828.976 12057.5 12516.7 502.019 7245.11 805.937
internal_count=7624 6920 6876 704 619 133 486 434 219 3395 3481 138 2034 215
cat_boundaries=0 4 10 11 17 18
cat_threshold=0 0 1076375710 805306368 67584 134917120 1327168 20024328 16 1871 1 2562736312 7340169 570425344 134611008 2147540995 4096 12
is_linear=0
shrinkage=0.03


Tree=5
num_leaves=15
num_cat=4
split_feature=18 8 18 18 17 0 17 15 18 13 6 10 15 1
split_gain=499.887 306.66 61.087 52.6845 188.503 18.2968 14.7366 14.5412 12.0627 10.7986 10.3473 9.57571 9.29702 7.73754
threshold=0 7.5000000000000009 1 2 0.36190955965151433 14.500000000000002 0.69890144923685937 0.080555555555555561 3 1.3571428571428574 194.50000000000003 0.75000000000000011 1.0000000180025095e-35 37.500000000000007
decision_type=9 8 9 9 10 2 10 10 9 8 2 10 8 2
left_child=3 2 9 4 -1 -5 -6 -7 -4 13 -9 -11 -10 -2
right_child=1 -3 8 5 6 7 -8 10 12 11 -12 -13 -14 -15
leaf_value=0.03847505504619541 0.00014924670106386092 0.037762541223893512 -0.0043450659959815806 0.0052803632896447576 0.012663034589357284 0.018542535104599186 0.0035305066344811266 0.0040300822884392204 0.001807884350285445 0.0090539268733719515 0.011898247059396315 0.00070787596010078767 -0.0026581012457729042 -0.0015210553890930478
leaf_weight=285.94298911094666 8469.1629436016083 178.16596102714539 4714.0419063568115 737.17795991897583 516.58310008049011 211.16739249229431 230.97754979133606 215.34484028816223 446.15349745750427 207.54228162765503 508.96404123306274 304.65616703033447 6862.6533141136169 3538.0336394309998
leaf_count=74 2352 42 1339 193 134 54 61 55 123 56 133 84 1934 990
internal_value=-1.10533e-06 -0.00134304 -0.001629 0.0122131 0.0176288 0.0087735 0.0098498 0.0116113 -0.00315498 -0.000160763 0.00956774 0.00410074 -0.00238201 -0.000343009
internal_weight=27426.6 24720.4 24542.2 2706.16 1033.5 1672.65 747.561 935.476 12022.8 12519.4 724.309 512.198 7308.81 12007.2
internal_count=7624 6920 6878 704 269 435 195 242 3396 3482 188 140 2057 3342
cat_boundaries=0 4 10 14 20
cat_threshold=0 0 1076375710 805306368 67584 134917120 1327168 20024328 16 1871 0 0 6 536870912 415252664 7340173 536870912 134611008 2147540993 4096
is_linear=0
shrinkage=0.03


Tree=6
num_leaves=15
num_cat=5
split_feature=18 9 18 7 14 6 0 18 1 5 19 18 15 6
split_gain=479.768 302.703 59.1632 51.4892 52.8917 73.1106 18.4664 12.1753 10.1683 10.2478 10.0295 9.83678 9.17962 5.94135
threshold=0 7.5000000000000009 1 2.5000000000000004 0.20535714285714288 178.50000000000003 19.500000000000004 2 37.500000000000007 659.50000000000011 3 4 1.0000000180025095e-35 16.500000000000004
decision_type=9 8 9 8 10 2 2 9 2 2 1 9 8 2
left_child=3 2 8 4 5 -1 -7 -4 9 11 -6 -2 -9 -10
right_child=1 -3 7 -5 10 6 -8 12 13 -11 -12 -13 -14 -15
leaf_value=0.032665858788908618 -0.00080606151274959859 0.037093890793513086 -0.0043125749853906541 0.024574044271040759 0.0042727087557160367 0.0074280254828997892 0.017870889171880601 0.0019108058423547563 0.0037978851074796835 0.0057979568944159154 0.0093386826183727914 0.0012167292647927515 -0.0026088707991713989 -0.0018001932430883629
leaf_weight=197.36458277702332 4421.3799064159393 182.2012312412262 4711.3569705486298 261.59124493598938 637.60195231437683 371.88598155975342 260.37635564804077 429.13687515258789 178.71744966506958 301.66931128501892 1010.7703468799591 4216.854973077774 6844.5066549777985 3401.5847239494324
leaf_count=49 1233 41 1343 65 169 95 65 118 50 82 261 1165 1935 953
internal_value=-1.33927e-06 -0.00132492 -0.00161262 0.0118836 0.0105824 0.0167591 0.01175 -0.00311793 -0.0001689 0.000372026 0.00746543 0.000181889 -0.00233877 -0.00151977
internal_weight=27427 24687.4 24505.2 2739.59 2478 829.627 632.262 11985 12520.2 8939.9 1648.37 8638.23 7273.64 3580.3
internal_count=7624 6920 6879 704 639 209 160 3396 3483 2480 430 2398 2053 1003
cat_boundaries=0 4 10 16 17 23
cat_threshold=0 0 1076375710 805306368 67584 134917120 1327168 20024328 16 1871 2562736312 7340165 570425344 134611008 2147540995 4096 12 0 134228992 262144 1081352 16 1293
is_linear=0
shrinkage=0.03


Tree=7
num_leaves=15
num_cat=5
split_feature=18 9 18 11 6 19 17 16 18 1 5 18 14 0
split_gain=460.702 300.877 57.528 49.4906 112.725 34.3197 50.221 22.2376 11.8093 9.8069 9.90867 9.38934 9.29198 11.0289
threshold=0 8.5000000000000018 1 0.75000000000000011 67.500000000000014 2 0.35172501268391682 2.2677868380553625 3 37.500000000000007 659.50000000000011 4 0.52678571428571441 20.500000000000004
decision_type=9 8 9 10 2 1 10 8 9 2 2 9 10 2
left_child=3 2 9 4 -1 6 -6 12 -4 10 11 -2 13 -7
right_child=1 -3 8 -5 5 7 -8 -9 -10 -11 -12 -13 -14 -15
leaf_value=0.034081768882139735 -0.00079472647896638776 0.037131790166120823 -0.0042653452358379553 0.0041388801192824287 0.0092189451873544419 0.0068122739617107984 0.030482516394914821 0.017802064420688574 -0.0023162680344194961 -0.0014994280675117663 0.0056787053291613319 0.0011803202129552308 0.003444286626121154 0.013572654744768896
leaf_weight=219.80534887313843 4417.8176188468933 180.91458749771118 4669.2175602912903 620.69702005386353 202.38343715667725 618.76052474975586 198.97537541389465 230.65091061592102 7278.4964554309845 3574.8641879558563 303.42345905303955 4230.1609492301941 343.2891001701355 337.77151679992676
leaf_count=53 1233 39 1337 159 50 159 50 58 2059 1003 82 1167 90 85
internal_value=-1.46367e-06 -0.00130703 -0.00159322 0.0115685 0.0137626 0.0114342 0.0193296 0.00916637 -0.0030812 -0.000171233 0.000359117 0.000171839 0.00769194 0.00921119
internal_weight=27427.2 24654.9 24474 2772.33 2151.64 1931.83 401.359 1530.47 11947.7 12526.3 8951.4 8647.98 1299.82 956.532
internal_count=7624 6920 6881 704 545 492 100 392 3396 3485 2482 2400 334 244
cat_boundaries=0 4 10 11 17 23
cat_threshold=0 0 1076375710 805306368 67584 134917120 1327168 20024328 16 1871 1 415252664 24117385 536870912 134611008 2147540995 4096 0 134228992 262144 1081352 16 1293
is_linear=0
shrinkage=0.03


Tree=8
num_leaves=15
num_cat=5
split_feature=18 8 18 18 17 0 17 15 18 6 1 5 15 18
split_gain=442.45 288.42 56.3688 48.6142 164.8 16.1871 13.1157 12.6671 11.7857 10.0363 9.77283 9.51026 8.9436 8.8458
threshold=0 11.000000000000002 1 2 0.36190955965151433 14.500000000000002 0.69890144923685937 0.080555555555555561 3 194.50000000000003 37.500000000000007 659.50000000000011 1.0000000180025095e-35 4
decision_type=9 8 9 9 10 2 10 10 9 2 2 2 8 9
left_child=3 2 10 4 -1 -5 -6 -7 -4 -9 11 13 -10 -2
right_child=1 -3 8 5 6 7 -8 9 12 -11 -12 -13 -14 -15
leaf_value=0.035123964933973968 -0.00075624695688416221 0.036562472691416756 -0.0042256263151712395 0.0047626128147150587 0.011681712459958997 0.016923055221885228 0.0031731829131805165 0.0033845087541404628 0.0019176065160344921 0.010995551850268879 -0.0014897154914086175 0.005562570458567174 -0.0025450820986567041 0.001159663669484075
leaf_weight=305.16615271568298 4418.4951145648956 178.84632086753845 4672.8820462226868 756.61786937713623 535.6925687789917 221.96544742584229 235.56458425521851 222.98437547683716 428.96290922164917 526.74259424209595 3570.036417722702 305.15141248703003 6809.1560146808624 4239.353485584259
leaf_count=74 1234 37 1343 193 134 54 61 55 118 133 1003 82 1935 1168
internal_value=-1.6753e-06 -0.00128937 -0.00156833 0.011264 0.016345 0.00801605 0.00909043 0.0106243 -0.00304481 0.00873939 -0.00016244 0.000366151 -0.00227723 0.000182379
internal_weight=27427.6 24622.9 24444 2804.73 1076.42 1728.31 771.257 971.692 11911 749.727 12533 8963 7238.12 8657.85
internal_count=7624 6920 6883 704 269 435 195 242 3396 188 3487 2484 2053 2402
cat_boundaries=0 4 10 14 20 26
cat_threshold=0 0 1076375710 805306368 67584 134917120 1327168 20024328 16 1871 0 0 6 536870912 2562736312 7340165 570425344 134611008 2147540995 4096 0 134228992 262144 1081352 16 1293
is_linear=0
shrinkage=0.03


Tree=9
num_leaves=15
num_cat=6
split_feature=18 7 18 7 18 5 19 18 1 5 18 13 15 15
split_gain=425.032 275.643 54.9862 46.0801 47.0981 45.6046 17.9734 11.3221 9.47987 9.17309 8.5798 7.90081 7.88997 6.63624
threshold=0 20.500000000000004 1 2.5000000000000004 2 204.50000000000003 3 4 37.500000000000007 659.50000000000011 5 0.53571428571428581 1.0000000180025095e-35 0.40277777777777785
decision_type=9 8 9 8 9 2 1 9 2 2 9 10 8 8
left_child=3 2 8 4 5 -1 11 -4 9 10 -2 -6 -9 -8
right_child=1 -3 7 -5 6 -7 13 12 -10 -11 -12 -13 -14 -15
leaf_value=0.028056469509061047 -0.00074557530152181137 0.035445045920901121 -0.0041593169605563859 0.022672023109108 0.015993150154090478 0.010206983383794232 0.0085933212809202256 0.0015703876459857084 -0.0014674438071417772 0.0054494443387032229 0.0011411016285724437 0.0084783582620721557 -0.0025113476260481041 0.0044010340644340977
leaf_weight=231.22263407707214 4415.1548690795898 181.64643859863281 4701.2303268909454 274.88535261154175 288.88967204093933 293.56412386894226 518.1332688331604 454.42396426200867 3568.5820031166077 306.85356569290161 4244.2725658416748 230.64428019523621 6719.1577355861664 999.32667589187622
leaf_count=55 1234 36 1357 65 70 72 129 125 1004 82 1168 57 1914 256
internal_value=-1.87652e-06 -0.00127192 -0.00154711 0.0109706 0.00974946 0.0177719 0.00755069 -0.00300872 -0.000159803 0.000360566 0.000179629 0.0124407 -0.00224946 0.00579901
internal_weight=27428 24591.3 24409.7 2836.67 2561.78 524.787 2036.99 11874.8 12534.9 8966.28 8659.43 519.534 7173.58 1517.46
internal_count=7624 6920 6884 704 639 127 512 3396 3488 2484 2402 127 2039 385
cat_boundaries=0 4 10 13 14 20 26
cat_threshold=0 0 1076375710 805306368 67584 134917120 1327168 20024328 16 1871 0 0 8206 1 2562736312 24117385 536870912 393280 2147540993 4096 0 134228992 262144 1081352 16 1293
is_linear=0
shrinkage=0.03


Tree=10
num_leaves=15
num_cat=5
split_feature=18 7 18 18 17 0 17 15 18 6 5 18 15 0
split_gain=408.44 258.872 53.6312 44.9422 145.711 15.0937 12.0956 11.6328 11.1784 9.45769 9.44654 9.56931 8.64632 6.46554
threshold=0 20.500000000000004 1 2 0.36190955965151433 14.500000000000002 0.69890144923685937 0.080555555555555561 3 194.50000000000003 659.50000000000011 4 1.0000000180025095e-35 10.500000000000002
decision_type=9 8 9 9 10 2 10 10 9 2 2 9 8 2
left_child=3 2 10 4 -1 -5 -6 -7 -4 -9 11 -2 -10 -12
right_child=1 -3 8 5 6 7 -8 9 12 -11 13 -13 -14 -15
leaf_value=0.032628573772155257 -0.0012735094723351739 0.033701170885988535 -0.0041754539662666847 0.0044665918393050888 0.011105726809543949 0.016018503536052813 0.0029911079789491091 0.0031169887396521392 0.0017968415319084452 0.010442198413947097 0.0082795800197564343 0.00043258734981917998 -0.0025136553179529991 0.001374102386429749
leaf_weight=321.24161148071289 5337.5472836494446 188.20036697387695 4399.1483402252197 768.19962024688721 547.58057332038879 228.48904180526733 237.9723916053772 226.31059455871582 444.65227174758911 538.26709699630737 183.18569540977478 6615.0863873958588 7029.2790954113007 363.12369251251221
leaf_count=74 1497 36 1275 193 134 54 61 55 122 133 50 1834 2007 99
internal_value=-2.03715e-06 -0.00125467 -0.00152648 0.0106885 0.0154961 0.00758996 0.00865444 0.0100755 -0.00296912 0.00828088 -0.000153457 -0.000330031 -0.00225399 0.00370051
internal_weight=27428.3 24560.2 24372 2868.06 1106.79 1761.27 785.553 993.067 11873.1 764.578 12498.9 11952.6 7473.93 546.309
internal_count=7624 6920 6884 704 269 435 195 242 3404 188 3480 3331 2129 149
cat_boundaries=0 4 10 14 20 26
cat_threshold=0 0 1076375710 805306368 68096 134917120 1327168 20024328 16 1867 0 0 6 536870912 415252664 7340165 570425344 134611008 2147540995 4096 512 134227968 0 17858568 0 1289
is_linear=0
shrinkage=0.03


Tree=11
num_leaves=15
num_cat=4
split_feature=18 7 18 6 17 10 16 19 17 12 17 18 1 13
split_gain=392.58 243.538 52.318 43.5646 145.303 17.519 24.7955 13.3421 30.2837 11.6883 11.5899 11.3451 9.25771 8.9201
threshold=0 20.500000000000004 1 166.50000000000003 0.36190955965151433 0.75000000000000011 2.2677868380553625 2 0.39933328895988646 0.75000000000000011 0.093663237599908231 3 37.500000000000007 1.3571428571428574
decision_type=9 8 9 2 10 10 8 1 10 10 10 9 2 8
left_child=3 2 12 4 -1 6 7 8 -5 -6 -9 -4 13 -2
right_child=1 -3 11 5 9 -7 -8 10 -10 -11 -12 -13 -14 -15
leaf_value=0.034132895076831052 0.00013208553442245434 0.032098859196283268 -0.0040612426214098234 0.0064924540768449271 0.010753940964382423 0.0032957101878236311 0.019422734474526644 0.010882077018790303 0.020753855205041097 0.0010767425634783713 0.0036788386014873328 -0.0021548861333665365 -0.0014480195271572842 0.0042985086152243302
leaf_weight=271.58359742164612 8478.8344044685364 194.65102386474609 4830.2275924682617 329.28953409194946 248.68900609016418 486.26248240470886 209.22248959541321 296.32373070716858 226.61782884597778 204.63638019561768 626.40353465080261 6974.2905428409576 3563.4266147613525 488.15734481811523
leaf_count=62 2352 36 1405 77 60 121 50 72 55 50 157 1991 1004 132
internal_value=-2.21765e-06 -0.00123764 -0.00150611 0.0104162 0.0168212 0.00832181 0.00976699 0.00838853 0.0121154 0.00639753 0.00593708 -0.00293799 -0.00015458 0.000359357
internal_weight=27428.6 24529.6 24334.9 2899.03 724.909 2174.12 1687.86 1478.63 555.907 453.325 922.727 11804.5 12530.4 8966.99
internal_count=7624 6920 6884 704 172 532 411 361 132 110 229 3396 3488 2484
cat_boundaries=0 4 10 11 17
cat_threshold=0 0 1076375710 805306368 67584 134917120 1327168 20024328 16 1871 17 2562736312 24117385 536870912 134611008 2147540995 4096
is_linear=0
shrinkage=0.03


Tree=12
num_leaves=15
num_cat=5
split_feature=18 7 18 18 17 0 17 18 15 6 5 18 15 0
split_gain=377.436 229.471 51.0323 42.1012 129.912 13.9583 11.4807 10.7966 10.656 9.29945 9.15316 9.26352 8.42453 6.19626
threshold=0 20.500000000000004 1 2 0.36190955965151433 14.500000000000002 0.69890144923685937 3 0.080555555555555561 194.50000000000003 659.50000000000011 4 1.0000000180025095e-35 10.500000000000002
decision_type=9 8 9 9 10 2 10 9 10 2 2 9 8 2
left_child=3 2 10 4 -1 -5 -6 -4 -7 -10 11 -2 -9 -12
right_child=1 -3 7 5 6 8 -8 12 9 -11 13 -13 -14 -15
leaf_value=0.030478374757183686 -0.0012518801640301472 0.03062163051742273 -0.0040901033020548285 0.0041922190678876049 0.010623312165551955 0.015138683457442912 0.0027744907288608672 0.0018031186688738734 0.0027645413196583056 0.0099545658316658615 0.0080988226939152832 0.00042734252149983799 -0.0024530701282321344 0.0013573136765211099
leaf_weight=336.51145553588867 5329.0695099830627 201.00046920776367 4364.3196885585785 779.25513887405396 557.9502580165863 235.21122431755066 240.90162444114685 444.48476982116699 230.8465781211853 548.84825778007507 184.63344383239746 6617.3538744449615 6995.052405834198 363.49977540969849
leaf_count=74 1497 36 1275 193 134 54 61 122 55 133 50 1834 2007 99
internal_value=-2.39274e-06 -0.00122082 -0.00148598 0.0101537 0.0147387 0.00718018 0.00826285 -0.00289924 0.00953865 0.00783206 -0.000148286 -0.000322459 -0.00219562 0.00363874
internal_weight=27428.9 24499.4 24298.4 2929.52 1135.36 1794.16 798.852 11803.9 1014.91 779.695 12494.6 11946.4 7439.54 548.133
internal_count=7624 6920 6884 704 269 435 195 3404 242 188 3480 3331 2129 149
cat_boundaries=0 4 10 14 20 26
cat_threshold=0 0 1076375710 805306368 68096 134917120 1327168 20024328 16 1867 0 0 6 536870912 415252664 7340165 570425344 134611008 2147540995 4096 512 134227968 0 17858568 0 1289
is_linear=0
shrinkage=0.03


Tree=13
num_leaves=15
num_cat=3
split_feature=18 7 18 6 17 10 16 0 18 1 0 13 8 15
split_gain=362.966 216.529 49.768 40.8892 129.737 16.1253 22.945 12.6529 11.0415 9.04041 8.88567 9.11139 8.74844 7.56425
threshold=0 20.500000000000004 1 166.50000000000003 0.36190955965151433 0.75000000000000011 2.2677868380553625 24.500000000000004 2 37.500000000000007 26.500000000000004 1.3571428571428574 0.75000000000000011 1.0000000180025095e-35
decision_type=9 8 9 2 10 10 8 2 9 2 2 8 10 8
left_child=3 2 9 4 -1 6 7 -5 -4 10 11 -2 -13 -10
right_child=1 -3 8 5 -6 -7 -8 -9 13 -11 -12 12 -14 -15
leaf_value=0.031899358841665969 0.00049550889646527427 0.02925547502019608 -0.0039601203239985668 0.0065978934815914062 0.0061297475750911089 0.0030858096605530577 0.018393010787732731 0.013630368357995441 0.001711542498556378 -0.0014288796639381636 -0.0019567104702507819 0.009507779834185397 0.00082124913214268668 -0.0023455031135182201
leaf_weight=284.59354591369629 7272.0075249671936 207.25064277648926 4903.4113721847534 1223.6728682518005 459.11111617088318 491.94977259635925 215.72496342658997 284.50610637664795 441.52228999137878 3558.3613717556 1278.6608898639679 202.43489456176758 214.65868711471558 6391.362776517868
leaf_count=62 2017 36 1437 295 110 121 50 66 121 1004 355 54 58 1838
internal_value=-2.55036e-06 -0.00120421 -0.00146608 0.00990043 0.0160206 0.00788468 0.00925155 0.00793267 -0.00286854 -0.000149529 0.000358047 0.000743184 0.00504988 -0.00208009
internal_weight=27429.2 24469.7 24262.4 2959.56 743.705 2215.85 1723.9 1508.18 11736.3 12526.1 8967.76 7689.1 417.094 6832.89
internal_count=7624 6920 6884 704 172 532 411 361 3396 3488 2484 2129 112 1959
cat_boundaries=0 4 10 16
cat_threshold=0 0 1076375710 805306368 67584 134917120 1327168 20024328 16 1871 2562736312 24117385 570425344 134611008 2147540993 4096
is_linear=0
shrinkage=0.03


Tree=14
num_leaves=15
num_cat=4
split_feature=18 7 18 18 6 10 0 18 15 13 10 6 16 15
split_gain=349.601 204.996 46.7071 42.6409 118.021 14.2223 13.1278 10.6677 9.85311 8.88654 8.67176 8.60136 7.91617 7.68432
threshold=0 20.500000000000004 1 2 172.50000000000003 0.75000000000000011 14.500000000000002 3 0.075000000000000011 1.3571428571428574 0.75000000000000011 194.50000000000003 0.7867957924694392 1.0000000180025095e-35
decision_type=9 8 9 9 2 10 2 9 10 8 10 2 8 8
left_child=3 2 9 4 -1 12 -5 -4 -8 -2 -11 -10 -6 -9
right_child=1 -3 7 6 5 -7 8 13 11 10 -12 -13 -14 -15
leaf_value=0.030104972059198747 -0.0003591797346489633 0.027988406531740884 -0.003970317608410814 0.0039030423086651952 0.0078556207986220043 0.0021412349009373695 0.014225555581315918 0.0017390373924492132 0.0024382016213098144 0.0082099846583885451 0.00042551252261316619 0.0091992974388506663 0.014754790918113785 -0.002354357452068424
leaf_weight=306.64708733558655 11832.774196863174 213.40341567993164 4563.4457495212555 863.06265306472778 356.96743941307068 235.80652165412903 240.55718326568604 438.98768329620361 235.21100902557373 216.45702004432678 316.16209483146667 612.14626431465149 263.56242489814758 6734.3055474758148
leaf_count=68 3303 36 1343 213 82 58 55 120 55 57 86 146 61 1941
internal_value=-2.69564e-06 -0.0012161 -0.00147634 0.00944319 0.0140414 0.00842456 0.00663882 -0.00283069 0.00886454 -0.000188276 0.00359859 0.00732763 0.010805 -0.00210072
internal_weight=27429.5 24315.5 24102.1 3113.96 1162.98 856.336 1950.98 11736.7 1087.91 12365.4 532.619 847.357 620.53 7173.29
internal_count=7624 6886 6850 738 269 201 469 3404 256 3446 143 201 143 2061
cat_boundaries=0 4 10 14 20
cat_threshold=0 0 1077440670 805306368 68096 134917120 262208 20024328 16 1867 0 0 6 536870912 2562736312 7340165 570425344 134611008 2147540995 4096
is_linear=0
shrinkage=0.03


Tree=15
num_leaves=15
num_cat=4
split_feature=18 7 18 18 17 0 17 18 15 13 10 6 17 5
split_gain=336.443 193.943 45.5559 40.1094 114.006 12.4926 11.0313 10.1184 9.2739 8.57711 8.26373 8.18868 7.49519 8.56999
threshold=0 20.500000000000004 1 2 0.36190955965151433 14.500000000000002 0.68915262931462429 3 0.075000000000000011 1.3571428571428574 0.75000000000000011 194.50000000000003 0.015043890043890047 310.50000000000006
decision_type=9 8 9 9 10 2 10 9 10 8 10 2 10 2
left_child=3 2 9 4 -1 -5 -6 -4 -7 -2 -11 -10 13 -9
right_child=1 -3 7 5 6 8 -8 12 11 10 -12 -13 -14 -15
leaf_value=0.027890763010101811 -0.00035653954196223893 0.02681010730383528 -0.0039311136705740971 0.0038298902384301756 0.011311350115165779 0.013815874982186265 0.0043353516120243881 0.0023849758085599101 0.0023961632411451136 0.007996684389206957 0.00041901428063158833 0.0089789963371794731 -0.0024885540957665579 -0.0034031589212772297
leaf_weight=356.92236709594727 11861.572494506836 219.46060752868652 4452.7138900756836 866.43780088424683 383.02580857276917 244.0036997795105 439.6456024646759 641.26097321510315 235.78520441055298 218.48301267623901 316.29665637016296 617.80356097221375 6218.4591324329376 357.8614935874939
leaf_count=74 3311 36 1316 213 89 55 106 181 55 57 86 146 1798 101
internal_value=-2.8236e-06 -0.00119953 -0.00145655 0.00921431 0.0136377 0.00649648 0.00759308 -0.00280057 0.00865521 -0.00018871 0.003524 0.00716556 -0.00209819 0.000310476
internal_weight=27429.7 24286.1 24066.6 3143.62 1179.59 1964.03 822.671 11670.3 1097.59 12396.4 534.78 853.589 7217.58 999.122
internal_count=7624 6886 6850 738 269 469 195 3396 256 3454 143 201 2080 282
cat_boundaries=0 4 10 14 20
cat_threshold=0 0 1077440670 805306368 67584 134917120 262208 20024328 16 1871 0 0 6 536870912 415252664 24117385 536870912 393280 2147540995 4096
is_linear=0
shrinkage=0.03


Tree=16
num_leaves=15
num_cat=4
split_feature=18 7 18 6 19 0 18 16 13 5 17 5 0 14
split_gain=323.849 183.696 44.4483 38.7782 28.7797 40.1142 9.97985 9.5411 8.321 8.15761 7.83613 7.88998 7.83306 7.67231
threshold=0 20.500000000000004 1 67.500000000000014 2 21.500000000000004 3 2.609506430251479 1.3571428571428574 213.50000000000003 0.015043890043890047 310.50000000000006 19.500000000000004 0.31250000000000006
decision_type=9 8 9 2 1 2 9 8 8 2 10 2 2 10
left_child=3 2 8 -1 5 -5 -4 13 -2 -10 11 12 -8 -6
right_child=1 -3 6 4 7 -7 10 -9 9 -11 -12 -13 -14 -15
leaf_value=0.017829081073760647 -0.00034790580999580727 0.025711649808021531 -0.0039517910763153946 0.0080071581371572911 0.0072385416943058535 0.023495953525641433 -0.00069056982546010059 0.011742812326974597 -0.0010880447781297913 0.0064642026649518432 -0.0024821113096473329 -0.0033040827460642918 0.0059504564639883085 0.0034042062545684825
leaf_weight=393.62949514389038 11823.604645967484 225.42395210266113 4144.5853896141052 431.87578845024109 918.53401207923889 231.45848059654236 349.52448391914368 230.41184711456299 212.97548747062683 323.40664839744568 6545.0624680519104 339.26874589920044 293.2676990032196 966.93381381034851
leaf_count=85 3303 36 1230 100 214 51 99 53 57 86 1897 96 82 235
internal_value=-2.94901e-06 -0.00118317 -0.001437 0.00899302 0.00776793 0.0132396 -0.00276352 0.00595641 -0.000181848 0.00346907 -0.00210442 0.000391318 0.00234387 0.00527501
internal_weight=27430 24257.1 24031.7 3172.84 2779.21 663.334 11671.7 2115.88 12360 536.382 7527.12 982.061 642.792 1885.47
internal_count=7624 6886 6850 738 653 151 3404 502 3446 143 2174 277 181 449
cat_boundaries=0 4 10 11 17
cat_threshold=0 0 1077440670 805306368 68096 134917120 262208 20024328 16 1867 33 415252664 7340165 805306368 134611008 2147540995 4096
is_linear=0
shrinkage=0.03


Tree=17
num_leaves=15
num_cat=5
split_feature=18 7 18 7 18 15 19 5 18 1 0 13 15 5
split_gain=311.966 174.166 43.394 37.281 38.6493 40.5958 20.7484 10.2872 9.97579 8.22239 8.01729 8.56721 7.17019 5.95493
threshold=0 20.500000000000004 1 2.5000000000000004 2 0.19166666666666668 3 241.50000000000003 4 37.500000000000007 26.500000000000004 1.642857142857143 1.0000000180025095e-35 246.50000000000003
decision_type=9 8 9 8 9 8 1 2 9 2 2 8 8 2
left_child=3 2 9 4 5 -1 7 -6 -4 10 11 -2 13 -10
right_child=1 -3 8 -5 6 -7 -8 -9 12 -11 -12 -13 -14 -15
leaf_value=0.0075381849864383276 0.00050716541318436992 0.024685265932350105 -0.0038710097697065337 0.018727593769221351 0.015249888088657975 0.024479593350658919 0.0043705851213740538 0.0072959446255563215 0.0047362009222450523 -0.0014086882211726537 -0.0019062839327273356 0.0068033014747752203 -0.0022861367112457826 -0.0022516435266374461
leaf_weight=272.44301629066467 7415.4843208789825 231.29513168334961 4371.7105598449707 308.14052844047546 283.10026025772095 240.12707090377808 1783.3540768623352 309.22130012512207 247.29159069061279 3517.4485018253326 1264.4567997455597 198.75694227218628 6791.4295959472656 195.8934178352356
leaf_count=59 2056 36 1301 66 63 51 427 71 67 995 352 52 1974 54
internal_value=-3.05219e-06 -0.00116625 -0.00141686 0.0087896 0.00775365 0.0152109 0.00604952 0.0109326 -0.00273396 -0.000181212 0.000304973 0.000672387 -0.00204203 0.00164937
internal_weight=27430.2 24233.8 24002.5 3196.39 2888.25 512.57 2375.68 592.322 11606.3 12396.1 8878.7 7614.24 7234.61 443.185
internal_count=7624 6887 6851 737 671 110 561 134 3396 3455 2460 2108 2095 121
cat_boundaries=0 4 10 13 14 20
cat_threshold=0 0 1077424350 805306368 67584 134917120 278528 20024328 16 1871 0 0 8198 1 2562736312 24117377 838860800 134611008 2147540993 4096
is_linear=0
shrinkage=0.03


Tree=18
num_leaves=15
num_cat=5
split_feature=18 7 18 11 6 19 17 16 18 6 12 18 5 14
split_gain=300.613 165.281 42.4264 36.5733 77.7355 28.068 43.581 17.3226 9.53192 8.43881 7.9959 8.2589 7.7107 10.1324
threshold=0 20.500000000000004 1 0.75000000000000011 67.500000000000014 2 0.35172501268391682 2.4784787961282126 3 17.500000000000004 4.5000000000000009 4 360.00000000000006 0.20535714285714288
decision_type=9 8 9 10 2 1 10 8 9 2 8 9 2 10
left_child=3 2 9 4 -1 6 -6 12 -4 -2 11 -11 -7 -14
right_child=1 -3 8 -5 5 7 -8 -9 -10 10 -12 -13 13 -15
leaf_value=0.025529243139133722 0.0037820791270062621 0.023724169851639634 -0.0038533407842560635 0.0025077424235751314 0.0064467755329727762 0.0039771199869037188 0.024724771248150017 0.014486187167182933 -0.002046844074427543 -0.001306040551591199 0.0058756656022538097 0.00029396584871257931 0.013392448955061758 0.0050567232825045128
leaf_weight=268.74425292015076 466.34832119941711 237.07575988769531 4161.4067480564117 691.02464151382446 242.85382127761841 1012.2568323612213 228.03492641448975 222.07902908325195 7447.0574307441711 5259.8512403964996 183.12632703781128 6460.8896508216858 219.03873372077942 330.50265097618103
leaf_count=55 129 36 1243 163 54 238 50 49 2161 1481 49 1787 51 78
internal_value=-3.12699e-06 -0.00114861 -0.00139598 0.00860052 0.0103013 0.00847583 0.0150136 0.00662139 -0.00269747 -0.000172198 -0.000327561 -0.000424974 0.00553688 0.00839751
internal_weight=27430.3 24215.8 23978.7 3214.53 2523.51 2254.77 470.889 1783.88 11608.5 12370.2 11903.9 11720.7 1561.8 549.541
internal_count=7624 6886 6850 738 575 520 104 416 3404 3446 3317 3268 367 129
cat_boundaries=0 4 10 11 17 23
cat_threshold=0 0 1077436638 805306368 68096 134917120 266240 20024328 16 1867 1 415252664 7340173 805306368 393280 57347 4096 512 134227968 0 17858568 0 1289
is_linear=0
shrinkage=0.03


Tree=19
num_leaves=15
num_cat=3
split_feature=18 7 18 18 6 10 0 13 15 6 10 15 16 5
split_gain=289.615 157.057 41.1728 36.0168 99.9728 12.3534 11.2722 8.63261 8.32825 7.95171 7.94186 7.79575 7.3581 6.74983
threshold=0 20.500000000000004 1 2 172.50000000000003 0.75000000000000011 14.500000000000002 1.3571428571428574 0.075000000000000011 194.50000000000003 0.75000000000000011 1.0000000180025095e-35 0.7867957924694392 310.50000000000006
decision_type=9 8 9 9 2 10 2 8 10 2 10 8 8 2
left_child=3 2 7 4 -1 12 -5 -2 -8 -10 -9 13 -6 -4
right_child=1 -3 11 6 5 -7 8 10 9 -11 -12 -13 -14 -15
leaf_value=0.026596832749425828 -0.00046722522272786093 0.022822399453531858 0.0029393552572031137 0.0033365007287932259 0.0067279752836313248 0.0015797069351844062 0.012632573849568965 0.0076762389336497193 0.0018376961555981878 0.0082156677757162892 0.00034326692815615361 -0.0030370984999342548 0.013198015740566671 -0.0041081544137917319
leaf_weight=332.65708255767822 13273.737681388855 242.76743316650391 371.53627395629883 889.90952348709106 375.63335657119751 243.87664079666138 254.53445672988892 225.58559966087341 243.68689155578613 638.23993039131165 321.81042981147766 9557.1869418621063 278.22182059288025 181.11362171173096
leaf_count=68 3726 36 103 213 82 58 55 58 55 146 87 2825 61 51
internal_value=-3.2393e-06 -0.00113589 -0.00138035 0.00837951 0.0124701 0.00735034 0.00584185 -0.000314641 0.00785038 0.00645744 0.00337372 -0.00283398 0.00949699 0.000626507
internal_weight=27430.5 24173.7 23931 3256.76 1230.39 897.732 2026.37 13821.1 1136.46 881.927 547.396 10109.8 653.855 552.65
internal_count=7624 6886 6850 738 269 201 469 3871 256 201 145 2979 143 154
cat_boundaries=0 4 10 14
cat_threshold=0 0 1077440670 805306368 76288 134917120 262208 20024328 16 3919 0 0 6 536870912
is_linear=0
shrinkage=0.03


Tree=20
num_leaves=15
num_cat=5
split_feature=18 7 18 18 17 17 18 0 5 18 15 15 6 5
split_gain=279.13 149.325 40.281 33.8648 98.4569 9.89927 9.67092 8.97764 7.84724 7.94286 6.94652 6.83408 9.24451 5.74504
threshold=0 20.500000000000004 1 2 0.36190955965151433 0.68112616078434363 3 14.500000000000002 659.50000000000011 4 1.0000000180025095e-35 0.075000000000000011 194.50000000000003 263.50000000000006
decision_type=9 8 9 9 10 10 9 2 2 9 8 10 2 2
left_child=3 2 8 4 -1 -6 -4 -5 9 -2 -8 -9 -13 -14
right_child=1 -3 6 7 5 -7 10 11 -10 -11 -12 12 13 -15
leaf_value=0.024833555816064907 -0.0011906154092864124 0.021974701103303153 -0.0037513290515593964 0.0034738441471575334 0.010441125447761004 0.0038926307816458412 0.0016976840617662025 0.011702724976252098 0.0033767296299632103 0.00037177455658427076 -0.0021895849576477047 0.0014418920926865387 0.011981697131251318 0.0059801806723787689
leaf_weight=384.46357345581055 5305.201379776001 248.37167930603027 4370.407149553299 881.61617136001587 352.40814447402954 509.10115194320679 440.08407330513 267.97823739051819 536.30668878555298 6513.7688119411469 6737.4617302417755 258.79437899589539 228.3552131652832 396.30821633338928
leaf_count=74 1497 36 1314 210 78 117 120 58 145 1805 1970 59 50 91
internal_value=-3.30946e-06 -0.00111955 -0.0013609 0.00819463 0.0121308 0.00658035 -0.0026336 0.00573003 -0.000168965 -0.000330272 -0.00194832 0.00750273 0.00621696 0.00818977
internal_weight=27430.6 24151.6 23903.2 3279.03 1245.97 861.509 11548 2033.05 12355.3 11819 7177.55 1151.44 883.458 624.663
internal_count=7624 6887 6851 737 269 195 3404 468 3447 3302 2090 258 200 141
cat_boundaries=0 4 10 14 20 26
cat_threshold=0 0 1077424350 805306368 68096 134917120 278528 20024328 16 1867 0 0 6 536870912 2562736312 24117377 570425344 134611008 2147540995 4096 512 134227968 0 17858568 0 1289
is_linear=0
shrinkage=0.03


Tree=21
num_leaves=15
num_cat=6
split_feature=18 7 18 11 6 19 17 16 18 5 18 18 15 6
split_gain=269.061 141.939 40.0804 34.3889 68.4833 27.2808 37.9228 16.1504 10.3217 8.74567 7.32444 7.31882 6.28006 6.19864
threshold=0 20.500000000000004 1 0.75000000000000011 67.500000000000014 2 0.35172501268391682 2.4348608837735792 3 659.50000000000011 4 5 1.0000000180025095e-35 82.500000000000014
decision_type=9 8 9 10 2 1 10 8 9 2 9 9 8 2
left_child=3 2 9 4 -1 6 -6 11 -4 10 13 -7 -10 -2
right_child=1 -3 8 -5 5 7 -8 -9 12 -11 -12 -13 -14 -15
leaf_value=0.023671173986344822 0.0014712654584914469 0.021176425957070144 -0.003673694717718016 0.0022268365780411929 0.0062448616688665567 0.0083055360055535182 0.023155954149064833 0.013606578577038808 0.0015577992108606184 0.0036490249690481788 0.00037665679584823091 0.0036450218527090787 -0.0020796040843550586 -0.0015922205506063128
leaf_weight=281.73932290077209 691.7741014957428 253.88999176025391 4615.8354632854462 698.87272953987122 240.92582297325134 455.05304527282715 237.47725868225098 230.01549863815308 454.77236342430115 533.27076101303101 6568.6420030593872 1096.3902435302734 6878.2093813419342 4193.9250617027283
leaf_count=55 194 36 1391 162 52 102 50 49 124 143 1815 254 2013 1184
internal_value=-3.39974e-06 -0.00109201 -0.00132954 0.00809936 0.00974449 0.00799853 0.0143705 0.00616506 -0.00255803 -0.000102692 -0.00027775 0.00509344 -0.00185132 -0.00115588
internal_weight=27430.8 24190.3 23936.4 3240.47 2541.6 2259.86 478.403 1781.46 11948.8 11987.6 11454.3 1551.44 7332.98 4885.7
internal_count=7624 6900 6864 724 562 507 102 405 3528 3336 3193 356 2137 1378
cat_boundaries=0 4 10 11 17 23 26
cat_threshold=0 0 1076388062 805306368 67584 134917120 1314816 19991560 16 1867 1 2562736312 7340173 838860800 134611008 57347 4096 0 134227968 0 17825800 0 1289 0 0 532612
is_linear=0
shrinkage=0.03


Tree=22
num_leaves=15
num_cat=4
split_feature=18 10 18 11 6 5 0 14 18 6 18 17 10 1
split_gain=259.547 136.406 37.7247 33.0982 68.1159 28.3906 15.4381 10.5882 10.1733 7.90053 7.51907 6.34653 5.93657 4.61862
threshold=0 14.500000000000002 1 0.75000000000000011 67.500000000000014 88.500000000000014 20.500000000000004 0.20535714285714288 2 17.500000000000004 3 1.0000000180025095e-35 0.75000000000000011 45.500000000000007
decision_type=9 8 9 10 2 2 2 10 9 2 9 10 10 2
left_child=3 2 9 4 -1 -6 -7 -8 -4 12 -11 -10 -2 -12
right_child=1 -3 8 -5 5 6 7 -9 11 10 13 -13 -14 -15
leaf_value=0.023575019897629862 0.00081393871834640477 0.017506343000297547 -0.0037730987705927978 0.0021847454042770724 0.015270640148925351 0.0043105025326765469 0.014633232310062709 0.0068814767864866103 0.0027268956868722835 -0.0012015722563268715 0.00062545465357551435 -0.0020696145922139081 0.0077340458967016948 -0.0018562481002588026
leaf_weight=276.98753881454468 269.1777765750885 349.41759777069092 4074.2474119663239 700.59723281860352 383.341717004776 1224.261458158493 265.66733813285828 400.52822256088257 256.02341604232788 4976.5101327896118 5872.7883441448212 7429.823942899704 189.87897348403931 761.56883978843689
leaf_count=52 74 59 1235 162 84 277 55 89 71 1404 1618 2178 52 214
internal_value=-3.41438e-06 -0.00107464 -0.00134826 0.00793969 0.00954998 0.00783188 0.00631619 0.00999004 -0.00255644 -0.000168729 -0.000321618 -0.00190702 0.00368688 0.000339827
internal_weight=27430.8 24179.4 23830 3251.38 2550.79 2273.8 1890.46 666.196 11760.1 12069.9 11610.9 7685.85 459.057 6634.36
internal_count=7624 6905 6846 719 557 505 421 144 3484 3362 3236 2249 126 1832
cat_boundaries=0 4 10 16 22
cat_threshold=0 0 1077436574 805306368 67584 134917120 266304 20024328 16 1867 2562736312 24117377 805306368 134611008 2147540993 4096 0 134227968 0 17858568 0 1289
is_linear=0
shrinkage=0.03


Tree=23
num_leaves=15
num_cat=6
split_feature=18 10 18 7 19 14 18 15 18 6 1 0 0 18
split_gain=250.108 130.445 36.5022 31.2251 33.0936 49.7562 14.6731 13.1582 10.1997 7.32193 7.76466 9.45133 7.77838 7.91064
threshold=0 14.500000000000002 1 2.5000000000000004 2 0.27678571428571436 3 0.18055555555555558 4 17.500000000000004 37.500000000000007 26.500000000000004 14.500000000000002 5
decision_type=9 8 9 8 1 10 9 8 9 2 2 2 2 9
left_child=3 2 9 4 5 -1 7 -6 -4 -2 11 12 -11 -14
right_child=1 -3 8 -5 6 -7 -8 -9 -10 10 -12 -13 13 -15
leaf_value=0.021755589322773623 0.0035513685947320653 0.01694558226419601 -0.0036844844492401304 0.016578756753289663 0.004837764812603792 0.0061415035102379374 0.0034536898323754171 0.014578168192785916 -0.0018404912170079286 -0.00032974743238585734 -0.0015824437610611854 -0.0023646800094904129 0.00021914407155579872 0.0031782029064400886
leaf_weight=302.2453727722168 455.93157291412354 355.58848357200623 4335.8069982528687 324.47956323623657 261.21498012542725 468.83545827865601 1704.6256332397461 240.72083735466003 7394.2822821140289 3990.6014857292175 3181.4656898975372 1152.7570402622223 1702.5927965641022 1559.8258123397827
leaf_count=60 125 59 1316 65 54 101 394 51 2168 1105 903 322 473 428
internal_value=-3.49796e-06 -0.00106431 -0.00133485 0.00772578 0.00678175 0.0121251 0.00483307 0.00934304 -0.0025249 -0.000173376 -0.000320379 0.000157425 0.000558546 0.00164488
internal_weight=27431 24128.9 23773.3 3302.12 2977.64 771.081 2206.56 501.936 11730.1 12043.2 11587.2 8405.78 7253.02 3262.42
internal_count=7624 6899 6840 725 660 161 499 105 3484 3356 3231 2328 2006 901
cat_boundaries=0 4 10 11 14 20 26
cat_threshold=0 0 3682526 805306368 67584 134917120 1074020352 20024328 16 1867 1 0 0 524422 2562736312 24117385 805306368 393280 57347 20480 65536 134226944 0 1049608 0 11
is_linear=0
shrinkage=0.03


Tree=24
num_leaves=15
num_cat=3
split_feature=18 7 18 7 14 17 13 18 17 5 0 0 5 9
split_gain=241.246 124.542 37.029 31.5903 28.9584 56.4671 7.7329 7.42542 8.63742 8.52414 7.58761 7.4235 7.39796 7.28709
threshold=0 20.500000000000004 1 2.5000000000000004 0.20535714285714288 0.14903755386825365 1.3571428571428574 2 0.015043890043890047 319.50000000000006 19.500000000000004 12.500000000000002 213.50000000000003 1.0000000180025095e-35
decision_type=9 8 9 8 10 10 8 9 10 2 2 2 2 10
left_child=3 2 6 4 5 11 -2 -4 9 10 -9 -1 -8 -6
right_child=1 -3 7 -5 13 -7 12 8 -10 -11 -12 -13 -14 -15
leaf_value=0.0017546022540720853 -0.00040705559087962152 0.019231730880816599 -0.0037097296955097493 0.016365762539575595 0.0035380174622923369 0.020233959571102054 -0.0011663338129542786 -0.00037076398521542549 -0.0024875112494134669 -0.0031662271822159608 0.006272347066170688 0.0080356078449000338 0.0059361729196049321 0.0084456163754696497
leaf_weight=271.9313907623291 13117.17057466507 268.41367721557617 3789.2076334953308 330.53539180755615 1591.2961461544037 358.93028402328491 214.19547510147095 335.6122784614563 5398.4392426013947 348.05649375915527 285.95911383628845 450.96102070808411 341.70852398872375 328.64227890968323
leaf_count=62 3686 36 1155 65 359 71 57 96 1601 100 80 93 89 74
internal_value=-3.54432e-06 -0.00105078 -0.00128047 0.00754851 0.00659762 0.010522 -0.000259896 -0.00265129 -0.00201617 0.000587157 0.00269062 0.00567856 0.00320232 0.00438203
internal_weight=27431.1 24098.8 23830.3 3332.3 3001.76 1081.82 13673.1 10157.3 6368.07 969.628 621.571 722.892 555.904 1919.94
internal_count=7624 6900 6864 724 659 226 3832 3032 1877 276 176 155 146 433
cat_boundaries=0 4 10 16
cat_threshold=0 0 1076392094 805306368 76288 134917120 1310784 20024328 16 1871 415252664 7340165 838860800 134611136 57345 4096
is_linear=0
shrinkage=0.03


Tree=25
num_leaves=15
num_cat=5
split_feature=18 7 18 11 6 19 16 18 5 18 15 6 14 5
split_gain=232.777 118.506 37.6122 30.6593 61.1709 26.9352 15.226 9.47287 7.91 7.50813 6.27161 6.08449 5.68696 4.98907
threshold=0 20.500000000000004 1 0.75000000000000011 67.500000000000014 2 1.5735915849388873 3 659.50000000000011 4 1.0000000180025095e-35 82.500000000000014 0.098214285714285726 252.00000000000003
decision_type=9 8 9 10 2 1 8 9 2 9 8 2 10 2
left_child=3 2 8 4 -1 -6 -7 -4 9 11 13 -2 -10 -9
right_child=1 -3 7 -5 5 6 -8 10 12 -11 -12 -13 -14 -15
leaf_value=0.022090096192407548 0.0014492688158949164 0.01858400400650112 -0.0035549945056110948 0.0020395678618704938 0.013763843495775103 0.0041196336386066928 0.010832158111182702 0.0043802913272956122 0.0075699180259603911 0.00043542326970828066 -0.0020070225432118945 -0.0015416015673525541 0.0011591470079271894 -0.0019444370479258241
leaf_weight=289.76992154121399 714.72892785072327 273.62569427490234 4350.9827868938446 699.52598333358765 476.20131826400757 1351.7179274559021 392.50986623764038 256.54414820671082 195.01210713386536 6625.6001286506653 7027.5900430679321 4236.427196264267 342.77521300315857 198.17187285423279
leaf_count=53 200 36 1330 159 96 302 82 69 50 1825 2074 1200 93 55
internal_value=-3.61161e-06 -0.00101071 -0.00123579 0.00757374 0.0091447 0.00744612 0.00560341 -0.00243767 -5.96368e-05 -0.000225036 -0.00178368 -0.00110741 0.00349355 0.00162566
internal_weight=27431.2 24221.5 23947.8 3209.73 2510.2 2220.43 1744.23 11833.3 12114.5 11576.8 7482.31 4951.16 537.787 454.716
internal_count=7624 6932 6896 692 533 480 384 3528 3368 3225 2198 1400 143 124
cat_boundaries=0 4 10 11 17 23
cat_threshold=0 0 2629854 805306368 67584 134917120 1075073024 19991560 16 1867 1 415252664 7340165 838860800 134611008 2147540995 20480 2048 134227968 0 17825800 0 1289
is_linear=0
shrinkage=0.03


Tree=26
num_leaves=15
num_cat=6
split_feature=18 13 18 18 19 0 5 18 17 5 0 18 15 6
split_gain=227.456 140.995 108.901 33.2825 12.7562 11.8871 10.8005 7.42088 9.19913 8.07948 7.73652 7.38855 7.33396 5.25706
threshold=0 3.3571428571428572 1 2 3 11.500000000000002 179.50000000000003 4 0.015043890043890047 326.50000000000006 19.500000000000004 5 0.18055555555555558 133.50000000000003
decision_type=9 8 9 9 1 2 2 9 10 2 2 9 8 2
left_child=-1 2 4 11 12 -6 -7 -5 9 10 -9 -4 -2 -13
right_child=1 -3 3 7 5 6 -8 8 -10 -11 -12 13 -14 -15
leaf_value=0.023228078939335366 0.0065686282753789375 0.015986780890463334 0.00035874045479377862 -0.0037224282751427574 0.0027996539454177715 0.012026505718768383 0.0060856911974892314 -0.0003626049247763057 -0.0024789797720835677 -0.0031589212851022958 0.0064261789895660778 0.00053999193829031738 0.00077256172575834541 -0.0014561716160716794
leaf_weight=363.12811040878296 256.84260010719299 467.68080520629883 6796.2125074863434 3602.0380725860596 596.54592418670654 399.56721067428589 898.99867486953735 325.10337328910828 5259.6417689323425 309.50430011749268 281.07518863677979 1510.8911869525909 827.0023946762085 5536.9251058101654
leaf_count=65 58 78 1880 1107 133 82 192 93 1569 90 78 427 189 1583
internal_value=-3.59752e-06 -0.000324567 -0.000612062 -0.00129409 0.00478295 0.00627847 0.00792152 -0.00263341 -0.0019927 0.000778416 0.00279064 -0.000346859 0.00213122 -0.00102677
internal_weight=27431.2 27068 26600.3 23621.4 2978.96 1895.11 1298.57 9777.36 6175.32 915.683 606.179 13844 1083.84 7047.82
internal_count=7624 7559 7481 6827 654 407 274 2937 1830 261 171 3890 247 2010
cat_boundaries=0 3 7 13 14 20 26
cat_threshold=0 0 6 0 0 1077440664 805306368 76288 134917632 262208 20024328 16 3919 12 2562736312 24117377 805306368 393408 57345 4096 65536 689152 262208 16845824 0 586
is_linear=0
shrinkage=0.03


Tree=27
num_leaves=15
num_cat=6
split_feature=18 10 18 5 19 14 15 18 6 18 1 19 17 1
split_gain=216.88 108.759 34.2512 30.7026 75.0262 16.5796 40.2965 9.30726 7.14568 7.65038 7.06452 7.71505 6.03759 5.32213
threshold=0 14.500000000000002 1 170.50000000000003 2 0.20535714285714288 0.14583333333333334 3 16.500000000000004 4 15.500000000000002 5 1.0000000180025095e-35 34.500000000000007
decision_type=9 8 9 2 1 10 8 9 2 9 2 1 10 2
left_child=3 2 8 4 -1 6 -5 -4 -2 -10 -7 -12 -9 -11
right_child=1 -3 7 5 -6 10 -8 12 9 13 11 -13 -14 -15
leaf_value=0.019938072063861979 0.0037146343090935369 0.014862766766431909 -0.0035501263841434027 0.0033385656239518367 0.0037016614996603124 0.0068498484816732269 0.018591430029726654 0.002719622081468124 0.00059241888719252685 -0.00033720948966508728 -0.00023152001001536734 0.0047205773244288658 -0.0019302693515729616 -0.0021467775239294331
leaf_weight=488.02563714981079 419.68644905090332 382.56090760231018 4138.9319920539856 402.86308264732361 560.73756575584412 427.32220458984375 253.85682988166809 259.53529596328735 5211.3362100124359 4330.5510275363922 556.56109023094177 572.33130550384521 7218.4961924552917 2208.2682831287384
leaf_count=98 114 60 1275 85 122 94 48 72 1431 1212 123 123 2137 630
internal_value=-3.54683e-06 -0.000984516 -0.00124041 0.00724438 0.011494 0.00525882 0.0092539 -0.00240453 -0.000126998 -0.000264624 0.00356804 0.0023208 -0.00176618 -0.000947117
internal_weight=27431.1 24169.4 23786.8 3261.7 1048.76 2212.93 656.72 11617 12169.8 11750.2 1556.21 1128.89 7478.03 6538.82
internal_count=7624 6931 6871 693 220 473 133 3484 3387 3273 340 246 2209 1842
cat_boundaries=0 4 10 11 17 23 24
cat_threshold=0 0 2646174 805306368 67584 134917120 1075056704 20024328 16 1867 3 2562736312 24117385 805306368 393280 57347 4096 0 164864 1075056704 68608 0 578 28
is_linear=0
shrinkage=0.03


Tree=28
num_leaves=15
num_cat=7
split_feature=18 13 18 18 18 19 18 14 1 19 6 0 0 1
split_gain=211.637 129.587 101.094 30.2892 15.4597 10.6039 11.1071 12.4561 8.67021 7.82836 12.3411 7.69843 8.55394 12.0307
threshold=0 3.3571428571428572 1 2 3 4 5 0.062500000000000014 37.500000000000007 6 196.50000000000003 26.500000000000004 14.500000000000002 33.500000000000007
decision_type=9 8 9 9 9 1 9 10 2 1 2 2 2 2
left_child=-1 2 5 -4 -5 -2 -7 -8 11 10 -10 12 -6 -14
right_child=1 -3 3 4 8 6 7 -9 9 -11 -12 -13 13 -15
leaf_value=0.022052889777464384 0.0019272705245829782 0.015085478314280953 -0.0034063975344019479 -0.0020237469096923144 -0.00023384990833439409 0.0014238008927692119 0.01297270328056224 0.0055936814837779991 0.008113964009854464 -0.0022281937957368985 -0.00080567837565322445 -0.0017969514396795926 0.001056085344946783 0.0059911635163653384
leaf_weight=375.02706146240234 1257.5937180519104 481.76955080032349 4901.5646111965179 5823.0350027084351 4087.2492229938507 504.51299405097961 239.57532978057861 1466.6953010559082 177.60171580314636 2613.7465460300446 638.72279572486877 1295.115266084671 3049.0803453922272 519.6109414100647
leaf_count=65 293 78 1512 1725 1137 122 51 313 50 744 182 363 845 144
internal_value=-3.4581e-06 -0.000318022 -0.000597954 -0.00131508 -0.000750264 0.00417018 0.0054302 0.00659811 -0.000150061 -0.00143241 0.00112865 0.000341276 0.000703176 0.00177612
internal_weight=27430.9 27055.9 26574.1 23105.7 18204.2 3468.38 2210.78 1706.27 12381.1 3430.07 816.325 8951.06 7655.94 3568.69
internal_count=7624 7559 7481 6702 5190 779 486 364 3465 976 232 2489 2126 989
cat_boundaries=0 3 9 15 21 22 28 29
cat_threshold=0 0 6 0 0 1077440728 805371904 0 64 2562736312 24117385 838860800 134611008 2147540995 20480 176640 33837574 67108864 2147504128 97779712 8324 12 0 0 544784 0 0 64 1
is_linear=0
shrinkage=0.03


Tree=29
num_leaves=15
num_cat=5
split_feature=18 7 18 5 19 1 14 18 5 5 18 15 6 5
split_gain=202.193 100.39 33.8405 28.8064 69.3786 16.2297 24.1289 8.98968 7.45941 7.00937 6.8227 6.67044 5.72269 5.20154
threshold=0 20.500000000000004 1 170.50000000000003 2 19.500000000000004 0.31250000000000006 3 659.50000000000011 551.50000000000011 4 1.0000000180025095e-35 82.500000000000014 252.00000000000003
decision_type=9 8 9 2 1 2 10 9 2 2 9 8 2 2
left_child=3 2 8 4 -1 6 -5 -4 10 -7 12 13 -2 -9
right_child=1 -3 7 5 -6 9 -8 11 -10 -11 -12 -13 -14 -15
leaf_value=0.018988277858753389 0.0014103503323865446 0.016499160472892717 -0.0034505581310570661 0.015837576100246709 0.003525701461421166 0.0019351697169833607 0.004815467223229208 0.0047520354959872382 0.0033498505235473818 0.0069561910532194033 0.00040712928486507218 -0.0019246712842885796 -0.0014881162081393242 -0.0018012383706084753
leaf_weight=502.01294469833374 716.43700122833252 291.86172866821289 4132.9737703800201 264.00282096862793 566.19821548461914 1097.7462430000305 553.70415353775024 247.09150671958923 550.25070977210999 323.65354633331299 6622.1878514289856 7149.4741215705872 4219.5256814956665 193.7033519744873
leaf_count=98 200 36 1280 54 122 235 119 66 145 65 1822 2128 1200 54
internal_value=-3.41635e-06 -0.000958079 -0.00117296 0.00693997 0.011014 0.00502332 0.00838904 -0.00232082 -5.95428e-05 0.00308255 -0.000222182 -0.00170157 -0.00106506 0.0018747
internal_weight=27430.8 24123.5 23831.6 3307.32 1068.21 2239.11 817.707 11723.2 12108.4 1421.4 11558.2 7590.27 4935.96 440.795
internal_count=7624 6931 6895 693 220 473 173 3528 3367 300 3222 2248 1400 120
cat_boundaries=0 4 10 11 17 23
cat_threshold=0 0 2646174 805306368 67584 134917120 1075056704 19991560 16 1867 3 415252664 7340165 805306368 134611136 2147540995 20480 2048 134227968 0 17825800 0 1289
is_linear=0
shrinkage=0.03


Tree=30
num_leaves=15
num_cat=5
split_feature=18 13 18 18 18 11 1 0 19 17 0 0 1 17
split_gain=197.875 119.861 93.9039 28.9257 14.0922 10.3034 8.57216 8.37995 12.0377 14.2733 8.35484 8.72664 11.1933 9.32555
threshold=0 3.3571428571428572 1 2 3 0.75000000000000011 37.500000000000007 11.500000000000002 4 0.4326602054153636 26.500000000000004 14.500000000000002 33.500000000000007 0.12232015305478576
decision_type=9 8 9 9 9 10 2 2 1 10 2 2 2 10
left_child=-1 2 5 -4 -5 7 10 -2 9 -9 11 -6 -13 -14
right_child=1 -3 3 4 6 -7 -8 8 -10 -11 -12 12 13 -15
leaf_value=0.021019012488326907 0.0025440985516715147 0.014304428833840853 -0.0033320280370041895 -0.0021033421300260626 -0.00030030493141559032 0.00094937069908085034 -0.0014523193968110552 0.00561776647601095 0.0036511421149828483 0.013679922996126994 -0.0018933880716280769 0.00099631435742579782 0.011200163754211276 0.0028771352469027576
leaf_weight=386.13905572891235 926.94491505622864 494.68191885948181 4869.9755129814148 4896.7856991291046 4372.0072407722473 778.0087902545929 3680.5927979946136 501.30241322517395 968.25309610366821 328.10168600082397 1397.0051035881042 3281.3904049396515 180.04635429382324 369.46474361419678
leaf_count=65 212 78 1512 1457 1222 178 1052 108 216 65 394 913 50 102
internal_value=-3.34893e-06 -0.000311926 -0.000584907 -0.00128064 -0.000729364 0.0039844 -0.00022143 0.00486501 0.00605968 0.00871474 0.000250363 0.000615643 0.00166077 0.00561955
internal_weight=27430.7 27044.6 26549.9 23047.3 18177.3 3502.61 13280.5 2724.6 1797.66 829.404 9599.91 8202.91 3830.9 549.511
internal_count=7624 7559 7481 6702 5190 779 3733 601 389 173 2681 2287 1065 152
cat_boundaries=0 3 9 15 21 22
cat_threshold=0 0 6 0 0 1077440728 805371904 0 64 2562736312 24117385 838860800 134611008 2147540995 20480 168448 33837574 67108864 2147504128 97779712 8324 3
is_linear=0
shrinkage=0.03


Tree=31
num_leaves=15
num_cat=5
split_feature=18 10 18 18 6 18 10 1 0 15 16 18 5 6
split_gain=189.333 93.952 28.9277 27.7773 76.379 15.0434 9.17056 8.34763 7.41095 7.87097 7.31902 7.01413 7.91157 6.99959
threshold=0 14.500000000000002 1 2 172.50000000000003 3 0.75000000000000011 37.500000000000007 14.500000000000002 0.058333333333333341 0.7867957924694392 4 28.500000000000004 194.50000000000003
decision_type=9 8 9 9 2 9 10 2 2 10 8 9 2 2
left_child=3 2 -2 4 -1 -4 10 11 -5 -10 -6 -7 -13 -11
right_child=1 -3 5 8 6 7 -8 -9 9 13 -12 12 -14 -15
leaf_value=0.021136641035252247 -0.0032935142437145451 0.013407736024055088 -0.0019301196746795367 0.002359358797552215 0.0044972009213660371 -0.00059843722209311425 0.00052927797226191733 -0.0013472936498186991 0.010397899301597088 0.00069170618207608202 0.01061174528887175 0.0059945910205220863 0.000816877422616146 0.006147133206304882
leaf_weight=383.21548414230347 4853.775609254837 400.15807318687439 5968.3048384189606 1020.3236000537872 418.95350933074951 3805.2394759654999 260.55053973197937 3486.0089807510376 264.06329321861267 296.31340670585632 306.53083276748657 279.72254490852356 4945.018696308136 742.41298794746399
leaf_count=68 1512 59 1778 232 82 1071 58 994 54 63 61 76 1359 157
internal_value=-3.29047e-06 -0.000987108 -0.00123491 0.00630583 0.00971672 -0.000692039 0.00535998 -0.000100479 0.00425913 0.00577671 0.00709176 0.000380837 0.00109308 0.00459305
internal_weight=27430.6 23738.2 23338.1 3692.36 1369.25 18484.3 986.035 12516 2323.11 1302.79 725.484 9029.98 5224.74 1038.73
internal_count=7624 6849 6790 775 269 5278 201 3500 506 274 143 2506 1435 220
cat_boundaries=0 4 10 14 20 26
cat_threshold=0 0 1077440734 805371904 2562736312 24117385 838860800 134611008 2147540995 20480 0 0 6 536870912 176640 33837574 67108864 2147504128 97779712 10372 0 134228992 262144 1081352 0 257
is_linear=0
shrinkage=0.03


Tree=32
num_leaves=15
num_cat=6
split_feature=18 13 18 18 18 11 1 0 1 19 1 0 19 17
split_gain=183.634 110.516 87.279 27.7317 13.6336 9.91984 8.98542 7.83403 8.70737 18.7211 26.2323 7.8192 11.4009 13.2483
threshold=0 3.3571428571428572 1 2 3 0.75000000000000011 37.500000000000007 26.500000000000004 33.500000000000007 4 34.500000000000007 11.500000000000002 5 0.4326602054153636
decision_type=9 8 9 9 9 10 2 2 2 1 2 2 1 10
left_child=-1 2 5 -4 -5 11 7 8 -6 10 -10 -2 13 -13
right_child=1 -3 3 4 6 -7 -8 -9 9 -11 -12 12 -14 -15
leaf_value=0.019936245476820859 0.0024320496239634728 0.013541730312268132 -0.0032478898972354083 -0.0019402737280920089 0.00030477592160242428 0.00084127485560141495 -0.0014402421371830579 -0.0018129024004524949 0.015123086007960026 -0.00051564644975103343 0.0012465963745846029 0.0053971483166363431 0.00348099469541626 0.013099888943977634
leaf_weight=398.4836368560791 932.94477581977844 507.97535419464111 4893.5146248340607 5547.3689761161804 6664.679806470871 783.35909628868103 3521.2398614883423 1294.4025521278381 224.34151291847229 574.03158903121948 269.37014031410217 506.76280355453491 977.31895709037781 334.91981363296509
leaf_count=65 212 78 1527 1660 1849 178 1007 364 61 159 75 108 216 65
internal_value=-3.35653e-06 -0.000305276 -0.00057108 -0.00124612 -0.000703137 0.00381033 -0.000154991 0.0003463 0.000707936 0.00322176 0.00741988 0.00466871 0.00581391 0.00837473
internal_weight=27430.7 27032.2 26524.3 22988.9 18095.4 3535.31 12548.1 9026.83 7732.42 1067.74 493.712 2751.95 1819 841.683
internal_count=7624 7559 7481 6702 5175 779 3515 2508 2144 295 136 601 389 173
cat_boundaries=0 3 9 15 21 22 23
cat_threshold=0 0 6 0 0 1077440728 805371904 0 64 2562736312 24117389 838860800 134611008 57347 20480 176640 33837570 67108864 2147504128 2245263360 10368 82 3
is_linear=0
shrinkage=0.03


Tree=33
num_leaves=15
num_cat=6
split_feature=18 10 18 7 18 15 19 17 6 18 18 17 5 0
split_gain=176.707 86.4122 26.8965 26.061 22.7745 28.0694 11.045 7.05747 6.77061 7.15318 6.74663 7.63277 7.60518 7.24632
threshold=0 14.500000000000002 1 2.5000000000000004 2 0.19166666666666668 3 0.4326602054153636 16.500000000000004 4 5 0.015043890043890047 319.50000000000006 19.500000000000004
decision_type=9 8 9 8 9 8 1 10 2 9 9 10 2 2
left_child=3 2 8 4 5 -1 7 -6 -2 -10 -4 12 13 -12
right_child=1 -3 10 -5 6 -7 -8 -9 9 -11 11 -13 -14 -15
leaf_value=0.0044236011044729061 0.0031671386032702817 0.012656936613717489 -0.0034461432816502869 0.013702428269152887 0.0036554234733101086 0.017307158592538643 0.0028723904807986455 0.0097554605697476992 0.00020637313649322792 -0.00119602336767656 -0.00039503049019604651 -0.0022438991517609703 -0.0031102347680320775 0.0061182943647220787
leaf_weight=316.52221202850342 477.27523899078369 411.08874034881592 3585.6008236408234 362.45811319351196 284.39333271980286 293.82940149307251 2047.749404668808 432.81694078445435 6820.1928091049194 6282.737804889679 329.96969890594482 5188.5813629627228 310.76689505577087 286.63511729240417
leaf_count=59 131 59 1128 66 58 51 455 86 1888 1806 95 1572 91 79
internal_value=-3.30467e-06 -0.000960477 -0.00120187 0.00604901 0.00524125 0.0104727 0.00403062 0.00724422 -0.000338669 -0.000466859 -0.00240718 -0.00179297 0.000710303 0.00263776
internal_weight=27430.6 23692.8 23281.8 3737.77 3375.31 610.352 2764.96 717.21 13580.2 13102.9 9701.55 6115.95 927.372 616.605
internal_count=7624 6849 6790 775 709 110 599 144 3825 3694 2965 1837 265 174
cat_boundaries=0 4 10 13 14 20 26
cat_threshold=0 0 1077440734 805371904 76288 134917120 262144 19958792 16 3919 0 0 8198 1 67584 689152 262144 2100224 16 1602 2562736312 24117377 805306368 134611136 57345 4096
is_linear=0
shrinkage=0.03


Tree=34
num_leaves=15
num_cat=6
split_feature=18 7 18 7 19 14 18 15 6 18 18 17 5 0
split_gain=170.306 82.6727 28.8628 24.9152 24.7348 37.4709 9.85997 10.8691 6.72163 7.22824 6.21163 7.31433 8.05664 6.59318
threshold=0 20.500000000000004 1 2.5000000000000004 2 0.27678571428571436 3 0.18055555555555558 16.500000000000004 4 5 0.015043890043890047 319.50000000000006 19.500000000000004
decision_type=9 8 9 8 1 10 9 8 2 9 9 10 2 2
left_child=3 2 8 4 5 -1 7 -6 -2 -10 -4 12 13 -12
right_child=1 -3 10 -5 6 -7 -8 -9 9 -11 11 -13 -14 -15
leaf_value=0.017410016323120558 0.0032871986445302862 0.014371343796228482 -0.0033749047646214115 0.013567036773420825 0.0031703105279896173 0.0045546450537755027 0.0025189957809165554 0.01159054158124175 -0.0011355478829723124 0.00027774314292069557 -0.00021158687494977652 -0.0022165526740042254 -0.0030450014823663299 0.006009925513423978
leaf_weight=343.03378868103027 472.46781730651855 313.15244293212891 3496.5316407680511 363.13295936584473 285.4143762588501 504.07888555526733 1793.2531015872955 267.98484325408936 5853.9765300750732 7319.8506186008453 329.92106938362122 5458.1326415538788 344.48640418052673 285.25622272491455
leaf_count=60 129 36 1102 65 54 100 393 51 1682 2022 95 1657 100 78
internal_value=-3.33472e-06 -0.000916583 -0.00112077 0.00611029 0.0052776 0.00966084 0.00363523 0.00713272 -0.000224604 -0.000350962 -0.00235153 -0.00178915 0.000622854 0.00267839
internal_weight=27430.7 23873.8 23560.6 3556.9 3193.76 847.113 2346.65 553.399 13646.3 13173.8 9914.33 6417.8 959.664 615.177
internal_count=7624 6901 6865 723 658 160 498 105 3833 3704 3032 1930 273 173
cat_boundaries=0 4 10 11 14 20 26
cat_threshold=0 0 1076375774 805306368 76288 134917120 1327104 20024328 16 1871 1 0 0 524422 8704 134227968 0 17858568 0 268 415252664 7340165 805306368 393408 57347 4096
is_linear=0
shrinkage=0.03


Tree=35
num_leaves=15
num_cat=6
split_feature=18 13 18 18 19 0 18 17 5 6 18 0 10 14
split_gain=165.889 98.7623 77.6116 26.5449 12.9045 9.04777 6.71806 7.78913 8.27004 6.51269 7.3422 6.12624 5.11833 5.00384
threshold=0 3.3571428571428572 1 2 3 24.500000000000004 4 0.015043890043890047 319.50000000000006 16.500000000000004 5 19.500000000000004 0.75000000000000011 0.79464285714285732
decision_type=9 8 9 9 1 2 9 10 2 2 9 2 10 10
left_child=-1 2 4 9 -2 13 -5 8 11 12 -11 -8 -4 -6
right_child=1 -3 3 6 5 -7 7 -9 -10 10 -12 -13 -14 -15
leaf_value=0.018566123425638924 0.0012932963100144425 0.012561725055234611 0.0005689623372528976 -0.0034783775719124171 0.005272237466038031 0.009444256958035151 -7.6811231835302997e-05 -0.0022079507984643998 -0.0031083037411505439 -0.0011646091866979891 0.00024878763577496549 0.0060234308904808156 0.0068386241839617926 0.0012038528354517135
leaf_weight=415.24935722351074 1116.4186968803406 526.14038038253784 288.97454476356506 3196.4253418445587 1229.7956328392029 396.45997548103333 305.65777254104614 5548.595813035965 318.34990620613098 6268.3408355712891 6987.2468400001526 286.50539803504944 196.36204433441162 350.20507383346558
leaf_count=65 248 78 79 1014 253 78 88 1691 94 1806 1926 78 53 73
internal_value=-3.36425e-06 -0.000296231 -0.000552197 -0.00114286 0.00390597 0.00536643 -0.00234772 -0.00178322 0.000785044 -0.00029503 -0.000420312 0.00287984 0.00311445 0.00437182
internal_weight=27430.7 27015.5 26489.3 23396.5 3092.88 1976.46 9655.53 6459.11 910.513 13740.9 13255.6 592.163 485.337 1580
internal_count=7624 7559 7481 6829 652 404 2965 1951 260 3864 3732 166 132 326
cat_boundaries=0 3 7 13 14 20 26
cat_threshold=0 0 6 0 0 1077420248 805371904 76288 134917120 282624 19958792 16 3919 12 2562736312 7340225 805306368 393408 57345 4096 8704 134227968 0 17858568 0 2317
is_linear=0
shrinkage=0.03


Tree=36
num_leaves=15
num_cat=6
split_feature=18 7 18 5 19 1 14 18 5 5 15 1 18 18
split_gain=158.908 76.0718 28.1465 25.6412 59.4627 14.9563 21.5092 7.84194 6.73937 6.51885 6.08076 5.95346 5.65142 5.50169
threshold=0 20.500000000000004 1 170.50000000000003 2 19.500000000000004 0.31250000000000006 3 659.50000000000011 551.50000000000011 1.0000000180025095e-35 37.500000000000007 4 5
decision_type=9 8 9 2 1 2 10 9 2 2 8 2 9 9
left_child=3 2 8 4 -1 6 -5 -4 11 -7 -9 12 -2 -13
right_child=1 -3 7 5 -6 9 -8 10 -10 -11 -12 13 -14 -15
leaf_value=0.016828105652013408 -0.00059740544947539393 0.013595973518251319 -0.0032358406288679085 0.014202822781927197 0.0028973996952279843 0.001304824335891848 0.004053818297038608 0.0018276354900656786 0.0031662749426626595 0.0060461921568166384 -0.0017799071390656809 0.0001910332781509418 0.00095544631045534349 -0.0023689239768821431
leaf_weight=536.94354486465454 4088.1778485774994 321.70121383666992 3853.4454591274261 278.88971567153931 586.57784795761108 1140.4924006462097 575.99751234054565 445.62544941902161 555.85285496711731 337.75963401794434 7246.6610839366913 1277.3158798217773 4335.7387526035309 1849.4479064941406
leaf_count=98 1153 36 1219 54 122 235 119 121 145 65 2188 361 1176 532
internal_value=-3.30964e-06 -0.00087117 -0.00106888 0.00599949 0.0097395 0.00422079 0.00737745 -0.00212765 -5.72555e-05 0.00239151 -0.00156867 -0.000212691 0.000202281 -0.00133039
internal_weight=27430.6 23974 23652.3 3456.66 1123.52 2333.14 854.887 11545.7 12106.5 1478.25 7692.29 11550.7 8423.92 3126.76
internal_count=7624 6931 6895 693 220 473 173 3528 3367 300 2309 3222 2329 893
cat_boundaries=0 4 10 11 17 23 29
cat_threshold=0 0 2646174 805306368 67584 134917120 1075056704 19991560 16 1867 3 415252664 7340165 838860800 2282094784 57347 4096 2048 134228992 262144 1048584 16 777 0 134382592 4096 1024 16 576
is_linear=0
shrinkage=0.03


Tree=37
num_leaves=15
num_cat=6
split_feature=18 13 18 18 19 1 17 18 17 5 6 18 0 0
split_gain=155.711 91.7375 72.0326 25.2171 12.0061 8.6742 10.2822 6.41734 7.15165 8.37175 6.23044 6.88162 5.87086 5.57866
threshold=0 3.3571428571428572 1 2 3 33.500000000000007 0.46948273109467303 4 0.015043890043890047 319.50000000000006 16.500000000000004 5 19.500000000000004 11.500000000000002
decision_type=9 8 9 9 1 2 10 9 10 2 2 9 2 2
left_child=-1 2 4 10 -2 13 -7 -5 9 12 -4 -12 -9 -6
right_child=1 -3 3 7 5 6 -8 8 -10 -11 11 -13 -14 -15
leaf_value=0.01776843560687227 0.0012157398628926226 0.011963171424557398 0.0030406351115694007 -0.0033713051443048964 0.00092263380381972298 0.004372885670521803 0.012217367636421367 -6.6047538036782268e-05 -0.0021412992050506671 -0.0031763551615028667 -0.0010927135842596859 0.00027412293941495253 0.0058975105927347457 0.0050791520715467867
leaf_weight=425.65815734863281 1121.8451814651489 537.88695955276489 487.33775639533997 3287.2418785095215 413.33739709854126 314.24428343772888 290.53305959701538 305.43522357940674 5410.6173918247223 320.20400142669678 6622.4587371349335 6623.5888769626617 288.24632859230042 981.88939929008484
leaf_count=65 248 78 132 1048 87 67 57 88 1656 95 1910 1822 78 193
internal_value=-3.25398e-06 -0.000290496 -0.000540079 -0.00111264 0.00373209 0.00512919 0.0081553 -0.00229061 -0.00172402 0.000727234 -0.000287021 -0.000409886 0.00283445 0.00384932
internal_weight=27430.5 27004.9 26467 23345.1 3121.85 2000 604.777 9611.74 6324.5 913.886 13733.4 13246 593.682 1395.23
internal_count=7624 7559 7481 6829 652 404 124 2965 1917 261 3864 3732 166 280
cat_boundaries=0 3 7 13 14 20 26
cat_threshold=0 0 6 0 0 1077420248 805371904 76288 134917120 282624 19958792 16 3919 12 2562736312 7340224 805306368 393408 2147540993 4096 8704 134227968 0 17858568 0 3341
is_linear=0
shrinkage=0.03


Tree=38
num_leaves=15
num_cat=4
split_feature=18 10 18 7 14 17 18 1 19 6 0 0 1 17
split_gain=149.084 71.3008 23.8675 22.5157 20.5194 46.2282 13.2975 7.78756 6.75915 11.9547 6.60646 8.36163 10.0884 9.23083
threshold=0 14.500000000000002 1 2.5000000000000004 0.20535714285714288 0.14903755386825365 2 37.500000000000007 3 196.50000000000003 26.500000000000004 14.500000000000002 33.500000000000007 0.12232015305478576
decision_type=9 8 9 8 10 10 9 2 1 2 2 2 2 10
left_child=3 2 -2 4 5 -1 -4 10 9 -9 11 -8 -13 -14
right_child=1 -3 6 -5 -6 -7 7 8 -10 -11 -12 12 13 -15
leaf_value=0.0039656765643665904 -0.0030803140052569609 0.011114639752883921 -0.0017909995225237167 0.012409182796704036 0.0028558207622859004 0.016025465316087686 -0.00021043533584943531 0.0079060041373498983 -0.0020378926568734071 -0.00080762705842328628 -0.0016091406885053172 0.0010969036121155058 0.01095063676730366 0.0026978913682239179
leaf_weight=955.61729598045349 4507.0643904209137 435.5220160484314 6138.3080718517303 379.67146778106689 2101.9740715026855 407.91529321670532 4142.0098202228546 179.23049902915955 2630.8937964439392 662.23226499557495 1290.3423635959625 3058.1773204803467 185.27596306800842 356.18878197669983
leaf_count=197 1433 59 1857 66 441 71 1152 50 754 190 363 844 50 97
internal_value=-3.199e-06 -0.000896922 -0.00112376 0.00546558 0.00471726 0.00758259 -0.000648597 -8.67179e-05 -0.00129403 0.00104316 0.000377431 0.000708709 0.00176611 0.00553676
internal_weight=27430.4 23585.2 23149.7 3845.18 3465.51 1363.53 18642.7 12504.4 3472.36 841.463 9031.99 7741.65 3599.64 541.465
internal_count=7624 6849 6790 775 709 268 5357 3500 994 240 2506 2143 991 147
cat_boundaries=0 4 10 16 17
cat_threshold=0 0 1077440734 805371904 2562736312 24117385 838860800 2282094656 57347 20480 176640 33837574 67108864 20480 2245263360 10372 1
is_linear=0
shrinkage=0.03


Tree=39
num_leaves=15
num_cat=6
split_feature=18 13 18 18 11 18 19 17 1 19 6 0 0 1
split_gain=146.193 84.8768 66.1568 21.5365 13.3968 10.6846 9.75169 8.06556 6.67395 6.65473 10.9095 6.61746 7.56825 8.56498
threshold=0 3.3571428571428572 1 2 0.75000000000000011 3 4 0.39933328895988646 37.500000000000007 5 196.50000000000003 26.500000000000004 14.500000000000002 33.500000000000007
decision_type=9 8 9 9 10 9 1 10 2 1 2 2 2 2
left_child=-1 2 4 -4 6 -5 7 -2 11 10 -10 12 -7 -14
right_child=1 -3 3 5 -6 8 -8 -9 9 -11 -12 -13 13 -15
leaf_value=0.017013251057966389 0.0034819994340007658 0.011367479543521382 -0.0030284798195230746 -0.0018698782164587155 0.00025104455007515986 -0.00035234295344351116 0.00291890267280167 0.0099563517916893499 0.0075176755489458277 -0.00211376933850151 -0.00082936253288841432 -0.0017978191603467226 0.00093282497061176659 0.005094581376952261
leaf_weight=435.99188089370728 314.83443689346313 550.10894155502319 4604.4610214233398 5123.5342442989349 1317.9266784191132 4030.8340439796448 2466.701450586319 388.27063131332397 179.00692820549011 2576.1727766990662 648.32967209815979 1279.1702535152435 2993.2354726791382 521.95038414001465
leaf_count=65 61 78 1467 1555 319 1130 551 80 50 743 187 363 833 142
internal_value=-3.25628e-06 -0.000284909 -0.000527835 -0.00120621 0.00278717 -0.000721048 0.00385 0.00696739 -0.000238468 -0.00136701 0.00097181 0.000196598 0.000534876 0.00155205
internal_weight=27430.5 26994.5 26444.4 21956.7 4487.73 17352.2 3169.81 703.105 12228.7 3403.51 827.337 8825.19 7546.02 3515.19
internal_count=7624 7559 7481 6470 1011 5003 692 141 3448 980 237 2468 2105 975
cat_boundaries=0 3 7 13 19 20 21
cat_threshold=0 0 6 0 131072 1077440728 805371904 2562736312 24117384 838860800 2282094656 2147540995 20480 168448 33837575 67108864 20480 97779712 10372 1 1
is_linear=0
shrinkage=0.03


Tree=40
num_leaves=15
num_cat=6
split_feature=18 13 18 18 11 0 19 17 18 17 5 1 6 18
split_gain=139.643 81.4955 65.7998 21.519 8.89469 6.98235 9.1783 10.7999 6.20868 8.53695 7.37077 6.07733 5.8993 5.6082
threshold=0 3.3571428571428572 1 2 0.75000000000000011 11.500000000000002 3 0.4326602054153636 4 0.015043890043890047 326.50000000000006 14.500000000000002 16.500000000000004 5
decision_type=9 8 9 9 10 2 1 10 9 10 2 2 2 9
left_child=-1 2 4 12 5 -2 7 -7 -5 10 -10 -8 -4 -14
right_child=1 -3 3 8 -6 6 11 -9 9 -11 -12 -13 13 -15
leaf_value=0.016487965535900168 0.0019232625796229779 0.011071135486844503 0.0029106840068918991 -0.0033530830958277088 0.00043404658934666272 0.0046367799769709015 0.0071973319616470731 0.011409450337939537 0.0030522748238504022 -0.0021163173379346646 -0.0027891804643713053 0.0017191185356662288 0.0001526960842164739 -0.0011008034675954001
leaf_weight=443.47298049926758 961.19422793388367 556.39796590805054 482.47821116447449 2977.9944019317627 804.19273734092712 526.52732515335083 238.64352321624756 356.50538682937622 574.76563620567322 5608.3529369831085 292.58988833427429 765.39252424240112 6521.6382517814636 6320.2981441020966
leaf_count=65 212 78 131 959 178 108 51 65 160 1731 87 165 1804 1830
internal_value=-3.21032e-06 -0.000280814 -0.000520303 -0.00111982 0.00321208 0.00400729 0.00506723 0.00729835 -0.00221402 -0.00168539 0.0010808 0.00299725 -0.000342303 -0.000465003
internal_weight=27430.4 26987 26430.6 22778.1 3652.46 2848.26 1887.07 883.033 9453.7 6475.71 867.356 1004.04 13324.4 12841.9
internal_count=7624 7559 7481 6702 779 601 389 173 2937 1978 247 216 3765 3634
cat_boundaries=0 3 9 15 16 22 28
cat_threshold=0 0 6 0 0 1077440728 805371904 0 64 76288 134917632 262144 19958792 16 3855 3 2562736312 7340224 805306368 393408 57347 4096 67584 689152 262144 2100224 16 1538
is_linear=0
shrinkage=0.03


Tree=41
num_leaves=15
num_cat=3
split_feature=18 9 18 7 14 17 9 18 17 5 0 13 10 1
split_gain=134.804 63.43 24.0726 21.1058 23.8739 37.5194 6.6026 5.55586 7.01955 7.75504 5.54631 5.46869 6.88893 5.45394
threshold=0 8.5000000000000018 1 2.5000000000000004 0.20535714285714288 0.14903755386825365 1.0000000180025095e-35 2 0.015043890043890047 319.50000000000006 19.500000000000004 1.3571428571428574 0.75000000000000011 24.500000000000004
decision_type=9 8 9 8 10 10 10 9 10 2 2 8 10 2
left_child=3 2 11 4 5 13 -6 -4 9 10 -9 -2 -13 -1
right_child=1 -3 7 -5 6 -7 -8 8 -10 -11 -12 12 -14 -15
leaf_value=0.001290309136366616 -0.00034220135825213752 0.011751761341113737 -0.0033516290834766905 0.011995881212957844 0.0018811391181399839 0.015177175317074017 0.006318597040333879 -7.2562725712497516e-05 -0.0021041525086440212 -0.0028804018292006555 0.0057097032287668032 0.0065710465474610388 -0.00017354219075155905 0.0063719837452551557
leaf_weight=355.74231266975403 13258.646500349045 354.16468095779419 2647.6314067840576 384.40616178512573 1741.3817479610443 419.44918346405029 364.51849818229675 305.56989359855652 5995.2134284973145 347.24355101585388 290.88241624832153 235.85271596908569 320.91606140136719 408.73600554466248
leaf_count=67 3741 39 856 65 360 71 76 88 1855 102 78 57 86 83
internal_value=-3.16171e-06 -0.000830964 -0.00102224 0.00533559 0.00457016 0.00797717 0.00265187 -0.00217623 -0.00172315 0.000678774 0.00275221 -0.000219649 0.00269019 0.00401205
internal_weight=27430.4 23756.1 23402 3674.23 3289.83 1183.93 2105.9 9586.54 6938.91 943.696 596.452 13815.4 556.769 764.478
internal_count=7624 6902 6863 722 657 221 436 2979 2123 268 166 3884 143 150
cat_boundaries=0 4 10 16
cat_threshold=0 0 1076371678 805371904 76288 134917120 1331200 19958792 16 3919 415252664 7340224 536870912 393408 57345 4096
is_linear=0
shrinkage=0.03


Tree=42
num_leaves=15
num_cat=5
split_feature=18 13 18 18 11 0 19 17 18 17 5 0 1 6
split_gain=131.434 75.708 61.2036 20.3917 8.4779 6.62947 8.74477 10.0507 5.9499 8.09768 6.95406 5.97734 5.8483 5.70924
threshold=0 3.3571428571428572 1 2 0.75000000000000011 11.500000000000002 3 0.4326602054153636 4 0.015043890043890047 382.00000000000006 19.500000000000004 14.500000000000002 16.500000000000004
decision_type=9 8 9 9 10 2 1 10 9 10 2 2 2 2
left_child=-1 2 4 13 5 -2 7 -7 -5 10 11 -10 -8 -4
right_child=1 -3 3 8 -6 6 12 -9 9 -11 -12 -13 -14 -15
leaf_value=0.015822537095615447 0.0018207928448802392 0.010554154256816686 0.0028618029219069207 -0.0032775397522246726 0.00036720483809377411 0.0044704764663294934 0.0069552720444342924 0.010959265661053248 -4.7500113357144122e-05 -0.0020622702889926963 -0.0029300304122011297 0.0059487186937008029 0.0016082744610160737 -0.00045470871622050929
leaf_weight=453.31733179092407 967.09168696403503 567.71995830535889 483.80894756317139 2958.5624444484711 807.71853804588318 531.05693006515503 241.29801249504089 362.72979593276978 309.09287929534912 5584.7329943180084 270.97741746902466 288.97491073608398 770.53919386863708 12832.782306671143
leaf_count=65 212 78 131 959 178 108 51 65 89 1731 81 77 165 3634
internal_value=-3.18819e-06 -0.00027546 -0.000508758 -0.00109002 0.00307483 0.00384643 0.00487294 0.00703454 -0.00215834 -0.00164057 0.00104977 0.00285485 0.00286076 -0.000333759
internal_weight=27430.4 26977.1 26409.4 22728.9 3680.43 2872.72 1905.62 893.787 9412.34 6453.78 869.045 598.068 1011.84 13316.6
internal_count=7624 7559 7481 6702 779 601 389 173 2937 1978 247 166 216 3765
cat_boundaries=0 3 9 15 16 22
cat_threshold=0 0 6 0 0 1077440728 805371904 0 64 76288 134917632 262144 19958792 16 3855 3 2562736312 7340224 805306368 393408 57347 4096
is_linear=0
shrinkage=0.03


Tree=43
num_leaves=15
num_cat=3
split_feature=18 9 18 6 17 10 16 0 18 1 0 13 10 15
split_gain=126.008 58.7558 22.9702 21.2623 73.9119 10.0159 14.0246 8.11579 6.20441 5.29653 7.20113 5.64865 7.4538 5.21898
threshold=0 8.5000000000000018 1 166.50000000000003 0.36190955965151433 0.75000000000000011 2.2677868380553625 24.500000000000004 2 37.500000000000007 26.500000000000004 1.3571428571428574 0.75000000000000011 1.0000000180025095e-35
decision_type=9 8 9 2 10 10 8 2 9 2 2 8 10 8
left_child=3 2 9 4 -1 6 7 -5 -4 10 11 -2 -13 -10
right_child=1 -3 8 5 -6 -7 -8 -9 13 -11 -12 12 -14 -15
leaf_value=0.018993191376823183 0.00039870311459339958 0.011174817734355007 -0.003146419077793697 0.0028416637894435881 0.0020872162430182984 0.00032757003390157936 0.011058384205291311 0.0078815669600276177 0.0015183717993618015 -0.0011075509459244222 -0.0018342346912740687 0.0080080750240294034 0.00026017111703582809 -0.0017471433469273261
leaf_weight=393.35236024856567 7427.8670496940613 362.02396583557129 3096.0409739017487 1482.9938440322876 568.62175846099854 581.25434064865112 276.96707010269165 356.55970191955566 468.65947866439819 3547.2138257026672 1273.5528614521027 207.8960976600647 240.45419526100159 7146.8422486782074
leaf_count=62 2061 39 1002 295 110 121 50 66 128 1019 360 49 64 2198
internal_value=-3.13187e-06 -0.000801654 -0.000987688 0.00517024 0.00901263 0.00381645 0.00477398 0.0038223 -0.0020099 -0.00012355 0.000257875 0.000596351 0.00386263 -0.00154398
internal_weight=27430.3 23770.6 23408.5 3659.75 961.974 2697.77 2116.52 1839.55 10711.5 12697 9149.77 7876.22 448.35 7615.5
internal_count=7624 6920 6881 704 172 532 411 361 3328 3553 2534 2174 113 2326
cat_boundaries=0 4 10 16
cat_threshold=0 0 1076375710 805306368 68096 134917120 1327168 19991560 16 1871 415252664 7340228 805306368 393408 57345 4096
is_linear=0
shrinkage=0.03


Tree=44
num_leaves=15
num_cat=5
split_feature=18 9 18 5 19 17 1 14 5 18 17 5 18 0
split_gain=122.142 56.5741 22.1906 20.6295 53.2452 72.1752 14.2414 24.5063 6.3245 5.23479 6.48395 7.01822 5.21662 5.16658
threshold=0 8.5000000000000018 1 170.50000000000003 2 0.60088702698450169 19.500000000000004 0.23500000000000001 551.50000000000011 3 0.015043890043890047 319.50000000000006 4 19.500000000000004
decision_type=9 8 9 2 1 10 2 10 2 9 10 2 9 2
left_child=3 2 12 4 5 -1 7 -5 -8 -4 11 13 -2 -11
right_child=1 -3 9 6 -6 -7 8 -9 -10 10 -12 -13 -14 -15
leaf_value=0.024882882409705452 0.00049783361258017305 0.010885875744037196 -0.0032698098504889582 0.014190770798336019 0.0020478872604018177 0.0039315735984699028 0.00069641833833380832 0.0033545490040309349 0.0051782020746235632 -0.00020525905194761394 -0.0020340436176520191 -0.0028407889230840167 -0.00069127356744993975 0.0052497932795266995
leaf_weight=307.81752920150757 5540.5877051353455 366.09218263626099 2536.0426354408264 261.47287154197693 641.32115435600281 284.98755073547363 1213.8855328559875 663.84909510612488 368.84388566017151 314.46439933776855 6025.5015873908997 341.12292885780334 8254.9096617698669 309.45754361152649
leaf_count=51 1519 39 827 48 130 52 243 133 69 91 1877 101 2361 83
internal_value=-3.16264e-06 -0.000799498 -0.000983728 0.00502526 0.00821336 0.0145886 0.00347389 0.00642861 0.00174348 -0.00209627 -0.00166606 0.000614037 -0.000213685 0.00250445
internal_weight=27430.4 23688.2 23322.1 3742.18 1234.13 592.805 2508.05 925.322 1582.73 9526.59 6990.55 965.045 13795.5 623.922
internal_count=7624 6898 6859 726 233 103 493 181 312 2979 2152 275 3880 174
cat_boundaries=0 4 10 11 17 23
cat_threshold=0 0 3694814 805306368 76288 134917120 1074008064 20024328 16 3919 3 415252664 3145920 805306368 393408 57345 4096 0 164864 1074008064 16843776 0 587
is_linear=0
shrinkage=0.03


Tree=45
num_leaves=15
num_cat=6
split_feature=18 13 18 18 11 0 19 18 17 16 1 19 6 0
split_gain=136.145 68.1516 56.7204 15.3666 12.0893 12.5706 10.0786 9.34485 8.02784 7.6392 6.77658 6.86289 8.06277 6.3514
threshold=0 3.3571428571428572 1 2 1.0000000180025095e-35 11.500000000000002 3 4 0.4326602054153636 1.8898223650461354 37.500000000000007 5 217.50000000000003 26.500000000000004
decision_type=9 8 9 9 8 2 1 9 10 10 2 1 2 2
left_child=-1 2 4 -4 5 -2 8 -5 -7 -8 13 12 -12 -9
right_child=1 -3 3 7 -6 6 9 10 -10 -11 11 -13 -14 -15
leaf_value=0.018076620549760058 0.00078062305944303723 0.009886738424244047 -0.0029496702208760524 -0.0018858317185800682 4.9114500963407934e-05 0.0041557828639345361 0.0024673098732043565 0.00043868617283536541 0.011104645010023916 0.0078139298726624153 0.0057442252275904156 -0.0023167675191522689 -0.0010325023472541187 -0.0018853275415778466
leaf_weight=358.80065536499023 1495.3404157161713 583.03501653671265 3778.8889586925507 5204.5775434970856 1809.4294078350067 291.06936621665955 1800.0442581176758 7116.054788351059 311.08498954772949 277.04859304428101 222.81289792060852 2403.3054354190826 536.67523241043091 1242.2454271316528
leaf_count=49 349 78 1230 1608 452 56 411 1999 63 55 63 699 156 356
internal_value=-3.19338e-06 -0.000250062 -0.000473641 -0.00122343 0.00209386 0.00298493 0.00421445 -0.000831729 0.00763163 0.00316863 -0.000354201 -0.00153705 0.000948075 9.30973e-05
internal_weight=27430.4 27071.6 26488.6 20504.6 5984.02 4174.59 2679.25 16725.7 602.154 2077.09 11521.1 3162.79 759.488 8358.3
internal_count=7624 7575 7497 6111 1386 934 585 4881 119 466 3273 918 219 2355
cat_boundaries=0 3 9 15 16 22 23
cat_threshold=0 0 2 0 163840 1077440732 805371904 0 64 2562736312 7340161 805306368 134627392 2151735299 20480 1 168448 50614286 100663296 2147487744 93585408 8320 1
is_linear=0
shrinkage=0.03


Tree=46
num_leaves=15
num_cat=6
split_feature=18 18 13 13 18 18 18 19 17 6 5 1 8 0
split_gain=129.936 65.5544 39.1144 21.4316 14.9471 11.4836 9.06539 6.70739 6.90806 6.49672 8.40484 6.08574 6.55295 7.29372
threshold=0 1 2.5000000000000004 1.642857142857143 2 3 4 5 0.4326602054153636 74.500000000000014 528.50000000000011 36.500000000000007 1.5000000000000002 26.500000000000004
decision_type=9 9 8 8 9 9 9 1 10 2 2 2 10 2
left_child=-1 2 5 4 -3 -2 -6 8 -7 -9 -11 12 13 -8
right_child=1 3 -4 -5 6 7 11 9 -10 10 -12 -13 -14 -15
leaf_value=0.017503179483485152 0.00044935826918031244 -0.0029187435013874777 0.014234697958495281 0.0045846598942316146 -0.0017834494597916142 0.0025214986497970556 0.0009060689776298576 -0.0015183627938421039 0.0080155055252947964 0.0022315602256802809 0.0077907062830182543 -0.0013761566689257975 -0.0023883576141131612 -0.0019007312163740811
leaf_weight=365.34553194046021 2581.9554579257965 3783.730220079422 242.54094982147217 587.99335289001465 5780.1650364398956 378.75059652328491 5569.1701653003693 340.94113659858704 453.97613525390625 1978.9557077884674 278.65547204017639 3309.2999691963196 800.00217127799988 978.84660220146179
leaf_count=49 711 1230 39 96 1777 71 1565 64 84 419 54 960 224 281
internal_value=-3.14745e-06 -0.000246476 0.00244372 -0.00105608 -0.00122084 0.00196991 -0.000827571 0.00310327 0.00545722 0.0023291 0.00292087 -0.000307831 0.00017301 0.000486261
internal_weight=27430.3 27065 6255.78 20809.2 20221.2 6013.23 16437.5 3431.28 832.727 2598.55 2257.61 10657.3 7348.02 6548.02
internal_count=7624 7575 1442 6133 6037 1403 4807 692 155 537 473 3030 2070 1846
cat_boundaries=0 3 9 15 21 27 28
cat_threshold=0 0 2 0 132096 1077440732 805371904 0 2 2562736312 24117376 838860800 2282111040 4251651 20480 0 132096 0 0 0 2 167936 33837583 67108864 4104 2241069056 8320 1
is_linear=0
shrinkage=0.03


Tree=47
num_leaves=15
num_cat=6
split_feature=18 13 18 18 11 0 19 18 17 16 1 19 12 0
split_gain=124.076 63.6434 53.4452 15.1403 11.565 12.005 9.43536 8.22537 7.40257 7.17266 6.48104 6.6682 7.83097 5.81477
threshold=0 3.3571428571428572 1 2 1.0000000180025095e-35 11.500000000000002 3 4 0.4326602054153636 1.8898223650461354 37.500000000000007 5 0.75000000000000011 26.500000000000004
decision_type=9 8 9 9 8 2 1 9 10 10 2 1 10 2
left_child=-1 2 4 -4 5 -2 8 -5 -7 -8 13 12 -12 -9
right_child=1 -3 3 7 -6 6 9 10 -10 -11 11 -13 -14 -15
leaf_value=0.0169571521815505 0.0007396909155397409 0.0094678401955899869 -0.0028212532466555451 -0.0018037576034608893 2.4971028536367431e-05 0.004037319621627942 0.002396303375011225 0.00043396094430968855 0.010672801961636625 0.0075494839080902758 -0.001273168586158896 -0.0022682764973929741 0.0051034482096769113 -0.0018047330115486678
leaf_weight=371.79653358459473 1499.25723695755 593.07594394683838 4095.8911564350128 4939.1492326259613 1812.3585488796234 292.89665699005127 1807.4391205310822 7045.8483757972717 316.35560846328735 280.3242506980896 493.32652139663696 2391.6600506305695 265.98143196105957 1224.8543224334717
leaf_count=49 349 78 1339 1527 452 56 411 1976 63 55 142 698 77 352
internal_value=-3.08595e-06 -0.000242923 -0.000460978 -0.00119146 0.00202439 0.00289254 0.00408858 -0.000781824 0.00737382 0.00307677 -0.000338592 -0.00149644 0.000951782 0.000102242
internal_weight=27430.2 27058.4 26465.3 20456.7 6008.63 4196.27 2697.02 16360.8 609.252 2087.76 11421.7 3150.97 759.308 8270.7
internal_count=7624 7575 7497 6111 1386 934 585 4772 119 466 3245 917 219 2328
cat_boundaries=0 3 9 15 16 22 23
cat_threshold=0 0 2 0 163840 1077440732 805371904 0 64 2562736312 7340169 805306368 134627392 2151735299 4096 1 168448 50614790 100663296 2147487744 93585408 24704 1
is_linear=0
shrinkage=0.03


Tree=48
num_leaves=15
num_cat=7
split_feature=18 18 8 13 18 18 18 19 6 15 1 18 5 1
split_gain=118.541 62.0398 36.8864 19.7995 14.0481 9.93102 8.88124 7.86858 7.29493 7.7493 5.56962 5.52042 5.89037 6.16554
threshold=0 1 4.5000000000000009 1.642857142857143 2 3 4 5 63.000000000000007 0.069444444444444461 36.500000000000007 6 28.500000000000004 33.500000000000007
decision_type=9 9 8 8 9 9 9 1 2 8 2 9 2 2
left_child=-1 2 5 4 -3 -2 -6 -7 -9 -10 11 -8 -13 -14
right_child=1 3 -4 -5 6 7 10 8 9 -11 -12 12 13 -15
leaf_value=0.016436680619075144 0.00048937601891359164 -0.0028634239449506953 0.012836254738514749 0.004359569884353225 -0.0016513144073884187 -0.00036524497890211906 -0.00064574949531254536 -0.00057172133535334912 0.008243167148270579 0.0034734547362126923 -0.0013026627911529392 0.0058737929310416579 0.00022525438154775062 0.0039352620039333226
leaf_weight=378.15490245819092 2653.2000560760498 3679.0343453884125 288.35427188873291 594.87789750099182 6731.3617260456085 543.20444893836975 3239.0344948768616 330.91060853004456 358.75091910362244 2108.0233752727509 3031.0126421451569 214.91745781898499 2809.5813453197479 469.71532607078552
leaf_count=49 716 1203 53 96 2072 118 925 61 70 424 878 58 774 127
internal_value=-3.04184e-06 -0.000239436 0.00237023 -0.00102965 -0.00118928 0.00186865 -0.000813517 0.00295323 0.00359646 0.00417019 -0.000234742 0.000245763 0.0010709 0.000757701
internal_weight=27430.1 27052 6282.44 20769.5 20174.7 5994.09 16495.6 3340.89 2797.68 2466.77 9764.26 6733.25 3494.21 3279.3
internal_count=7624 7575 1442 6133 6037 1389 4834 673 555 494 2762 1884 959 901
cat_boundaries=0 3 9 15 21 27 28 34
cat_threshold=0 0 2 0 132096 1077440732 805371904 0 2 2562736312 24117376 838860800 2282111040 4251649 20480 0 132096 4 0 0 2 176128 33837583 67108864 4104 2241069058 8320 8 512 134227968 262144 1081344 0 2821
is_linear=0
shrinkage=0.03


Tree=49
num_leaves=15
num_cat=6
split_feature=18 18 7 13 18 18 18 19 10 16 6 5 1 0
split_gain=113.308 60.1389 35.7765 19.1732 14.2658 9.26278 7.79238 6.74705 7.21698 14.5012 6.07678 6.83586 5.54537 6.37426
threshold=0 1 5.5000000000000009 1.642857142857143 2 3 4 5 0.75000000000000011 0.37796447300921637 74.500000000000014 551.50000000000011 36.500000000000007 26.500000000000004
decision_type=9 9 8 8 9 9 9 1 10 10 2 2 2 2
left_child=-1 2 5 4 -3 -2 -6 8 9 -7 -9 -12 13 -8
right_child=1 3 -4 -5 6 7 12 10 -10 -11 11 -13 -14 -15
leaf_value=0.015940069417239792 0.00051063311498949636 -0.0027567635500319546 0.013833595299931976 0.0042759396989518299 -0.0017054834231687334 0.0024347403653181988 0.00051674747117323055 -0.0015971666634344804 0.0011598213143891049 0.011809795981662799 0.0021025858931946681 0.0073334361338668131 -0.0013243248981820764 -0.0019633540912840446
leaf_weight=384.42187690734863 2567.7498261928558 4074.0759749412537 233.41096067428589 597.47698140144348 5336.6250224113464 299.30046248435974 6337.5204668045044 342.96711039543152 267.09463453292847 294.98204731941223 2039.8589191436768 252.02050065994263 3309.9203789234161 1092.6039326190948
leaf_count=49 705 1339 39 96 1640 55 1779 64 51 52 428 48 964 315
internal_value=-2.98493e-06 -0.000235984 0.00232934 -0.00101542 -0.00117302 0.00188815 -0.000769331 0.00288969 0.0052014 0.00710023 0.00211547 0.00268073 -0.000302896 0.000151832
internal_weight=27430 27045.6 6297.38 20748.2 20150.7 6063.97 16076.7 3496.22 861.377 594.283 2634.85 2291.88 10740 7430.12
internal_count=7624 7575 1442 6133 6037 1403 4698 698 158 107 540 476 3058 2094
cat_boundaries=0 3 9 15 21 27 28
cat_threshold=0 0 2 0 132096 1077440732 805371904 0 2 2562736312 7340169 805306368 134627392 2151735299 4096 0 132096 0 0 0 2 167936 50614790 100663296 2147487752 76808192 24704 1
is_linear=0
shrinkage=0.03


Tree=50
num_leaves=15
num_cat=6
split_feature=18 13 18 18 18 1 1 17 18 11 0 19 17 0
split_gain=108.357 58.4776 48.773 13.7319 11.0073 7.12157 27.8425 11.0675 9.01188 6.31812 5.04964 5.83778 8.82701 4.74969
threshold=0 3.3571428571428572 1 2 3 34.500000000000007 33.500000000000007 0.091575211738041284 4 0.75000000000000011 11.500000000000002 5 0.4326602054153636 5.5000000000000009
decision_type=9 8 9 9 9 2 2 10 9 10 2 1 10 2
left_child=-1 2 3 -2 -4 6 8 -8 -6 10 13 12 -12 -5
right_child=1 -3 4 9 5 -7 7 -9 -10 -11 11 -13 -14 -15
leaf_value=0.015465770532020924 0.00040050089830057615 0.0089798748342565377 -0.0028190799596522079 0.0047299245010338888 -0.0020372227044271429 -0.0019160507246211351 0.01152156459566187 0.0027762030151917455 -0.00012046270813056345 0.00041479387884217395 0.0036436884937243955 0.0027262162589978384 0.0096946237963097467 0.00018727135349271104
leaf_weight=390.59868717193604 4869.9373931884766 605.21663808822632 3558.6855680942535 310.03821992874146 3679.3290252685547 4693.908748626709 205.09682750701904 356.30352783203125 5511.5919106006622 750.34746050834656 506.24189352989197 990.70779490470886 381.43443536758423 620.47848534584045
leaf_count=49 1340 78 1171 64 1137 1406 57 104 1575 159 94 198 65 127
internal_value=-2.92389e-06 -0.000232575 -0.000443917 0.00143844 -0.00132526 -0.000955402 -0.000493861 0.00598596 -0.00089027 0.00285299 0.00351409 0.00440924 0.00618219 0.00170429
internal_weight=27429.9 27039.3 26434.1 8429.19 18004.9 14446.2 9752.32 561.4 9190.92 3559.25 2808.9 1878.38 887.676 930.517
internal_count=7624 7575 7497 2047 5450 4279 2873 161 2712 707 548 357 159 191
cat_boundaries=0 3 9 15 21 27 28
cat_threshold=0 0 2 0 164864 1077702876 822150144 0 578 0 164864 262144 16778240 0 578 2562736312 24117376 805306368 2282111040 4251651 20480 37376 168054799 100663296 36864 2147745792 8576 3
is_linear=0
shrinkage=0.03


Tree=51
num_leaves=15
num_cat=6
split_feature=18 18 16 13 18 18 18 19 6 5 17 1 8 0
split_gain=103.668 56.7166 35.7013 17.7161 13.2169 10.0321 7.91761 5.76098 6.63308 7.43919 6.28871 5.33201 6.36984 6.72008
threshold=0 1 5.0798836648244352 1.642857142857143 2 3 4 5 74.500000000000014 551.50000000000011 0.4326602054153636 36.500000000000007 1.5000000000000002 26.500000000000004
decision_type=9 9 8 8 9 9 9 1 2 2 10 2 10 2
left_child=-1 2 5 4 -3 -2 -6 10 -9 -10 -7 12 13 -8
right_child=1 3 -4 -5 6 7 11 8 9 -11 -12 -13 -14 -15
leaf_value=0.015012363604715098 0.00040748400460769514 -0.0027309656236883298 0.014220560040123278 0.0040691590262210073 -0.0016738419821559992 0.0022282275533406673 0.00087361478574655245 -0.0016892649425662347 0.0021569839254708539 0.0076292503952631527 0.0073995024781060683 -0.0012890687403952401 -0.0023640882339674434 -0.0018266591900549364
leaf_weight=396.68655014038086 2589.0497164726257 3806.5082948207855 215.87175559997559 604.00175786018372 5657.3210155963898 385.25364685058594 5580.6325371265411 347.63681197166443 2065.0124094486237 250.02967119216919 471.92767572402954 3288.1155414581299 798.45113229751587 973.29386687278748
leaf_count=49 711 1256 32 96 1751 71 1565 65 431 47 85 960 224 281
internal_value=-2.85646e-06 -0.000229207 0.00225484 -0.000988685 -0.00114133 0.00183344 -0.00076776 0.00287258 0.00216278 0.00275104 0.0050221 -0.000284784 0.000164077 0.000472392
internal_weight=27429.8 27033.1 6324.78 20708.3 20104.3 6108.91 16297.8 3519.86 2662.68 2315.04 857.181 10640.5 7352.38 6553.93
internal_count=7624 7575 1442 6133 6037 1410 4781 699 543 478 156 3030 2070 1846
cat_boundaries=0 3 9 15 21 27 28
cat_threshold=0 0 2 0 132096 1077440732 805371904 0 2 2562736312 7340165 838860800 409664 4251649 20480 0 132096 0 0 0 2 167936 50614794 67108864 2281705480 2241069058 8320 1
is_linear=0
shrinkage=0.03


Tree=52
num_leaves=15
num_cat=8
split_feature=18 18 16 18 18 10 6 18 15 19 17 18 19 11
split_gain=99.2245 55.1718 77.2212 15.0206 14.1745 14.4057 6.99797 10.8561 13.2434 7.67341 12.9558 6.04714 6.12108 5.56339
threshold=0 1 5.2371977943126957 2 3 14.500000000000002 133.50000000000003 4 0.63055555555555565 5 0.082119025724458297 6 7 0.75000000000000011
decision_type=9 9 8 9 9 8 2 9 10 1 10 9 1 10
left_child=-1 2 3 -2 -3 6 7 8 -6 10 -9 -8 -13 -5
right_child=1 4 -4 13 5 -7 11 9 -10 -11 -12 12 -14 -15
leaf_value=0.0145785492203158 0.0002039656408559761 -0.0027193307069485135 0.01958231672576859 0.0033980240076065772 0.011034079838459408 0.0062477093549227723 -0.0022525676862327282 0.0077663086367459307 -0.00041491345912375609 -0.0013433301589494716 -0.00018000143059176225 -0.0012323595519232674 0.00067858311214102809 0.00048828287428651432
leaf_weight=402.68667697906494 4744.7365379333496 4024.5930831432343 212.59988451004028 2820.1671221256256 182.36278653144836 262.17459440231323 3354.4410564899445 253.80635571479797 180.24433922767639 1854.7551939487457 670.63980412483215 5668.9662961959839 2048.8086869716644 748.70856952667236
leaf_count=49 1313 1297 30 547 52 32 1040 72 50 544 197 1649 594 158
internal_value=-2.80132e-06 -0.000225897 0.00176934 0.00131365 -0.00114592 -0.000706757 -0.000835959 0.000413554 0.00521414 -0.000232355 0.00198623 -0.00119052 -0.000724825 0.00278011
internal_weight=27429.7 27027 8526.21 8313.61 18500.8 14476.2 14214 3141.81 362.607 2779.2 924.446 11072.2 7717.77 3568.88
internal_count=7624 7575 2048 2018 5527 4230 4198 915 102 813 269 3283 2243 705
cat_boundaries=0 3 9 15 21 27 28 34 35
cat_threshold=0 0 2 0 164864 1077440732 805371912 0 66 0 164864 0 8 0 66 415252664 24117376 838860800 2282111040 2151735299 20480 0 8706 0 16777216 0 8 24 2147653632 33559055 0 19955712 68419584 2056 30
is_linear=0
shrinkage=0.03


Tree=53
num_leaves=15
num_cat=8
split_feature=18 18 16 18 18 10 18 6 19 18 9 19 6 5
split_gain=95.0104 53.5255 76.0556 15.1425 12.9994 14.1451 6.82555 6.16616 9.71636 7.93036 6.65134 5.09654 6.8727 6.98754
threshold=0 1 5.3495588448485458 2 3 14.500000000000002 4 133.50000000000003 5 6 1.0000000180025095e-35 7 74.500000000000014 551.50000000000011
decision_type=9 9 8 9 9 8 9 2 1 9 10 1 2 2
left_child=-1 2 3 -2 -3 6 -6 8 9 -8 -11 -5 -13 -14
right_child=1 4 -4 11 5 -7 7 -9 -10 10 -12 12 13 -15
leaf_value=0.014163130633418772 0.00020725926712426634 -0.0027477019955432719 0.019802487720197475 0.0047538724517367965 -0.001800004177115096 0.006116508716150282 -0.000980853274604384 -0.00082698573880145797 -0.0013364598408778102 0.0060123771459273112 0.00015331024691735929 -0.00174660060572139 0.0021168482257686297 0.0073894695627383378
leaf_weight=408.60026597976685 5146.8821549415588 3693.2717816829681 202.59907722473145 870.55782103538513 4797.4145195484161 263.81772184371948 361.85210967063904 7194.9681348800659 908.09017968177795 615.92667841911316 243.16513538360596 362.84401512145996 2106.9134221076965 252.73043823242188
leaf_count=49 1424 1191 28 157 1516 32 103 2077 258 171 68 67 436 47
internal_value=-2.77011e-06 -0.000222656 0.00167456 0.00125403 -0.00116156 -0.000752543 -0.000881828 -0.000406896 0.00101059 0.00274437 0.00430602 0.0027448 0.00208582 0.00268447
internal_weight=27429.6 27021 8942.53 8739.93 18078.5 14385.2 14121.4 9324 2129.03 1220.94 859.092 3593.05 2722.49 2359.64
internal_count=7624 7575 2159 2131 5416 4225 4193 2677 600 342 239 707 550 483
cat_boundaries=0 3 9 15 21 27 28 34 35
cat_threshold=0 0 2 0 164864 1077440732 805372936 0 66 0 164864 0 1032 0 66 415252664 24117376 838860800 2282111040 12640259 20480 2147651584 33837071 67108864 4096 2215903232 128 25 73728 134217728 0 0 0 8192 1
is_linear=0
shrinkage=0.03


Tree=54
num_leaves=15
num_cat=6
split_feature=18 18 16 18 18 10 6 18 15 19 17 11 10 16
split_gain=91.0104 51.932 76.9396 14.5448 12.9636 13.5599 6.46517 10.5858 12.5999 5.8591 10.3028 5.20125 5.18661 7.33779
threshold=0 1 5.5161828596273113 2 3 14.500000000000002 133.50000000000003 4 0.63055555555555565 5 0.082119025724458297 0.75000000000000011 0.75000000000000011 0.37796447300922675
decision_type=9 9 8 9 9 8 2 9 10 1 10 10 10 10
left_child=-1 2 3 -2 -3 6 7 8 -6 10 -9 12 13 -5
right_child=1 4 -4 11 5 -7 -8 9 -10 -11 -12 -13 -14 -15
leaf_value=0.013765008100070385 0.00020413564583394468 -0.0026465694543215991 0.020185024439631986 0.0023168685647602053 0.010710504657962878 0.005988849468169387 -0.0011919115734650792 0.0064911222728248072 -0.00042098702683095304 -0.0012768451803926084 -0.00044346817167289116 0.00049208066589475849 0.00057678981623238525 0.0056950297224683481
leaf_weight=414.42850255966187 5147.9490180015564 4019.3823826313019 196.10343170166016 1247.6559491157532 184.6796989440918 265.43629932403564 10709.635634899139 277.41349625587463 180.32037901878357 1793.8887453079224 626.84284853935242 762.16909718513489 521.47093367576599 1082.1516983509064
leaf_count=49 1424 1304 26 242 52 32 3187 79 50 528 184 160 103 204
internal_value=-2.71294e-06 -0.000219434 0.00164689 0.00123158 -0.00114566 -0.000714194 -0.000844323 0.00037094 0.00508614 -0.000286354 0.00167034 0.00268688 0.00328261 0.00388773
internal_weight=27429.5 27015.1 8957.5 8761.4 18057.6 14038.2 13772.8 3063.15 365 2698.15 904.256 3613.45 2851.28 2329.81
internal_count=7624 7575 2159 2133 5416 4112 4080 893 102 791 263 709 549 446
cat_boundaries=0 3 9 15 21 27 28
cat_threshold=0 0 2 0 164864 1077440732 805372936 0 66 0 164864 0 1032 0 66 415252664 24117377 838860800 409664 2160123905 20480 0 8706 0 16777216 0 8 24
is_linear=0
shrinkage=0.03


Tree=55
num_leaves=15
num_cat=8
split_feature=18 18 13 18 18 10 18 6 19 18 9 16 19 17
split_gain=87.2117 50.3821 75.6337 13.5397 12.4071 13.2015 6.59812 5.81668 9.27167 7.53602 6.32889 5.77737 6.74613 9.38299
threshold=0 1 3.3571428571428572 2 3 14.500000000000002 4 133.50000000000003 5 6 1.0000000180025095e-35 2.9358214555806397 7 0.4326602054153636
decision_type=9 9 8 9 9 8 9 2 1 9 10 10 1 10
left_child=-1 2 3 -2 -3 6 -6 8 9 -8 -11 12 13 -5
right_child=1 4 -4 11 5 -7 7 -9 -10 10 -12 -13 -14 -15
leaf_value=0.013383167482274841 0.00020105974251001293 -0.002684147131331951 0.019295050103218137 0.0020291098130491704 -0.0017608556271558442 0.005864602974036002 -0.00096449439333412502 -0.00079855395639234902 -0.0013120661777686273 0.0058397615789051501 0.00013387991720125131 -0.0015884310011554824 0.0021570694517820464 0.0085207999515371641
leaf_weight=420.17255544662476 5148.9999897480011 3673.9959869384766 211.76228046417236 386.25265836715698 4783.0850467681885 267.03073787689209 361.41434526443481 7180.4569115638733 906.43989133834839 621.06192111968994 243.48075485229492 272.86449003219604 2535.1635262966156 417.25721025466919
leaf_count=49 1424 1191 28 70 1516 32 103 2077 258 171 68 49 514 74
internal_value=-2.66407e-06 -0.000216265 0.00161963 0.00119207 -0.00112994 -0.000730632 -0.000856497 -0.00038957 0.000985513 0.00267288 0.00418646 0.00259677 0.00294697 0.00534022
internal_weight=27429.4 27009.3 8972.3 8760.54 18037 14363 14095.9 9312.85 2132.4 1225.96 864.543 3611.54 3338.67 803.51
internal_count=7624 7575 2159 2131 5416 4225 4193 2677 600 342 239 707 658 144
cat_boundaries=0 3 9 15 21 27 28 34 35
cat_threshold=0 0 2 0 164864 1077440732 805372936 0 66 0 164864 0 1032 0 66 415252664 24117376 838860800 2282111040 12640259 20480 2147651584 33837071 67108864 4096 2215903232 128 25 73728 134217728 0 0 0 8192 1
is_linear=0
shrinkage=0.03


Tree=56
num_leaves=15
num_cat=8
split_feature=18 18 13 18 18 16 6 18 19 17 11 17 19 18
split_gain=83.6016 48.8813 71.7858 13.0875 12.0963 12.7874 6.42636 11.6127 6.72868 12.5609 5.71168 5.68369 5.11004 6.64881
threshold=0 1 3.3571428571428572 2 3 2.931760837213119 133.50000000000003 4 5 0.083536383249690357 0.75000000000000011 1.0000000180025095e-35 6 7
decision_type=9 9 8 9 9 8 2 9 1 10 10 10 1 9
left_child=-1 2 3 -2 -3 6 7 -6 9 -9 -5 -8 -13 -14
right_child=1 4 -4 10 5 -7 11 8 -10 -11 -12 12 13 -15
leaf_value=0.013016670227537797 0.00019803078912763319 -0.0026514188681657897 0.018644638413505159 0.0031718705679512843 0.0052747373856266303 0.0052254650516519348 0.0032211693458916607 0.0075064587320059183 -0.001406973701361993 -0.00041834718738334719 0.00024411043923961337 -0.0016860089674213526 0.0016018128301874999 -0.0013658666886229469
leaf_weight=425.8335919380188 5150.0353586673737 3664.1476907730103 215.88792133331299 2862.1173484325409 368.92070579528809 317.28703165054321 255.63487529754639 248.72741913795471 1759.0398108959198 644.40098571777344 758.81697368621826 7935.0753402709961 1110.7925846576691 1712.647894859314
leaf_count=49 1424 1191 28 548 104 45 72 69 519 190 159 2383 326 517
internal_value=-2.6246e-06 -0.000213149 0.00159291 0.00117294 -0.00111445 -0.000720332 -0.000855622 0.000369992 -0.000332624 0.00177471 0.00255151 -0.0011918 -0.00129695 -0.000196643
internal_weight=27429.4 27003.5 8986.86 8770.97 18016.7 14352.5 14035.2 3021.09 2652.17 893.128 3620.93 11014.2 10758.5 2823.44
internal_count=7624 7575 2159 2131 5416 4225 4180 882 778 259 707 3298 3226 843
cat_boundaries=0 3 9 15 21 27 28 29 35
cat_threshold=0 0 2 0 164864 1077440732 805372936 0 66 0 164864 0 1032 0 66 415252664 24117376 838860800 2282111040 12640259 20480 0 8706 0 16777216 0 2056 24 30 73728 168050689 0 2048 0 901
is_linear=0
shrinkage=0.03


Tree=57
num_leaves=15
num_cat=6
split_feature=18 18 13 18 18 16 6 18 1 16 19 17 6 5
split_gain=80.1684 47.4224 68.1818 12.6501 11.6547 12.3707 6.3012 10.9906 5.89517 5.56707 6.48232 8.99655 5.69432 5.81213
threshold=0 1 3.3571428571428572 2 3 2.931760837213119 133.50000000000003 4 25.500000000000004 2.9358214555806397 5 0.4326602054153636 74.500000000000014 528.50000000000011
decision_type=9 9 8 9 9 8 2 9 2 10 1 10 2 2
left_child=-1 2 3 -2 -3 6 7 8 -6 10 11 -5 -12 -14
right_child=1 4 -4 9 5 -7 -8 -9 -10 -11 12 -13 13 -15
leaf_value=0.012664650661484898 0.0001950480650634776 -0.0026068001882318496 0.018027854655835385 0.0019452590781917313 0.0010441324028989741 0.0051209150019398565 -0.0011797229354351779 -0.0003588785825719143 0.0082474031567232337 -0.0016002200791900409 -0.0016052455398735969 0.0082775856281463583 0.002070733808961727 0.0068589667780606118
leaf_weight=431.41275978088379 5151.0553252696991 3667.0619208812714 219.95083141326904 388.18056774139404 188.12030482292175 318.94933652877808 10975.672677755356 2622.9304356575012 223.8825249671936 273.1072883605957 327.37756562232971 421.64666414260864 1962.361766576767 257.53840827941895
leaf_count=49 1424 1199 28 70 52 45 3287 771 62 49 61 74 405 48
internal_value=-2.56103e-06 -0.000210052 0.00156663 0.00115409 -0.00109909 -0.000711555 -0.000845194 0.0003646 0.00485142 0.00250705 0.00284903 0.00518447 0.00207631 0.00262907
internal_weight=27429.2 26997.8 9001.22 8781.27 17996.6 14329.6 14010.6 3034.93 412.003 3630.21 3357.1 809.827 2547.28 2219.9
internal_count=7624 7575 2159 2131 5416 4217 4172 885 114 707 658 144 514 453
cat_boundaries=0 3 9 15 21 27 28
cat_threshold=0 0 2 0 164864 1077440732 805372936 0 66 0 164864 0 1032 0 66 415252664 24117377 838860800 393280 12640259 20480 0 8706 0 16779264 0 8 1
is_linear=0
shrinkage=0.03


Tree=58
num_leaves=15
num_cat=8
split_feature=18 18 13 18 18 10 6 18 19 11 18 17 19 1
split_gain=76.9018 46.039 64.8503 12.2658 12.1801 12.6347 6.28409 9.20278 14.1871 5.52459 5.35817 6.93509 6.06247 5.28253
threshold=0 1 3.3571428571428572 2 3 14.500000000000002 133.50000000000003 4 5 0.75000000000000011 6 1.0000000180025095e-35 7 33.500000000000007
decision_type=9 9 8 9 9 8 2 9 1 10 9 10 1 2
left_child=-1 2 3 -2 -3 6 7 -6 13 -5 -8 -12 -13 -9
right_child=1 4 -4 9 5 -7 10 8 -10 -11 11 12 -14 -15
leaf_value=0.012326304150120796 0.00019346897343464994 -0.0024787574615677955 0.017442213405728057 0.0030711578564582742 -0.001386839861063529 0.0059414641847779417 -0.0021775310096817566 0.003179031074120296 -0.0014593603710054478 0.00019703768842946134 0.0046951712695148277 0.00065539942524218704 -0.0013539271928320257 0.0088214131122170726
leaf_weight=436.91119718551636 5205.2697386741638 4301.1127071380615 223.95203018188477 2878.1648104190826 1367.8217294216156 255.96489953994751 3061.4045977592468 807.22198414802551 663.11364698410034 761.18647527694702 208.76645112037659 1812.6963114738464 5262.5391941070557 183.02557682991028
leaf_count=49 1439 1403 28 548 412 30 949 227 190 159 58 531 1551 50
internal_value=-2.50834e-06 -0.000207008 0.00153371 0.0011307 -0.00108813 -0.000647418 -0.000774512 0.000429077 0.00192804 0.00246347 -0.001126 -0.000679897 -0.000840099 0.0041875
internal_weight=27429.2 26992.2 9068.57 8844.62 17923.7 13622.6 13366.6 3021.18 1653.36 3639.35 10345.4 7284 7075.24 990.248
internal_count=7624 7575 2174 2146 5401 3998 3968 879 467 707 3089 2140 2082 277
cat_boundaries=0 3 9 15 21 27 28 34 35
cat_threshold=0 0 2 0 164864 1077702876 805372936 0 66 0 164864 262144 1032 0 66 415252664 24117380 838860800 2282111040 2151735297 20480 238080 167788553 0 4096 2 8832 25 2147522560 33559051 0 19955712 68419586 3080 65
is_linear=0
shrinkage=0.03


Tree=59
num_leaves=15
num_cat=7
split_feature=18 18 16 18 18 17 18 6 1 18 19 10 16 6
split_gain=73.7922 44.6685 62.0092 12.4105 10.6439 11.723 6.40438 6.63429 5.48098 6.21941 5.07257 6.77057 12.61 6.21041
threshold=0 1 5.7086217090999574 2 3 0.66977902543357992 4 16.500000000000004 37.500000000000007 5 6 0.75000000000000011 0.37796447300921637 74.500000000000014
decision_type=9 9 8 9 9 8 9 2 2 9 1 10 10 2
left_child=-1 2 3 -2 -3 6 -6 -8 9 -9 11 12 -5 -12
right_child=1 4 -4 10 5 -7 7 8 -10 -11 13 -13 -14 -15
leaf_value=0.012000886790937387 0.00019055576682636905 -0.0026038173612002993 0.017928314296423685 0.0019220894638025613 -0.0017530219158505334 0.0051626429842141939 0.0034301044869031049 -0.00091761626958929761 -0.0017667878879315214 0.00092026626005468166 -0.0018199095789302579 0.00058471944430576507 0.010487662701946791 0.0023754746395389385
leaf_weight=442.33002328872681 5206.2769017219543 3322.9217433929443 201.42866039276123 308.45340633392334 4691.7881186008453 297.34682488441467 389.38787031173706 3794.7289571762085 2483.6139831542969 2924.4776604175568 364.88360857963562 277.05323028564453 310.39761519432068 2414.030168056488
leaf_count=49 1439 1090 24 55 1493 41 108 1117 741 811 67 51 52 486
internal_value=-2.49062e-06 -0.000204042 0.0015085 0.00113581 -0.00107318 -0.000722662 -0.000846033 -0.000400022 -0.000562871 -0.000117672 0.00246734 0.00443621 0.00622832 0.00181761
internal_weight=27429.1 26986.8 9082.52 8881.09 17904.3 14581.3 14284 9592.21 9202.82 6719.21 3674.82 895.904 618.851 2778.91
internal_count=7624 7575 2174 2150 5401 4311 4270 2777 2669 1928 711 158 107 553
cat_boundaries=0 3 9 15 21 27 33 34
cat_threshold=0 0 2 0 164864 1077702876 805372936 0 66 0 164864 262144 1032 0 66 415252664 24117376 838860800 393280 12640257 20480 2147520512 33837581 67108864 2281754624 2215903234 8320 139776 134227970 0 1048576 16777216 2057 1
is_linear=0
shrinkage=0.03


Tree=60
num_leaves=15
num_cat=5
split_feature=18 18 9 7 18 19 10 18 16 15 5 1 1 0
split_gain=71.131 34.106 22.379 15.9986 12.9317 8.55093 11.2031 8.18232 6.70364 5.38677 10.9896 5.2466 5.12469 6.27267
threshold=0 1 8.5000000000000018 4.5000000000000009 2 3 0.75000000000000011 4 0.37796447300921637 0.44722222222222224 403.00000000000006 37.500000000000007 37.500000000000007 28.500000000000004
decision_type=9 9 8 8 9 1 10 9 10 8 2 2 2 2
left_child=1 -1 4 5 -2 6 8 -6 -3 10 -7 -11 13 -9
right_child=2 3 -4 -5 7 9 -8 12 -10 11 -12 -13 -14 -15
leaf_value=0.010050678384363319 -0.0023953317354011784 0.0027437621522333655 0.0063551206102605935 0.0094700416923439775 -0.0013757243532752947 0.00075792311295480228 0.00027233809703200684 0.0006125592110476836 0.0085508881859977532 0.00097462302429367296 0.0069362799831807253 -0.0025505318032287439 -0.0010672329164160322 -0.002465570434311227
leaf_weight=560.73870801925659 4100.3613240718842 295.74067378044128 390.71049118041992 261.8448166847229 6449.3786764144897 856.5205385684967 444.94221234321594 7412.4765021800995 457.02169275283813 1564.9407961368561 370.66608762741089 500.73190689086914 3116.0557217597961 646.91705846786499
leaf_count=65 1374 54 38 43 2001 175 96 2047 89 355 73 120 908 186
internal_value=-2.45175e-06 0.00311075 -0.000751543 0.00227058 -0.000879984 0.00185382 0.00401432 -0.000525669 0.00627609 0.00105163 0.0026282 0.000119283 -3.42304e-05 0.000365207
internal_weight=27429 5313.15 22115.9 4752.41 21725.2 4490.56 1197.7 17624.8 752.762 3292.86 1227.19 2065.67 11175.4 8059.39
internal_count=7624 1070 6554 1005 6516 962 239 5142 143 723 248 475 3141 2233
cat_boundaries=0 4 7 13 14 20
cat_threshold=0 131072 2650334 805371904 0 0 6 415252664 7340172 805306368 2282111040 2160123907 4096 65 2147659776 50614787 100663296 36872 85196800 26752
is_linear=0
shrinkage=0.03


Tree=61
num_leaves=15
num_cat=6
split_feature=18 17 7 9 14 17 18 9 18 19 15 1 19 19
split_gain=68.858 25.5866 53.1045 21.5961 20.4356 43.4726 12.2794 9.86503 8.01624 5.85385 6.71872 5.10609 4.65217 4.03146
threshold=0 0.64823309548080199 2.5000000000000004 8.5000000000000018 0.20535714285714288 0.14903755386825365 1 1.0000000180025095e-35 2 3 0.54166666666666674 24.500000000000004 4 5
decision_type=9 10 8 8 10 10 9 10 9 1 10 2 1 1
left_child=1 2 4 6 5 11 -2 12 -8 -6 -11 -1 -3 -10
right_child=3 7 -4 -5 9 -7 8 -9 13 10 -12 -13 -14 -15
leaf_value=6.8429407995417702e-05 -0.0023945843666789961 0.0016895645451529095 0.015920247099012439 0.0062208270197316399 -0.0014542349664097695 0.013940858310726587 -0.0014998938788547728 0.004193109409884958 -0.0011820781136423167 0.00078216883293737323 0.0057003277536879409 0.0045717704471393084 -0.0019207420034417348 0.00015692744021780005
leaf_weight=436.9862756729126 3868.9544446468353 452.84613060951233 338.2485945224762 393.20140933990479 521.15061020851135 434.3532075881958 5369.1443588733673 458.64328408241272 2527.2903537750244 769.09611630439758 369.66411828994751 469.73513865470886 1045.4126048088074 9974.2540807723999
leaf_count=78 1303 101 51 38 109 67 1687 110 721 149 71 89 238 2812
internal_value=-2.4157e-06 0.00306672 0.0046684 -0.000737982 0.0033953 0.00614814 -0.000864465 0.0003483 -0.000531445 0.00116886 0.00236158 0.00240389 -0.000830676 -0.000114565
internal_weight=27429 5296.14 3339.23 22132.8 3000.99 1341.07 21739.6 1956.9 17870.7 1659.91 1138.76 906.721 1498.26 12501.5
internal_count=7624 1063 614 6561 563 234 6523 449 5220 329 220 167 339 3533
cat_boundaries=0 4 10 16 17 18 19
cat_threshold=0 131072 1076388062 805371904 415252664 7340173 805306368 134627392 12640259 4096 2147653632 50614786 100663296 2147520512 2232680448 26756 24 2 4
is_linear=0
shrinkage=0.03


Tree=62
num_leaves=15
num_cat=6
split_feature=18 18 11 18 18 3 18 16 11 0 0 6 19 1
split_gain=67.0514 41.0547 58.4964 11.1732 10.0363 11.0675 7.51546 6.61623 5.77084 5.73185 5.86091 5.2888 11.724 7.45951
threshold=0 1 6.5000000000000009 2 3 1.0000000180025095e-35 4 1.1126972805283744 0.75000000000000011 11.500000000000002 5.5000000000000009 98.500000000000014 5 25.500000000000004
decision_type=9 9 8 9 9 2 9 8 10 2 2 2 1 2
left_child=-1 2 3 -2 -3 6 -6 -7 9 10 -5 12 13 -8
right_child=1 4 -4 8 5 7 11 -9 -10 -11 -12 -13 -14 -15
leaf_value=0.011283283857591015 0.00018217431893360393 -0.0025252575583544824 0.016432962653328023 0.0043563761174144249 -0.0018032335825301537 1.61667225785104e-05 0.0020554738273111093 0.0066791669657186858 -9.5030969907130349e-05 0.003867903577933326 -0.0007135754593054726 -0.00067645187724078252 -0.0010053341870822421 0.0087945218478393955
leaf_weight=454.75555276870728 5324.5633442401886 3301.7524852752686 227.36828637123108 308.2821033000946 4892.5341992378235 254.46249175071716 454.6646363735199 282.6342089176178 695.15794515609741 1956.5801651477814 609.18806505203247 7542.8146855831146 905.61870145797729 218.68933892250061
leaf_count=49 1463 1090 35 61 1558 77 128 40 144 351 120 2189 259 60
internal_value=-2.46211e-06 -0.000197248 0.00143912 0.00105562 -0.00103364 -0.000693533 -0.000856069 0.00352831 0.00235112 0.00295079 0.000992884 -0.000345553 0.0012324 0.00419179
internal_weight=27429.1 26974.3 9121.14 8893.77 17853.2 14551.4 14014.3 537.097 3569.21 2874.05 917.47 9121.79 1578.97 673.354
internal_count=7624 7575 2174 2139 5401 4311 4194 117 676 532 181 2636 447 188
cat_boundaries=0 3 9 15 21 27 28
cat_threshold=0 0 2 0 164864 1077702876 805372936 0 66 0 164864 1074004032 1032 0 66 415252664 24117376 838860800 393280 12640257 20480 2147520512 33837071 67108864 2281721856 2215903234 384 9
is_linear=0
shrinkage=0.03


Tree=63
num_leaves=15
num_cat=4
split_feature=18 18 9 14 0 18 18 1 11 0 0 5 1 15
split_gain=64.6466 30.7755 20.3041 15.0754 22.2332 11.982 7.62304 6.64606 6.26034 6.44967 7.29892 6.90063 8.51494 5.15629
threshold=0 1 8.5000000000000018 0.062500000000000014 19.500000000000004 2 3 37.500000000000007 0.75000000000000011 11.500000000000002 26.500000000000004 237.50000000000003 14.500000000000002 0.59722222222222232
decision_type=9 9 8 10 2 9 9 2 10 2 2 2 2 10
left_child=1 -1 5 4 -3 -2 -7 8 9 -5 11 -11 -13 -9
right_child=2 3 -4 7 -6 6 -8 13 -10 10 -12 12 -14 -15
leaf_value=0.0094561922254576599 -0.0023087039254090736 0.0010123682761228661 0.0059888469223261355 0.00048611075122869253 0.012103101946739222 -0.0013262002940074037 -2.9799342107703647e-05 0.00091547350945707449 0.00028863637597542353 0.007715786815507119 -0.00042352254625736341 0.0067101810095248149 0.00017575340864535256 -0.0037692216321231317
leaf_weight=574.69511556625366 4072.0696432590485 335.57586359977722 397.5797004699707 614.25615334510803 315.09957933425903 6425.8037056922913 11172.11540055275 587.11600303649902 1100.322416305542 522.35897564888 261.18654036521912 331.51499080657959 390.08175683021545 329.22880434989929
leaf_count=65 1374 68 38 133 53 2001 3141 125 254 97 53 63 80 79
internal_value=-2.4287e-06 0.00294888 -0.000720577 0.00214773 0.00639356 -0.000844278 -0.000503707 0.00148359 0.002125 0.00307779 0.00413444 0.00509102 0.00318292 -0.000769941
internal_weight=27429 5361.44 22067.6 4786.74 650.675 21670 17597.9 4136.07 3219.72 2119.4 1505.14 1243.96 721.597 916.345
internal_count=7624 1070 6554 1005 121 6516 5142 884 680 426 293 240 143 204
cat_boundaries=0 4 7 13 19
cat_threshold=0 131072 2650334 805371904 0 0 6 415252664 7340172 805306368 2282111040 2160123907 4096 2147659776 50614787 100663296 36872 85196800 26752
is_linear=0
shrinkage=0.03


Tree=64
num_leaves=15
num_cat=4
split_feature=18 17 6 0 14 9 18 9 5 18 19 1 0 1
split_gain=62.648 23.3835 50.0372 23.6553 43.2648 19.6013 11.2077 9.51072 8.03125 7.47443 4.97258 4.56977 6.35636 5.61866
threshold=0 0.64823309548080199 67.500000000000014 20.500000000000004 0.098214285714285726 8.5000000000000018 1 1.0000000180025095e-35 344.50000000000006 2 3 37.500000000000007 26.500000000000004 33.500000000000007
decision_type=9 10 2 2 10 8 9 10 2 9 1 2 2 2
left_child=1 2 -1 10 -5 6 -2 -3 -6 -8 -4 12 13 -11
right_child=5 7 3 4 8 -7 9 -9 -10 11 -12 -13 -14 -15
leaf_value=0.015716045513857097 -0.0023162788556437643 -0.00085013571631299082 -0.00099670829033697344 0.015636267839123818 -0.00035888777138923819 0.0058644462381509579 -0.0015006992791964939 0.004069567081510567 0.0057066142514978603 0.00021745489267622686 0.0022582496340705182 -0.0010440328561794052 -0.0017108251701186137 0.002532842972881197
leaf_weight=318.95244121551514 3761.3484215736389 1500.335652589798 613.70083856582642 339.4387423992157 373.51136064529419 399.96789073944092 4993.2602760791779 461.6371693611145 413.2314977645874 6924.4912781715393 1322.3019459247589 3592.6624772548676 1323.0501914024353 1091.051549911499
leaf_count=46 1276 339 125 52 67 38 1587 110 77 1928 247 1050 381 301
internal_value=-2.39449e-06 0.00290911 0.00442599 0.00324529 0.00670047 -0.000707857 -0.000829666 0.000308916 0.00283018 -0.000516017 0.00123298 -0.000134841 0.000214866 0.000532895
internal_weight=27428.9 5343.11 3381.14 3062.18 1126.18 22085.8 21685.9 1961.97 786.743 17924.5 1936 12931.3 9338.59 8015.54
internal_count=7624 1063 614 568 196 6561 6523 449 144 5247 372 3660 2610 2229
cat_boundaries=0 4 10 16 17
cat_threshold=0 131072 1076388062 805371904 415252664 7340173 805306368 134627392 12640257 4096 2147651584 50614786 100663296 2147520512 2232680450 26752 24
is_linear=0
shrinkage=0.03


Tree=65
num_leaves=15
num_cat=6
split_feature=18 18 11 18 18 6 19 17 11 17 1 18 0 0
split_gain=61.022 37.762 84.2579 12.0235 8.21066 7.29486 9.63421 8.20229 6.3101 6.25753 8.53058 7.55591 4.50934 4.9539
threshold=0 1 13.500000000000002 2 3 133.50000000000003 4 1.0000000180025095e-35 0.75000000000000011 0.086489845710033084 24.500000000000004 5 11.500000000000002 4.5000000000000009
decision_type=9 9 8 9 9 2 1 10 10 10 2 9 2 2
left_child=-1 2 3 8 -3 6 9 -7 12 10 -6 -11 13 -2
right_child=1 4 -4 -5 5 7 -8 -9 -10 11 -12 -13 -14 -15
leaf_value=0.010625478013651657 0.0046160159759526791 -0.0024226704774411921 0.020119083736158807 9.6858737432068304e-05 -8.9505243052455648e-05 0.0027086350040516887 -0.0015455988765984538 -0.0013536458981485435 -0.00022993021218258415 0.0043529770329828518 0.0080118956395223602 -0.00082148009889794005 0.003706078582296653 -0.0002894868477649369
leaf_weight=466.75948286056519 259.58257102966309 3447.6578981876373 205.89868664741516 7325.2550103664398 190.44295144081116 469.28322219848633 1121.3335900306702 9202.543684720993 742.46696758270264 362.95702242851257 302.14547419548035 786.01692032814026 1905.8796138763428 640.76144433021545
leaf_count=49 51 1143 27 2017 56 94 335 2812 153 99 83 241 338 126
internal_value=-2.41782e-06 -0.000190661 0.00115288 0.000792993 -0.00112809 -0.000767325 0.000591409 -0.00115628 0.00222299 0.00204817 0.00488592 0.000846187 0.00287976 0.00112839
internal_weight=27429 26962.2 11079.8 10873.9 15882.4 12434.7 2762.9 9671.83 3548.69 1641.56 492.588 1148.97 2806.22 900.344
internal_count=7624 7575 2712 2685 4863 3720 814 2906 668 479 139 340 515 177
cat_boundaries=0 3 9 13 19 20 26
cat_threshold=0 0 2 65536 164864 1077702876 805372936 0 582 0 0 1077440652 805371904 415252664 24117376 838860800 2147893312 12640257 20480 25 0 10240 0 2048 0 1024
is_linear=0
shrinkage=0.03


Tree=66
num_leaves=15
num_cat=5
split_feature=18 7 17 14 1 14 9 18 18 9 19 14 18 1
split_gain=58.9207 22.912 58.6222 19.3371 33.7418 23.7791 18.4606 11.126 6.95256 5.13358 5.29088 4.26514 4.09578 4.00481
threshold=0 2.5000000000000004 0.62359664771412426 0.20535714285714288 38.500000000000007 0.075892857142857165 8.5000000000000018 1 2 1.0000000180025095e-35 3 0.7053571428571429 4 37.500000000000007
decision_type=9 8 10 10 2 8 8 9 9 8 1 10 9 2
left_child=1 3 -3 4 5 -1 7 -2 -9 10 12 -11 -5 -10
right_child=6 2 -4 9 -6 -7 -8 8 13 11 -12 -13 -14 -15
leaf_value=-0.00045835225076551727 -0.0022288966599915603 0.017688724376798196 -0.0011148120053409585 -0.0026492085961056372 0.014140048057748936 0.0084263497563488114 0.005655035443280455 -0.001331671064447188 0.00027623904991638532 0.00043246403770417661 0.0014998249873448182 0.0050834889875098566 0.00085511708156114008 -0.00096159347336047273
leaf_weight=756.30596995353699 4031.3347001075745 299.58345150947571 296.10314846038818 715.12823247909546 289.8262243270874 421.52341294288635 404.05336570739746 5804.4227199554443 8556.4420099258423 311.12591767311096 1379.3969671726227 412.63683867454529 507.88790392875671 3243.1166136264801
leaf_count=128 1371 40 61 160 48 72 38 1810 2391 73 283 91 107 951
internal_value=-2.36498e-06 0.00280609 0.00835568 0.00212074 0.0049879 0.00272577 -0.000690202 -0.000809278 -0.000482535 0.000854508 0.00023254 0.0030875 -0.0011993 -6.39785e-05
internal_weight=27428.9 5389.52 595.687 4793.83 1467.66 1177.83 22039.4 21635.3 17604 3326.18 2602.41 723.763 1223.02 11799.6
internal_count=7624 1063 101 962 248 200 6561 6523 5152 714 550 164 267 3342
cat_boundaries=0 4 10 16 17 21
cat_threshold=0 131072 1076392094 805371904 2562736312 7340173 805306368 134627392 12640259 4096 169984 50614786 100663296 2147520520 2232680448 24708 28 0 131072 2 536870912
is_linear=0
shrinkage=0.03


Tree=67
num_leaves=15
num_cat=5
split_feature=18 18 11 18 18 6 19 5 17 17 5 6 5 5
split_gain=57.6587 35.7783 79.0613 11.184 7.84125 6.42037 9.76371 10.5873 11.0764 7.52992 5.47307 4.177 4.38216 8.6696
threshold=0 1 13.500000000000002 2 3 133.50000000000003 4 161.50000000000003 0.087539325943598159 1.0000000180025095e-35 30.500000000000004 63.000000000000007 137.50000000000003 199.50000000000003
decision_type=9 9 8 9 9 2 1 2 10 10 2 2 2 2
left_child=-1 2 3 -2 -3 6 7 8 -6 -7 -5 -12 -13 -14
right_child=1 4 -4 10 5 9 -8 -9 -10 -11 11 12 13 -15
leaf_value=0.010251063698914856 7.4935107997008417e-05 -0.0023211609441200808 0.019239939117509364 0.0062869537202997327 0.011560721270498136 0.0025805666032194482 -0.00074242583030086735 -7.9712052711920629e-05 0.002098733235438085 -0.0013162406863221803 -0.0010904274321271174 0.0003042671871022754 0.0080739165020597952 0.0021813406608135145
leaf_weight=473.87240743637085 7352.0266239643097 3694.0650236606598 211.22696375846863 260.27093982696533 201.39023351669312 469.29628562927246 1820.058212518692 471.73382472991943 248.75432538986206 8772.9639267921448 402.04515790939331 832.77465867996216 253.00621294975281 1965.4555726051331
leaf_count=49 2036 1233 27 49 54 93 542 140 73 2679 71 154 46 378
internal_value=-2.39373e-06 -0.000186758 0.00110138 0.000754423 -0.00111339 -0.000739311 0.000534769 0.00302961 0.00634818 -0.00111811 0.00209344 0.00178171 0.00216039 0.0028567
internal_weight=27428.9 26955.1 11276.8 11065.6 15678.3 11984.2 2741.94 921.878 450.145 9242.26 3713.55 3453.28 3051.24 2218.46
internal_count=7624 7575 2761 2734 4814 3581 809 267 127 2772 698 649 578 424
cat_boundaries=0 3 9 15 21 22
cat_threshold=0 0 2 65536 164864 1077702876 805372936 0 590 65536 164864 266240 1032 0 590 415252664 24117376 838860800 393280 2160123907 20480 24
is_linear=0
shrinkage=0.03


Tree=68
num_leaves=15
num_cat=6
split_feature=18 7 18 18 18 6 19 17 18 1 14 17 9 1
split_gain=55.4355 34.7632 30.0333 7.47436 7.43605 6.28347 9.59352 7.14476 7.62734 7.18347 6.02777 12.8942 7.42952 4.92199
threshold=0 inf 1 2 3 133.50000000000003 4 0.087539325943598159 5 24.500000000000004 0.45535714285714296 0.39676912371628759 1.0000000180025095e-35 13.500000000000002
decision_type=9 8 9 9 9 2 1 10 9 2 10 10 10 2
left_child=-1 2 3 10 -4 6 7 9 -9 -6 11 -2 13 -12
right_child=1 -3 4 -5 5 -7 -8 8 -10 -11 12 -13 -14 -15
leaf_value=0.010000340789288282 0.0019402581367857887 0.0082566266326790823 -0.0021949312265135486 0.00043980993097377083 0.00046350127052520565 -0.0010572297370308353 -0.00151310284655426 0.0040956264228062091 -0.00076967735831162188 0.0078223039464084976 0.0034105189211194602 0.0082152097538030575 0.0046727875381772088 -0.00094693840737655765
leaf_weight=478.75508594512939 1072.4703488349915 431.09887027740479 3889.0727272033691 5639.8305191993713 197.22183418273926 10622.749840974808 1285.569162607193 406.72208952903748 942.35404443740845 302.03428864479065 298.04272651672363 405.91349077224731 396.79048013687134 1060.2357640266418
leaf_count=49 187 38 1326 1506 58 3200 380 113 281 81 56 71 72 206
internal_value=-2.35085e-06 -0.00018405 -0.000321639 0.00110135 -0.00103726 -0.000708489 0.000471313 0.00184978 0.000723706 0.00492208 0.00224982 0.00366753 0.00106702 1.10102e-05
internal_weight=27428.9 26950.1 26519 8873.28 17645.7 13756.7 3133.9 1848.33 1349.08 499.256 3233.45 1478.38 1755.07 1358.28
internal_count=7624 7575 7537 2098 5439 4113 913 533 394 139 592 258 334 262
cat_boundaries=0 3 9 13 19 20 26
cat_threshold=0 0 2 0 164864 1077702876 805372928 0 579 0 0 2629772 805306368 2562736312 7340172 805306368 2282111040 12640259 4096 25 0 16787456 0 2048 0 1024
is_linear=0
shrinkage=0.03


Tree=69
num_leaves=15
num_cat=4
split_feature=18 7 17 14 17 9 18 18 9 19 1 14 0 6
split_gain=53.813 20.9953 47.7604 20.0838 25.7856 16.529 10.3654 6.77715 4.75806 5.57473 4.35885 4.31774 3.62362 6.37028
threshold=0 2.5000000000000004 0.6276745980918601 0.20535714285714288 0.14903755386825365 8.5000000000000018 1 2 1.0000000180025095e-35 3 24.500000000000004 0.7053571428571429 2.5000000000000004 16.500000000000004
decision_type=9 8 10 10 10 8 9 9 10 1 2 10 2 2
left_child=1 3 -3 4 10 6 -2 -8 9 -5 -1 -10 -9 -14
right_child=5 2 -4 8 -6 -7 7 12 11 -11 -12 -13 13 -15
leaf_value=-0.00021200439040331545 -0.0021610926929261144 0.016121265116135847 -0.00082212850112725112 -0.0013213416753009369 0.010255929377584631 0.0052934475474211646 -0.0012940122237268259 -0.002241216435604597 0.00024746985869215151 0.0014519373755866483 0.0039813728314689219 0.0048922536870316261 0.0041056775052449321 -4.9135567843807779e-05
leaf_weight=443.30719137191772 3934.8411943912506 310.90407204627991 287.79383277893066 1216.4312193393707 529.14107632637024 411.30720520019531 5858.5187001228333 640.17239570617676 316.9193377494812 1381.6345164775848 447.90768027305603 416.6339418888092 341.56783056259155 10891.664615869522
leaf_count=77 1342 40 60 265 80 38 1839 182 74 282 82 91 92 3080
internal_value=-2.28754e-06 0.00269376 0.00798879 0.00203076 0.00501645 -0.000656695 -0.000770191 -0.000459957 0.000756765 0.000153964 0.00189761 0.00288862 -4.76044e-05 7.75537e-05
internal_weight=27428.7 5350.67 598.698 4751.97 1420.36 22078.1 21666.8 17731.9 3331.62 2598.07 891.215 733.553 11873.4 11233.2
internal_count=7624 1051 100 951 239 6573 6535 5193 712 547 159 165 3354 3172
cat_boundaries=0 4 10 16 17
cat_threshold=0 131072 2646238 805371904 415252664 36700293 805306368 2282111040 2160123907 4096 2147653632 21254666 100663296 36872 85196800 24708 28
is_linear=0
shrinkage=0.03


Tree=70
num_leaves=15
num_cat=6
split_feature=18 18 10 18 18 17 6 19 5 15 19 6 5 17
split_gain=52.3626 33.1459 75.8619 10.587 7.22364 6.48726 7.48197 9.40152 11.2371 10.8414 4.97071 6.07173 4.97483 4.68275
threshold=0 1 11.000000000000002 2 3 1.0000000180025095e-35 133.50000000000003 4 161.50000000000003 0.28611111111111115 5 74.500000000000014 551.50000000000011 0.4326602054153636
decision_type=9 9 8 9 9 10 2 1 2 10 1 2 2 10
left_child=-1 2 3 -2 -3 -6 7 8 9 -7 13 -12 -13 -5
right_child=1 4 -4 10 5 6 -8 -9 -10 -11 11 12 -14 -15
leaf_value=0.0096491247666025057 5.8914063910177964e-05 -0.0022792769870213924 0.018848889713462734 0.0014908907618274595 0.0026745716735107018 0.010961482445960248 -0.0013128769412198286 -0.00076487755969311549 -0.00014485855315148378 0.0013493807164151302 -0.002211327717686742 0.001456088954030094 0.00581083114819274 0.0058985788479039656
leaf_weight=485.76254796981812 7648.7518582344055 3555.7590379714966 210.13029384613037 380.66499018669128 480.43834185600281 229.28299641609192 8613.9971280097961 1789.0032780170441 479.92195272445679 195.64611339569092 366.71342086791992 2223.2680952548981 263.38064527511597 506.06037902832031
leaf_count=49 2121 1183 22 66 99 63 2654 535 143 56 66 436 46 85
internal_value=-2.30728e-06 -0.000180181 0.00102952 0.000700018 -0.00109471 -0.000735607 -0.00088137 0.000498411 0.00296984 0.00654943 0.00200524 0.00138316 0.00191948 0.00396553
internal_weight=27428.8 26943 11599 11388.8 15344 11788.3 11307.9 2693.85 904.851 424.929 3740.09 2853.36 2486.65 886.725
internal_count=7624 7575 2842 2820 4733 3550 3451 797 262 119 699 548 482 151
cat_boundaries=0 3 9 15 21 22 23
cat_threshold=0 0 2 65536 164864 1077702876 805372936 0 591 65536 164864 266240 1032 0 591 415252664 19923072 905969664 2147893312 12640259 20480 24 1
is_linear=0
shrinkage=0.03


Tree=71
num_leaves=15
num_cat=5
split_feature=18 7 0 14 17 9 18 1 18 9 19 14 18 1
split_gain=50.5683 20.3658 55.6052 19.4046 24.2524 15.5106 10.084 6.30268 6.2911 4.92453 5.17038 3.89083 3.68213 3.53587
threshold=0 2.5000000000000004 16.500000000000004 0.20535714285714288 0.14903755386825365 8.5000000000000018 1 24.500000000000004 2 1.0000000180025095e-35 3 0.7053571428571429 4 37.500000000000007
decision_type=9 8 2 10 10 8 9 2 9 10 1 10 9 2
left_child=1 3 -3 4 7 6 -2 -1 -8 10 12 -11 -5 -10
right_child=5 2 -4 9 -6 -7 8 -9 13 11 -12 -13 -14 -15
leaf_value=-0.00075890014594652523 -0.0020819363753283304 -0.00131236807522371 0.016765016065675674 -0.0026890807795573427 0.0099165872877004756 0.005097967743063524 -0.0012566435392871143 0.0043557289680185548 0.00027817153861145884 0.00034593477663705837 0.0013424719568958931 0.0047655324748131292 0.00064067336662878812 -0.0008795121296983039
leaf_weight=432.90943789482117 4118.4109561443329 304.84020209312439 306.45754528045654 717.49972796440125 536.39094161987305 415.3379979133606 5647.078640460968 432.94652986526489 8608.7269666194916 312.89769148826599 1392.8688099384308 419.32543706893921 505.39548897743225 3277.6234495639801
leaf_count=74 1410 53 48 160 80 38 1771 76 2402 73 283 91 106 959
internal_value=-2.26858e-06 0.00260794 0.00776282 0.00194857 0.00491 -0.000637439 -0.000747983 0.0018006 -0.000433117 0.000707128 9.80221e-05 0.00287997 -0.00131952 -4.10686e-05
internal_weight=27428.7 5361.53 611.298 4750.23 1402.25 22067.2 21651.8 865.856 17533.4 3347.99 2615.76 732.223 1222.9 11886.4
internal_count=7624 1044 101 943 230 6580 6542 150 5132 713 549 164 266 3361
cat_boundaries=0 4 10 16 17 21
cat_threshold=0 131072 1076387998 805371904 2562736312 40894605 805306368 134611008 9494529 4096 169984 17060354 100663296 2147536904 2235826178 24708 28 0 131072 2 536870912
is_linear=0
shrinkage=0.03


Tree=72
num_leaves=15
num_cat=6
split_feature=18 18 11 18 18 6 19 17 17 1 18 11 10 6
split_gain=49.8574 31.3534 69.324 9.13586 7.55857 6.94282 9.74539 7.07703 5.77709 7.468 6.41826 5.49366 4.43281 7.06312
threshold=0 1 13.500000000000002 2 3 133.50000000000003 4 1.0000000180025095e-35 0.086489845710033084 24.500000000000004 5 0.75000000000000011 0.75000000000000011 200.50000000000003
decision_type=9 9 8 9 9 2 1 10 10 2 9 10 10 2
left_child=-1 2 3 -2 -3 6 8 -7 9 -6 -10 12 13 -5
right_child=1 4 -4 11 5 7 -8 -9 10 -11 -12 -13 -14 -15
leaf_value=0.0093584770015463364 9.0571662235397241e-05 -0.0021402044344428607 0.017602301083472535 0.00011220112474820222 0.00018121689709912043 0.0025705620401826226 -0.0014888420342840181 -0.0012348651649687382 0.0041702946567821848 0.007914699914186734 -0.00066924899446253131 -0.00034871238133898886 0.00015800079470503151 0.0040331848190681766
leaf_weight=491.71500205993652 7310.318115234375 4125.9371156692505 221.92088222503662 539.64138841629028 181.03715991973877 462.69598197937012 1065.0815527439117 8573.5898931026459 366.53977298736572 295.54658627510071 707.90991282463074 750.5989236831665 567.88601875305176 1768.3386833667755
leaf_count=49 2010 1374 27 96 53 92 319 2631 99 78 217 153 106 320
internal_value=-2.29413e-06 -0.000176917 0.00103956 0.000702851 -0.00103735 -0.0006452 0.000715013 -0.00103975 0.00222363 0.00498356 0.00101662 0.00193116 0.00253283 0.00311684
internal_weight=27428.8 26937 11158.7 10936.8 15778.3 11652.4 2616.11 9036.29 1551.03 476.584 1074.45 3626.47 2875.87 2307.98
internal_count=7624 7575 2712 2685 4863 3489 766 2723 447 131 316 675 522 416
cat_boundaries=0 3 9 15 21 22 28
cat_threshold=0 0 2 65536 164864 1077702876 805372936 0 582 65536 164864 1074003984 1032 0 582 415285432 24117376 838860800 2147893312 12640259 20480 25 0 10240 0 2048 0 1024
is_linear=0
shrinkage=0.03


Tree=73
num_leaves=15
num_cat=5
split_feature=18 18 11 18 18 14 17 1 1 17 18 14 1 9
split_gain=47.9754 30.4855 66.0804 8.93298 7.47259 5.75405 12.4895 5.65755 19.6565 8.28641 5.52499 10.737 5.4796 5.08245
threshold=0 1 13.500000000000002 2 3 0.45535714285714296 0.39676912371628759 34.500000000000007 33.500000000000007 0.091575211738041284 4 1.0000000180025095e-35 49.500000000000007 1.0000000180025095e-35
decision_type=9 9 8 9 9 10 10 2 2 10 9 10 2 10
left_child=-1 2 3 5 -3 6 -2 8 10 -10 -6 -12 -9 -7
right_child=1 4 -4 -5 7 13 -8 12 9 -11 11 -13 -14 -15
leaf_value=0.0091374347361855273 0.001733572757627051 -0.0021753873435291981 0.017037734343773637 0.0001199482618523536 -0.0017524860183864566 -9.0950606791772849e-05 0.0078073951292484296 -0.0020374457651980474 0.0099850901345885958 0.0020639073697693608 0.0032672853083081962 -0.00059616986817452957 0.0015987246698308684 0.0037720003821022589
leaf_weight=496.33830738067627 1210.276398897171 3879.5443785190582 225.86178231239319 7749.4671769142151 2440.0227599143982 1355.4819786548615 406.61577844619751 3285.6893475055695 217.82306385040283 261.64813661575317 760.35513114929199 4324.4467420578003 419.99770188331604 395.09384346008301
leaf_count=49 216 1297 27 2117 750 260 70 1019 59 79 190 1291 129 71
internal_value=-2.24285e-06 -0.00017434 0.00100839 0.000682123 -0.00103498 0.00196922 0.0032649 -0.000655479 -0.000207297 0.00567578 -0.000582862 -1.78846e-05 -0.00162501 0.000782549
internal_weight=27428.7 26932.3 11342.8 11116.9 15589.5 3367.47 1616.89 11710 8004.3 479.471 7524.82 5084.8 3705.69 1750.58
internal_count=7624 7575 2761 2734 4814 617 286 3517 2369 138 2231 1481 1148 331
cat_boundaries=0 3 9 13 19 25
cat_threshold=0 0 2 65536 164864 1077702876 805372936 0 590 0 0 3678348 805371904 415252664 53477505 905969664 134611136 9494529 20480 39424 4198406 0 2166390784 2147745794 8576
is_linear=0
shrinkage=0.03


Tree=74
num_leaves=15
num_cat=4
split_feature=18 7 0 14 1 14 3 16 18 18 6 18 5 13
split_gain=46.2107 18.7701 52.2468 16.6055 30.3835 22.7289 14.6465 12.2994 10.9148 5.69238 4.5747 4.55856 4.4969 5.20051
threshold=0 2.5000000000000004 16.500000000000004 0.20535714285714288 38.500000000000007 0.098214285714285726 1.0000000180025095e-35 0.78679579246944464 1 2 16.500000000000004 3 56.500000000000007 1.0000000180025095e-35
decision_type=9 8 2 10 2 10 2 8 9 9 2 9 2 10
left_child=1 3 -3 4 5 -1 8 -8 -2 -10 -11 -12 13 -13
right_child=6 2 -4 -5 -6 -7 7 -9 9 10 11 12 -14 -15
leaf_value=-0.00069296668815664608 -0.0020897806829478179 -0.0013677519460071814 0.016114114196345907 0.00068064762266456448 0.012970992070739311 0.0081566742847222554 -0.001499261966235507 0.0057393925483132996 -0.0013012862879364143 0.0030091767424081403 -0.00072286204800790863 0.006026099790961908 0.00010586788258501987 0.00083327224742718586
leaf_weight=770.92623543739319 4468.7755718231201 306.09215021133423 308.07385921478271 3347.9026389122009 302.02607250213623 393.93386697769165 331.49729442596436 579.74940514564514 4715.7640109062195 417.83108019828796 6315.6165502071381 260.66061997413635 4392.9893078804016 516.7665057182312
leaf_count=128 1525 53 47 710 48 64 102 86 1479 114 1853 72 1200 143
internal_value=-2.21174e-06 0.0024737 0.00741333 0.00184734 0.00450783 0.00230425 -0.000614134 0.00310733 -0.000775372 -0.000420332 -7.04598e-05 -0.000182802 0.000477363 0.00257986
internal_weight=27428.6 5428.95 614.166 4814.79 1466.89 1164.86 21999.7 911.247 21088.4 16619.6 11903.9 11486 5170.42 777.427
internal_count=7624 1050 100 950 240 192 6574 188 6386 4861 3382 3268 1415 215
cat_boundaries=0 4 10 16 22
cat_threshold=0 131072 2633950 805371904 2562736312 36978829 805306368 2147876928 57347 4096 38912 20976130 100663296 134270984 2228486144 27008 205312 134227968 0 17825792 16777216 1036
is_linear=0
shrinkage=0.03


Tree=75
num_leaves=15
num_cat=6
split_feature=18 18 11 18 18 6 19 5 17 17 5 6 19 16
split_gain=45.5659 28.7536 62.1501 8.33828 7.02151 5.25095 7.76612 9.91275 8.9333 6.08784 5.19273 3.75632 4.66479 6.6834
threshold=0 1 13.500000000000002 2 3 133.50000000000003 4 161.50000000000003 0.087539325943598159 1.0000000180025095e-35 28.500000000000004 63.000000000000007 5 1.4799382962544956
decision_type=9 9 8 9 9 2 1 2 10 10 2 2 1 10
left_child=-1 2 3 -2 -3 6 7 8 -6 -7 -5 -12 -13 -14
right_child=1 4 -4 10 5 9 -8 -9 -10 -11 11 12 13 -15
leaf_value=0.0088506716076859494 6.6381437424526221e-05 -0.0022053578909125614 0.016349253357043073 0.0059335447956389478 0.01061994322906837 0.00231264413832033 -0.00066664751226508682 -0.00023525858562508276 0.0020986376499628036 -0.001182497644503968 -0.0012097775935137666 -0.000665505728009959 0.0033297090879796988 -0.00010615546319843501
leaf_weight=502.46448659896851 7356.23544049263 3433.3491432666779 230.86037158966064 254.62243795394897 200.62230062484741 471.38823509216309 1810.3079974651337 491.07131791114807 246.99063158035278 8906.1418182849884 405.55949449539185 546.4651026725769 1872.835241317749 699.73792695999146
leaf_count=49 2036 1156 27 46 52 92 543 147 72 2752 71 110 349 122
internal_value=-2.23717e-06 -0.000170986 0.000975506 0.000656213 -0.00100858 -0.000668051 0.000484265 0.00268078 0.00593309 -0.00100658 0.00179906 0.00150389 0.00185701 0.00238621
internal_weight=27428.7 26926.2 11366.3 11135.5 15559.9 12126.5 2748.99 938.684 447.613 9377.53 3779.22 3524.6 3119.04 2572.57
internal_count=7624 7575 2761 2734 4814 3658 814 271 124 2844 698 652 581 471
cat_boundaries=0 3 9 15 21 22 23
cat_threshold=0 0 2 65536 164864 1077702876 805372936 0 590 65536 164864 266240 1032 0 590 2562736312 19923072 838860800 409792 13688833 20480 24 8
is_linear=0
shrinkage=0.03


Tree=76
num_leaves=15
num_cat=6
split_feature=18 18 17 18 18 1 1 17 18 14 14 17 9 18
split_gain=43.8671 27.9091 65.8652 8.5322 6.84874 5.25808 21.2754 9.20055 6.46344 10.5471 5.07467 11.6657 6.41103 4.88925
threshold=0 1 1.0793528505392913 2 3 34.500000000000007 33.500000000000007 0.091575211738041284 4 1.0000000180025095e-35 0.45535714285714296 0.39676912371628759 1.0000000180025095e-35 5
decision_type=9 9 8 9 9 2 2 10 9 10 10 10 10 9
left_child=-1 2 3 10 -3 6 8 -8 -6 -10 11 -2 -12 -7
right_child=1 4 -4 -5 5 13 7 -9 9 -11 12 -13 -14 -15
leaf_value=0.0086458554782996334 0.0015942736226848525 -0.0021874506334911576 0.017658482528704649 0.00011193163316004055 -0.0017829165063071068 -0.00012536218702651096 0.010312452144468192 0.0021249486295483104 0.0032869500393305556 -0.00055623636222868497 -0.00013255547339493189 0.0075135851951919526 0.0041478837015575792 -0.0023704100795320865
leaf_weight=506.93137216567993 1094.9908337593079 3383.6503205299377 207.71387648582458 7883.5298664569855 2771.6814796924591 1359.7421607971191 220.9315767288208 280.09240078926086 754.58253598213196 4299.8513691425323 1371.4952673912048 411.95961570739746 407.75382471084595 2473.6813144683838
leaf_count=49 187 1142 25 2145 860 417 59 85 187 1286 262 70 72 778
internal_value=-2.20229e-06 -0.000168508 0.000959997 0.000648776 -0.000994601 -0.000661016 -0.000238235 0.00574866 -0.000622198 1.80186e-05 0.00193002 0.00321636 0.00085018 -0.00158083
internal_weight=27428.6 26921.7 11377.4 11169.7 15544.2 12160.6 8327.14 501.024 7826.12 5054.43 3286.2 1506.95 1779.25 3833.42
internal_count=7624 7575 2761 2736 4814 3672 2477 144 2333 1473 591 257 334 1195
cat_boundaries=0 3 9 13 19 25 31
cat_threshold=0 0 2 65536 164864 1077702876 805372936 0 590 0 0 2629772 805306368 415252664 19923072 838860800 2147893440 5300227 20480 39424 37752839 67108864 153124864 2147745792 8576 8704 138420226 67108864 17825792 0 1
is_linear=0
shrinkage=0.03


Tree=77
num_leaves=15
num_cat=4
split_feature=18 7 0 14 17 3 16 18 1 18 6 9 19 8
split_gain=42.2963 18.0234 48.7389 17.0889 22.2877 13.36 11.8406 10.2294 5.96996 5.33288 5.55185 4.70952 4.94665 4.50005
threshold=0 2.5000000000000004 16.500000000000004 0.18303571428571433 0.14903755386825365 1.0000000180025095e-35 0.78679579246944464 1 24.500000000000004 2 16.500000000000004 1.0000000180025095e-35 3 1.0000000180025095e-35
decision_type=9 8 2 8 10 2 8 9 2 9 2 10 1 10
left_child=1 3 -3 4 8 7 -7 -2 -1 -9 -11 12 -5 -12
right_child=5 2 -4 11 -6 6 -8 9 -10 10 13 -13 -14 -15
leaf_value=-0.00093668983158685405 -0.0020198285924805152 -0.001408631019297139 0.01528691391818999 -0.0013840304654417646 0.0092616858264472079 -0.0015502163734487798 0.005514095729614513 -0.0012691045945428983 0.0040021341776158006 0.0032326314823608181 0.00010844169870371365 0.0026967790202545899 0.0012050762160749891 -0.0013492400200587019
leaf_weight=438.43521595001221 4444.4414031505585 307.0228111743927 321.51341819763184 1239.8852114677429 544.7495710849762 335.01426577568054 586.15952372550964 4590.1360065937042 441.06524801254272 440.79885983467102 9190.9159195423126 739.85751080513 1404.8473227024078 2403.7187950611115
leaf_count=74 1525 53 48 267 79 103 86 1438 76 120 2620 164 283 688
internal_value=-2.18777e-06 0.00236426 0.00714231 0.00174331 0.00449897 -0.000588186 0.00294604 -0.000743113 0.00154184 -0.000400257 -6.80353e-05 0.000582726 -9.4716e-06 -0.000193845
internal_weight=27428.6 5437.38 628.536 4808.84 1424.25 21991.2 921.174 21070 879.5 16625.6 12035.4 3384.59 2644.73 11594.6
internal_count=7624 1044 101 943 229 6580 189 6391 150 4866 3428 714 550 3308
cat_boundaries=0 4 10 16 17
cat_threshold=0 131072 1076387998 805371904 2562736312 36978829 805306368 2147876928 57347 4096 38912 20976128 100663296 134270984 2228486144 24964 28
is_linear=0
shrinkage=0.03


Tree=78
num_leaves=15
num_cat=5
split_feature=18 18 10 18 6 1 5 0 18 10 19 6 17 8
split_gain=41.7605 26.4919 85.2713 9.75607 6.23018 5.43542 6.14025 5.3488 5.14873 4.91765 5.12373 7.78735 7.78177 4.35503
threshold=0 1 14.500000000000002 2 17.500000000000004 44.500000000000007 28.500000000000004 19.500000000000004 3 3.5000000000000004 4 74.500000000000014 0.4326602054153636 2.5000000000000004
decision_type=9 9 8 9 2 2 2 2 9 10 1 2 10 10
left_child=-1 2 3 9 -5 6 7 -6 -3 10 12 -12 -2 -13
right_child=1 8 -4 4 5 -7 -8 -9 -10 -11 11 13 -14 -15
leaf_value=0.0083885061114622114 0.001026580701789479 -0.0021581109173897306 0.018190637987534928 0.0036835215276748391 0.0061826800553394035 -0.0020402068204116957 -0.00012836987912059824 -0.00043498706648836219 -0.0007940486484016555 -0.0020393375404064865 -0.0029382625724715607 0.0015364060721824167 0.0069822269762214858 0.0056104870041225963
leaf_weight=512.65536546707153 371.0701789855957 3433.5270795822144 246.06385803222656 383.25631356239319 265.83272099494934 1271.8046305179596 8209.9380357265472 186.71886110305786 9183.5883708000183 287.13452529907227 326.35182476043701 2062.7075178623199 421.98848247528076 265.96339344978333
leaf_count=49 63 1158 23 100 73 370 2296 51 2822 52 58 396 68 45
internal_value=-2.20951e-06 -0.000165384 0.00071848 0.000411781 -6.46092e-05 -0.00020963 5.93351e-05 0.00345735 -0.00116681 0.00172291 0.0020417 0.00139033 0.00414816 0.00200393
internal_weight=27428.6 26915.9 14298.8 14052.8 10317.6 9934.29 8662.49 452.552 12617.1 3735.22 3448.08 2655.02 793.059 2328.67
internal_count=7624 7575 3595 3572 2890 2790 2420 124 3980 682 630 499 131 441
cat_boundaries=0 3 9 13 19 20
cat_threshold=0 0 2 65536 437248 1077702876 805374984 0 591 0 0 1077436572 805371904 415252664 19923136 905969664 134627520 12640257 20480 1
is_linear=0
shrinkage=0.03


Tree=79
num_leaves=15
num_cat=6
split_feature=18 18 10 18 6 1 5 0 18 10 19 6 17 19
split_gain=40.2212 25.7245 81.1589 9.44763 6.02557 5.28652 5.93862 5.14339 4.97781 4.76425 4.93434 7.55422 7.45971 4.31953
threshold=0 1 14.500000000000002 2 17.500000000000004 44.500000000000007 28.500000000000004 19.500000000000004 3 3.5000000000000004 4 74.500000000000014 0.4326602054153636 5
decision_type=9 9 8 9 2 2 2 2 9 10 1 2 10 1
left_child=-1 2 3 9 -5 6 7 -6 -3 10 12 -12 -2 -13
right_child=1 8 -4 4 5 -7 -8 -9 -10 -11 11 13 -14 -15
leaf_value=0.0081980409679007545 0.0010102855392364167 -0.0021226244044786819 0.017596554863768286 0.0036153807949510139 0.0060532337957427936 -0.0020139690531203024 -0.00012647406009300773 -0.00042872826444433884 -0.00078276220454548396 -0.0020131797789684999 -0.0029031791121610939 -0.00032032385811258833 0.0068303469868744035 0.0026938379129697689
leaf_weight=516.97386837005615 371.45130968093872 3447.4422123432159 250.58087062835693 384.67065024375916 267.48137021064758 1269.2125332355499 8208.8841893672943 186.6376588344574 9154.9819250106812 286.54955863952637 325.39432525634766 568.25066041946411 424.94521427154541 1765.0882205963135
leaf_count=49 63 1167 23 100 73 370 2296 51 2813 52 58 112 68 329
internal_value=-2.1788e-06 -0.00016299 0.00070723 0.000405467 -6.36553e-05 -0.000206557 5.84484e-05 0.00339413 -0.00115082 0.00169429 0.00200716 0.00136769 0.00406942 0.00197013
internal_weight=27428.5 26911.6 14309.1 14058.6 10316.9 9932.22 8663 454.119 12602.4 3741.68 3455.13 2658.73 796.397 2333.34
internal_count=7624 7575 3595 3572 2890 2790 2420 124 3980 682 630 499 131 441
cat_boundaries=0 3 9 13 19 20 21
cat_threshold=0 0 2 65536 437248 1077702876 805374984 0 591 0 0 1077436572 805371904 415252664 24117440 905969664 393408 9494529 20480 1 8
is_linear=0
shrinkage=0.03


Tree=80
num_leaves=15
num_cat=5
split_feature=18 18 17 18 18 6 19 5 17 17 14 17 9 17
split_gain=38.7455 25.0224 56.9927 7.39857 5.99624 4.83224 8.73728 8.59223 9.23869 5.4087 4.78714 10.8078 6.01751 4.93861
threshold=0 1 1.0793528505392913 2 3 133.50000000000003 4 161.50000000000003 0.087539325943598159 1.0000000180025095e-35 0.45535714285714296 0.39676912371628759 1.0000000180025095e-35 0.16633028227975588
decision_type=9 9 8 9 9 2 1 2 10 10 10 10 10 10
left_child=-1 2 3 10 -3 6 7 8 -6 -7 11 13 -12 -2
right_child=1 4 -4 -5 5 9 -8 -9 -10 -11 12 -13 -14 -15
leaf_value=0.0080133732788031809 0.0032219028493419392 -0.0020500244724192852 0.016039614641726121 0.00010719555524833919 0.010738159041876827 0.0021460232329305641 -0.00074029392321090079 7.9396392545502163e-05 0.0020270623898730167 -0.0011223371797613743 -0.00020360831396419485 0.0071324942484207818 0.0039220459468899101 -0.00082881520916114565
leaf_weight=521.22945976257324 627.32426118850708 3438.4067595005035 218.63536930084229 7886.0216827392578 195.01157808303833 479.52677059173584 1796.4728994369507 480.73325729370117 249.81196427345276 8849.819084405899 1378.1319851875305 419.10327434539795 412.65892267227173 475.58110523223877
leaf_count=49 107 1172 25 2145 49 91 540 144 73 2745 262 70 72 80
internal_value=-2.13748e-06 -0.000160619 0.000904476 0.000608393 -0.000945781 -0.000629145 0.000482331 0.00283108 0.00586155 -0.000954132 0.00179535 0.00303727 0.000748741 0.00147603
internal_weight=27428.5 26907.2 11417.5 11198.8 15489.8 12051.4 2722.03 925.557 444.824 9329.35 3312.8 1522.01 1790.79 1102.91
internal_count=7624 7575 2761 2736 4814 3642 806 266 122 2836 591 257 334 187
cat_boundaries=0 3 9 13 19 20
cat_threshold=0 0 2 65536 164864 1077702876 805372936 0 590 0 0 2629772 805306368 2562736312 19923072 805306368 2282111040 13688835 20480 24
is_linear=0
shrinkage=0.03


Tree=81
num_leaves=15
num_cat=6
split_feature=18 18 3 8 16 18 19 17 17 18 6 18 5 13
split_gain=37.5267 20.8129 12.589 12.3817 10.4086 9.70135 7.39499 9.35325 9.11936 4.69408 5.86768 4.29603 4.20577 5.00914
threshold=0 1 1.0000000180025095e-35 4.5000000000000009 0.78679579246944464 2 3 0.66124625418649752 0.4326602054153636 4 16.500000000000004 5 56.500000000000007 1.0000000180025095e-35
decision_type=9 9 2 8 8 9 1 10 10 9 2 9 2 10
left_child=1 -1 5 6 -4 -2 7 8 -3 -7 -11 -12 13 -13
right_child=2 3 4 -5 -6 9 -8 -9 -10 10 11 12 -14 -15
leaf_value=0.0078342626311697881 -0.0019145562353412393 0.0017772709039499217 -0.0014091966417288657 0.0074563214722593047 0.0052344309371361846 -0.0011813819447441221 0.0004973423765520633 -0.00035499293055779368 0.008149897042722936 0.003439661481799259 -0.00067649762519807839 0.0059818129279214606 0.00012199770507900688 0.00081362061603541369
leaf_weight=525.42304039001465 4667.1144795417786 386.70395421981812 329.27712559700012 304.31153440475464 594.31608366966248 4549.7731788158417 3442.9924299716949 430.14106941223145 423.98822474479675 417.81469964981079 6537.588029384613 254.03150033950806 4064.6923699378967 500.22891521453857
leaf_count=49 1606 64 102 48 86 1427 719 91 79 113 1923 70 1109 138
internal_value=-2.09849e-06 0.00220767 -0.000558883 0.00159906 0.0028669 -0.000710009 0.00122041 0.003195 0.00511606 -0.000364134 -4.753e-05 -0.000176159 0.000502979 0.00255986
internal_weight=27428.4 5513.56 21914.8 4988.14 923.593 20991.2 4683.83 1240.83 810.692 16324.1 11774.4 11356.5 4818.95 754.26
internal_count=7624 1050 6574 1001 188 6386 953 234 143 4780 3353 3240 1317 208
cat_boundaries=0 4 7 13 14 20 26
cat_threshold=0 131072 2633950 805371904 0 0 2 2562736312 36978829 805306368 2147876928 57347 4224 65 38912 20976128 100663296 134270984 2236874752 26884 205312 134752258 0 17825792 0 1544
is_linear=0
shrinkage=0.03


Tree=82
num_leaves=15
num_cat=5
split_feature=18 18 8 3 16 18 17 19 17 9 18 6 8 1
split_gain=36.3644 19.9885 11.8954 11.8855 10.3988 9.72382 6.02617 7.46385 10.7761 5.0753 4.39062 5.65143 4.722 4.47782
threshold=0 1 4.5000000000000009 1.0000000180025095e-35 0.78679579246944464 2 0.66124625418649752 3 0.4326602054153636 1.0000000180025095e-35 4 16.500000000000004 1.5000000000000002 37.500000000000007
decision_type=9 9 8 2 8 9 10 1 10 10 9 2 10 2
left_child=1 -1 6 5 -5 -2 7 8 -3 -8 -7 -12 13 -13
right_child=3 2 -4 4 -6 10 9 -9 -10 -11 11 12 -14 -15
leaf_value=0.0076604815949632456 -0.0018669979164810662 0.00093661765949933724 0.007290803263998555 -0.0014792409755351591 0.0051295023401473714 -0.0011557606317229845 -0.0012417542806108495 0.0010818695621135918 0.0078954789906120187 0.002848009181463061 0.0033768458138740171 0.00042724369649855989 -0.0020051933458296216 -0.0009788648326360097
leaf_weight=529.55551338195801 4900.9891002178192 392.13048458099365 306.58905816078186 333.2369384765625 597.43515181541443 4333.8732817173004 1211.6636056900024 2331.0032031536102 408.98911714553833 351.47660040855408 419.25431632995605 7365.0913548469543 1129.8938736915588 2817.1449131965637
leaf_count=49 1686 66 48 103 86 1357 271 461 75 81 113 2070 321 837
internal_value=-2.06036e-06 0.00216883 0.00157188 -0.000551264 0.00276412 -0.000698819 0.00120032 0.00195939 0.00443934 -0.000320926 -0.000340977 -3.91738e-05 -0.000166101 3.81542e-05
internal_weight=27428.3 5531.41 5001.85 21896.9 930.672 20966.2 4695.26 3132.12 801.12 1563.14 16065.3 11731.4 11312.1 10182.2
internal_count=7624 1051 1002 6573 189 6384 954 602 141 352 4698 3341 3228 2907
cat_boundaries=0 4 7 13 14 20
cat_threshold=0 131072 2650270 805371904 0 0 2 2562736280 36978829 805306368 2147876928 2155913219 4224 1 38944 20976128 100663296 134270984 89407488 26884
is_linear=0
shrinkage=0.03


Tree=83
num_leaves=15
num_cat=6
split_feature=18 18 3 8 16 18 19 10 16 18 6 9 19 6
split_gain=35.2876 19.2473 11.8483 11.4433 9.66927 9.11548 6.59684 8.4308 6.18881 4.58109 4.07593 4.65435 4.69474 5.05212
threshold=0 1 1.0000000180025095e-35 4.5000000000000009 0.78679579246944464 2 3 0.75000000000000011 0.37796447300921637 4 16.500000000000004 1.0000000180025095e-35 5 98.500000000000014
decision_type=9 9 2 8 8 9 1 10 10 9 2 10 1 2
left_child=1 -1 5 6 -4 -2 7 8 -3 -7 -11 12 13 -12
right_child=2 3 4 -5 -6 9 -8 -9 -10 10 11 -13 -14 -15
leaf_value=0.0074918129690739639 -0.0018686921054534417 0.0015745959102765421 -0.0013702984992083175 0.0071301409501712274 0.0050272069894664404 -0.001146270277591537 0.00050068953754399902 -0.00022389933396839529 0.0069791619700769235 0.0028479012665956994 0.003795832553975551 -0.0014208820689531163 -0.00051961748636624849 0.00049856430754384592
leaf_weight=533.62773990631104 4620.712952375412 311.33906936645508 328.32740044593811 308.83250880241394 600.50756502151489 4719.2019481658936 3490.9484577178955 451.84528040885925 494.04207992553711 423.32810688018799 466.80689740180969 2097.0615241527557 4631.0325653553009 3950.6374325752258
leaf_count=49 1594 53 102 48 86 1489 729 94 90 113 129 596 1334 1118
internal_value=-2.01972e-06 0.00212227 -0.000546652 0.00154063 0.00276676 -0.000694231 0.0011789 0.0030321 0.00489444 -0.000359589 -3.78996e-05 -0.000147787 0.000147388 0.000845864
internal_weight=27428.3 5590.64 21837.6 5057.01 928.835 20908.8 4748.17 1257.23 805.381 16288.1 11568.9 11145.5 9048.48 4417.44
internal_count=7624 1063 6561 1014 188 6373 966 237 143 4779 3290 3177 2581 1247
cat_boundaries=0 4 7 13 14 20 21
cat_threshold=0 131072 1076388062 805371904 0 0 2 2562736280 36978829 805306368 2147876928 8445955 4224 65 38944 20976130 100663296 134270984 2236874752 24836 25
is_linear=0
shrinkage=0.03


Tree=84
num_leaves=15
num_cat=5
split_feature=18 18 3 17 13 18 11 0 18 6 8 18 5 1
split_gain=34.2152 18.3931 11.4511 11.3567 9.33007 8.47614 5.84751 5.65274 4.74585 5.04678 4.38688 4.19804 5.38088 5.44723
threshold=0 1 1.0000000180025095e-35 0.025900346913872083 0.32142857142857145 2 0.75000000000000011 11.500000000000002 3 16.500000000000004 1.0000000180025095e-35 4 56.500000000000007 43.500000000000007
decision_type=9 9 2 10 8 9 10 2 9 2 10 9 2 2
left_child=1 -1 5 -3 -4 -2 7 -5 -7 -10 11 -11 13 -13
right_child=2 3 4 6 -6 8 -8 -9 9 10 -12 12 -14 -15
leaf_value=0.0073280532579825513 -0.0018710478125513075 0.007324535401677248 -0.0017658636262459382 9.9647797820028917e-05 0.0047244495356961978 -0.001167101641867444 -0.00046340713979475177 0.0027264949190172671 0.0031290916317229639 -0.00058225011025300039 -0.0013085643952658369 0.0045887964372474596 0.00030438813884587962 -0.0012989751725323143
leaf_weight=537.64059066772461 4269.1922438144684 285.87203931808472 287.98763036727905 1102.1985929012299 643.42421698570251 4815.9602932929993 1383.2100038528442 2226.3477716445923 431.68700671195984 4066.653724193573 2409.7668137550354 549.37985825538635 4229.0434713363647 189.82115936279297
leaf_count=49 1481 50 90 226 98 1524 317 410 116 1201 691 152 1164 55
internal_value=-1.98381e-06 0.00210286 -0.000534946 0.00152587 0.00271794 -0.000679864 0.00117582 0.00185694 -0.000373771 -5.12861e-05 -0.000171556 0.000131815 0.000716029 0.00307715
internal_weight=27428.2 5535.27 21892.9 4997.63 931.412 20961.5 4711.76 3328.55 16692.3 11876.4 11444.7 9034.9 4968.24 739.201
internal_count=7624 1052 6572 1003 188 6384 953 636 4903 3379 3263 2572 1371 207
cat_boundaries=0 4 7 13 19 25
cat_threshold=0 131072 1076392142 805371904 0 0 2 2562736280 36978829 805306368 2147876928 40963 4096 38944 20976128 100663296 134270984 2220113920 27012 205312 532482 0 17825792 16777232 1544
is_linear=0
shrinkage=0.03


Tree=85
num_leaves=15
num_cat=5
split_feature=18 18 8 3 13 18 17 19 17 9 18 1 1 8
split_gain=33.1535 17.6948 10.8913 10.8062 9.37686 8.33528 5.75051 7.00347 10.2878 4.88275 4.66192 3.72128 5.66002 3.58939
threshold=0 1 4.5000000000000009 1.0000000180025095e-35 0.32142857142857145 2 0.66124625418649752 3 0.4326602054153636 1.0000000180025095e-35 4 32.500000000000007 44.500000000000007 1.0000000180025095e-35
decision_type=9 9 8 2 8 9 10 1 10 10 9 2 2 10
left_child=1 -1 6 5 -5 -2 7 8 -3 -8 -7 -9 -13 -12
right_child=3 2 -4 4 -6 10 9 11 -10 -11 13 12 -14 -15
leaf_value=0.0071690083344691331 -0.0018467231643780509 0.00084996473197664719 0.0069223471818575192 -0.0018393246797344105 0.0046321078145600643 -0.0011470281361117766 -0.0012493430138965189 0.00023907911239118626 0.0076194004085374601 0.0027535704612578664 0.0002238906521142069 0.0048682896346401204 -0.000659497567988172 -0.0010718611205968454
leaf_weight=541.5949239730835 4293.3964653015137 394.29373741149902 311.78308343887329 291.91077208518982 646.47123217582703 4845.4578022956848 1212.3378751277924 1623.1980049610138 414.0159604549408 353.3624529838562 9364.265887260437 452.04897665977478 263.42486810684204 2420.5701498985291
leaf_count=49 1491 66 48 91 98 1538 271 325 75 81 2661 83 53 694
internal_value=-1.95491e-06 0.00206279 0.00149792 -0.000528408 0.00261917 -0.000669941 0.00114084 0.00187983 0.00426964 -0.000344746 -0.000364712 0.00102972 0.00283498 -4.22854e-05
internal_weight=27428.1 5566.06 5024.46 21862.1 938.382 20923.7 4712.68 3146.98 808.31 1565.7 16630.3 2338.67 715.474 11784.8
internal_count=7624 1051 1002 6573 189 6384 954 602 141 352 4893 461 136 3355
cat_boundaries=0 4 7 13 14 20
cat_threshold=0 131072 2650270 805371904 0 0 2 2562736280 36978829 805306368 2147876928 8429571 4096 1 38944 20975618 100663296 134270984 2236891136 16772
is_linear=0
shrinkage=0.03


Tree=86
num_leaves=15
num_cat=6
split_feature=18 18 3 8 16 18 19 10 16 18 6 9 19 6
split_gain=32.1352 16.9794 10.7555 10.4605 8.7228 8.3028 6.56266 8.39727 5.32858 4.58073 4.42711 3.95545 5.06169 8.23286
threshold=0 1 1.0000000180025095e-35 4.5000000000000009 0.78679579246944464 2 3 0.75000000000000011 0.37796447300921637 4 16.500000000000004 1.0000000180025095e-35 5 98.500000000000014
decision_type=9 9 2 8 8 9 1 10 10 9 2 10 1 2
left_child=1 -1 5 6 -4 -2 7 8 -3 -7 -11 12 13 -12
right_child=2 3 4 -5 -6 9 -8 -9 -10 10 11 -13 -14 -15
leaf_value=0.0070144943889606081 -0.0018162211633284896 0.0017057151483086375 -0.0013245095290706588 0.0067723017355766574 0.0047431313636551124 -0.0010955111272045585 0.0004389241028066441 -0.00027693377340513951 0.00673237205485423 0.0030676728102255269 0.0047657571690863472 -0.001319226247784367 -0.0005522164949483783 0.00043850103016097999
leaf_weight=545.4915714263916 4407.2003591060638 307.06559610366821 327.21640682220459 313.94883918762207 609.20755171775818 5123.4824652671814 3440.5000874996185 453.48791456222534 499.69033765792847 403.1082022190094 439.15451979637146 2046.0036985874176 4591.390816450119 3921.1219153404236
leaf_count=49 1535 52 102 48 86 1620 718 94 90 106 118 580 1318 1108
internal_value=-1.92129e-06 0.00203221 -0.000519886 0.00147608 0.00262375 -0.000660892 0.00112413 0.00296595 0.00482362 -0.00035135 -1.61922e-05 -0.000129511 0.000142528 0.00087332
internal_weight=27428.1 5560.18 21867.9 5014.69 936.424 20931.5 4700.74 1260.24 806.756 16524.3 11400.8 10997.7 8951.67 4360.28
internal_count=7624 1051 6573 1002 188 6385 954 236 142 4850 3230 3124 2544 1226
cat_boundaries=0 4 7 13 14 20 21
cat_threshold=0 131072 2646238 805371904 0 0 2 2562736312 36978829 805306368 2147876928 8445955 4096 65 169984 20976128 100663296 134270984 2236874752 27012 25
is_linear=0
shrinkage=0.03


Tree=87
num_leaves=15
num_cat=5
split_feature=18 11 18 18 15 13 5 5 14 5 19 18 5 5
split_gain=31.3236 40.9806 21.6717 7.33341 5.66845 5.61615 5.27214 9.59598 5.3173 5.29456 5.2504 8.97975 20.291 5.77007
threshold=0 7.5000000000000009 1 2 0.14583333333333334 0.082857142857142865 226.50000000000003 246.50000000000003 0.18303571428571433 39.500000000000007 3 4 664.00000000000011 438.50000000000006
decision_type=9 8 9 9 8 10 2 2 8 2 1 9 2 2
left_child=1 2 -1 -2 5 -4 9 -8 -9 -6 11 12 13 -5
right_child=3 -3 4 10 6 -7 7 8 -10 -11 -12 -13 -14 -15
leaf_value=0.0068643367874221053 -0.0018446576271938563 0.013974599905714388 0.0013129567518289234 0.0019604428050428242 0.0020132517810201862 0.0058020488943445981 0.0071194001008752384 0.0042034452681430114 0.0003382278962422335 -0.0011106864747064764 -0.00072145676758778661 -0.00085501686931174954 0.011225649227666586 -0.0018963494380780631
leaf_weight=549.33137226104736 3857.5937118530273 230.18802833557129 853.06890630722046 1380.8302819728851 606.59342455863953 354.7988908290863 229.95367002487183 361.01748514175415 2783.2275290489197 2486.1411004066467 11005.778051614761 2071.8759365081787 191.35376787185669 466.2563328742981
leaf_count=49 1310 29 157 399 144 74 51 76 659 585 3315 604 34 138
internal_value=-1.88772e-06 0.00151574 0.00116722 -0.000678602 0.000748679 0.00263529 0.00039711 0.00121702 0.000783222 -0.00049752 -0.000379902 0.00053413 0.00194307 0.000986381
internal_weight=27428 8454.32 8224.13 18973.7 7674.8 1207.87 6466.93 3374.2 3144.25 3092.73 15116.1 4110.32 2038.44 1847.09
internal_count=7624 1824 1795 5800 1746 231 1515 786 735 729 4490 1175 571 537
cat_boundaries=0 6 9 15 16 22
cat_threshold=0 132096 1077440734 805371912 0 66 0 0 2 415285432 19923072 905969664 409664 8445953 20480 97 73728 134506496 0 3072 0 908
is_linear=0
shrinkage=0.03


Tree=88
num_leaves=15
num_cat=5
split_feature=18 14 17 7 18 10 15 16 18 19 5 1 7 18
split_gain=30.383 19.1179 27.1116 12.7857 10.2065 43.3568 7.61808 5.08481 4.81309 4.2364 5.64934 4.36226 4.2892 4.15617
threshold=0 0.20535714285714288 0.21636182069539264 2.5000000000000004 1 14.500000000000002 0.1138888888888889 0.48795003647426721 2 3 58.500000000000007 45.500000000000007 1.0000000180025095e-35 4
decision_type=9 10 8 10 9 8 8 10 9 1 2 2 10 9
left_child=1 2 6 7 5 9 -1 -3 -9 11 -11 12 -2 -12
right_child=4 3 -4 -5 -6 -7 -8 8 -10 10 13 -13 -14 -15
leaf_value=0.00016100626882136477 -0.00076876898307182237 -0.0014882744539762704 0.011989551794496199 0.0051824577539560041 -0.0011252750415260704 0.013545780720295478 0.0059290188553221814 0.0030449051413465752 0.00014997543047681443 0.0042930765052590983 0.0031084947365166934 -0.0023850512386222682 0.00075905313588387467 -0.00017374299502188859
leaf_weight=535.89693450927734 4471.3502085208893 976.67315196990967 378.91800570487976 571.95258021354675 11128.290465593338 212.57890844345093 333.90367841720581 752.21027994155884 1618.7602162361145 378.867436170578 404.63094401359558 932.85736060142517 2623.1243555545807 2107.9393391609192
leaf_count=82 1245 190 46 94 3585 19 48 142 362 106 106 272 742 585
internal_value=-1.85806e-06 0.00206779 0.00530291 0.00104132 -0.000483178 0.000159219 0.00237953 0.000332457 0.00108278 -0.000102476 0.000880169 -0.000457017 -0.000203842 0.000367539
internal_weight=27428 5168.31 1248.72 3919.6 22259.6 11131.3 869.801 3347.64 2370.97 10918.8 2891.44 8027.33 7094.47 2512.57
internal_count=7624 964 176 788 6660 3075 130 694 504 3056 797 2259 1987 691
cat_boundaries=0 4 10 14 15 21
cat_threshold=0 131072 2629774 805306368 65536 134523904 1075073104 68616 16 1871 0 0 8320 536870912 30 0 0 16 0 0 778
is_linear=0
shrinkage=0.03


Tree=89
num_leaves=15
num_cat=5
split_feature=18 11 18 18 1 1 17 18 16 18 1 15 1 5
split_gain=29.4783 37.8417 20.5875 6.94907 5.62721 25.5633 7.91254 7.04426 6.09368 6.02882 9.68849 5.57295 5.8728 5.37748
threshold=0 6.5000000000000009 1 2 34.500000000000007 33.500000000000007 0.091575211738041284 3 2.6591818650944177 4 49.500000000000007 0.14583333333333334 24.500000000000004 226.50000000000003
decision_type=9 8 9 9 2 2 10 9 8 9 2 8 2 2
left_child=1 2 -1 -2 5 7 -7 -5 -9 10 -6 12 -4 -13
right_child=3 -3 11 4 9 6 -8 8 -10 -11 -12 13 -14 -15
leaf_value=0.0066510163442755109 -0.0018759190421386979 0.013098606101292577 0.00047188315408173081 -0.0014731949349372398 -0.00057191648472223132 0.010242253303238861 0.003243188410585459 3.4552588644996852e-05 0.0048226029950379527 -0.00188216188090759 0.00637538272898883 -0.00053262690065894425 0.0047198213235838593 0.0012020468070311394
leaf_weight=554.87838077545166 3433.7559731006622 243.85130572319031 579.6910514831543 3354.4385621547699 1343.4351553916931 235.8711998462677 380.1804084777832 6262.9430599212646 247.72501277923584 3549.0890550613403 207.71102809906006 3087.7648403644562 591.58154201507568 3354.9764032363892
leaf_count=49 1182 31 106 1039 399 63 111 1816 32 1112 60 728 116 780
internal_value=-1.82501e-06 0.00147567 0.00112896 -0.000655977 -0.000385998 1.1479e-05 0.00593522 -0.000359008 0.000217113 -0.00120343 0.000359575 0.000716035 0.00261961 0.000370729
internal_weight=27427.9 8412.74 8168.89 19015.1 15581.4 10481.2 616.052 9865.11 6510.67 5100.24 1551.15 7614.01 1171.27 6442.74
internal_count=7624 1810 1779 5814 4632 3061 174 2887 1848 1571 459 1730 222 1508
cat_boundaries=0 6 9 15 21 27
cat_threshold=0 132096 1076392158 805371912 0 66 0 0 2 415252664 24121472 905969664 134611008 12640257 20480 39424 167772175 0 2166390784 2148794370 9088 512 134258690 0 16778240 2 520
is_linear=0
shrinkage=0.03


Tree=90
num_leaves=15
num_cat=4
split_feature=18 14 0 7 1 18 10 16 18 19 5 1 7 6
split_gain=28.6966 18.0778 26.2542 12.2969 10.1978 9.63656 40.5529 4.96537 4.6267 4.10105 5.48194 4.26307 4.16309 4.11125
threshold=0 0.20535714285714288 21.500000000000004 2.5000000000000004 22.500000000000004 1 14.500000000000002 0.48795003647426721 2 3 58.500000000000007 45.500000000000007 1.0000000180025095e-35 25.500000000000004
decision_type=9 10 2 10 2 9 8 10 9 1 2 2 10 2
left_child=1 2 4 7 -1 6 9 -3 -9 11 -11 12 -2 -12
right_child=5 3 -4 -5 -6 -7 -8 8 -10 10 13 -13 -14 -15
leaf_value=0.0056870045387681636 -0.00075865627435615641 -0.0014901089049885318 0.010864326223123565 0.0050521407469821906 -0.0011248376242637818 -0.0010956368858003127 0.0129637801267466 0.00296829778124999 0.00013474345811788466 0.0042181386138121415 0.0044500255743427936 -0.0023598363774112291 0.00074635226343767406 -1.576627292064309e-06
leaf_weight=350.95779252052307 4468.1514127254486 976.80692005157471 457.23111987113953 575.69527363777161 450.97295165061951 11104.370018005371 217.04040050506592 755.48286294937134 1620.4116227626801 380.35660266876221 202.12083578109741 930.97925734519958 2625.2548117637634 2312.0328998565674
leaf_count=54 1245 190 58 94 64 3585 19 142 362 106 52 272 742 639
internal_value=-1.80968e-06 0.00200499 0.0051355 0.00100562 0.00185967 -0.000470655 0.000153022 0.000309489 0.00104968 -0.000102647 0.000863484 -0.000451722 -0.000201629 0.000357929
internal_weight=27427.9 5187.56 1259.16 3928.4 801.931 22240.3 11135.9 3352.7 2375.89 10918.9 2894.51 8024.39 7093.41 2514.15
internal_count=7624 964 176 788 118 6660 3075 694 504 3056 797 2259 1987 691
cat_boundaries=0 4 10 14 15
cat_threshold=0 131072 2629774 805306368 65536 134523904 1075073104 68616 16 1871 0 0 8320 536870912 30
is_linear=0
shrinkage=0.03


Tree=91
num_leaves=15
num_cat=6
split_feature=18 18 8 3 13 18 17 19 17 9 18 8 6 18
split_gain=27.8089 14.8383 9.94153 9.38435 8.21544 7.8645 5.3422 6.716 9.62771 4.70638 3.79176 4.08966 3.88978 3.47343
threshold=0 1 4.5000000000000009 1.0000000180025095e-35 0.32142857142857145 2 0.66124625418649752 3 0.4326602054153636 1.0000000180025095e-35 4 1.5000000000000002 177.50000000000003 5
decision_type=9 9 8 2 8 9 10 1 10 10 9 10 2 9
left_child=1 -1 6 5 -5 -2 7 8 -3 -8 12 -12 -7 -9
right_child=3 2 -4 4 -6 10 9 13 -10 -11 11 -13 -14 -15
leaf_value=0.0064738802048937691 -0.0017051165242733118 0.00072006741152210547 0.0064984551731944442 -0.0017697970345418401 0.0042817486375052952 0.00034774440964394554 -0.0013015487721579645 -0.0011912352543979299 0.0072530706472089162 0.0026147470490362852 0.00016857531534429879 -0.0017166127981847832 -0.0015881665657938682 0.0015269910817391689
leaf_weight=559.5686502456665 4655.0178554058075 391.81881761550903 316.57772517204285 290.35945320129395 658.29895448684692 1304.6412751674652 1216.9968285560608 543.771155834198 420.87954521179199 356.17155146598816 10467.438220024109 1148.3785946369171 3285.1903681755066 1812.7256276607513
leaf_count=49 1621 64 47 91 98 411 271 93 75 81 2982 327 1049 365
internal_value=-1.7933e-06 0.00187812 0.00135684 -0.000486799 0.00242962 -0.000619769 0.00101518 0.00172441 0.00405826 -0.000413786 -0.000306679 -1.7917e-05 -0.00103568 0.000897129
internal_weight=27427.8 5618.51 5058.94 21809.3 948.658 20860.7 4742.36 3169.2 812.698 1573.17 16205.6 11615.8 4589.83 2356.5
internal_count=7624 1045 996 6579 189 6390 949 597 139 352 4769 3309 1460 458
cat_boundaries=0 4 7 13 14 20 24
cat_threshold=0 131072 1076392094 805306368 0 0 2 2562736280 36978828 805306368 2147893312 2155913219 4224 1 38944 20976131 100663296 134254600 72630272 18692 0 0 28 536870912
is_linear=0
shrinkage=0.03


Tree=92
num_leaves=15
num_cat=5
split_feature=18 11 18 18 1 1 17 18 18 1 14 15 13 5
split_gain=27.1158 38.1851 19.0139 6.66248 5.41903 24.5638 7.63724 6.82349 5.83025 9.37656 5.53999 5.25582 5.75824 4.90035
threshold=0 7.5000000000000009 1 2 34.500000000000007 33.500000000000007 0.091575211738041284 3 4 49.500000000000007 1.0000000180025095e-35 0.14583333333333334 0.082857142857142865 234.50000000000003
decision_type=9 8 9 9 2 2 10 9 9 2 10 8 10 2
left_child=1 2 -1 -2 5 7 -7 -5 9 -6 -9 12 -4 -8
right_child=3 -3 11 4 8 6 13 10 -10 -11 -12 -13 -14 -15
leaf_value=0.006338612583503535 -0.0018169045568937191 0.013360606209868939 0.0011509184419266523 -0.0014035452596891909 -0.00055507755542791727 0.010074667676537931 -0.00010351603665003049 0.0025101361337701513 -0.0018441326939842811 0.0062645918923843504 -9.9390899475181439e-05 0.00033978496822149461 0.0057375782132212498 0.0066927722047204728
leaf_weight=563.20297908782959 3473.2578938007355 233.08800435066223 828.0442225933075 3481.5762963294983 1341.8567109107971 235.05814743041992 196.70778846740723 843.44823408126831 3508.840056180954 208.80369830131531 5507.7154197692871 6471.5779659748077 350.0951931476593 184.49495577812195
leaf_count=49 1199 28 150 1081 399 62 56 200 1103 60 1599 1511 72 55
internal_value=-1.75686e-06 0.00141127 0.00107227 -0.000630939 -0.000364233 2.57791e-05 0.00583095 -0.000338612 -0.00117026 0.000364321 0.000247112 0.000674595 0.0025176 0.00319466
internal_weight=27427.8 8446.01 8212.92 18981.8 15508.5 10449 616.261 9832.74 5059.5 1550.66 6351.16 7649.72 1178.14 381.203
internal_count=7624 1810 1782 5814 4615 3053 173 2880 1562 459 1799 1733 222 111
cat_boundaries=0 6 9 15 21 27
cat_threshold=0 132096 1076392158 805371912 0 66 0 0 2 415252664 24117376 905969664 134627392 13688833 20480 39424 167776271 0 2166394880 2147745794 9088 512 134258690 0 16778240 2 520
is_linear=0
shrinkage=0.03


Tree=93
num_leaves=15
num_cat=5
split_feature=18 11 18 18 1 1 17 18 18 1 16 0 15 1
split_gain=26.2973 36.4715 18.3157 6.41432 5.13865 23.6074 6.89009 6.80077 5.61438 9.04485 5.3651 5.11109 5.08245 5.70749
threshold=0 7.5000000000000009 1 2 34.500000000000007 33.500000000000007 0.091575211738041284 3 4 49.500000000000007 2.6591818650944177 26.500000000000004 0.14583333333333334 24.500000000000004
decision_type=9 8 9 9 2 2 10 9 9 2 8 2 8 2
left_child=1 2 -1 -2 5 7 -7 -5 9 -6 11 -9 13 -4
right_child=3 -3 12 4 8 6 -8 10 -10 -11 -12 -13 -14 -15
leaf_value=0.0062069853740679727 -0.001799364237437792 0.012987151775243408 0.0003630340788171211 -0.001399590344286379 -0.00054712008923978094 0.0096001405905240065 0.0031371651429135208 0.0004057833799055815 -0.0018071161506957889 0.0061330601342588229 0.0046408999419785685 -0.0021752204590532978 0.00033460922664040467 0.0045331494022706059
leaf_weight=566.7842378616333 3406.7512683868408 236.22310137748718 583.83293962478638 3513.8913249969482 1341.1120774745941 243.30446982383728 382.42130732536316 5320.9679038524628 3519.5125470161438 210.11587262153625 239.29006361961365 792.47813534736633 6473.7772822380066 597.27450799942017
leaf_count=49 1178 28 106 1094 399 64 111 1533 1109 60 31 235 1511 116
internal_value=-1.74033e-06 0.00138838 0.00105528 -0.000621984 -0.000363168 1.55858e-05 0.00566151 -0.000343007 -0.00114745 0.000358776 0.000243369 7.09101e-05 0.000664098 0.00247387
internal_weight=27427.7 8457.89 8221.67 18969.8 15563.1 10492.4 625.726 9866.63 5070.74 1551.23 6352.74 6113.45 7654.88 1181.11
internal_count=7624 1810 1782 5814 4636 3068 175 2893 1568 459 1799 1768 1733 222
cat_boundaries=0 6 9 15 21 27
cat_threshold=0 132096 1076392158 805371912 0 66 0 0 2 415252664 24117376 905969664 409664 13688833 20480 39424 167776271 0 2300612608 2147745794 9088 512 134258690 0 16778240 2 520
is_linear=0
shrinkage=0.03


Tree=94
num_leaves=15
num_cat=5
split_feature=18 14 17 7 3 13 15 18 16 18 18 9 19 6
split_gain=25.6215 16.7021 24.5115 11.7392 8.70326 7.72738 7.32823 7.26438 4.86523 4.49936 4.36782 3.86265 5.42568 12.0798
threshold=0 0.20535714285714288 0.21636182069539264 2.5000000000000004 1.0000000180025095e-35 0.32142857142857145 0.1138888888888889 1 0.48795003647426721 2 3 1.0000000180025095e-35 4 98.500000000000014
decision_type=9 10 8 10 2 8 8 9 10 9 9 10 1 2
left_child=1 2 6 8 7 -6 -1 -2 -3 -10 -9 12 13 -12
right_child=4 3 -4 -5 5 -7 -8 10 9 -11 11 -13 -14 -15
leaf_value=-6.2220702430121946e-05 -0.0016791421510226584 -0.0015340026251346457 0.011109137200688226 0.0048578610411757735 -0.0017287818553780108 0.0041399668196940619 0.0055462254609257794 -0.00099099198807148714 0.0028610883954979529 7.513956850907143e-05 0.0048469393243932785 -0.0011233821129699709 -0.00041168713505114831 0.00041517676545569314
leaf_weight=543.97560548782349 4257.7542026042938 980.01860904693604 391.77951622009277 581.36663103103638 289.45198941230774 663.20908045768738 340.17448282241821 5474.6221814155579 760.11014032363892 1626.9060087203979 641.70549154281616 2106.1965019702911 4778.6925575733185 3991.7481319904327
leaf_count=82 1491 190 46 94 91 98 48 1756 142 362 165 595 1353 1111
internal_value=-1.72622e-06 0.00188626 0.00487244 0.000925066 -0.000446673 0.00235689 0.00209944 -0.000572671 0.000244772 0.000975406 -0.00029419 3.76265e-05 0.000297562 0.00102765
internal_weight=27427.7 5224.33 1275.93 3948.4 22203.4 952.661 884.15 21250.7 3367.03 2387.02 16993 11518.3 9412.15 4633.45
internal_count=7624 964 176 788 6660 189 130 6471 694 504 4980 3224 2629 1276
cat_boundaries=0 4 10 14 20 21
cat_threshold=0 131072 2629774 805306368 2562736280 36978828 805306368 2147876928 8429571 4224 0 0 8320 536870912 170016 20976131 100663296 134270984 2236891136 26884 25
is_linear=0
shrinkage=0.03


Tree=95
num_leaves=15
num_cat=6
split_feature=18 13 18 18 19 18 5 1 18 1 6 5 15 13
split_gain=24.8748 34.9515 17.3655 6.1834 4.9601 8.06273 17.7792 5.50863 7.69231 5.56186 7.28833 5.42156 4.88932 5.49907
threshold=0 3.6428571428571437 1 2 3 4 664.00000000000011 36.500000000000007 5 24.500000000000004 86.500000000000014 438.50000000000006 0.14583333333333334 0.082857142857142865
decision_type=9 8 9 9 1 9 2 2 9 2 2 2 8 10
left_child=1 2 -1 -2 5 6 11 8 -6 -10 -11 -5 13 -4
right_child=3 -3 12 4 7 -7 -8 -9 9 10 -12 -13 -14 -15
leaf_value=0.0060190652117617215 -0.0017665018102012852 0.012831920560606483 0.0010818756629264619 0.0019040148988810593 -0.0013529660739136724 -0.00073573474174607075 0.010411985252841024 -0.0017117125453379118 -0.00034920289731954219 0.0059854771767457408 0.00095839127655047117 -0.0018390651684399709 0.00032195255902919552 0.0055465571402853221
leaf_weight=571.97519588470459 3384.4898760318756 231.05980253219604 831.62629675865173 1385.4711439609528 3337.4559760093689 2211.0917439460754 197.53765559196472 3305.9471411705017 2705.0718731880188 307.1399405002594 1650.2663638591766 464.20659708976746 6490.9886734485626 353.37567758560181
leaf_count=49 1171 20 150 399 1072 648 34 1034 766 85 467 138 1519 72
internal_value=-1.72235e-06 0.00134784 0.00102624 -0.000606047 -0.000352632 0.000519198 0.00187128 -0.000681189 -0.000256019 0.000531072 0.00174985 0.000964142 0.000644787 0.00241683
internal_weight=27427.7 8479.03 8247.97 18948.7 15564.2 4258.31 2047.22 11305.9 7999.93 4662.48 1957.41 1849.68 7675.99 1185
internal_count=7624 1810 1790 5814 4643 1219 571 3424 2390 1318 552 537 1741 222
cat_boundaries=0 6 9 15 16 22 28
cat_threshold=0 132096 1076392158 805371912 0 66 0 0 2 415252664 19927168 905969664 134627392 13688833 20480 97 73728 134506496 0 3072 0 908 41472 172245007 262144 2147487744 2164260866 2696
is_linear=0
shrinkage=0.03


Tree=96
num_leaves=15
num_cat=4
split_feature=18 14 0 15 1 3 13 18 16 1 1 18 6 19
split_gain=24.2 15.8142 24.0842 11.5719 9.90071 8.2683 7.3481 6.97075 5.916 6.63173 6.76672 4.35888 4.51126 14.0017
threshold=0 0.20535714285714288 21.500000000000004 0.93888888888888899 22.500000000000004 1.0000000180025095e-35 0.32142857142857145 1 0.48795003647426721 19.500000000000004 6.5000000000000009 2 98.500000000000014 3
decision_type=9 10 2 10 2 2 8 9 10 2 2 9 2 1
left_child=1 2 4 8 -1 7 -7 -2 -3 10 -10 -9 13 -13
right_child=5 3 -4 -5 -6 6 -8 11 9 -11 -12 12 -14 -15
leaf_value=0.0053324789748906802 -0.0016376022019777788 -0.0018679316605936477 0.010114999302221294 0.0049530786387303434 -0.0013250258564896688 -0.0017012052848014163 0.0040203938690699086 -0.00093444373299419949 -6.0674585217229198e-05 -9.5996964474952913e-05 0.0054243084343775132 0.0046046643833240978 -0.00018530683735753427 -0.0009251556342572782
leaf_weight=357.12575006484985 4285.1055216789246 883.13100004196167 470.95882129669189 543.81360673904419 457.63932752609253 288.84502983093262 667.40728545188904 5984.1644639968872 343.74202132225037 1694.422233581543 491.32175779342651 724.24299311637878 9301.0358185768127 934.71225428581238
leaf_count=54 1504 175 58 97 64 91 98 1914 69 354 93 188 2611 254
internal_value=-1.70269e-06 0.00182932 0.00472195 0.000892963 0.00159603 -0.000435041 0.00229216 -0.000558192 0.000244707 0.000982749 0.00316912 -0.000284 7.17242e-05 0.00151246
internal_weight=27427.7 5242.15 1285.72 3956.43 814.765 22185.5 956.252 21229.3 3412.62 2529.49 835.064 16944.2 10960 1658.96
internal_count=7624 964 176 788 118 6660 189 6471 691 516 162 4967 3053 442
cat_boundaries=0 4 10 16 17
cat_threshold=0 131072 2629774 805306368 2562736280 36978828 805306368 2147876928 12623875 4224 178208 20976129 100663296 134270984 2232696832 26884 9
is_linear=0
shrinkage=0.03


Tree=97
num_leaves=15
num_cat=5
split_feature=18 11 18 18 1 1 17 18 16 18 1 5 15 1
split_gain=23.5337 32.9202 16.6716 5.63373 4.70132 23.0662 6.54241 6.42836 5.88881 5.57403 8.04534 4.74609 4.6209 5.51316
threshold=0 7.5000000000000009 1 2 34.500000000000007 33.500000000000007 0.091575211738041284 3 2.6591818650944177 4 49.500000000000007 234.50000000000003 0.14583333333333334 24.500000000000004
decision_type=9 8 9 9 2 2 10 9 8 9 2 2 8 2
left_child=1 2 -1 -2 5 7 -7 -5 -9 10 -6 -8 13 -4
right_child=3 -3 12 4 9 6 11 8 -10 -11 -12 -13 -14 -15
leaf_value=0.0058610821885827962 -0.0017544713205144031 0.012159545647210722 0.00026258018084529761 -0.0014627991224980136 -0.00047122802637630356 0.0093396270457712198 -0.00015881050759119272 -9.4338519663590006e-06 0.0045278471509715545 -0.0017591948082397088 0.0057282706800776658 0.0065085617984589244 0.00029938189071514583 0.0043441867148509283
leaf_weight=576.4119119644165 3116.6039659976959 243.47913527488708 587.7081470489502 3178.7758760452271 1379.8013594150543 248.40591430664062 197.44951772689819 6568.5912520885468 266.94278955459595 3568.2867431640625 217.16807317733765 186.09123253822327 6488.7861754894257 603.14983320236206
leaf_count=49 1084 28 106 992 414 65 56 1922 33 1131 62 55 1511 116
internal_value=-1.69405e-06 0.00130869 0.000988841 -0.000590531 -0.000360047 7.16894e-08 0.00555424 -0.00035094 0.000168147 -0.00110285 0.000372553 0.00308466 0.000613999 0.00233176
internal_weight=27427.7 8499.54 8256.06 18928.1 15811.5 10646.3 631.947 10014.3 6835.53 5165.26 1596.97 383.541 7679.64 1190.86
internal_count=7624 1810 1782 5814 4730 3123 176 2947 1955 1607 476 111 1733 222
cat_boundaries=0 6 9 15 21 27
cat_threshold=0 132096 1076392158 805371912 0 66 0 0 2 415252664 19923072 905969664 409664 8429569 20480 39424 171970567 0 2300608512 2147745794 9088 512 138452994 0 16778240 2 520
is_linear=0
shrinkage=0.03


Tree=98
num_leaves=15
num_cat=4
split_feature=18 14 0 19 7 1 18 10 9 18 0 0 15 1
split_gain=22.8711 14.9622 22.7678 11.0649 24.2895 9.62204 7.90955 32.466 4.84308 4.37384 3.75855 5.45086 6.12652 4.38071
threshold=0 0.20535714285714288 21.500000000000004 1 2.5000000000000004 22.500000000000004 2 14.500000000000002 1.0000000180025095e-35 3 26.500000000000004 19.500000000000004 1.0000000180025095e-35 34.500000000000007
decision_type=9 10 2 1 10 2 9 8 10 9 2 2 8 2
left_child=1 2 5 4 9 -1 7 -2 -5 -3 11 -8 -13 -14
right_child=6 3 -4 8 -6 -7 10 -9 -10 -11 -12 12 13 -15
leaf_value=0.0052006462370276299 -9.809135574065733e-05 0.003450325225421587 0.0097742831137006842 -0.0015966486278643432 0.01097619401206565 -0.0013479911759684126 -0.0012141319186393213 0.01119612137347533 0.0016625697512042716 0.0001270736363743341 -0.0022255031229130124 0.0056741936771133577 0.00078813573926661779 -0.0020362467330027421
leaf_weight=359.47484970092773 10945.940808057785 506.43693876266479 477.47653388977051 1466.1850907802582 261.61739087104797 458.41668438911438 6480.9212734699249 232.96076583862305 568.73575568199158 1161.0002388954163 1858.1693050861359 183.47127985954285 1784.3782024383545 682.43706369400024
leaf_count=54 3063 89 58 298 42 64 2165 20 120 239 549 50 581 232
internal_value=-1.6779e-06 0.00177476 0.004576 0.000862916 0.00248281 0.00153306 -0.000423803 0.000138129 -0.000682017 0.00115932 -0.000994993 -0.000745461 0.000400636 6.27028e-06
internal_weight=27427.6 5259.34 1295.37 3963.98 1929.05 817.892 22168.3 11178.9 2034.92 1667.44 10989.4 9131.21 2650.29 2466.82
internal_count=7624 964 176 788 370 118 6660 3083 418 328 3577 3028 863 813
cat_boundaries=0 4 5 11 15
cat_threshold=0 131072 2629774 805306368 67 65536 134523904 1075073104 68616 48 1871 0 0 128 536870912
is_linear=0
shrinkage=0.03


Tree=99
num_leaves=15
num_cat=5
split_feature=18 16 18 18 11 1 1 16 14 5 15 5 19 18
split_gain=22.1969 31.2202 15.9121 5.45537 4.37592 5.34587 9.67935 7.18722 4.3214 5.2909 5.81791 5.42332 4.2607 8.33323
threshold=0 5.9518019564561326 1 2 0.75000000000000011 6.5000000000000009 16.500000000000004 0.7559289460184534 0.29464285714285715 169.50000000000003 0.13977777777777781 553.00000000000011 3 4
decision_type=9 8 9 9 10 2 2 10 10 2 10 2 1 9
left_child=1 2 -1 -2 5 -4 7 -7 9 10 -8 -11 13 -5
right_child=3 -3 4 12 -6 6 8 -9 -10 11 -12 -13 -14 -15
leaf_value=0.0057097116692606999 -0.001748439947008627 0.012174579846008483 -0.0014249442668182236 0.0018323090992140214 -0.00050527570636626747 0.0011163794154620014 0.0071018230707341166 0.0065706937721442911 -0.00011005831362301894 -0.00085456532890043754 0.0010682891827159847 0.0035152069256286773 -0.00065614802635250954 -0.00077954744560684288
leaf_weight=580.72674179077148 2989.6856369972229 228.93741226196289 679.26122975349426 2052.0092625617981 2265.832622051239 380.22399115562439 302.41295289993286 508.35199761390686 2186.9895651340485 717.85651445388794 274.26865315437317 395.73004603385925 11519.807728767395 2345.4843285083771
leaf_count=49 1051 19 146 571 558 77 57 104 509 149 63 79 3503 689
internal_value=-1.6543e-06 0.00126869 0.000967674 -0.000574551 0.000601663 0.0010634 0.00141828 0.00424066 0.000770532 0.0019093 0.0042391 0.000700061 -0.000353009 0.000440758
internal_weight=27427.6 8520.59 8291.65 18907 7710.93 5445.09 4765.83 888.576 3877.26 1690.27 576.682 1113.59 15917.3 4397.49
internal_count=7624 1810 1791 5814 1742 1184 1038 181 857 348 120 228 4763 1260
cat_boundaries=0 6 9 15 16 22
cat_threshold=0 132096 1076392158 805371912 0 66 0 0 2 415252664 19923072 805306368 134611008 13688835 20480 97 73728 134506496 0 3072 0 908
is_linear=0
shrinkage=0.03


Tree=100
num_leaves=15
num_cat=3
split_feature=18 14 17 15 3 15 13 18 16 1 10 17 18 6
split_gain=21.6132 14.123 22.2467 10.9338 7.66917 7.04152 6.83828 6.29829 5.68737 6.26633 6.29162 4.01681 3.99863 4.40861
threshold=0 0.20535714285714288 0.21636182069539264 0.93888888888888899 1.0000000180025095e-35 0.1138888888888889 0.32142857142857145 1 0.48795003647426721 19.500000000000004 0.75000000000000011 0.59270501111844043 2 98.500000000000014
decision_type=9 10 8 10 2 8 8 9 10 2 10 10 9 2
left_child=1 2 5 8 7 -1 -6 -2 -3 10 -10 -11 -9 -14
right_child=4 3 -4 -5 6 -7 -8 12 9 11 -12 -13 13 -15
leaf_value=-0.00030394550385070938 -0.001587003973682045 -0.0018686256609559164 0.010261412604014917 0.0047603247276806187 -0.0016585240353660694 0.0051423949668526255 0.0038601691750249699 -0.000918458025005289 0.0056202950488340141 -0.0021012503915156348 0.00043268853457497573 0.00095158966511262608 0.0014203773085936717 -0.00020556827300291638
leaf_weight=553.00244379043579 4095.2279517650604 883.17809057235718 405.01410961151123 549.15573859214783 287.91059899330139 347.04957675933838 673.11668109893799 5788.4553828239441 422.2848858833313 597.99286222457886 418.75170278549194 1099.6835622787476 1780.4689810276031 9526.2246651649475
leaf_count=82 1442 175 46 97 91 48 98 1864 76 99 86 255 480 2685
internal_value=-1.62091e-06 0.00172188 0.0044314 0.000834858 -0.000412783 0.00179948 0.00220684 -0.000531881 0.00020368 0.000925054 0.00304097 -0.000124353 -0.000277952 5.05282e-05
internal_weight=27427.5 5276.11 1305.07 3971.05 22151.4 900.052 961.027 21190.4 3421.89 2538.71 841.037 1697.68 17095.1 11306.7
internal_count=7624 964 176 788 6660 130 189 6471 691 516 162 354 5029 3165
cat_boundaries=0 4 10 16
cat_threshold=0 131072 2629774 805306368 2562736280 36978828 805306368 2147745856 12623875 4224 47136 20976129 100663296 134402056 2232696832 26884
is_linear=0
shrinkage=0.03


Tree=101
num_leaves=15
num_cat=6
split_feature=18 11 18 18 1 1 17 6 18 10 5 6 18 19
split_gain=21.0149 27.3741 15.6463 5.30487 6.0052 18.2312 8.52398 5.51492 5.28079 8.92052 3.93693 3.92739 4.79001 5.33217
threshold=0 13.500000000000002 1 2 34.500000000000007 33.500000000000007 0.091575211738041284 8.5000000000000018 3 14.500000000000002 25.500000000000004 63.000000000000007 4 5
decision_type=9 8 9 9 2 2 10 2 9 8 2 2 9 1
left_child=1 2 -1 -2 5 8 -7 -6 -5 10 -10 -4 -13 -14
right_child=3 -3 11 4 7 6 -8 -9 9 -11 -12 12 13 -15
leaf_value=0.0055392933645469445 -0.0017088385288501324 0.011114213079998931 -0.0013710889302353394 -0.0013430151425658028 0.0040733335106667668 0.0096396536328556843 0.0021373854368207075 -0.0015150438389534707 0.0029927590393178452 0.0064771835551242765 -0.00020309932663358817 -1.9802919561535774e-05 -0.00073835009241157083 0.0018807102347509774
leaf_weight=585.66102123260498 3404.9017241001129 237.15746164321899 886.14183449745178 2865.0741295814514 164.24776172637939 234.3526303768158 325.6754150390625 4194.5489268302917 370.42422461509705 197.59408807754517 5256.6888620853424 4119.5874495506287 858.67238974571228 3726.8034558296204
leaf_count=49 1189 22 195 897 47 60 96 1328 110 20 1559 1127 179 746
internal_value=-1.62858e-06 0.00105913 0.000824783 -0.000651187 -0.000385394 4.69601e-05 0.00528841 -0.00130358 -0.000291404 0.000227921 7.7735e-06 0.00053003 0.0007243 0.00138967
internal_weight=27427.5 10414 10176.9 17013.5 13608.6 9249.81 560.028 4358.8 8689.78 5824.71 5627.11 9591.21 8705.06 4585.48
internal_count=7624 2318 2296 5306 4117 2742 156 1375 2586 1689 1669 2247 2052 925
cat_boundaries=0 6 9 15 21 27 28
cat_threshold=0 164864 1077702878 805372936 0 578 0 0 2 415252664 24121536 637534208 134627520 8445953 20480 39424 167772167 0 2166390784 2147745794 8576 0 132096 266304 1032 0 514 40
is_linear=0
shrinkage=0.03


Tree=102
num_leaves=15
num_cat=4
split_feature=18 12 18 18 15 13 5 5 1 14 5 5 9 19
split_gain=20.4282 30.7659 14.6624 5.05192 4.24759 5.21834 5.13088 9.24043 4.45355 4.3486 4.11038 5.64197 5.38399 4.08032
threshold=0 7.5000000000000009 1 2 0.14583333333333334 0.082857142857142865 226.50000000000003 246.50000000000003 31.500000000000004 0.20535714285714288 39.500000000000007 23.500000000000004 1.0000000180025095e-35 3
decision_type=9 8 9 9 8 10 2 2 2 10 2 2 10 1
left_child=1 2 -1 -2 5 8 10 -8 -4 -9 11 -6 -12 -5
right_child=3 -3 4 13 6 -7 7 9 -10 -11 12 -13 -14 -15
leaf_value=0.0054284702303201045 -0.0016911351533032827 0.011808962789931916 -0.00080678966308007276 0.00043625353229133715 -0.00090253072922666757 0.0052186754943746262 0.0068565617208220485 0.0037721890983622671 0.003685517812624781 0.00024493981397613113 -0.0018816031838288718 0.0048243673550824265 0.0015393172305230051 -0.00063707714582322003
leaf_weight=588.91417217254639 2949.405796289444 238.82522320747375 521.67532873153687 4396.8322064876556 362.33599591255188 359.15177297592163 229.986008644104 353.31101965904236 319.44733834266663 2806.3237910270691 1977.7173290252686 268.99885368347168 522.81592297554016 11531.735638141632
leaf_count=49 1039 27 92 1260 84 72 50 72 58 658 462 63 123 3515
internal_value=-1.5987e-06 0.0012141 0.000909707 -0.000552551 0.000556667 0.0021967 0.000255383 0.00106409 0.00090168 0.000640426 -0.00061994 0.00154135 -0.00116602 -0.000340704
internal_weight=27427.5 8549.5 8310.68 18878 7721.76 1200.27 6521.49 3389.62 841.123 3159.63 3131.87 631.335 2500.53 15928.6
internal_count=7624 1810 1783 5814 1734 222 1512 780 150 730 732 147 585 4775
cat_boundaries=0 6 9 15 16
cat_threshold=0 132096 1076392158 805371912 0 66 0 0 2 415252664 19923072 805306368 2282094656 13672449 20480 97
is_linear=0
shrinkage=0.03


Tree=103
num_leaves=15
num_cat=5
split_feature=18 14 17 19 7 3 15 13 18 9 18 17 0 18
split_gain=19.901 13.1179 23.0695 10.6904 22.853 7.15961 6.90911 6.43944 5.69529 4.67638 4.19992 3.72339 3.71713 3.69903
threshold=0 0.20535714285714288 0.35172501268391682 1 2.5000000000000004 1.0000000180025095e-35 0.1138888888888889 0.32142857142857145 2 1.0000000180025095e-35 3 0.6534056299751666 8.5000000000000018 4
decision_type=9 10 8 1 10 2 8 8 9 10 9 10 2 9
left_child=1 2 6 4 10 8 -1 -7 -2 -5 -3 -11 -12 -10
right_child=5 3 -4 9 -6 7 -8 -9 13 11 12 -13 -14 -15
leaf_value=-0.00035442696089646664 -0.00154705770172963 0.0033259372838943249 0.010753674665457486 -0.0016244238344835839 0.010539491458398109 -0.0016322183566498188 0.0047888931514159473 0.0037208484695526426 -0.00093238732860537643 -0.00094134583057287481 0.0031260461903537431 0.0038966283728619528 -0.00086121105134924958 1.645650648343796e-05
leaf_weight=554.92546844482422 3896.4317469596863 509.96880865097046 356.28876447677612 1469.255304813385 266.1259970664978 287.3376772403717 406.63553953170776 678.16106033325195 5352.7845826148987 275.21371936798096 274.46639275550842 296.69297409057617 890.25016617774963 11912.876013755798
leaf_count=82 1378 89 40 298 42 91 54 98 1741 52 58 68 181 3352
internal_value=-1.56498e-06 0.00164769 0.00424404 0.000791699 0.00237812 -0.000397202 0.00182335 0.00212771 -0.000512681 -0.00072525 0.00108987 0.00157091 7.95823e-05 -0.000278115
internal_weight=27427.4 5299.82 1317.85 3981.97 1940.81 22127.6 961.561 965.499 21162.1 2041.16 1674.69 571.907 1164.72 17265.7
internal_count=7624 964 176 788 370 6660 136 189 6471 418 328 120 239 5093
cat_boundaries=0 4 5 11 15 21
cat_threshold=0 131072 2629774 805306368 67 2562736280 36978828 536870912 2147745792 40963 4224 0 0 128 536870912 170016 20976129 369098752 134402120 2236891136 18692
is_linear=0
shrinkage=0.03


Tree=104
num_leaves=15
num_cat=6
split_feature=18 11 18 1 1 19 6 18 10 17 5 18 6 18
split_gain=19.3744 24.9582 14.3319 5.10473 21.1712 26.7523 8.16869 7.52133 8.52531 4.27252 4.08462 3.97545 3.81428 4.58237
threshold=0 13.500000000000002 1 34.500000000000007 33.500000000000007 2 7.5000000000000009 3 14.500000000000002 0.0048638316395086967 25.500000000000004 4 63.000000000000007 5
decision_type=9 8 9 2 2 1 2 9 8 10 2 9 2 9
left_child=1 2 -1 4 7 -6 -5 9 10 -2 -9 -8 -4 -14
right_child=3 -3 12 6 5 -7 11 8 -10 -11 -12 -13 13 -15
leaf_value=0.0052694830327066127 -0.0056606797851761238 0.010499284692320381 -0.0013685447272378962 0.0049734680228641186 -0.0010762064433299922 0.010622611386023922 -0.00027743063399191746 0.0024013263742690724 0.0054438193596290365 -0.0014707604705719709 -0.00043763612600050087 -0.002097143829192045 -1.6717063542829418e-05 0.0013594213076522329
leaf_weight=593.64361000061035 234.45804381370544 242.92391109466553 885.97500419616699 175.6339282989502 354.6569139957428 341.03029370307922 1522.76717877388 488.91003489494324 244.55354404449463 3176.2203409671783 6612.7211039066315 3833.2872641086578 4211.4675757884979 4509.1428098678589
leaf_count=49 30 22 195 53 106 97 480 149 25 1083 2009 1274 1147 905
internal_value=-1.55264e-06 0.00101467 0.000788776 -0.000626652 -0.000265511 0.00480267 -0.00137529 -0.000593706 -5.18161e-05 -0.00175522 -0.000241878 -0.00158437 0.000505358 0.000696453
internal_weight=27427.4 10443.2 10200.2 16984.2 11452.6 695.687 5531.69 10756.9 7346.18 3410.68 7101.63 5356.05 9606.59 8720.61
internal_count=7624 2318 2296 5306 3499 203 1807 3296 2183 1113 2158 1754 2247 2052
cat_boundaries=0 6 9 10 16 22 28
cat_threshold=0 164864 1077702878 805372936 0 578 0 0 2 13 12634656 56623111 637534208 2300739648 303106 28672 4268544 138412034 67108864 1179648 8192 257 0 132096 282688 1032 0 514
is_linear=0
shrinkage=0.03


Tree=105
num_leaves=15
num_cat=6
split_feature=18 11 18 1 1 19 6 18 10 5 18 6 18 15
split_gain=18.7953 23.9236 13.8258 4.96658 20.4808 25.6243 7.91213 7.44688 8.40689 3.88694 3.87356 3.7023 4.43806 5.94327
threshold=0 13.500000000000002 1 34.500000000000007 33.500000000000007 2 7.5000000000000009 3 14.500000000000002 25.500000000000004 4 63.000000000000007 5 0.14583333333333334
decision_type=9 8 9 2 2 1 2 9 8 2 9 2 9 8
left_child=1 2 -1 4 7 -6 -5 -2 9 -9 -8 -4 -13 -14
right_child=3 -3 11 6 5 -7 10 8 -10 -11 -12 12 13 -15
leaf_value=0.0051654107797209168 -0.0016808731347011379 0.010235107215434745 -0.0013500379064853103 0.0048754407571671406 -0.0010617720386017152 0.010361295141778302 -0.00027340312272485212 0.0024493007943756986 0.0056007334856974199 -0.0003983365449738511 -0.0020703484196837592 -1.6468941070797256e-05 0.0036257533597714329 0.00082183011687576293
leaf_weight=596.78006649017334 3663.8147892951965 245.48788118362427 884.76333689689636 176.50961351394653 354.27543425559998 344.67223620414734 1522.3447716236115 461.613844871521 230.96554231643677 6394.0944337844849 3825.2567257881165 4211.3971800804138 833.88833618164062 3681.3884627819061
leaf_count=49 1203 22 195 53 106 97 480 139 23 1931 1274 1147 144 761
internal_value=-1.47722e-06 0.000998624 0.000776502 -0.000617669 -0.000261532 0.0047109 -0.00135675 -0.000585225 -1.62225e-05 -0.000206268 -0.00156333 0.000497592 0.000685619 0.00133739
internal_weight=27427.3 10453.7 10208.2 16973.5 11449.4 698.948 5524.11 10750.5 7086.67 6855.71 5347.6 9611.44 8726.67 4515.28
internal_count=7624 2318 2296 5306 3499 203 1807 3296 2093 2070 1754 2247 2052 905
cat_boundaries=0 6 9 10 16 22 28
cat_threshold=0 164864 1077702878 805372936 0 578 0 0 2 13 12634656 57671687 637534208 2300739648 303106 20608 4268544 138412034 67108864 1179648 8192 257 0 132096 282688 1032 0 514
is_linear=0
shrinkage=0.03


Tree=106
num_leaves=15
num_cat=6
split_feature=18 11 18 1 1 19 6 18 10 18 5 6 18 15
split_gain=18.2333 22.9387 13.3393 4.83191 19.8144 24.5516 7.66407 7.16956 7.50113 3.78194 3.6481 3.59353 4.29813 5.73411
threshold=0 13.500000000000002 1 34.500000000000007 33.500000000000007 2 7.5000000000000009 3 14.500000000000002 4 25.500000000000004 63.000000000000007 5 0.14583333333333334
decision_type=9 8 9 2 2 1 2 9 8 9 2 2 9 8
left_child=1 2 -1 4 7 -6 -5 -2 10 -8 -9 -4 -13 -14
right_child=3 -3 11 6 5 -7 9 8 -10 -11 -12 12 13 -15
leaf_value=0.0050639059572330017 -0.0017339442719171662 0.0099802113059114361 -0.0013317565782503804 0.0047798124298562492 0.010108903784752151 -0.0010475168406347062 -0.00055641422499654774 0.0022796524488497174 0.0051014495491867751 -0.0021937458416539609 -0.00041565485486039645 -1.6224492528162033e-05 0.0035587939487801211 0.00080892027264358487
leaf_weight=599.87065601348877 3316.2679176330566 248.01337480545044 883.56967687606812 177.37227535247803 348.26205134391785 353.89947366714478 2141.1136138439178 483.64779019355774 244.2570333480835 3198.16029047966 6700.0453751087189 4211.3278207778931 836.91730070114136 3684.4151794910431
leaf_count=49 1091 22 195 53 97 106 685 146 24 1069 2035 1147 144 761
internal_value=-1.41594e-06 0.000982829 0.000764408 -0.000608817 -0.000257624 0.00462128 -0.00133843 -0.000576873 -5.77134e-05 -0.00154253 -0.000233899 0.000489928 0.000674938 0.0013157
internal_weight=27427.1 10464.1 10216.1 16963 11446.4 702.162 5516.65 10744.2 7427.95 5339.27 7183.69 9616.23 8732.66 4521.33
internal_count=7624 2318 2296 5306 3499 203 1807 3296 2205 1754 2181 2247 2052 905
cat_boundaries=0 6 9 10 16 22 28
cat_threshold=0 164864 1077702878 805372936 0 578 0 0 2 82 12601888 57671687 637534208 2300739648 303106 28800 4399616 138412042 67108864 2148667392 8208 389 0 132096 282688 1032 0 514
is_linear=0
shrinkage=0.03


Tree=107
num_leaves=15
num_cat=6
split_feature=18 12 18 18 1 1 17 18 18 1 5 5 17 19
split_gain=17.7239 26.8562 12.4732 4.83249 4.02939 20.1942 5.77227 5.63868 5.08908 8.01462 4.58126 4.47037 3.9276 3.85331
threshold=0 9.5000000000000018 1 2 34.500000000000007 33.500000000000007 0.091575211738041284 3 4 49.500000000000007 234.50000000000003 25.500000000000004 0.64124356925959702 5
decision_type=9 8 9 9 2 2 10 9 9 2 2 2 8 1
left_child=1 2 -1 -2 5 7 -7 -5 9 -6 -8 -9 -13 -4
right_child=3 -3 13 4 8 6 10 11 -10 -11 -12 12 -14 -15
leaf_value=0.0049648850710910164 -0.0015719495925602381 0.011056474693446854 0.0016586445342075837 -0.0012476168273593943 -0.00042608756985724767 0.0084880301978358056 -0.00036573805221973358 0.0033393488448047398 -0.0016251285631656376 0.0057724820777789333 0.0061140050675230822 -0.00011925423444763761 0.0039158680911155529 0.00012225565503482259
leaf_weight=602.91604900360107 3211.0944957733154 237.68727207183838 1970.3644375801086 3597.723911523819 1363.0559966564178 269.03371596336365 202.3397970199585 391.33062720298767 3502.7477684020996 216.70143389701843 189.60444688796997 5739.4349255561829 224.63127279281616 5708.3696818351746
leaf_count=49 1133 25 423 1132 406 68 57 112 1121 61 55 1660 27 1295
internal_value=-1.35947e-06 0.00113391 0.0008492 -0.000513246 -0.000295716 3.67248e-05 0.00511051 -0.0003007 -0.000990423 0.000424622 0.00277644 0.000237041 3.33561e-05 0.000518302
internal_weight=27427 8519.34 8281.65 18907.7 15696.6 10614.1 660.978 9953.12 5082.51 1579.76 391.944 6355.4 5964.07 7678.73
internal_count=7624 1792 1767 5832 4699 3111 180 2931 1588 467 112 1799 1687 1718
cat_boundaries=0 6 9 15 21 27 28
cat_threshold=0 132096 1076392158 805306376 0 66 0 0 2 415252664 24121472 872415232 409664 13688833 20480 39424 167772175 33554432 2300678144 2147745794 9088 512 134258690 0 16843776 2 520 65
is_linear=0
shrinkage=0.03


Tree=108
num_leaves=15
num_cat=5
split_feature=18 6 17 14 0 3 13 18 17 18 5 19 6 18
split_gain=17.2597 12.1628 40.3842 15.6247 32.0121 6.27604 5.71598 5.3219 9.09025 5.3128 4.54803 3.81156 8.22314 7.20445
threshold=0 66.500000000000014 0.64823309548080199 0.098214285714285726 21.500000000000004 1.0000000180025095e-35 0.32142857142857145 1 0.59270501111844043 2 228.50000000000003 3 98.500000000000014 4
decision_type=9 2 10 10 2 2 8 9 10 9 2 1 2 9
left_child=1 2 -1 4 -3 9 -7 8 -5 -2 -10 12 13 -11
right_child=5 3 -4 7 -6 6 -8 -9 10 11 -12 -13 -14 -15
leaf_value=0.013170917247986493 -0.0014794293036678213 6.085008768710099e-05 -0.0011479614713404112 -0.0056274849925054991 0.01153422483879824 -0.0015855098509504632 0.0034532657722627295 0.00094257093680568185 -0.0018942191674908128 -0.0015317592562151064 0.0020662688756173178 -0.0007841709402858398 -0.00026793098034703976 0.0031065438411062296
leaf_weight=314.83109283447266 3946.0472130775452 571.58078002929688 403.73166632652283 340.41016864776611 353.68273544311523 286.32597684860229 688.06426215171814 2501.2188348770142 541.16052079200745 388.44284653663635 502.12332510948181 7158.2829451560974 8144.9485123157501 1286.1417243480682
leaf_count=36 1403 90 81 31 41 91 98 447 146 109 131 2148 2405 367
internal_value=-1.336e-06 0.00149471 0.0051353 0.000953013 0.00445427 -0.000379608 0.00197251 0.000118191 -0.00136852 -0.000489412 1.20822e-05 -0.000258212 0.000125652 0.00203975
internal_weight=27427 5528.74 718.563 4810.18 925.264 21898.3 974.39 3884.91 1383.69 20923.9 1043.28 16977.8 9819.53 1674.58
internal_count=7624 1003 117 886 131 6621 189 755 308 6432 277 5029 2881 476
cat_boundaries=0 4 7 13 14 20
cat_threshold=0 131072 2650254 805306368 0 131072 2 2562736280 36982924 805306368 2147762176 13688835 4096 25 98304 134250496 0 0 0 64
is_linear=0
shrinkage=0.03


Tree=109
num_leaves=15
num_cat=5
split_feature=18 8 18 6 19 1 18 19 15 15 1 7 5 15
split_gain=16.849 30.3608 12.9334 5.15546 10.5201 13.0904 4.56603 4.52921 8.09138 5.66846 5.56133 5.82952 7.11226 6.60753
threshold=0 11.000000000000002 1 82.500000000000014 2 25.500000000000004 3 4 0.080555555555555561 0.40833333333333338 45.500000000000007 1.0000000180025095e-35 555.50000000000011 0.90555555555555567
decision_type=9 8 9 2 1 2 9 1 8 10 2 10 2 10
left_child=1 2 -1 4 5 -2 -5 8 -4 -10 11 12 -9 -13
right_child=3 -3 7 6 -6 -7 -8 10 9 -11 -12 13 -14 -15
leaf_value=0.0048555160923446318 0.00091145302801945536 0.011596077774880696 0.0068662924527569374 -0.0019797422549424218 -0.0012741251168673124 0.0085118587522471957 -0.00060090280428223147 -0.00083099291550791385 -0.00083736163151991222 0.0020382449756896162 -0.0021311572317591885 0.0018713424387761864 0.0023639824970170644 -0.0033613312653211478
leaf_weight=606.315185546875 831.11382055282593 230.56117296218872 225.74743795394897 2737.8137924671173 1220.9854984283447 269.39961457252502 10300.758912801743 3954.1157579421997 986.88779783248901 1642.8485860824585 940.13421225547791 2499.1576592922211 744.23457193374634 236.93718385696411
leaf_count=49 258 16 39 910 386 78 3231 946 239 382 242 634 166 48
internal_value=-1.34608e-06 0.000837151 0.000627322 -0.0006602 0.000641693 0.00275304 -0.000892538 0.000393955 0.00142344 0.000959179 4.15247e-05 0.00031658 -0.000324503 0.00141715
internal_weight=27427 12066.9 11836.4 15360.1 2321.5 1100.51 13038.6 11230.1 2855.48 2629.74 8374.58 7434.45 4698.35 2736.09
internal_count=7624 2761 2745 4863 722 336 4141 2696 660 621 2036 1794 1112 682
cat_boundaries=0 6 9 10 16 17
cat_threshold=65536 164864 1077702878 805372936 0 582 0 0 2 9 415387832 2097155 570425344 2166636608 68460544 16392 65
is_linear=0
shrinkage=0.03


Tree=110
num_leaves=15
num_cat=4
split_feature=18 11 7 19 6 18 3 17 13 18 17 13 1 0
split_gain=16.3942 11.6074 20.5455 12.3372 20.1841 13.7002 6.2016 5.635 5.1697 5.08353 4.93765 4.44481 3.38851 3.33879
threshold=0 0.75000000000000011 2.5000000000000004 1 168.50000000000003 2 1.0000000180025095e-35 0.59270501111844043 0.32142857142857145 3 0.42356681569796334 0.46428571428571436 6.5000000000000009 2.5000000000000004
decision_type=9 10 8 1 2 9 2 10 8 9 10 8 2 2
left_child=1 2 3 4 -1 7 9 -5 -8 -2 -6 -12 -11 -14
right_child=6 -3 -4 5 10 -7 8 -9 -10 12 11 -13 13 -15
leaf_value=0.0096515093800288668 -0.0014403367679894589 -0.00085573158175397451 0.0078877765187183192 -0.0061142921796546491 -0.00040718118570816987 0.0016982782344082978 -0.0014538176664147489 -0.00069278799208300661 0.0033650870490816863 -0.001539702837591319 0.0061644667150013085 0.0009264647440692577 -0.0019353051668427022 -3.679290116518018e-06
leaf_weight=366.2195405960083 3986.2047252655029 1434.7032573223114 513.14198231697083 359.33261632919312 571.44176959991455 1341.982241153717 281.27986788749695 331.62750315666199 691.39130997657776 1655.3209748268127 287.4289288520813 295.69429111480713 851.85302972793579 14459.375674247742
leaf_count=50 1418 318 68 39 82 242 90 88 98 490 50 58 259 4274
internal_value=-1.33878e-06 0.00146121 0.00228217 0.00147076 0.00350181 -6.64789e-05 -0.000368872 -0.00346689 0.00197148 -0.000477781 0.00157481 0.00351448 -0.000250565 -0.000111266
internal_weight=27427 5501.57 4066.87 3553.73 1520.78 2032.94 21925.4 690.96 972.671 20952.8 1154.56 583.123 16966.5 15311.2
internal_count=7624 995 677 609 240 369 6629 127 188 6441 190 108 5023 4533
cat_boundaries=0 4 5 8 14
cat_threshold=0 131072 1076371662 805306368 9 0 131072 14 2562736280 36978824 805306368 2147745792 2161156099 4224
is_linear=0
shrinkage=0.03


Tree=111
num_leaves=15
num_cat=5
split_feature=18 8 18 6 19 1 18 19 15 15 6 10 6 14
split_gain=16.0097 28.5335 12.4834 5.01417 10.1906 12.5585 4.44148 4.34441 7.75448 5.45388 5.44231 5.22026 4.75879 4.48136
threshold=0 11.000000000000002 1 82.500000000000014 2 25.500000000000004 3 4 0.080555555555555561 0.40833333333333338 74.500000000000014 1.0000000180025095e-35 89.500000000000014 0.49107142857142866
decision_type=9 8 9 2 1 2 9 1 8 10 2 10 2 10
left_child=1 2 -1 4 5 -2 -5 8 -4 -10 -9 13 -12 -11
right_child=3 -3 7 6 -6 -7 -8 10 9 11 12 -13 -14 -15
leaf_value=0.00475278051354373 0.00090442415970474544 0.011156710859015534 0.0066931558916908523 -0.0019475637709303428 -0.001250027019612872 0.0083261217249963569 -0.00058621729528623393 -0.0021818063919058594 -0.00083173040035019259 0.00071877351828841839 0.0045992290710605288 0.00015194578260421796 0.00016584227857650179 0.0051419245894050664
leaf_weight=609.54260349273682 831.48395824432373 234.46610689163208 227.56572985649109 2730.9834704399109 1218.8101224899292 271.56220054626465 10290.17755317688 889.61952185630798 986.49230241775513 323.65353155136108 223.64713263511658 755.49648356437683 7264.8820321559906 568.62034034729004
leaf_count=49 258 16 39 910 386 78 3231 206 239 74 55 178 1775 130
internal_value=-1.3417e-06 0.000814975 0.000610107 -0.000644386 0.000639303 0.00271291 -0.000873812 0.00038048 0.00138739 0.000931944 3.51686e-05 0.00198769 0.000298843 0.00354012
internal_weight=27427 12084 11849.5 15343 2321.86 1103.05 13021.2 11240 2861.83 2634.26 8378.15 1647.77 7488.53 892.274
internal_count=7624 2761 2745 4863 722 336 4141 2696 660 621 2036 382 1830 204
cat_boundaries=0 6 9 10 16 17
cat_threshold=65536 164864 1077702878 805372936 0 582 0 0 2 9 415387832 2097155 570425344 2166636608 68460544 16392 65
is_linear=0
shrinkage=0.03


Tree=112
num_leaves=15
num_cat=6
split_feature=18 17 18 1 1 19 6 18 10 17 5 18 19 10
split_gain=15.552 22.7506 11.588 4.51189 18.5812 23.2566 7.066 6.70952 7.19406 4.34556 3.68168 3.6317 3.42923 8.00677
threshold=0 1.0793528505392913 1 34.500000000000007 33.500000000000007 2 7.5000000000000009 3 14.500000000000002 0.0048638316395086967 25.500000000000004 4 5 0.75000000000000011
decision_type=9 8 9 2 2 1 2 9 8 10 2 9 1 10
left_child=1 2 -1 4 7 -6 -5 9 10 -2 -9 -8 13 -4
right_child=3 -3 12 6 5 -7 11 8 -10 -11 -12 -13 -14 -15
leaf_value=0.0046612525210004948 -0.0055918579771188619 0.010242565597333057 0.0026877772676001171 0.0045701034072496557 0.0097673524209771403 -0.0010518151993915809 -0.00044219341390953172 0.0022989246453443391 0.0049606018655858168 -0.0013505935721197578 -0.00038924343944263837 -0.0020721374864220141 0.00010705989555228461 -0.00085677713553206167
leaf_weight=612.44652271270752 232.71667695045471 228.70838975906372 1582.9843480587006 179.29373264312744 353.23698949813843 354.01275491714478 1978.8336546421051 491.82735300064087 250.52870798110962 3148.0371322631836 6590.6609306335449 3331.4689297676086 7193.706291437149 898.51525545120239
leaf_count=49 30 21 341 53 97 106 634 149 25 1083 2009 1120 1695 212
internal_value=-1.32788e-06 0.000904015 0.00069631 -0.000564563 -0.00022512 0.00448105 -0.00127163 -0.000536179 -2.51979e-05 -0.00163926 -0.000202272 -0.00146969 0.000439599 0.00139888
internal_weight=27427 10516.4 10287.7 16910.6 11421 707.25 5489.6 10713.8 7333.02 3380.75 7082.49 5310.3 9675.21 2481.5
internal_count=7624 2318 2297 5306 3499 203 1807 3296 2183 1113 2158 1754 2248 553
cat_boundaries=0 6 9 10 16 22 23
cat_threshold=0 164864 1077702878 805372936 0 578 0 0 2 82 12634656 56623111 637534208 2300739648 303106 28672 4268544 138412042 67108864 2148663296 8208 389 65
is_linear=0
shrinkage=0.03


Tree=113
num_leaves=15
num_cat=6
split_feature=18 11 18 5 14 18 1 1 17 5 19 18 18 14
split_gain=15.0958 24.4621 11.066 5.00324 5.89181 4.11969 4.25256 16.8102 6.03054 5.31775 4.70477 4.57453 4.403 5.65438
threshold=0 10.500000000000002 1 28.500000000000004 0.45535714285714296 2 34.500000000000007 33.500000000000007 0.091575211738041284 234.50000000000003 3 4 5 1.0000000180025095e-35
decision_type=9 8 9 2 10 9 2 2 10 2 1 9 9 10
left_child=1 2 -1 4 -4 -2 7 12 -9 -10 11 -8 -7 -14
right_child=5 -3 3 -5 -6 6 10 8 9 -11 -12 -13 13 -15
leaf_value=0.0045718937758859974 -0.0014895434919734237 0.010423244580577331 0.0063872634249330451 0.00024426345924872178 0.00039895801632019897 -0.0012130208071654794 0.0020636444376822909 0.0083033151674086151 -0.0012862634786918955 0.0059653495616606217 -0.0018088178893993021 -0.0009960770779534351 0.0024525282839385687 -0.00017222396775840241
leaf_weight=615.30795669555664 3191.2914271354675 238.91724920272827 267.4963686466217 8055.8172607421875 329.46068835258484 3004.3646607398987 684.04932975769043 259.54611277580261 183.03079462051392 179.458899974823 2846.1099767684937 1186.6329643726349 851.43937301635742 5533.9434628486633
leaf_count=49 1133 21 56 1842 77 954 203 65 52 52 906 381 197 1636
internal_value=-1.2675e-06 0.000964374 0.000720481 0.000440314 0.00308851 -0.000513845 -0.000301483 4.8225e-05 0.00482024 0.00231035 -0.00104426 0.000128289 -0.000268383 0.000177816
internal_weight=27426.9 9507 9268.08 8652.77 596.957 17919.9 14728.6 10011.8 622.036 362.49 4716.79 1870.68 9389.75 6385.38
internal_count=7624 2045 2024 1975 133 5579 4446 2956 169 104 1490 584 2787 1833
cat_boundaries=0 6 9 15 16 18 24
cat_threshold=0 132096 1077702878 805372936 0 578 0 0 2 415252664 24121472 872415232 409664 13688833 20480 17 197120 134258690 39424 167772167 33554432 2300608512 2147745794 8576
is_linear=0
shrinkage=0.03


Tree=114
num_leaves=15
num_cat=5
split_feature=18 6 17 14 0 18 17 3 13 18 5 18 9 19
split_gain=14.7688 13.0547 38.232 11.2289 32.2742 5.75606 9.39594 5.47589 5.04671 4.61923 4.39748 3.36426 3.61195 4.75869
threshold=0 66.500000000000014 0.64823309548080199 0.098214285714285726 19.500000000000004 1 0.59270501111844043 1.0000000180025095e-35 0.32142857142857145 2 228.50000000000003 3 1.0000000180025095e-35 4
decision_type=9 2 10 10 2 9 10 2 8 9 2 9 10 1
left_child=1 2 -1 4 -3 6 -5 9 -9 -2 -8 -11 13 -13
right_child=7 3 -4 5 -6 -7 10 8 -10 11 -12 12 -14 -15
leaf_value=0.012491642894314078 -0.001409601048243005 -0.0016166614426715777 -0.0011566614939860042 -0.00573186528462528 0.0097333978465620578 0.00096728429845476405 -0.0019003298263915007 -0.0015239554360638428 0.0032090694160308545 -0.00079718484326599625 0.0019890136745339469 0.0010245233313952926 -0.0010931734113970529 -0.00036104468610620823
leaf_weight=339.0937967300415 3734.6576347351074 469.96948432922363 403.98792147636414 344.29819965362549 431.98754787445068 2512.4332365989685 541.4154167175293 285.00350713729858 697.35737442970276 6299.9015090465546 504.42508983612061 4438.4100201129913 1955.979336977005 4467.9191691875458
leaf_count=38 1339 71 81 31 51 445 146 91 98 2053 131 1224 550 1275
internal_value=-1.25269e-06 0.00137969 0.00507995 0.000809327 0.00382415 0.000111745 -0.00143075 -0.000351915 0.00183577 -0.000455009 -2.43311e-05 -0.000246246 7.37693e-05 0.000330226
internal_weight=27426.8 5547.61 743.082 4804.53 901.957 3902.57 1390.14 21879.2 982.361 20896.9 1045.84 17162.2 10862.3 8906.33
internal_count=7624 994 119 875 122 753 308 6630 189 6441 277 5102 3049 2499
cat_boundaries=0 4 7 13 19 20
cat_threshold=0 131072 2629790 805306368 0 131072 2 2562736280 41173128 536870912 2147745792 12640259 4224 178208 16781829 369098752 134402120 2232680448 18692 25
is_linear=0
shrinkage=0.03


Tree=115
num_leaves=15
num_cat=3
split_feature=18 18 7 19 15 6 1 6 7 5 0 15 0 15
split_gain=14.3799 10.3257 49.7877 6.27854 9.45587 7.65338 7.23148 7.21735 5.79618 8.32847 5.76275 7.2127 5.16748 5.10885
threshold=0 1 inf 2 0.069444444444444461 20.500000000000004 45.500000000000007 147.50000000000003 1.0000000180025095e-35 555.50000000000011 25.500000000000004 0.70277777777777783 16.500000000000004 0.88333333333333341
decision_type=9 9 8 1 8 2 2 2 10 2 2 10 2 8
left_child=-1 2 3 4 -2 -6 8 -7 9 -5 11 -9 -11 -10
right_child=1 -3 -4 6 5 7 -8 10 13 12 -12 -13 -14 -15
leaf_value=0.0044816581280884499 0.0070629512715221299 -0.00073431822300222321 0.014870866671394261 -0.00093877077629294921 0.006362648714912743 -0.0027056598899247676 -0.0023807293004633528 0.0011867011655268427 0.0015098870827451509 5.8401534357546952e-05 -0.0020584369721206286 0.0067945999811379722 0.0046232214749229875 -0.002070441973061281
leaf_weight=618.22423267364502 238.74386239051819 12536.514702320099 211.13407707214355 4881.9379606246948 214.89147090911865 519.41912865638733 1157.831570148468 2001.2616503238678 3097.2821393013 473.98771548271179 420.74982786178589 229.26281189918518 420.8528835773468 404.77298164367676
leaf_count=49 43 4061 11 1218 45 124 308 509 808 110 104 47 97 90
internal_value=-1.26779e-06 -0.000106442 0.00044522 0.000227885 0.00130149 0.000897083 -0.000146142 0.000524769 0.000132764 -0.000451021 0.00115843 0.00176589 0.00220805 0.00109559
internal_weight=27426.9 26808.6 14272.1 14061 3624.33 3385.58 10436.7 3170.69 9278.83 5776.78 2651.27 2230.52 894.841 3502.06
internal_count=7624 7575 3514 3503 872 829 2631 784 2323 1425 660 556 207 898
cat_boundaries=0 3 9 10
cat_threshold=0 0 2 65536 437248 1077702876 805374984 0 590 65
is_linear=0
shrinkage=0.03


Tree=116
num_leaves=15
num_cat=5
split_feature=18 11 7 19 14 18 1 17 18 9 1 1 1 19
split_gain=13.9929 11.5646 19.1668 11.698 17.167 13.358 8.96341 5.76757 5.25097 11.1979 4.54931 5.73785 17.9859 27.0864
threshold=0 0.75000000000000011 2.5000000000000004 1 0.18303571428571433 2 20.500000000000004 0.59270501111844043 3 8.5000000000000018 6.5000000000000009 34.500000000000007 33.500000000000007 4
decision_type=9 10 8 1 8 9 2 10 9 8 2 2 2 1
left_child=1 2 3 4 -1 7 -6 -5 -2 10 -10 12 -12 -14
right_child=8 -3 -4 5 6 -7 -8 -9 9 -11 11 -13 13 -15
leaf_value=0.0072172520378562532 -0.0013857447884179643 -0.0009446428179626066 0.0074094652210349721 -0.0061759958849227749 0.0047161309900426007 0.0015590908371063766 -0.0012429673224399818 -0.00070117312614651471 -0.0016863687477960741 0.0051570788943041228 -2.0428732660459416e-05 -0.00084770297517225792 0.010207475356075532 -0.00093533224304254863
leaf_weight=614.19393587112427 3647.381609916687 1497.6041016578674 537.61498093605042 361.88191080093384 348.49555826187134 1378.9471175670624 648.22464799880981 331.82397198677063 1771.3533575534821 351.2824821472168 9467.1497023105621 5692.7947812080383 386.2857780456543 391.79199051856995
leaf_count=76 1283 335 72 39 61 256 125 88 529 26 2772 1755 97 110
internal_value=-1.24546e-06 0.00131751 0.00212324 0.00134991 0.00325622 -0.000147563 0.000843224 -0.00351143 -0.00034915 -0.000139092 -0.00024451 -8.41663e-05 0.000340137 0.00472166
internal_weight=27426.8 5718.79 4221.18 3683.57 1610.91 2072.65 996.72 693.706 21708 18060.7 17709.4 15938 10245.2 778.078
internal_count=7624 1052 717 645 262 383 186 127 6572 5289 5263 4734 2979 207
cat_boundaries=0 6 7 10 16 17
cat_threshold=0 131072 2629774 805306368 0 64 9 0 131072 14 415285432 23072896 872415232 134627392 5300227 20480 82
is_linear=0
shrinkage=0.03


Tree=117
num_leaves=15
num_cat=3
split_feature=18 18 7 19 15 6 1 6 0 5 5 5 5 7
split_gain=13.7883 9.85837 40.9555 6.15392 8.86341 7.30626 7.14057 6.99316 5.49398 7.22202 9.72426 6.02524 8.4144 5.34345
threshold=0 1 inf 2 0.069444444444444461 20.500000000000004 45.500000000000007 147.50000000000003 25.500000000000004 444.50000000000006 375.50000000000006 281.50000000000006 228.50000000000003 1.0000000180025095e-35
decision_type=9 9 8 1 8 2 2 2 2 2 2 2 2 10
left_child=-1 2 3 4 -2 -6 13 -7 9 10 11 12 -9 -5
right_child=1 -3 -4 6 5 7 -8 8 -10 -11 -12 -13 -14 -15
leaf_value=0.0043762969150613262 0.0067429596089747046 -0.00073222796702025533 0.01295270329739826 -0.0004249403814905231 0.0062036999681122102 -0.0026689241234512597 -0.0023661199993909011 0.0015827582168072409 -0.0019798353876685211 -0.00076771060571205626 0.0087622099737350682 -0.0019769271012951002 0.0081385663369308841 0.0010478445488273011
leaf_weight=621.66391181945801 247.83403205871582 12229.69325709343 230.05339336395264 5932.1969659328461 216.51770853996277 517.85574793815613 1161.2685527801514 857.29036545753479 429.79552268981934 724.0535991191864 215.18543767929077 283.42088341712952 221.03810143470764 3538.8851451873779
leaf_count=49 45 3980 12 1470 45 124 310 221 107 184 49 70 51 907
internal_value=-1.20565e-06 -0.000104482 0.000422393 0.000220852 0.00127027 0.000880691 -0.000146765 0.000524119 0.00113039 0.00171195 0.00285026 0.0019103 0.00293288 0.000125421
internal_weight=27426.8 26805.1 14575.4 14345.3 3712.99 3465.16 10632.4 3248.64 2730.78 2300.99 1576.93 1361.75 1078.33 9471.08
internal_count=7624 7575 3595 3583 896 851 2687 806 682 575 391 342 272 2377
cat_boundaries=0 3 9 10
cat_threshold=0 0 2 65536 437248 1077702876 805374984 0 591 65
is_linear=0
shrinkage=0.03


Tree=118
num_leaves=15
num_cat=5
split_feature=18 6 17 14 18 17 18 7 5 5 17 18 18 17
split_gain=13.365 11.3239 36.3778 15.4235 5.35217 9.45823 5.02051 21.1678 4.2376 3.51592 5.36559 3.31036 3.29487 3.43361
threshold=0 66.500000000000014 0.64823309548080199 0.098214285714285726 1 0.59270501111844043 2 20.500000000000004 228.50000000000003 437.50000000000006 1.0000000180025095e-35 3 4 0.80340909090909107
decision_type=9 2 8 10 9 10 9 8 2 2 10 9 9 8
left_child=1 2 -1 -3 5 -5 7 -2 -7 10 -8 -12 -11 -14
right_child=6 3 -4 4 -6 8 9 -9 -10 12 11 -13 13 -15
leaf_value=0.012416316966388332 -5.7587367454934206e-05 0.0047640314850841223 -0.0011372852543128948 -0.0057524405800043112 0.00088494148670431616 -0.0018766735740411769 0.0045814602434596065 0.0099787012029732263 0.0019401293759077256 -0.00057568867454515615 -0.0013300525758039178 -7.8804814215796849e-05 -0.002176066684108345 -0.0066213502637877319
leaf_weight=318.06484127044678 11322.397406101227 739.77921009063721 403.41764330863953 345.07507514953613 2417.2510242462158 540.42996096611023 183.0389142036438 191.34794425964355 505.89247369766235 1210.1305265426636 3255.71471118927 4575.1596562862396 1240.5915596485138 178.4176013469696
leaf_count=34 3144 93 81 31 426 146 50 11 131 383 1162 1492 423 17
internal_value=-1.18171e-06 0.00135511 0.00484672 0.000803294 3.29252e-05 -0.00144283 -0.000324282 0.000109963 -3.1175e-05 -0.00079368 -0.000481995 -0.000600918 -0.00174621 -0.0027201
internal_weight=27426.7 5269.91 721.482 4548.43 3808.65 1391.4 22156.8 11513.7 1046.32 10643.1 8013.91 7830.87 2629.14 1419.01
internal_count=7624 942 115 827 734 308 6682 3155 277 3527 2704 2654 823 440
cat_boundaries=0 4 7 13 19 24
cat_threshold=0 131072 2105486 805306368 0 131072 2 65536 134523904 1075597392 16845832 48 1871 2562867864 7344268 67108864 2281979904 2148573186 4096 2147492352 1064972 872415232 4096 2147483648
is_linear=0
shrinkage=0.03


Tree=119
num_leaves=15
num_cat=3
split_feature=18 18 7 19 15 6 1 6 7 5 0 15 15 0
split_gain=13.2562 9.24643 43.7092 5.86825 8.5408 6.89926 6.77496 6.77456 5.45062 8.03212 5.41088 6.77968 4.97939 4.92753
threshold=0 1 inf 2 0.069444444444444461 20.500000000000004 45.500000000000007 147.50000000000003 1.0000000180025095e-35 555.50000000000011 25.500000000000004 0.70277777777777783 0.88333333333333341 16.500000000000004
decision_type=9 9 8 1 8 2 2 2 10 2 2 10 8 2
left_child=-1 2 3 4 -2 -6 8 -7 9 -5 11 -9 -10 -11
right_child=1 -3 -4 6 5 7 -8 10 12 13 -12 -13 -14 -15
leaf_value=0.0042800288122865305 0.0066699755601904989 -0.00069823097213178077 0.013650643876626994 -0.00092878909272616015 0.0060021994634993272 -0.0026369173191516547 -0.0023201529802020968 0.0011375049442679201 0.0014574781157998271 5.5684577543391045e-05 -0.0020101216935875126 0.0065455118185894267 -0.0020758571087155131 0.0045059804146885037
leaf_weight=624.83977508544922 243.11216449737549 12504.62547659874 220.20122718811035 4878.4487600326538 218.61486053466797 516.50125885009766 1152.2503118515015 2007.4046723842621 3107.2104444503784 474.07401752471924 419.16867804527283 231.93760466575623 404.94435691833496 423.40182328224182
leaf_count=49 43 4061 11 1218 45 124 308 509 808 110 104 47 90 97
internal_value=-1.19632e-06 -0.00010272 0.00041826 0.000210614 0.00124638 0.000859664 -0.000151314 0.000503798 0.000117804 -0.000448886 0.00111474 0.00170031 0.00104962 0.00215788
internal_weight=27426.7 26801.9 14297.3 14077.1 3636.74 3393.63 10440.3 3175.01 9288.08 5775.92 2658.51 2239.34 3512.15 897.476
internal_count=7624 7575 3514 3503 872 829 2631 784 2323 1425 660 556 898 207
cat_boundaries=0 3 9 10
cat_threshold=0 0 2 65536 437248 1077702876 805374984 0 590 65
is_linear=0
shrinkage=0.03


Tree=120
num_leaves=15
num_cat=3
split_feature=18 18 7 19 15 1 6 6 0 5 5 5 5 7
split_gain=12.8174 9.00826 36.4547 5.76389 8.13336 6.73388 6.63396 6.5908 5.16735 6.93436 9.27354 5.83485 7.96337 5.0608
threshold=0 1 inf 2 0.069444444444444461 45.500000000000007 20.500000000000004 147.50000000000003 25.500000000000004 444.50000000000006 375.50000000000006 281.50000000000006 228.50000000000003 1.0000000180025095e-35
decision_type=9 9 8 1 8 2 2 2 2 2 2 2 2 10
left_child=-1 2 3 4 -2 13 -6 -8 9 10 11 12 -9 -5
right_child=1 -3 -4 5 6 -7 7 8 -10 -11 -12 -13 -14 -15
leaf_value=0.004199534388415394 0.0064235686731251721 -0.00070239396398288944 0.012020811051306731 -0.00042023188573076301 0.005877696509526604 -0.002308520110918361 -0.0026046070960929397 0.0015311198051244093 -0.0019323887588673333 -0.00077796292531330405 0.008502261716703657 -0.0019816518622325545 0.0078780033326511269 0.0010121535587172663
leaf_weight=627.5198392868042 251.56157326698303 12203.966933250427 238.05227184295654 5930.2672955989838 219.9309778213501 1155.9507060050964 515.1410825252533 859.98813104629517 428.21900725364685 724.58006930351257 217.58703875541687 283.52492713928223 223.57831954956055 3546.8263299465179
leaf_count=49 45 3980 12 1470 45 310 124 221 107 184 49 70 51 907
internal_value=-1.17411e-06 -0.000101219 0.000401612 0.000208413 0.00122214 -0.000147726 0.000847113 0.00050526 0.00109121 0.00165249 0.00276359 0.00184467 0.00284676 0.000115892
internal_weight=27426.7 26799.2 14595.2 14357.2 3724.11 10633 3472.55 3252.62 2737.48 2309.26 1584.68 1367.09 1083.57 9477.09
internal_count=7624 7575 3595 3583 896 2687 851 806 682 575 391 342 272 2377
cat_boundaries=0 3 9 10
cat_threshold=0 0 2 65536 437248 1077702876 805374984 0 591 65
is_linear=0
shrinkage=0.03


Tree=121
num_leaves=15
num_cat=5
split_feature=18 6 17 14 18 17 18 9 1 1 1 19 18 6
split_gain=12.4256 10.8327 33.9091 14.4593 5.33517 9.53698 4.72621 9.44665 4.86569 5.75015 15.4221 24.5124 6.04908 7.94385
threshold=0 66.500000000000014 0.64823309548080199 0.098214285714285726 1 0.59270501111844043 2 8.5000000000000018 6.5000000000000009 34.500000000000007 33.500000000000007 3 4 191.50000000000003
decision_type=9 2 10 10 9 10 9 8 2 2 2 1 9 2
left_child=1 2 -1 -3 5 -5 -2 8 -8 10 -10 -12 13 -11
right_child=6 3 -4 4 -6 -7 7 -9 9 12 11 -13 -14 -15
leaf_value=0.011913458038131205 -0.0013840753584876539 0.0045780388376875213 -0.0011103727338794957 -0.0057772747329612375 0.00086602020033392285 -3.8447433678303839e-05 -0.0016941465539264946 0.004660810357076545 2.1618657559488846e-05 0.0035877048712930361 0.0093760506556679144 -0.00092618712479918376 -0.0015343868908590463 -0.00057925030879195838
leaf_weight=324.04912424087524 3167.4086127281189 746.85368204116821 402.62822604179382 346.01742172241211 2420.1656942367554 1046.8350207805634 1833.7451829910278 361.75506019592285 9917.0330066680908 542.67075896263123 408.54506516456604 415.1480667591095 3797.6744911670685 1696.1206514835358
leaf_count=34 1128 93 81 31 426 277 547 26 2903 152 101 117 1210 498
internal_value=-1.14995e-06 0.00130406 0.00470577 0.000763898 1.58198e-05 -0.00145678 -0.000313296 -0.000133836 -0.000227351 -6.69387e-05 0.000349422 0.00429127 -0.000807708 0.000430028
internal_weight=27426.7 5286.55 726.677 4559.87 3813.02 1392.85 22140.1 18972.7 18610.9 16777.2 10740.7 823.693 6036.47 2238.79
internal_count=7624 942 115 827 734 308 6682 5554 5528 4981 3121 218 1860 650
cat_boundaries=0 4 7 13 14 20
cat_threshold=0 131072 2105486 805306368 0 131072 2 415252664 23072896 905969664 2147893312 5300225 20480 82 512 134259714 4096 16843776 2 587
is_linear=0
shrinkage=0.03


Tree=122
num_leaves=15
num_cat=5
split_feature=18 18 7 19 15 1 1 1 7 5 18 15 18 5
split_gain=12.3334 8.52243 33.502 4.82436 8.6813 7.83611 6.68757 6.39701 4.57532 8.3569 6.00041 5.02713 4.54946 4.58629
threshold=0 1 inf 2 0.069444444444444461 18.500000000000004 45.500000000000007 6.5000000000000009 1.0000000180025095e-35 659.50000000000011 3 0.88333333333333341 4 220.50000000000003
decision_type=9 9 8 1 8 2 2 2 10 2 9 8 9 2
left_child=-1 2 3 4 -2 7 8 -6 9 10 -5 12 13 -10
right_child=1 -3 -4 6 5 -7 -8 -9 11 -11 -12 -13 -14 -15
leaf_value=0.0041095592907119073 0.0065987028726313584 -0.00067683985696150831 0.01182081676507018 -0.0013701846929645763 -0.00091914149712632237 -0.00024568541108048567 -0.0022655448635919397 0.0043661246827272661 0.0064559768797091627 0.0044602797302533137 0.00061224885960828453 -0.002105623955070253 0.00087928387366755737 0.00099892190890938683
leaf_weight=630.54244041442871 246.71272325515747 12372.935708045959 226.36777019500732 3516.2087273597717 283.35962176322937 2191.8866064548492 1147.2648208141327 751.96593189239502 298.94552636146545 308.63671064376831 2245.2415502071381 408.23421716690063 2539.8191468715668 258.48494744300842
leaf_count=49 43 4036 11 920 70 549 308 168 57 57 521 91 698 46
internal_value=-1.12627e-06 -9.95017e-05 0.000395908 0.000213197 0.00118281 0.000770524 -0.000102021 0.0029201 0.000157297 -0.000341039 -0.000598972 0.00102007 0.0014326 0.00386265
internal_weight=27426.6 26796.1 14423.1 14196.8 3473.92 3227.21 10722.8 1035.33 9575.57 6070.09 5761.45 3505.48 3097.25 557.43
internal_count=7624 7575 3539 3528 830 787 2698 238 2390 1498 1441 892 801 103
cat_boundaries=0 3 9 10 16 22
cat_threshold=0 0 2 65536 175104 1077702876 805374984 0 591 1 65536 142336 92 536871944 0 11 0 0 0 805307392 0 64
is_linear=0
shrinkage=0.03


Tree=123
num_leaves=15
num_cat=3
split_feature=18 18 7 19 15 1 6 6 0 5 5 5 5 7
split_gain=11.927 8.2822 33.0269 5.42181 7.46261 6.32306 6.11518 6.3613 4.98892 6.57161 8.66266 5.6433 7.6032 4.79796
threshold=0 1 inf 2 0.069444444444444461 45.500000000000007 20.500000000000004 147.50000000000003 25.500000000000004 444.50000000000006 375.50000000000006 281.50000000000006 228.50000000000003 1.0000000180025095e-35
decision_type=9 9 8 1 8 2 2 2 2 2 2 2 2 10
left_child=-1 2 3 4 -2 13 -6 -8 9 10 11 12 -9 -5
right_child=1 -3 -4 5 6 -7 7 8 -10 -11 -12 -13 -14 -15
leaf_value=0.0040329395299981202 0.0061238209092094372 -0.00067543540886200854 0.011289086622241973 -0.00041632922461496384 0.0056152042198290503 -0.0022480764187074818 -0.0025724165203978066 0.0014925185229724184 -0.0019122176158315252 -0.00075795163178837865 0.0081950760178329061 -0.0019685165914449846 0.007670215688618435 0.00097748291982596887
leaf_weight=633.13903713226318 255.16289496421814 12180.813033342361 244.73202705383301 5928.668839931488 222.75812959671021 1150.4223895072937 513.79303312301636 862.01590061187744 427.55226755142212 723.55317997932434 220.49475526809692 283.23586320877075 225.6460747718811 3554.5746784210205
leaf_count=49 45 3980 12 1470 45 310 124 221 107 184 49 70 51 907
internal_value=-1.10218e-06 -9.80437e-05 0.000383406 0.000197141 0.00117867 -0.000148588 0.000817707 0.000487894 0.00106196 0.00161185 0.00268912 0.00179822 0.00278001 0.000106157
internal_weight=27426.6 26793.4 14612.6 14367.9 3734.21 10633.7 3479.05 3256.29 2742.5 2314.95 1591.39 1370.9 1087.66 9483.24
internal_count=7624 7575 3595 3583 896 2687 851 806 682 575 391 342 272 2377
cat_boundaries=0 3 9 10
cat_threshold=0 0 2 65536 437248 1077702876 805374984 0 591 65
is_linear=0
shrinkage=0.03


Tree=124
num_leaves=15
num_cat=4
split_feature=18 18 7 19 15 6 1 6 7 5 15 18 16 1
split_gain=11.5348 8.059 30.857 5.27242 7.71644 6.44565 6.15118 5.61301 4.8102 8.66187 4.84715 4.77943 5.02601 5.59107
threshold=0 1 inf 2 0.069444444444444461 20.500000000000004 45.500000000000007 147.50000000000003 1.0000000180025095e-35 659.50000000000011 0.88333333333333341 3 1.133893419027679 25.500000000000004
decision_type=9 9 8 1 8 2 2 2 10 2 8 9 10 2
left_child=-1 2 3 4 -2 -6 8 -7 9 11 -10 12 13 -5
right_child=1 -3 -4 6 5 7 -8 -9 10 -11 -12 -13 -14 -15
leaf_value=0.0039580438034096006 0.0061338070809055885 -0.00067142232804373613 0.011213061069580916 -0.00048397909693765332 0.0056605364004723982 -0.0023575041176132133 -0.0021911110466233739 0.001000368078061089 0.0013808557950720692 0.0044359818676220656 -0.0020912200398120577 -0.0012682333986720887 -0.0024253390478047236 0.0032999525199760285
leaf_weight=635.69759654998779 260.74702644348145 12058.226926088333 231.66002655029297 691.0485782623291 228.10184216499329 533.6784815788269 1171.2314128875732 2764.4484105110168 3158.699385881424 313.68097805976868 407.77392935752869 3872.8218643665314 385.04975914955139 713.65251970291138
leaf_count=49 46 3947 11 148 46 130 317 687 817 58 91 1032 87 158
internal_value=-1.07863e-06 -9.66069e-05 0.000374014 0.000200351 0.0011607 0.000794618 -0.000140124 0.000456472 0.000111661 -0.000408648 0.0009834 -0.000677754 0.000603682 0.00143941
internal_weight=27426.5 26790.8 14732.6 14500.9 3786.98 3526.23 10714 3298.13 9542.73 5976.25 3566.47 5662.57 1789.75 1404.7
internal_count=7624 7575 3628 3617 909 863 2708 817 2391 1483 908 1425 393 306
cat_boundaries=0 3 9 10 16
cat_threshold=0 0 2 65536 175104 1077702876 805374984 0 847 65 0 32768 1076392064 268503040 0 64
is_linear=0
shrinkage=0.03


Tree=125
num_leaves=15
num_cat=6
split_feature=18 6 17 14 18 17 18 9 1 1 1 19 18 18
split_gain=11.3169 10.3057 31.3428 13.3054 5.31798 9.78769 4.45457 7.33425 4.63307 5.5627 15.8518 23.8512 5.86609 5.86546
threshold=0 66.500000000000014 0.64823309548080199 0.098214285714285726 1 0.59270501111844043 2 8.5000000000000018 6.5000000000000009 34.500000000000007 33.500000000000007 3 4 5
decision_type=9 2 10 10 9 10 9 8 2 2 2 1 9 9
left_child=1 2 -1 -3 5 -5 -2 8 -8 10 12 -12 -10 -11
right_child=6 3 -4 4 -6 -7 7 -9 9 13 11 -13 -14 -15
leaf_value=0.011369304820622577 -0.0013328249723882422 0.004348365776601369 -0.0010863516022649696 -0.0058345981998824984 0.00084239989888854094 -3.4372333633470889e-05 -0.001636272261303321 0.0040609488306040369 -0.00076516010878467211 0.00070507076179897625 0.0092781375500332747 -0.00085415184780134555 0.00069852637414516037 -0.001373407547855399
leaf_weight=330.78294944763184 3200.7380862236023 755.77825403213501 401.9262158870697 348.21231460571289 2423.8140425682068 1046.5477297306061 1839.311413526535 368.48569774627686 4557.1467819213867 1703.0618879795074 416.44882726669312 412.96214866638184 5339.8858499526978 4281.3929727077484
leaf_count=34 1150 93 81 31 426 277 550 26 1405 496 102 116 1489 1348
internal_value=-1.06583e-06 0.00124157 0.00454461 0.000714331 -5.87319e-06 -0.00147502 -0.000299676 -0.000124211 -0.000207628 -5.02934e-05 0.000358536 0.00433978 2.44868e-05 -0.00078301
internal_weight=27426.5 5307.06 732.709 4574.35 3818.57 1394.76 22119.4 18918.7 18550.2 16710.9 10726.4 829.411 9897.03 5984.45
internal_count=7624 942 115 827 734 308 6682 5532 5506 4956 3112 218 2894 1844
cat_boundaries=0 4 7 13 14 20 26
cat_threshold=0 131072 2105486 805306368 0 131072 2 415252664 24121472 872415232 409664 5300227 20480 82 39424 168608783 34603008 2148634632 2147745792 9088 512 134259714 4096 16843776 0 512
is_linear=0
shrinkage=0.03


Tree=126
num_leaves=15
num_cat=5
split_feature=18 18 7 6 18 1 5 18 15 5 17 19 15 15
split_gain=11.1135 7.64859 33.8837 4.80055 7.95661 5.16347 6.37943 4.66924 4.24268 4.43821 3.94709 3.18535 6.54808 5.12656
threshold=0 1 inf 135.50000000000003 2 24.500000000000004 130.50000000000003 3 1.0000000180025095e-35 246.50000000000003 0.0022637593522599163 4 0.069444444444444461 0.40833333333333338
decision_type=9 9 8 2 9 2 2 9 8 2 10 1 8 10
left_child=-1 2 11 4 5 -3 -7 10 9 -9 -5 12 -2 -14
right_child=1 3 -4 7 -6 6 -8 8 -10 -11 -12 -13 13 -15
leaf_value=0.0038764973011007433 0.0060330568763848355 -2.6430035704089461e-05 0.012098662797157687 -0.0063352688621481079 -0.00035737929516863515 0.00095339579345062606 0.0082229227414219608 0.0055829872242462112 -0.00069181434825219142 -0.00084102229365952039 -0.0017118869581375068 -4.7554899519285473e-05 -0.00095233550059030132 0.0016391387394272098
leaf_weight=638.50657558441162 220.44104790687561 270.32422399520874 219.58262825012207 179.43040823936462 2494.7374556064606 185.41763615608215 262.39838409423828 201.87044548988342 8303.8794264793396 184.67144846916199 2137.1084907054901 9178.4164569377899 1087.5374054908752 1862.1227204799652
leaf_count=49 35 77 10 33 804 54 73 55 2688 55 732 2258 263 438
internal_value=-1.03846e-06 -9.50147e-05 0.000443989 -0.000571384 0.000448357 0.00320441 0.00522182 -0.000869574 -0.000548067 0.00251965 -0.00206367 0.000236141 0.00105411 0.000683665
internal_weight=27426.4 26787.9 12568.1 14219.8 3212.88 718.14 447.816 11007 8690.42 386.542 2316.54 12348.5 3170.1 2949.66
internal_count=7624 7575 3004 4571 1008 204 127 3563 2798 110 765 2994 736 701
cat_boundaries=0 3 9 15 21 22
cat_threshold=0 0 2 65536 166912 1077702876 805372936 0 582 4096 16785922 0 17827840 262144 2056 415258792 18874882 536870912 2167439424 68435968 2056 65
is_linear=0
shrinkage=0.03


Tree=127
num_leaves=15
num_cat=6
split_feature=18 18 7 6 19 1 18 17 6 1 13 18 19 17
split_gain=10.7497 7.43058 21.8563 4.77958 9.73169 11.7667 4.0317 4.34816 3.77287 5.70127 3.10296 2.98158 5.01456 8.15196
threshold=0 1 14.500000000000002 82.500000000000014 2 25.500000000000004 3 0.52565418838519473 63.000000000000007 20.500000000000004 0.3928571428571429 4 5 0.16633028227975588
decision_type=9 9 8 2 1 2 9 8 2 2 10 9 1 10
left_child=-1 2 8 4 5 10 7 -5 9 -2 -3 -10 13 -13
right_child=1 3 -4 6 -6 -7 -8 -9 11 -11 -12 12 -14 -15
leaf_value=0.0038050861563710212 0.00079619742979348878 -0.00041541265048681316 0.0093866882353083308 -0.0013543744770761613 -0.0011310949504033921 0.0081592774044354222 -0.00042314722612277227 -0.0058633052647190835 8.7807380685526357e-06 -0.0035662610749473277 0.0033887652015734005 0.003505847383354578 0.0015219861347706932 -0.0028903471481434399
leaf_weight=640.98655223846436 535.19396495819092 522.05074572563171 241.74573802947998 3390.7205522060394 1208.1854751110077 273.53452301025391 9317.0938906669617 203.21139359474182 5705.2169907093048 541.73548626899719 304.9607527256012 252.4801127910614 3676.9141478538513 612.37282609939575
leaf_count=49 116 170 13 1142 386 78 2965 34 1560 128 88 49 720 126
internal_value=-1.01585e-06 -9.36217e-05 0.000479319 -0.000529037 0.000727589 0.00275252 -0.000754194 -0.00160641 0.000288773 -0.00139955 0.000989778 0.000466331 0.00103866 -0.00100953
internal_weight=27426.4 26785.4 11565.7 15219.8 2308.73 1100.55 12911 3593.93 11323.9 1076.93 827.011 10247 4541.77 864.853
internal_count=7624 7575 2712 4863 722 336 4141 1176 2699 244 258 2455 895 175
cat_boundaries=0 3 9 10 16 22 23
cat_threshold=0 0 2 65536 164864 1077702876 805372936 0 582 9 415387832 2105347 570425344 2166636608 68460544 16392 65536 132096 1331264 1032 0 518 40
is_linear=0
shrinkage=0.03


Tree=128
num_leaves=15
num_cat=5
split_feature=18 19 5 17 18 12 1 1 18 9 1 1 1 19
split_gain=10.4133 10.1818 19.4181 56.7752 7.6674 6.98647 6.55993 7.73861 4.24859 6.69392 4.76753 5.54083 15.3119 22.7567
threshold=0 1 164.50000000000003 0.60088702698450169 2 1.0000000180025095e-35 20.500000000000004 14.500000000000002 3 8.5000000000000018 6.5000000000000009 34.500000000000007 33.500000000000007 4
decision_type=9 1 2 10 9 8 2 2 9 8 2 2 2 1
left_child=1 6 3 -3 -4 -6 7 -1 -2 10 -10 12 -12 -14
right_child=8 2 4 -5 5 -7 -8 -9 9 -11 11 -13 13 -15
leaf_value=-5.7733678124945998e-05 -0.0012856499574260202 0.016300331362687971 -0.0019260196547988262 0.00032881779364153684 0.0005662150207469672 0.005387047615343513 -0.0013564965685951243 0.0057727016172653923 -0.0016465812157133262 0.0038641982610968556 4.6452155164161124e-05 -0.00076504009525332197 0.0090649875068682211 -0.00085126347670128966
leaf_weight=640.84700798988342 3249.1138253211975 315.84506177902222 628.39004182815552 544.7567253112793 830.29108476638794 400.53095602989197 1579.7398791313171 300.15234994888306 1829.4232108592987 372.36041688919067 9918.6189708709717 5989.58083152771 420.25103902816772 406.46758842468262
leaf_count=115 1171 32 83 109 149 77 308 55 547 26 2894 1842 102 114
internal_value=-9.97293e-07 0.00120032 0.00247048 0.00620256 0.000753827 0.00212088 -0.000174924 0.00180617 -0.000285217 -0.000112918 -0.000192955 -3.39591e-05 0.000373588 0.00429362
internal_weight=27426.4 5240.55 2719.81 860.602 1859.21 1230.82 2520.74 940.999 22185.8 18936.7 18564.3 16734.9 10745.3 826.719
internal_count=7624 928 450 141 309 226 478 170 6696 5525 5499 4952 3110 216
cat_boundaries=0 4 5 9 15 16
cat_threshold=0 131072 8334 805306368 28 0 0 2 268435456 415252664 24121472 872415232 134627392 5300227 20480 82
is_linear=0
shrinkage=0.03


Tree=129
num_leaves=15
num_cat=5
split_feature=18 17 19 18 5 5 10 1 15 18 10 18 5 17
split_gain=10.1575 18.5556 8.16163 25.7778 10.462 9.29694 5.2717 4.48962 4.3101 4.33817 3.96417 3.76162 9.70097 12.2084
threshold=0 1.0793528505392913 1 2 330.50000000000006 426.50000000000006 1.7500000000000002 6.5000000000000009 0.65833333333333344 3 2.2500000000000004 4 241.50000000000003 0.66124625418649752
decision_type=9 8 1 9 2 2 10 2 10 9 8 9 2 10
left_child=1 2 3 -1 6 -6 8 -5 9 -4 11 12 13 -9
right_child=-2 -3 4 7 5 -7 -8 10 -10 -11 -12 -13 -14 -15
leaf_value=0.0072783404402575079 -0.00042515665687645448 0.0090996752947515216 0.00067017134644872496 -0.0016864465037437235 0.0055631742728560873 -0.00019100694613941285 0.0022053997141280586 0.0071539967014725894 -0.004912051550681122 -0.0028969388414457923 -0.0016321748939546431 0.00051034995133213633 -5.2685244869353684e-05 -0.00033539060510614604
leaf_weight=561.86844682693481 17809.985413312912 234.64788556098938 481.2922568321228 681.37232136726379 366.28387951850891 809.85609936714172 241.93443059921265 560.18024778366089 487.19727301597595 833.8624210357666 495.39704704284668 2765.4230077266693 796.23800230026245 300.80241250991821
leaf_count=46 5579 20 108 153 80 185 56 113 101 193 103 683 154 50
internal_value=-9.82177e-07 0.0007842 0.000576108 0.00121461 -0.000647235 0.00160421 -0.00194588 0.000593078 -0.00250403 -0.00160893 0.00091038 0.00119549 0.00232071 0.00454007
internal_weight=27426.3 9616.36 9381.71 6161.28 3220.43 1176.14 2044.29 5599.41 1802.35 1315.15 4918.04 4422.64 1657.22 860.983
internal_count=7624 2045 2025 1302 723 265 458 1256 402 301 1103 1000 317 163
cat_boundaries=0 6 7 10 16 22
cat_threshold=0 132096 1077702878 805372936 0 578 75 0 0 6 0 131072 8320 268436480 0 64 0 0 24 805307392 0 512
is_linear=0
shrinkage=0.03


Tree=130
num_leaves=15
num_cat=3
split_feature=18 7 10 14 1 14 18 17 18 1 1 1 6 17
split_gain=9.86619 16.1328 40.523 9.032 15.9904 11.4164 5.60103 5.03046 3.88308 4.24021 4.53615 12.6765 13.2505 7.01544
threshold=0 2.5000000000000004 0.75000000000000011 0.20535714285714288 37.500000000000007 0.098214285714285726 1 0.42806179584634185 2 6.5000000000000009 34.500000000000007 33.500000000000007 131.50000000000003 0.12232015305478576
decision_type=9 8 8 10 2 10 9 10 9 2 2 2 2 10
left_child=1 3 -3 4 5 -1 7 -5 -2 -10 11 -11 -13 -14
right_child=8 2 -4 6 -6 -7 -8 -9 9 10 -12 12 13 -15
leaf_value=-0.0015518662765816652 -0.0012372844238748102 -0.0010794431775192519 0.012727712385018497 -0.005876059809079048 0.0079779901229762532 0.0048310373997342525 0.00038251164979972183 -0.00097326213507048487 -0.0015663287257042216 8.7254596890863913e-05 -0.00067264208262797086 -0.0028054359467356658 0.0097217776680631786 0.0031786844173119595
leaf_weight=712.70573544502258 3429.7341153621674 427.77752637863159 344.8752498626709 250.05556011199951 360.2983250617981 389.03775715827942 3175.4298181533813 756.30197095870972 1683.3829765319824 9534.2468392848969 5577.3803451061249 191.2654550075531 278.65406370162964 315.15515422821045
leaf_count=100 1227 61 48 22 49 58 672 218 509 2723 1732 52 66 87
internal_value=-9.6031e-07 0.00102763 0.0050919 0.000472241 0.00250105 0.000704344 -0.000237503 -0.00217453 -0.000315469 -0.000134969 1.6609e-05 0.000389164 0.00405089 0.00626031
internal_weight=27426.3 6416.48 772.653 5643.83 1462.04 1101.74 4181.79 1006.36 21009.8 17580.1 15896.7 10319.3 785.075 593.809
internal_count=7624 1228 109 1119 207 158 912 240 6396 5169 4660 2928 205 153
cat_boundaries=0 4 8 14
cat_threshold=0 131072 2629838 805306376 0 0 2 8 415285432 23072896 805306368 134627392 5300227 20480
is_linear=0
shrinkage=0.03


Tree=131
num_leaves=15
num_cat=3
split_feature=18 18 7 19 6 15 1 6 7 5 0 15 0 15
split_gain=9.81274 6.80106 30.0988 4.80371 7.01974 6.03857 5.73412 5.47553 4.91686 7.11799 4.79208 4.67809 4.67611 6.18032
threshold=0 1 inf 2 20.500000000000004 0.069444444444444461 45.500000000000007 147.50000000000003 1.0000000180025095e-35 555.50000000000011 26.500000000000004 0.88333333333333341 25.500000000000004 0.70277777777777783
decision_type=9 9 8 1 2 8 2 2 10 2 2 8 2 10
left_child=-1 2 3 4 -2 -6 8 -7 9 -5 -3 -10 13 -9
right_child=1 10 -4 6 5 7 -8 12 11 -11 -12 -13 -14 -15
leaf_value=0.0036166542332286321 0.0060456990949347873 -0.00033988533644274563 0.011150191708372503 -0.00089315031861858345 0.005260704927265253 -0.0023590038970815979 -0.0021373007832573118 0.00096692541264734131 0.0013694278430840085 0.0019846192231431923 -0.0019129352320421476 -0.0020558014182455791 -0.0019353426657634954 0.0060753222065185065
leaf_weight=647.62226295471191 241.07778692245483 10205.98085975647 227.61465263366699 4905.6617870330811 248.2723343372345 533.74243497848511 1161.5859885215759 2036.5636873245239 3136.9442090988159 917.3588273525238 2101.0630073547363 404.31036925315857 421.37356495857239 237.15981674194336
leaf_count=49 48 3402 10 1227 42 130 315 513 809 211 626 90 105 47
internal_value=-9.76995e-07 -8.99153e-05 0.000350868 0.000177775 0.00110293 0.00076177 -0.00015001 0.000414316 9.65435e-05 -0.000439524 -0.000608077 0.000977894 0.000964221 0.00150219
internal_weight=27426.3 26778.7 14471.7 14244.1 3718.19 3477.11 10525.9 3228.84 9364.28 5823.02 12307 3541.25 2695.1 2273.72
internal_count=7624 7575 3547 3537 885 837 2652 795 2337 1438 4028 899 665 560
cat_boundaries=0 3 9 10
cat_threshold=0 0 2 65536 175104 1077702876 805374984 0 846 65
is_linear=0
shrinkage=0.03


Tree=132
num_leaves=15
num_cat=3
split_feature=18 18 7 0 19 6 15 1 6 7 5 15 0 15
split_gain=9.49384 6.6021 28.87 4.66391 4.65647 6.75893 5.82285 5.57699 5.31914 4.76834 6.90306 4.5387 4.53571 5.94694
threshold=0 1 inf 26.500000000000004 2 20.500000000000004 0.069444444444444461 45.500000000000007 147.50000000000003 1.0000000180025095e-35 555.50000000000011 0.88333333333333341 25.500000000000004 0.70277777777777783
decision_type=9 9 8 2 1 2 8 2 2 10 2 8 2 10
left_child=-1 2 4 -3 5 -2 -7 9 -8 10 -6 -11 13 -10
right_child=1 3 -4 -5 7 6 8 -9 12 11 -12 -13 -14 -15
leaf_value=0.0035509284051916854 0.0059199826818635073 -0.00033493705554338304 0.010862616671033901 -0.0018880845691687802 -0.00088063923500345648 0.0051553587880233528 -0.0023294459821285151 -0.002110022629083714 0.00095160057367752056 0.0013471736933458839 0.0019511841132288134 -0.0020294394921667701 -0.0019102916229067964 0.0059488216377819201
leaf_weight=649.96872234344482 242.53968453407288 10202.512579917908 230.16680335998535 2097.0476460456848 4901.2822544574738 249.58186674118042 532.48482012748718 1159.1059799194336 2038.5338432788849 3141.2429740428925 919.18124771118164 403.48004174232483 420.55885148048401 238.6050238609314
leaf_count=49 48 3402 10 626 1227 42 130 315 513 809 211 90 105 47
internal_value=-9.55677e-07 -8.85965e-05 0.000345503 -0.00059939 0.000175081 0.0010853 0.000749836 -0.000147815 0.000407951 9.50846e-05 -0.000433173 0.000962365 0.000948935 0.0014776
internal_weight=27426.3 26776.3 14476.8 12299.6 14246.6 3722.3 3479.76 10524.3 3230.18 9365.19 5820.46 3544.72 2697.7 2277.14
internal_count=7624 7575 3547 4028 3537 885 837 2652 795 2337 1438 899 665 560
cat_boundaries=0 3 9 10
cat_threshold=0 0 2 65536 175104 1077702876 805374984 0 846 65
is_linear=0
shrinkage=0.03


Tree=133
num_leaves=15
num_cat=3
split_feature=18 18 7 0 19 15 6 1 6 7 5 0 15 0
split_gain=9.18587 6.40893 27.6995 4.539 4.51382 6.53103 5.54548 5.42402 5.16718 4.62436 6.69472 4.48355 4.42244 4.39959
threshold=0 1 inf 26.500000000000004 2 0.069444444444444461 20.500000000000004 45.500000000000007 147.50000000000003 1.0000000180025095e-35 555.50000000000011 16.500000000000004 0.88333333333333341 25.500000000000004
decision_type=9 9 8 2 1 8 2 2 2 10 2 2 10 2
left_child=-1 2 4 -3 5 -2 -7 9 -8 10 -6 -12 -11 -10
right_child=1 3 -4 -5 7 6 8 -9 13 12 11 -13 -14 -15
leaf_value=0.0034866196865116451 0.0056357134635480859 -0.00033005915548953179 0.01058549930006873 -0.0018635101039321043 -0.00086829246540675881 0.0051787848445694565 -0.0023001901815489847 -0.002083035497083083 0.0014534570856498869 0.001265972160956643 -8.6103910583055029e-05 0.0041016323998433581 -0.0025669395682050102 -0.0018855173821866276
leaf_weight=652.28081893920898 261.25227904319763 10199.095967054367 232.68064498901367 2093.091992855072 4896.9678938388824 233.599365234375 531.24586796760559 1156.662814617157 2280.5033130645752 3253.5423791408539 480.64730954170227 440.3291757106781 294.59727931022644 419.75622606277466
leaf_count=49 44 3402 10 626 1227 46 130 315 560 838 111 100 61 105
internal_value=-9.34476e-07 -8.72966e-05 0.000340222 -0.000590822 0.000172429 0.00106797 0.000725136 -0.00014565 0.000401688 9.36481e-05 -0.000426911 0.00191838 0.000947097 0.000933907
internal_weight=27426.3 26774 14481.8 12292.2 14249.1 3726.36 3465.1 10522.7 3231.51 9366.08 5817.94 920.976 3548.14 2700.26
internal_count=7624 7575 3547 4028 3537 885 841 2652 795 2337 1438 211 899 665
cat_boundaries=0 3 9 10
cat_threshold=0 0 2 65536 175104 1077702876 805374984 0 846 65
is_linear=0
shrinkage=0.03


Tree=134
num_leaves=15
num_cat=5
split_feature=18 6 17 14 18 17 5 18 17 1 1 1 19 18
split_gain=9.01868 9.72509 28.1079 11.2845 5.38793 10.2794 3.94354 3.79709 6.30506 4.56104 4.69852 14.0718 21.8695 6.02867
threshold=0 66.500000000000014 0.64823309548080199 0.098214285714285726 1 0.4326602054153636 228.50000000000003 2 1.0000000180025095e-35 6.5000000000000009 34.500000000000007 33.500000000000007 3 4
decision_type=9 2 10 10 9 8 2 9 10 2 2 2 1 9
left_child=1 2 -1 -3 5 -5 -7 -2 -9 -10 11 -11 -13 -12
right_child=7 3 -4 4 -6 6 -8 8 9 10 13 12 -14 -15
leaf_value=0.010615966872088716 -0.0012267682661952991 0.0038924628111654965 -0.0010862748289208908 -0.0059756297790625901 0.00077677411167586077 -0.0018537989206148734 0.0018231501800863427 0.0025957230090783026 -0.0016557488894186456 -1.6866053276948864e-06 0.00031228691290189421 0.0086924466648189806 -0.0010148327074706732 -0.0016076297061118801
leaf_weight=340.57950592041016 3176.9189538955688 774.14000129699707 401.92397427558899 353.7324161529541 2434.0082011222839 539.48046326637268 509.43872475624084 744.99480509757996 1789.9105479717255 9607.2923266887665 2698.0263149738312 425.78976821899414 402.74244451522827 3227.2394132614136
leaf_count=34 1150 93 81 31 426 146 131 120 538 2821 803 102 113 1035
internal_value=-9.15203e-07 0.00110244 0.00428849 0.000590949 -7.60532e-05 -0.00154995 -6.79439e-05 -0.000268926 -0.000107268 -0.000218406 -6.10686e-05 0.000322003 0.00407084 -0.00073569
internal_weight=27426.2 5353.3 742.503 4610.8 3836.66 1402.65 1048.92 22072.9 18896 18151 16361.1 10435.8 828.532 5925.27
internal_count=7624 942 115 827 734 308 277 6682 5532 5412 4874 3036 215 1838
cat_boundaries=0 4 7 13 14 20
cat_threshold=0 131072 2105486 805306368 0 131072 2 415252664 18878592 838860800 2282111040 2151735297 20480 82 8704 138454018 67633152 17892352 2 587
is_linear=0
shrinkage=0.03


Tree=135
num_leaves=15
num_cat=5
split_feature=18 18 7 6 18 18 1 15 15 5 19 15 6 6
split_gain=8.87413 6.09474 21.681 4.20509 9.80561 5.82624 4.84149 8.95164 3.94315 5.20649 3.91308 6.27585 4.40997 5.12377
threshold=0 1 inf 155.00000000000003 2 3 25.500000000000004 0.49722222222222229 1.0000000180025095e-35 252.00000000000003 4 0.069444444444444461 74.500000000000014 100.50000000000001
decision_type=9 9 8 2 9 9 2 10 8 2 1 8 2 2
left_child=-1 2 10 4 6 -5 -3 -8 9 -7 11 -2 -12 -14
right_child=1 3 -4 5 -6 8 7 -9 -10 -11 12 -13 13 -15
leaf_value=0.0034206634376351985 0.0054152870436033783 0.00055087799622503722 0.0088178937319291963 -0.0026606965859931947 -0.00057485738825552627 0.005699514359654565 0.0089897508998344616 0.00032220225361819356 -0.00072362339506436377 -0.0011713118454518155 -0.0018708563756885772 0.00067001978863286907 0.0035791869452556956 -4.6312408111310249e-05
leaf_weight=654.6690149307251 270.00572490692139 320.38510346412659 265.277756690979 1406.5507090091705 2363.1242275238037 202.17923188209534 257.71048426628113 183.29313802719116 7570.0797312259674 193.51037883758545 1151.6245617866516 3378.1315784454346 364.31852340698242 8845.3211309909821
leaf_count=49 46 92 12 465 787 55 75 51 2511 58 280 818 93 2232
internal_value=-8.95361e-07 -8.59362e-05 0.000337479 -0.00056946 0.0003831 -0.000887636 0.0033172 0.00539616 -0.000570208 0.00234488 0.00017652 0.00101982 -0.000121338 9.74795e-05
internal_weight=27426.2 26771.5 14274.7 12496.8 3124.51 9372.32 761.389 441.004 7965.77 395.69 14009.4 3648.14 10361.3 9209.64
internal_count=7624 7575 3481 4094 1005 3089 218 126 2624 113 3469 864 2605 2325
cat_boundaries=0 3 9 15 20 21
cat_threshold=0 0 2 65536 134384640 1077702876 805374984 0 847 2048 16785922 0 18874368 262144 3072 406870176 16777730 536870912 2166358080 1310722 65
is_linear=0
shrinkage=0.03


Tree=136
num_leaves=15
num_cat=4
split_feature=18 14 15 17 1 1 1 19 18 9 17 18 6 15
split_gain=8.62126 12.7475 10.5514 8.91377 3.76984 5.59088 15.7072 21.7267 8.74733 29.3668 7.42615 7.12382 6.56642 5.18413
threshold=0 0.20535714285714288 0.93888888888888899 0.44429669030732866 6.5000000000000009 34.500000000000007 33.500000000000007 1 2 8.5000000000000018 1.0793528505392913 3 191.50000000000003 0.48611111111111116
decision_type=9 10 10 10 2 2 2 1 9 8 8 9 2 10
left_child=1 -1 3 -3 -2 6 8 -8 9 -6 -10 12 13 -7
right_child=4 2 -4 -5 5 11 7 -9 10 -11 -12 -13 -14 -15
leaf_value=0.004315167956239054 -0.0014478045459966132 -0.0034435136406674866 0.0041811645351388319 0.00050908486195274381 0.00036093659569218852 0.0039137084086541011 0.0081541754696181062 -0.00082413367703594706 -0.00061919182455522775 0.012084713365452375 -0.0052611492895436622 -0.0016198424607737226 -0.00052503240509792182 -0.0018010048099209672
leaf_weight=925.72412014007568 2128.0275185108185 634.13782787322998 565.8564510345459 2680.3040912151337 6191.8711259365082 624.15179204940796 502.3615038394928 463.21810483932495 5589.9682047367096 197.45984363555908 327.43119716644287 4070.1590344905853 2340.9610412120819 184.53716492652893
leaf_count=98 648 87 97 570 1708 190 126 135 1816 11 31 1343 712 52
internal_value=-8.88682e-07 0.00115154 0.000398842 -0.000247959 -0.000246182 -0.000121453 0.000244022 0.00392644 -4.51946e-05 0.000723957 -0.000875415 -0.000793253 0.000279342 0.00260904
internal_weight=27426.2 4806.02 3880.3 3314.44 22620.1 20492.1 13272.3 965.58 12306.7 6389.33 5917.4 7219.81 3149.65 808.689
internal_count=7624 852 754 657 6772 6124 3827 261 3566 1719 1847 2297 954 242
cat_boundaries=0 4 5 11 17
cat_threshold=0 131072 8198 805306368 82 2147688448 289928 1076383960 3080 67108880 3150 4334080 155231234 67113088 18023424 40962 587
is_linear=0
shrinkage=0.03


Tree=137
num_leaves=15
num_cat=6
split_feature=18 18 7 6 19 1 18 17 6 1 13 10 18 19
split_gain=8.49901 5.77804 18.3909 4.53888 9.32325 11.1319 3.8649 4.17824 3.73284 5.19637 2.95395 2.92679 4.1018 4.28177
threshold=0 1 inf 82.500000000000014 2 25.500000000000004 3 0.52565418838519473 63.000000000000007 20.500000000000004 0.3928571428571429 3.5000000000000004 4 5
decision_type=9 9 8 2 1 2 9 8 2 2 10 8 9 1
left_child=-1 2 8 4 5 10 7 -5 9 -2 -3 12 13 -10
right_child=1 3 -4 6 -6 -7 -8 -9 11 -11 -12 -13 -14 -15
leaf_value=0.0033400274001702014 0.00065362393391120487 -0.00036420378751051541 0.0089450932857111105 -0.0012756918809190712 -0.0010708275618480651 0.0079644071399821038 -0.00036242468378267802 -0.0057259168362739348 -0.00065850027366652045 -0.0035071771322437782 0.0033473456961566326 -0.0016779502613183798 -2.4151219012755424e-05 0.001664921414901937
leaf_weight=657.61221122741699 540.10980224609375 520.20775985717773 222.3349494934082 3423.9854867458344 1202.8713371753693 275.87459206581116 9228.589328289032 200.1523699760437 885.39865183830261 538.92022514343262 305.65534257888794 560.65788817405701 5227.7370588779449 3636.030592918396
leaf_count=49 116 170 9 1162 386 78 2945 34 188 128 88 113 1425 733
internal_value=-8.71628e-07 -8.42841e-05 0.00041908 -0.000469907 0.000755527 0.00273362 -0.000690046 -0.00151879 0.000252231 -0.00142581 0.00101184 0.000427976 0.000549244 0.00120945
internal_weight=27426.1 26768.5 11611.2 15157.3 2304.61 1101.74 12852.7 3624.14 11388.9 1079.03 825.863 10309.8 9749.17 4521.43
internal_count=7624 7575 2712 4863 722 336 4141 1196 2703 244 258 2459 2346 921
cat_boundaries=0 3 9 10 16 22 23
cat_threshold=0 0 2 65536 164864 1077702876 805372936 0 582 9 415387832 2105347 570425344 2166636608 68460545 16392 0 32768 1581212 805372928 0 64 40
is_linear=0
shrinkage=0.03


Tree=138
num_leaves=15
num_cat=4
split_feature=18 18 7 19 1 5 5 16 1 5 7 15 18 14
split_gain=8.22499 5.7068 19.6739 4.04598 6.21339 6.66532 6.22038 5.14005 4.42222 4.32151 5.9185 4.29726 4.83446 4.94495
threshold=0 1 inf 2 47.500000000000007 438.50000000000006 382.00000000000006 1.6109573194499607 45.500000000000007 659.50000000000011 1.0000000180025095e-35 0.88333333333333341 3 0.43750000000000006
decision_type=9 9 8 1 2 2 2 10 2 2 10 10 9 10
left_child=-1 2 3 4 5 6 7 -2 9 10 -5 12 13 -12
right_child=1 -3 -4 8 -6 -7 -8 -9 -10 -11 11 -13 -14 -15
leaf_value=0.0032802124010919784 0.00031549987736955121 -0.00058362107694177781 0.0082908985301512403 -0.00064658702489474079 0.0049392309897387833 -0.0016801678687287617 0.0057026211619200726 0.004278188551707327 -0.0018533237541255262 0.0032936843902041518 0.0054931364377435992 -0.0025733482934456003 -6.945745578375405e-05 0.0014935364991904251
leaf_weight=659.81232261657715 2074.5127258300781 11600.652419090271 271.32934856414795 5808.0702226161957 327.17293000221252 855.81791162490845 266.22569823265076 342.39717507362366 1205.2721269130707 359.82731437683105 340.32712864875793 294.7509913444519 1507.3247089385986 1512.620453119278
leaf_count=49 507 3837 12 1471 78 216 56 68 331 68 82 61 423 365
internal_value=-8.58521e-07 -8.30537e-05 0.000299991 0.000154075 0.000987626 0.000623802 0.00135903 0.000878421 -0.000138974 7.14029e-05 -5.14571e-05 0.000894161 0.00119899 0.00221873
internal_weight=27426.1 26766.3 15165.6 14894.3 3866.13 3538.95 2683.14 2416.91 11028.2 9822.92 9463.09 3655.02 3360.27 1852.95
internal_count=7624 7575 3738 3726 925 847 631 575 2801 2470 2402 931 870 447
cat_boundaries=0 3 9 10 16
cat_threshold=0 0 2 65536 134392832 1077702876 805374984 0 839 65 65536 164864 0 805307392 0 64
is_linear=0
shrinkage=0.03


Tree=139
num_leaves=15
num_cat=3
split_feature=18 11 6 1 14 8 18 1 1 18 9 1 1 1
split_gain=7.97211 8.23704 14.7985 10.1742 21.4419 12.023 8.16551 7.33471 3.62601 3.57504 5.12831 4.30046 4.44624 13.8755
threshold=0 0.75000000000000011 66.500000000000014 33.500000000000007 0.16357142857142862 2.5000000000000004 1 21.500000000000004 40.500000000000007 2 8.5000000000000018 6.5000000000000009 34.500000000000007 33.500000000000007
decision_type=9 10 2 2 10 8 9 2 2 9 8 2 2 2
left_child=1 2 -1 5 -5 6 7 -4 -6 -2 11 -11 13 -13
right_child=9 -3 3 4 8 -7 -8 -9 -10 10 -12 12 -14 -15
leaf_value=0.0065134401925962641 -0.0011435718807501262 -0.0009247005214398752 -0.00047186312272788769 0.009880221963220916 0.0030628473148783743 0.005165536390334383 0.00054149153276949677 -0.0062925434037768152 -0.00099395061651630975 -0.0015659486952141867 0.0032822335798500094 3.6664965216195253e-05 -0.00068012831175066164 0.0040837413108264584
leaf_weight=505.51057434082031 3436.8273360729218 1439.6427569389343 391.00171422958374 324.08550643920898 347.26035737991333 337.67642855644226 1287.9058470726013 387.71487617492676 459.66440677642822 1777.8471763134003 395.86357831954956 9714.1948940753937 5794.4913694858551 826.38786125183105
leaf_count=67 1247 317 51 42 61 43 243 51 91 538 27 2835 1798 213
internal_value=-8.37456e-07 0.00102149 0.00171746 0.00103004 0.00337515 -7.408e-05 -0.000932293 -0.00333155 0.000753524 -0.000256527 -9.12331e-05 -0.000165189 -1.26488e-05 0.000354315
internal_weight=27426.1 5480.46 4040.82 3535.31 1131.01 2404.3 2066.62 778.717 806.925 21945.6 18508.8 18112.9 16335.1 10540.6
internal_count=7624 966 649 582 194 388 345 102 152 6658 5411 5384 4846 3048
cat_boundaries=0 4 8 14
cat_threshold=0 131072 2629830 805306368 0 0 6 536870912 2562736312 23072896 872415232 134627392 2151735299 20480
is_linear=0
shrinkage=0.03


Tree=140
num_leaves=15
num_cat=4
split_feature=18 18 7 19 1 5 5 16 1 7 5 0 15 18
split_gain=7.8666 5.38903 21.9687 4.08984 7.33189 5.66685 5.00777 5.3477 4.06511 4.1613 6.1895 4.19643 4.12732 4.27229
threshold=0 1 inf 2 47.500000000000007 438.50000000000006 382.00000000000006 1.6109573194499607 45.500000000000007 1.0000000180025095e-35 555.50000000000011 16.500000000000004 0.88333333333333341 3
decision_type=9 9 8 1 2 2 2 10 2 10 2 2 10 9
left_child=-1 2 3 4 5 6 7 -2 9 10 -5 -12 13 -11
right_child=1 -3 -4 8 -6 -7 -8 -9 -10 12 11 -13 -14 -15
leaf_value=0.0032007468580353892 0.00025454377667859436 -0.00055107272087999003 0.008951452610260948 -0.00086356931002295242 0.0052132526361947009 -0.0016191012174620082 0.0052684189176701824 0.0043774812561926911 -0.001801591046104776 0.0033966196444252688 -0.00011322173528433681 0.0038850053877699034 -0.0025461133797816575 0.00063541846568171737
leaf_weight=662.7577018737793 2025.4446306228638 12063.6270840168 258.75489521026611 4927.3844799995422 337.61873292922974 802.17290115356445 252.63994526863098 328.17687559127808 1191.3438971042633 612.90737891197205 497.76415610313416 448.61365962028503 294.09886074066162 2722.7883512973785
leaf_count=49 493 3968 11 1241 79 201 52 64 327 140 115 102 61 721
internal_value=-8.47702e-07 -8.1413e-05 0.000304147 0.000148805 0.00100024 0.000584451 0.00126304 0.00083104 -0.000150283 5.67306e-05 -0.000436736 0.00178417 0.000855163 0.00115572
internal_weight=27426.1 26763.3 14699.7 14441 3746.05 3408.43 2606.26 2353.62 10694.9 9503.56 5873.76 946.378 3629.79 3335.7
internal_count=7624 7575 3607 3596 889 810 609 557 2707 2380 1458 217 922 861
cat_boundaries=0 3 9 10 16
cat_threshold=0 0 2 65536 134392832 1077702876 805372936 0 846 65 0 32768 0 536871936 0 64
is_linear=0
shrinkage=0.03


Tree=141
num_leaves=15
num_cat=4
split_feature=18 14 19 6 17 9 17 17 1 1 1 19 18 9
split_gain=7.61732 11.4972 10.5304 23.2597 6.46799 4.33066 6.42002 3.80494 3.51467 5.19474 14.7873 20.7309 8.29786 12.0249
threshold=0 0.20535714285714288 1 155.00000000000003 0.4326602054153636 1.0000000180025095e-35 0.64823309548080199 0.67488461319303317 6.5000000000000009 34.500000000000007 33.500000000000007 2 3 8.5000000000000018
decision_type=9 10 1 2 10 10 10 10 2 2 2 1 9 8
left_child=1 -1 3 -3 -4 6 -6 -7 -2 10 12 -12 -10 -14
right_child=8 2 4 -5 5 7 -8 -9 9 -11 11 -13 13 -15
leaf_value=0.0040608390582526598 -0.0013947144709044795 0.010362717911732192 -0.0035409425944912948 -4.4447162232285348e-05 0.0016421872490993456 0.00051089478626648759 -0.002193838713177969 0.0048918092006355936 -0.0012740355844541131 -0.00076032348780634711 0.0078964780524972272 -0.00084537028180666819 0.00024482528259955519 0.0064222425111782194
leaf_weight=938.15621566772461 2119.6566746234894 281.05936336517334 518.07164192199707 614.0157368183136 632.92130136489868 549.01609182357788 1030.9730837345123 263.53080630302429 3502.3255398273468 7202.9895374774933 508.16530227661133 463.93477511405945 8508.8155052661896 292.38441801071167
leaf_count=98 648 48 68 121 121 110 230 56 1097 2297 126 135 2451 18
internal_value=-8.0557e-07 0.00107949 0.000362319 0.00319572 -0.000494403 0.00014211 -0.00073456 0.00193601 -0.000232006 -0.00011171 0.000240241 0.00380031 -4.13261e-05 0.00045024
internal_weight=27426 4827.74 3889.59 895.075 2994.51 2476.44 1663.89 812.547 22598.3 20478.6 13275.6 972.1 12303.5 8801.2
internal_count=7624 852 754 169 585 517 351 166 6772 6124 3827 261 3566 2469
cat_boundaries=0 4 5 6 12
cat_threshold=0 131072 8198 805306368 2 82 12587552 190873606 638582784 2166587456 2147786752 20992
is_linear=0
shrinkage=0.03


Tree=142
num_leaves=15
num_cat=5
split_feature=18 18 7 19 1 5 5 16 1 5 7 18 15 18
split_gain=7.5034 5.17625 17.4328 4.05526 7.05538 5.80915 5.82032 5.13028 4.03678 4.11063 5.82289 4.21324 4.15198 4.43276
threshold=0 1 inf 2 47.500000000000007 438.50000000000006 382.00000000000006 1.6109573194499607 45.500000000000007 659.50000000000011 1.0000000180025095e-35 3 0.88333333333333341 4
decision_type=9 9 8 1 2 2 2 10 2 2 10 9 10 9
left_child=-1 2 3 4 5 6 7 -2 9 10 11 -5 13 -12
right_child=1 -3 -4 8 -6 -7 -8 -9 -10 -11 12 -13 -14 -15
leaf_value=0.0031187619930948336 0.00025000575087788605 -0.00055053364365013381 0.0077153604089353189 -0.0013753740787273319 0.0050905265199138114 -0.0015965124684088534 0.0055137803742563692 0.0042736445455324379 -0.0017911832277453387 0.0031885685918619615 0.0021413362442936268 0.00026957929344301467 -0.0025399043915539966 -5.9706256995727759e-05
leaf_weight=665.82370376586914 2063.6815364360809 11762.06568479538 278.26060390472412 3226.9288582801819 342.69962739944458 834.64082288742065 261.3491485118866 329.95979022979736 1194.9749715328217 361.92442941665649 1861.4144036769867 2470.2770988941193 293.9505934715271 1478.0209050178528
leaf_count=49 504 3887 12 852 80 211 54 64 329 68 447 591 61 415
internal_value=-7.81777e-07 -7.96489e-05 0.00028977 0.00014908 0.000986806 0.000585284 0.00127151 0.000806211 -0.00014663 5.61371e-05 -6.56955e-05 -0.00066415 0.000872615 0.00117367
internal_weight=27426 26760.1 14998.1 14719.8 3832.33 3489.63 2654.99 2393.64 10887.5 9692.52 9330.59 5697.21 3633.39 3339.44
internal_count=7624 7575 3688 3676 913 833 622 568 2763 2434 2366 1443 923 862
cat_boundaries=0 3 9 10 16 22
cat_threshold=0 0 2 65536 134392832 1077702876 805372936 0 847 65 65536 142336 92 536871944 0 265 65536 164864 0 805307392 0 64
is_linear=0
shrinkage=0.03


Tree=143
num_leaves=15
num_cat=6
split_feature=18 18 7 0 6 19 0 18 19 1 5 18 1 10
split_gain=7.26295 5.01776 20.0024 4.06511 3.74541 8.49195 8.80583 4.81191 3.65171 5.53594 5.73199 4.8617 3.90052 3.95481
threshold=0 1 inf 26.500000000000004 155.00000000000003 2 21.500000000000004 3 4 47.500000000000007 438.50000000000006 5 45.500000000000007 4.5000000000000009
decision_type=9 9 8 2 2 1 2 9 1 2 2 9 2 10
left_child=-1 2 8 4 5 6 -3 -6 9 10 11 -2 13 -10
right_child=1 3 -4 -5 7 -7 -8 -9 12 -11 -12 -13 -14 -15
leaf_value=0.003063569767585159 0.0029384846388579695 0.0012227685074264706 0.0084519108918565608 -0.0017723904449861703 -0.0025590846992660662 -0.00057991473079122501 0.007878534576111285 -0.0003244557567211563 0.00014931812785807678 0.0046560081516149434 -0.001606572683937968 0.0002747931116228188 -0.0017588305363436516 -0.0040518868190027747
leaf_weight=667.90349006652832 972.89942383766174 641.97065138816833 264.31212520599365 1998.5550711154938 995.51609897613525 1635.8402564525604 247.28215217590332 6345.8391005992889 9437.0977048873901 328.85784339904785 817.215984582901 1675.5462112426758 1192.0300123691559 205.06353187561035
leaf_count=49 225 211 11 604 340 541 68 2154 2373 77 206 393 329 43
internal_value=-7.58687e-07 -7.84742e-05 0.000288131 -0.00053848 -0.000288929 0.000707526 0.00304615 -0.000631715 0.000140257 0.000939667 0.000588492 0.00126616 -0.000140524 5.95586e-05
internal_weight=27425.9 26758 14893 11865 9866.45 2525.09 889.253 7341.36 14628.7 3794.52 3465.66 2648.45 10834.2 9642.16
internal_count=7624 7575 3657 3918 3314 820 279 2494 3646 901 824 618 2745 2416
cat_boundaries=0 3 9 10 16 17 23
cat_threshold=0 0 2 65536 134392832 1077702876 805374984 0 838 24 402671776 16777730 536870912 18874400 262144 2048 65 65536 1024 16 536873984 0 258
is_linear=0
shrinkage=0.03


Tree=144
num_leaves=15
num_cat=3
split_feature=18 7 0 14 1 14 17 18 17 0 18 17 1 1
split_gain=7.1023 14.5431 39.1281 6.72988 18.9556 9.93072 6.01318 5.40166 5.43611 3.61694 4.88923 7.16351 4.16297 7.44647
threshold=0 2.5000000000000004 16.500000000000004 0.20535714285714288 38.500000000000007 0.12785714285714289 0.070031847133757971 1 0.42806179584634185 28.500000000000004 2 0.56778064146620866 37.500000000000007 33.500000000000007
decision_type=9 8 2 10 2 10 10 9 10 2 9 8 2 2
left_child=1 3 -3 4 5 6 -1 8 -5 12 11 -11 13 -2
right_child=9 2 -4 7 -6 -7 -8 -9 -10 10 -12 -13 -14 -15
leaf_value=0.0016739395913123968 -0.00016850721405377097 -0.0029220382059065267 0.010324276145590373 -0.0060146579640312997 0.0077184453630435128 0.0047015940629263628 -0.0031324770227825829 0.00028083926762185145 -0.00094640301952841086 -0.0023977641199735824 -0.0021960887631694717 0.005307584694607223 -0.00091140304032869251 0.0018313265543474389
leaf_weight=378.25945162773132 11644.956490039825 353.46454453468323 462.28497982025146 253.97272968292236 390.97452473640442 330.38664317131042 612.24668383598328 3433.9532701969147 754.84399390220642 219.79542684555054 1660.7334716320038 212.80187058448792 4760.8443055152893 1956.3866574764252
leaf_count=69 3582 56 58 22 57 48 84 738 218 71 454 35 1551 581
internal_value=-7.45313e-07 0.000825517 0.00458809 0.000327493 0.00192505 0.000205706 -0.00129714 -0.000288365 -0.00220521 -0.000282593 -0.00146391 0.00136465 -0.000148001 0.000119258
internal_weight=27425.9 6970.39 815.75 6154.64 1711.87 1320.89 990.506 4442.77 1008.82 20455.5 2093.33 432.597 18362.2 13601.3
internal_count=7624 1350 114 1236 258 201 153 978 240 6274 560 106 5714 4163
cat_boundaries=0 6 10 16
cat_threshold=0 131072 2896078 805306376 0 64 0 0 2 8 65536 19456 0 0 0 4100
is_linear=0
shrinkage=0.03


Tree=145
num_leaves=15
num_cat=4
split_feature=18 19 18 17 1 10 5 5 5 5 5 18 1 16
split_gain=7.12759 4.73913 15.0234 23.7141 7.90893 7.79015 6.7902 6.9477 6.21919 9.11125 7.46526 6.03252 4.49423 4.30656
threshold=0 1 2 0.011650529363858476 47.500000000000007 3.5000000000000004 438.50000000000006 382.00000000000006 281.50000000000006 213.50000000000003 53.500000000000007 3 45.500000000000007 1.0000000000000027
decision_type=9 1 9 10 2 8 2 2 2 2 2 9 2 10
left_child=-1 2 3 -2 6 -4 7 8 9 10 -5 -3 -13 -11
right_child=1 11 5 4 -6 -7 -8 -9 -10 13 -12 12 -14 -15
leaf_value=0.0030321424636560327 0.0096543117658557109 -0.0012456998456041365 -0.00043013505988582422 0.0039565815944901696 0.0056105826329597005 -0.0052618027837654808 -0.0015730924766178644 0.0066860468515996122 -0.0026027682064617514 0.0026750975997418824 -0.00079387204350227193 0.00016378853739834604 -0.0015576929980920858 0.0082345360536486886
leaf_weight=669.09348392486572 317.30150890350342 4827.2474389076233 3190.3004925251007 407.12772345542908 323.0126588344574 330.56686758995056 875.95049095153809 210.96168613433838 361.34024500846863 286.65699028968811 1099.7687203884125 12775.499301433563 1527.1186013221741 224.00761485099792
leaf_count=49 19 1631 980 110 79 35 233 47 90 75 297 3488 446 45
internal_value=-7.71807e-07 -7.78287e-05 0.000553992 0.00178491 0.00112821 -0.000882629 0.000708962 0.00148111 0.00101692 0.00166617 0.000491361 -0.000329907 -2.00994e-05 0.00512512
internal_weight=27426 26756.9 7626.99 4106.13 3788.83 3520.87 3465.81 2589.86 2378.9 2017.56 1506.9 19129.9 14302.6 510.665
internal_count=7624 7575 2010 995 976 1015 897 664 617 527 407 5565 3934 120
cat_boundaries=0 3 4 10 16
cat_threshold=0 0 2 97 204800 134638593 16 805308424 0 5006 415408128 34881669 24 2147926016 2231402498 20876
is_linear=0
shrinkage=0.03


Tree=146
num_leaves=15
num_cat=4
split_feature=18 18 7 5 17 19 6 10 18 0 5 1 5 7
split_gain=6.89981 4.62225 16.4107 4.06075 4.81239 3.83154 6.27988 5.29503 7.06798 8.78285 4.91524 4.32546 4.56202 5.4741
threshold=0 1 inf 437.50000000000006 1.0000000180025095e-35 2 20.500000000000004 1.0000000180025095e-35 3 11.500000000000002 290.50000000000006 45.500000000000007 401.50000000000006 0.75000000000000011
decision_type=9 9 8 2 10 1 2 10 9 2 2 2 2 10
left_child=-1 2 5 4 -3 6 -2 8 9 -8 -11 12 13 -7
right_child=1 3 -4 -5 -6 11 7 -9 -10 10 -12 -13 -14 -15
leaf_value=0.0029787345302919859 0.0055973187489347653 0.0045986108848347501 0.0073580632940117791 -0.0015027190786842776 -0.00030362585372315415 -0.0010627662897493583 -0.0004545360804000601 -0.00086004830755291985 -8.1722977267754257e-05 0.0079009288367502869 0.0027927401247183573 -0.0019016056856119635 0.0010930053625530626 0.00068075908331737434
leaf_weight=671.12534713745117 244.91010403633118 182.87701725959778 288.13581562042236 2841.1315557956696 9077.3954749107361 4030.1335573196411 357.29739689826965 1324.0139434337616 1160.3056910037994 339.80758094787598 340.70691347122192 1135.8844623565674 2722.7248306274414 2709.4913995265961
leaf_count=49 47 50 12 894 3046 1015 82 338 287 65 73 313 671 682
internal_value=-7.64897e-07 -7.66967e-05 0.000281561 -0.000510368 -0.000206328 0.000139316 0.000959564 0.000638306 0.00154081 0.00332198 0.00535131 -0.000153057 5.68598e-05 -0.00036183
internal_weight=27425.9 26754.8 14653.4 12101.4 9260.27 14365.3 3767.04 3522.13 2198.12 1037.81 680.514 10598.2 9462.35 6739.62
internal_count=7624 7575 3585 3990 3096 3573 892 845 507 220 138 2681 2368 1697
cat_boundaries=0 3 9 10 16
cat_threshold=0 0 2 65536 437248 1077702876 805372936 0 847 65 65536 164864 16 805306368 0 1
is_linear=0
shrinkage=0.03


Tree=147
num_leaves=15
num_cat=5
split_feature=18 18 7 5 17 1 18 18 19 1 5 5 16 1
split_gain=6.6796 4.50847 14.5479 3.48474 4.61904 4.37711 4.4076 3.29986 3.25121 5.85923 5.11456 4.70533 4.73692 3.44353
threshold=0 1 inf 426.50000000000006 1.0000000180025095e-35 49.500000000000007 2 3 4 47.500000000000007 438.50000000000006 382.00000000000006 1.6109573194499607 45.500000000000007
decision_type=9 9 8 2 10 2 9 9 1 2 2 2 10 2
left_child=-1 2 8 4 -3 6 -5 -6 9 10 11 12 -2 -10
right_child=1 3 -4 5 7 -7 -8 -9 13 -11 -12 -13 -14 -15
leaf_value=0.0029264200108808746 0.00021600197605949945 0.0045194820191712002 0.0069356770141056788 -0.00033373462218883932 -0.0010442034237992802 0.0019789025103523405 -0.0028373752544285872 0.00014737872105590282 6.2656796335244252e-05 0.0047376233173333704 -0.0015196736125540336 0.0050021824087108056 0.0040688234829128755 -0.0016579672442083985
leaf_weight=673.12742614746094 2030.6123580932617 180.53628778457642 288.23323726654053 1095.0881152153015 3405.9463393688202 306.52284932136536 1528.6840825080872 5391.5595872402191 9604.0684320926666 325.95889496803284 827.59862637519836 260.55603837966919 333.53387856483459 1173.8774211406708
leaf_count=49 494 49 12 359 1229 103 465 1731 2406 75 210 53 64 325
internal_value=-7.44531e-07 -7.55672e-05 0.000273172 -0.000510142 -0.000217319 -0.00140868 -0.00180503 -0.000315027 0.000140966 0.000896785 0.000535471 0.00118381 0.000761049 -0.000124765
internal_weight=27425.9 26752.8 14844.4 11908.3 8978.04 2930.3 2623.77 8797.51 14556.2 3778.26 3452.3 2624.7 2364.15 10777.9
internal_count=7624 7575 3639 3936 3009 927 824 2960 3627 896 821 611 558 2731
cat_boundaries=0 3 9 15 21 22
cat_threshold=0 0 2 65536 134392832 1077702876 805372936 0 839 2147491840 1064972 268435456 4096 2147483648 5120 2562851480 7606412 67108864 2281984000 2148573186 4096 65
is_linear=0
shrinkage=0.03


Tree=148
num_leaves=15
num_cat=4
split_feature=18 6 17 3 17 16 14 18 14 6 19 5 5 18
split_gain=6.52733 26.6966 7.95269 5.27433 5.14358 4.84534 4.32132 3.7569 3.77201 4.02722 12.2061 9.18378 5.62154 5.61228
threshold=0 172.50000000000003 0.44429669030732866 1.0000000180025095e-35 0.68915262931462429 0.75592894601845451 0.27678571428571436 1 1.017857142857143 98.500000000000014 2 165.50000000000003 150.50000000000003 3
decision_type=9 2 10 2 10 8 10 9 10 2 1 2 2 9
left_child=1 -1 6 7 -4 -5 -3 -2 9 10 11 -9 -12 -11
right_child=3 2 4 5 -6 -7 -8 8 -10 13 12 -13 -14 -15
leaf_value=0.0065181347438472634 -0.0010130395846722922 -0.00044785716026762477 0.0050167239280065829 -0.0012851855437960268 -0.00035947127698237512 0.003029355695529169 -0.0043557518004276267 0.0071405624775190473 -0.0022108729462063268 -0.00084811139024503445 0.0026429591904379396 0.0015940507676721971 -0.0016417587598097057 0.00030438185436825268
leaf_weight=680.50476837158203 4555.861171245575 585.51019716262817 293.50709056854248 324.06436252593994 350.82739639282227 839.90863990783691 450.05145978927612 380.8337025642395 703.66766858100891 6394.1395497322083 352.17642688751221 909.45675563812256 1253.9146113395691 9351.4803190231323
leaf_count=76 1595 68 43 102 68 105 66 96 161 1994 100 251 355 2544
internal_value=-7.44809e-07 0.00150366 -0.00052136 -0.000143011 0.00209347 0.00182806 -0.00214878 -0.000239132 -5.62828e-05 2.51292e-05 0.00105301 0.00321052 -0.000696829 -0.000164004
internal_weight=27425.9 2360.4 1679.9 25065.5 644.334 1163.97 1035.56 23901.5 19345.7 18642 2896.38 1290.29 1606.09 15745.6
internal_count=7624 321 245 7303 111 207 134 7096 5501 5340 802 347 455 4538
cat_boundaries=0 4 10 11 17
cat_threshold=0 0 8198 536870912 2562719896 39079948 536870912 2147762184 5300227 4224 9 169984 2633347 301989976 17995840 2214854656 1288
is_linear=0
shrinkage=0.03


Tree=149
num_leaves=15
num_cat=3
split_feature=18 18 7 5 5 0 5 5 16 18 0 5 6 0
split_gain=6.36253 4.30158 18.0412 4.28171 13.9975 5.07517 4.75496 6.5125 8.70042 5.52829 4.27123 4.10503 4.10401 3.51969
threshold=0 1 inf 28.500000000000004 23.500000000000004 7.5000000000000009 137.50000000000003 150.50000000000003 0.7559289460184534 2 26.500000000000004 88.500000000000014 191.50000000000003 18.500000000000004
decision_type=9 9 8 2 2 2 2 2 10 9 2 2 2 2
left_child=-1 2 3 4 5 -2 9 8 -8 11 13 12 -5 -3
right_child=1 10 -4 6 -6 -7 7 -9 -10 -11 -12 -13 -14 -15
leaf_value=0.0028497812105031297 0.0038714190501101878 -0.00064316438975637539 0.0078443196831434747 0.0047318063286085456 0.0082364020213464423 -0.0016389409645156804 0.0083048932107581512 0.00015345901109262868 -0.00041484704552935034 -0.0019583809975803994 -0.001748452236819946 -0.0012253201869027396 6.6799213428741323e-05 0.00054645498232482807
leaf_weight=676.08172035217285 210.78017950057983 6604.3241319656372 276.67703437805176 303.89511108398438 244.73818254470825 518.27716016769409 207.8097198009491 9705.5790808200836 203.02929735183716 2051.2541058063507 2032.5599837303162 623.25017523765564 382.90537261962891 3384.7711610794067
leaf_count=49 51 2243 11 75 54 135 50 2395 51 541 618 148 92 1111
internal_value=-7.60182e-07 -7.39469e-05 0.000269678 0.000124314 0.00204435 -4.27018e-05 -1.45543e-05 0.000310263 0.00400521 -0.000991949 -0.000494797 0.000532487 0.00213485 -0.000240052
internal_weight=27425.9 26749.9 14728.2 14451.5 973.796 729.057 13477.7 10116.4 410.839 3361.3 12021.7 1310.05 686.8 9989.1
internal_count=7624 7575 3603 3592 240 186 3352 2496 101 856 3972 315 167 3354
cat_boundaries=0 3 9 15
cat_threshold=0 0 2 65536 437248 1077702876 805374984 0 846 0 33792 1074274304 536873984 0 514
is_linear=0
shrinkage=0.03


Tree=150
num_leaves=15
num_cat=3
split_feature=18 7 10 14 1 14 17 18 17 0 1 1 19 1
split_gain=6.21661 12.4789 32.9148 6.35855 20.5521 11.7148 6.22899 5.38827 5.60443 3.36015 4.13904 6.45236 15.8795 10.7627
threshold=0 2.5000000000000004 0.75000000000000011 0.20535714285714288 38.500000000000007 0.12785714285714289 0.070031847133757971 1 0.42806179584634185 28.500000000000004 37.500000000000007 33.500000000000007 2 34.500000000000007
decision_type=9 8 8 10 2 10 10 9 10 2 2 2 1 2
left_child=1 3 -3 4 5 6 -1 8 -5 10 11 -2 13 -13
right_child=9 2 -4 7 -6 -7 -8 -9 -10 -11 -12 12 -14 -15
leaf_value=0.0013945002113441344 -0.00013250398810714964 -0.0013033832136592888 0.010858543902579582 -0.0060627283646185158 0.0079253627376421089 0.0049576651790267622 -0.0034680147695442666 0.0002930075809290055 -0.00092615396850515008 -0.0013900367760507919 -0.00088621773015204995 0.0076946310621429231 -0.00081827749419189884 0.0012719296278146676
leaf_weight=390.28863072395325 11750.659306764603 434.84087705612183 369.9760570526123 255.36004066467285 387.42079997062683 330.64558863639832 601.37725901603699 3215.9285342693329 753.74853563308716 2119.6329901218414 4816.5185842514038 481.68439126014709 1059.6422045230865 458.19185471534729
leaf_count=71 3613 61 48 22 54 47 81 678 218 568 1571 119 328 145
internal_value=-7.51086e-07 0.0007898 0.00429402 0.000315279 0.00185836 7.61624e-05 -0.0015548 -0.000309448 -0.00220884 -0.000258594 -0.000129497 0.000135618 0.00171058 0.00452019
internal_weight=27425.9 6739.59 804.817 5934.77 1709.73 1322.31 991.666 4225.04 1009.11 20686.3 18566.7 13750.2 1999.52 939.876
internal_count=7624 1280 109 1171 253 199 152 918 240 6344 5776 4205 592 264
cat_boundaries=0 4 8 9
cat_threshold=0 131072 2896078 805371912 0 0 2 8 82
is_linear=0
shrinkage=0.03


Tree=151
num_leaves=15
num_cat=5
split_feature=18 19 18 17 10 1 5 5 5 5 5 18 1 18
split_gain=6.25602 4.26313 13.9325 20.4486 7.63117 7.28269 6.35232 6.50561 5.98708 8.46082 7.23635 5.58296 4.2426 4.05994
threshold=0 1 2 0.011650529363858476 3.5000000000000004 47.500000000000007 438.50000000000006 382.00000000000006 281.50000000000006 213.50000000000003 53.500000000000007 3 45.500000000000007 4
decision_type=9 1 9 10 8 2 2 2 2 2 2 9 2 9
left_child=-1 2 3 -2 -4 6 7 8 9 10 -5 -3 13 -13
right_child=1 11 4 5 -6 -7 -8 -9 -10 -11 -12 12 -14 -15
leaf_value=0.0028236797007324104 0.008890520666348857 -0.0012805295397287206 -0.00041424058141681402 0.003879554029155565 -0.0052085486890019808 0.0053614626722531941 -0.0015283701660399158 0.0064333335428483724 -0.0025786896468919071 0.0049249140517416135 -0.00079066891864533809 -0.00038192503804197379 -0.0015074087676307229 0.00066406317294632165
leaf_weight=677.09371852874756 327.52157950401306 4179.7871911525726 3186.798259973526 408.80194807052612 328.74446845054626 326.99696278572083 873.01693558692932 213.47286033630371 360.63201451301575 515.83245968818665 1099.5187790393829 6773.6690366268158 1586.3531668186188 6567.7082645893097
leaf_count=49 19 1428 980 110 35 79 233 47 90 120 297 2013 468 1656
internal_value=-7.68453e-07 -7.33947e-05 0.000525035 0.00170561 -0.000861469 0.00108837 0.000684415 0.00142821 0.000977675 0.00161225 0.000476839 -0.000312879 -4.11914e-05 0.000133218
internal_weight=27425.9 26748.9 7641.34 4125.79 3515.54 3798.27 3471.27 2598.26 2384.79 2024.15 1508.32 19107.5 14927.7 13341.4
internal_count=7624 7575 2010 995 1015 976 897 664 617 527 407 5565 4137 3669
cat_boundaries=0 3 4 10 16 22
cat_threshold=0 0 2 97 204800 134638593 16 805308424 0 5006 415399936 34881669 24 2147926016 2231402498 20876 8704 139082762 67371072 134223944 270337 3586
is_linear=0
shrinkage=0.03


Tree=152
num_leaves=15
num_cat=4
split_feature=18 19 18 17 10 1 5 5 5 5 5 6 18 1
split_gain=6.05731 4.13624 13.5021 19.6129 7.45488 7.01737 6.16097 6.25828 5.81037 8.18298 5.48614 5.87499 5.42723 4.12312
threshold=0 1 2 0.011650529363858476 3.5000000000000004 47.500000000000007 438.50000000000006 382.00000000000006 281.50000000000006 228.50000000000003 53.500000000000007 70.500000000000014 3 45.500000000000007
decision_type=9 1 9 10 8 2 2 2 2 2 2 2 9 2
left_child=-1 2 3 -2 -4 6 7 8 9 10 -5 -12 -3 -14
right_child=1 12 4 5 -6 -7 -8 -9 -10 -11 11 -13 13 -15
leaf_value=0.0027745076722961465 0.0086806048755110332 -0.0012631272136424709 -0.0004082416715647688 0.0038070250998128718 -0.0051581056430377043 0.0052534635602875151 -0.0015079449301627552 0.0062971790254123267 -0.0025469702981699371 0.0061172007681996425 0.0026752692019748154 -0.0015793405467368663 0.00013121708036775476 -0.0014872218556261803
leaf_weight=679.00831985473633 330.44639658927917 4174.4382755756378 3185.4784302711487 410.39099931716919 327.03663516044617 328.75485348701477 871.6836576461792 214.85063028335571 359.70325398445129 303.78090453147888 436.88611888885498 876.36190176010132 13343.153576135635 1583.9636840820312
leaf_count=49 19 1428 980 110 35 79 233 47 90 72 104 241 3669 468
internal_value=-7.63024e-07 -7.23285e-05 0.000516902 0.0016773 -0.000849408 0.00107097 0.00067373 0.00140491 0.000962133 0.00158566 0.000783924 -0.000162975 -0.000308329 -4.05815e-05
internal_weight=27425.9 26746.9 7645.37 4132.86 3512.52 3802.41 3473.66 2601.97 2387.12 2027.42 1723.64 1313.25 19101.6 14927.1
internal_count=7624 7575 2010 995 1015 976 897 664 617 527 455 345 5565 4137
cat_boundaries=0 3 4 10 16
cat_threshold=0 0 2 97 204800 134638593 16 805308424 0 5006 415399936 34881669 24 2147926016 2231402498 20876
is_linear=0
shrinkage=0.03


end of trees

feature_importances:
codigo_producto_enc=616
semana_anio=208
dias_hasta_proximo_evento=171
historico_promedio_producto=167
dia_semana=153
dias_desde_evento_anterior=150
dia_mes=112
rolling_mean_90=100
lag_1=88
rolling_mean_28=72
lag_7=61
rolling_std_7=56
rolling_mean_7=54
lag_3=46
lag_14=42
lag_2=22
es_fin_de_semana=18
lag_28=6

parameters:
[boosting: gbdt]
[objective: poisson]
[metric: l1,poisson]
[tree_learner: serial]
[device_type: cpu]
[data_sample_strategy: bagging]
[data: ]
[valid: ]
[num_iterations: 1500]
[learning_rate: 0.03]
[num_leaves: 15]
[num_threads: 6]
[seed: 42]
[deterministic: 0]
[force_col_wise: 0]
[force_row_wise: 0]
[histogram_pool_size: -1]
[max_depth: -1]
[min_data_in_leaf: 50]
[min_sum_hessian_in_leaf: 0.001]
[bagging_fraction: 1]
[pos_bagging_fraction: 1]
[neg_bagging_fraction: 1]
[bagging_freq: 0]
[bagging_seed: 400]
[bagging_by_query: 0]
[feature_fraction: 1]
[feature_fraction_bynode: 1]
[feature_fraction_seed: 30056]
[extra_trees: 0]
[extra_seed: 12879]
[early_stopping_round: 0]
[early_stopping_min_delta: 0]
[first_metric_only: 0]
[max_delta_step: 0]
[lambda_l1: 0]
[lambda_l2: 1]
[linear_lambda: 0]
[min_gain_to_split: 0]
[drop_rate: 0.1]
[max_drop: 50]
[skip_drop: 0.5]
[xgboost_dart_mode: 0]
[uniform_drop: 0]
[drop_seed: 17869]
[top_rate: 0.2]
[other_rate: 0.1]
[min_data_per_group: 100]
[max_cat_threshold: 32]
[cat_l2: 10]
[cat_smooth: 10]
[max_cat_to_onehot: 4]
[top_k: 20]
[monotone_constraints: ]
[monotone_constraints_method: basic]
[monotone_penalty: 0]
[feature_contri: ]
[forcedsplits_filename: ]
[refit_decay_rate: 0.9]
[cegb_tradeoff: 1]
[cegb_penalty_split: 0]
[cegb_penalty_feature_lazy: ]
[cegb_penalty_feature_coupled: ]
[path_smooth: 0]
[interaction_constraints: ]
[verbosity: 1]
[saved_feature_importance_type: 0]
[use_quantized_grad: 0]
[num_grad_quant_bins: 4]
[quant_train_renew_leaf: 0]
[stochastic_rounding: 1]
[linear_tree: 0]
[max_bin: 255]
[max_bin_by_feature: ]
[min_data_in_bin: 3]
[bin_construct_sample_cnt: 200000]
[data_random_seed: 175]
[is_enable_sparse: 1]
[enable_bundle: 1]
[use_missing: 1]
[zero_as_missing: 0]
[feature_pre_filter: 1]
[pre_partition: 0]
[two_round: 0]
[header: 0]
[label_column: ]
[weight_column: ]
[group_column: ]
[ignore_column: ]
[categorical_feature: 18,19,20]
[forcedbins_filename: ]
[precise_float_parser: 0]
[parser_config_file: ]
[objective_seed: 16083]
[num_class: 1]
[is_unbalance: 0]
[scale_pos_weight: 1]
[sigmoid: 1]
[boost_from_average: 1]
[reg_sqrt: 0]
[alpha: 0.9]
[fair_c: 1]
[poisson_max_delta_step: 0.7]
[tweedie_variance_power: 1.5]
[lambdarank_truncation_level: 30]
[lambdarank_norm: 1]
[label_gain: ]
[lambdarank_position_bias_regularization: 0]
[eval_at: ]
[multi_error_top_k: 1]
[auc_mu_weights: ]
[num_machines: 1]
[local_listen_port: 12400]
[time_out: 120]
[machine_list_filename: ]
[machines: ]
[gpu_platform_id: -1]
[gpu_device_id: -1]
[gpu_device_id_list: ]
[gpu_use_dp: 0]
[num_gpu: 1]

end of parameters

pandas_categorical:[]
