fecha,codigo_producto,unidades_pronosticadas
2026-05-29,050304,0.03364257997843078
2026-05-29,07011,0.02927690592211305
2026-05-29,07013,0.04865970358364
2026-05-29,10750,0.06282042264419765
2026-05-29,10752,0.0
2026-05-29,10755,0.0
2026-05-29,10757,0.0
2026-05-29,10762,0.05984641520479297
2026-05-29,12100,0.14668517991498603
2026-05-29,12105,0.06953796933126535
2026-05-29,12121,0.06960771339572636
2026-05-29,12125,0.05415526747944556
2026-05-29,12130,0.4992585597388418
2026-05-29,12132,0.0
2026-05-29,12134,0.33355884091619226
2026-05-29,12136,0.670509619702118
2026-05-29,12138,0.45216125813889185
2026-05-29,1297,0.0
2026-05-29,1298,0.0
2026-05-29,1299,0.0
2026-05-29,13014,0.03922921030168507
2026-05-29,13016,0.0
2026-05-29,1302,0.0
2026-05-29,1303,0.0
2026-05-29,1306,0.05985314034207139
2026-05-29,1307,0.17735450273739778
2026-05-29,1308,0.17576128605141386
2026-05-29,1309,0.017059854496787076
2026-05-29,14210,0.0
2026-05-29,14218,0.09605209594066474
2026-05-29,15026,0.05134380839465972
2026-05-29,15030,0.14642468912637582
2026-05-29,15032,0.0
2026-05-29,15034,0.2378100049070192
2026-05-29,15041,0.06297342453151684
2026-05-29,15043,0.06995808653458248
2026-05-29,15045,0.009676609660124607
2026-05-29,17114,0.06072789730389324
2026-05-29,17115,0.0
2026-05-29,17143,0.0
2026-05-29,17222,0.41748927184700085
2026-05-29,17322,0.539766238923744
2026-05-29,17323,0.0
2026-05-29,17400,0.5724427443285302
2026-05-29,17501,0.21343021491937333
2026-05-29,17504,0.6430262314053111
2026-05-29,17505,0.0
2026-05-29,17507,0.6833115154630383
2026-05-29,17508,0.0
2026-05-29,17521,0.05964828680127314
2026-05-29,17700,0.09084826961809075
2026-05-29,17704,0.1024524615218451
2026-05-29,17706,0.11081146689864305
2026-05-29,18100,0.0
2026-05-29,18101,0.1053233259422025
2026-05-29,18121,0.09291662657723021
2026-05-29,191070,0.03364257997843078
2026-05-29,20002,0.3196743279485539
2026-05-29,21008,0.0
2026-05-29,21010,0.011813805775818158
2026-05-29,210377,0.03364257997843078
2026-05-29,26001,0.16463745227015955
2026-05-29,26004,0.0
2026-05-29,26005,0.07172797445152983
2026-05-29,26006,0.0
2026-05-29,26007,0.0
2026-05-29,26008,0.07396264480814187
2026-05-29,26009,0.07843566000986991
2026-05-29,26010,0.0
2026-05-29,26020,0.029564123913949025
2026-05-29,26093,0.0
2026-05-29,26100,0.0851543572725108
2026-05-29,26101,0.19903082079683804
2026-05-29,26104,0.0
2026-05-29,26107,0.0
2026-05-29,26111,0.0
2026-05-29,26117,0.0
2026-05-29,26121,0.0
2026-05-29,26123,0.1312202896320281
2026-05-29,26124,0.0
2026-05-29,26127,0.0
2026-05-29,26141,0.0
2026-05-29,26142,0.0
2026-05-29,26151,0.0
2026-05-29,2621,0.064680978478742
2026-05-29,2721,0.1049933484469412
2026-05-29,300675,0.03364257997843078
2026-05-29,3525,0.0
2026-05-29,3527,0.0
2026-05-29,4004,0.143242404732139
2026-05-29,44016,0.02927690592211305
2026-05-29,44017,0.0
2026-05-29,44018,0.0
2026-05-29,44019,0.0
2026-05-29,44022,0.512039635194398
2026-05-29,44031,0.0
2026-05-29,44033,0.0
2026-05-29,44052,0.034025744922582465
2026-05-29,44056,0.017904710854110637
2026-05-29,44060,0.0
2026-05-29,44068,0.04965597024870584
2026-05-29,44071,0.10933824635648404
2026-05-29,44072,0.13043382632947398
2026-05-29,4500,0.08569696441892229
2026-05-29,45002,0.0
2026-05-29,45003,0.03990165586283883
2026-05-29,45005,0.06034101008907632
2026-05-29,45006,0.1327618148398142
2026-05-29,4502,0.0788876448037496
2026-05-29,45117,0.020566074072801272
2026-05-29,45120,0.0
2026-05-29,45203,0.10495092445343754
2026-05-29,45207,0.08103436071449258
2026-05-29,45212,0.03573140932683605
2026-05-29,45215,0.0
2026-05-29,45225,0.10922422117759008
2026-05-29,4614,0.024370638452730554
2026-05-29,4616,0.6758230806318358
2026-05-29,4620,0.7664559012293929
2026-05-29,4622,0.03255226276078504
2026-05-29,4700,0.0809099681965009
2026-05-29,4703,0.0
2026-05-29,4706,0.042510362022384715
2026-05-29,4708,0.0
2026-05-29,4710,0.0
2026-05-29,6153,0.10790476112510243
2026-05-29,6210,0.020509779256517792
2026-05-29,6304,0.0
2026-05-29,6307,0.0
2026-05-29,7002,0.05128443286966709
2026-05-29,7151,0.0
2026-05-29,7152,0.0
2026-05-29,7153,0.0
2026-05-29,7154,0.0
2026-05-29,7160,0.0774755980076892
2026-05-29,7161,0.05512138967654772
2026-05-29,7162,0.08462910399930218
2026-05-29,7706,0.0
2026-05-29,7707,0.0
2026-05-29,7715,0.05516189196125669
2026-05-29,7716,0.0
2026-05-29,8029,0.030118560161652888
2026-05-29,8050,0.0
2026-05-29,8118,0.040451666143218885
2026-05-29,8123,0.04018063664733903
2026-05-29,8143,0.07584301543867693
2026-05-29,8153,0.0
2026-05-29,8154,0.06000090504699614
2026-05-29,8166,0.0
2026-05-29,8168,0.0
2026-05-29,8169,0.0
2026-05-29,8170,0.0
2026-05-29,8202,0.08919038902019806
2026-05-29,8203,0.0
2026-05-29,8205,0.4194520655346754
2026-05-29,8206,0.11259739353929916
2026-05-29,8207,0.10963713158612869
2026-05-29,8208,0.0
2026-05-29,8210,0.37246062199987673
2026-05-29,8212,0.06384240232970759
2026-05-29,8213,0.29448374215428763
2026-05-29,8215,0.33743419239799405
2026-05-29,8216,0.07304392140266563
2026-05-29,8217,0.08440752286199076
2026-05-29,8222,0.15957926318067076
2026-05-29,8225,0.08245086471518667
2026-05-29,9302,0.06289118884647266
2026-05-30,050304,0.014888927528578007
2026-05-30,07011,0.014884970568162395
2026-05-30,07013,0.01575259202716747
2026-05-30,10750,0.01074577456568894
2026-05-30,10752,0.0
2026-05-30,10755,0.0
2026-05-30,10757,0.0
2026-05-30,10762,0.0155262313735174
2026-05-30,12100,0.023841868298823395
2026-05-30,12105,0.032066168571502726
2026-05-30,12121,0.014107232087956098
2026-05-30,12125,0.010000818989749598
2026-05-30,12130,0.03747908243466004
2026-05-30,12132,0.0
2026-05-30,12134,0.03582893139622126
2026-05-30,12136,0.05482087745407981
2026-05-30,12138,0.015721440500592796
2026-05-30,1297,0.0
2026-05-30,1298,0.0
2026-05-30,1299,0.0
2026-05-30,13014,0.012209069654854406
2026-05-30,13016,0.0
2026-05-30,1302,0.0
2026-05-30,1303,0.0
2026-05-30,1306,0.01265229755031242
2026-05-30,1307,0.010190708730617849
2026-05-30,1308,0.010190708730617849
2026-05-30,1309,0.016354120463483775
2026-05-30,14210,0.0
2026-05-30,14218,0.011133686534897347
2026-05-30,15026,0.012345424607218722
2026-05-30,15030,0.014111698084660234
2026-05-30,15032,0.0
2026-05-30,15034,0.026590061089283145
2026-05-30,15041,0.011625767841221584
2026-05-30,15043,0.011625767841221584
2026-05-30,15045,0.013786974626175709
2026-05-30,17114,0.01609159068868716
2026-05-30,17115,0.0
2026-05-30,17143,0.0
2026-05-30,17222,0.06368971712406188
2026-05-30,17322,0.05102173638203658
2026-05-30,17323,0.0
2026-05-30,17400,0.10465122936686834
2026-05-30,17501,0.01598107081913023
2026-05-30,17504,0.1135995644296678
2026-05-30,17505,0.0
2026-05-30,17507,0.04556340133528356
2026-05-30,17508,0.0
2026-05-30,17521,0.01623238866110596
2026-05-30,17700,0.019220466197970517
2026-05-30,17704,0.015275604038762967
2026-05-30,17706,0.010302947921786019
2026-05-30,18100,0.0
2026-05-30,18101,0.014545575181956387
2026-05-30,18121,0.013248482562475069
2026-05-30,191070,0.014888927528578007
2026-05-30,20002,0.02118082833370496
2026-05-30,21008,0.0
2026-05-30,21010,0.01478964405984392
2026-05-30,210377,0.014888927528578007
2026-05-30,26001,0.028171263096735375
2026-05-30,26004,0.0
2026-05-30,26005,0.031099115805417615
2026-05-30,26006,0.0
2026-05-30,26007,0.0
2026-05-30,26008,0.036640592408203755
2026-05-30,26009,0.05894277790864399
2026-05-30,26010,0.0
2026-05-30,26020,0.01510965653201663
2026-05-30,26093,0.0
2026-05-30,26100,0.03583223634921921
2026-05-30,26101,0.06701662365293382
2026-05-30,26104,0.0
2026-05-30,26107,0.0
2026-05-30,26111,0.0
2026-05-30,26117,0.0
2026-05-30,26121,0.0
2026-05-30,26123,0.06734795167848656
2026-05-30,26124,0.0
2026-05-30,26127,0.0
2026-05-30,26141,0.0
2026-05-30,26142,0.0
2026-05-30,26151,0.0
2026-05-30,2621,0.02329510383008197
2026-05-30,2721,0.019101031602512572
2026-05-30,300675,0.014888927528578007
2026-05-30,3525,0.0
2026-05-30,3527,0.0
2026-05-30,4004,0.028401205695348396
2026-05-30,44016,0.014884970568162395
2026-05-30,44017,0.0
2026-05-30,44018,0.0
2026-05-30,44019,0.0
2026-05-30,44022,0.04572325156496703
2026-05-30,44031,0.0
2026-05-30,44033,0.0
2026-05-30,44052,0.010815746666290198
2026-05-30,44056,0.011345238276615316
2026-05-30,44060,0.0
2026-05-30,44068,0.015806325581480197
2026-05-30,44071,0.02232038741381192
2026-05-30,44072,0.017340533246205096
2026-05-30,4500,0.022010216075736406
2026-05-30,45002,0.0
2026-05-30,45003,0.016120092709993806
2026-05-30,45005,0.01997413871024057
2026-05-30,45006,0.024822516995151082
2026-05-30,4502,0.013649116755861534
2026-05-30,45117,0.009729383557862292
2026-05-30,45120,0.0
2026-05-30,45203,0.014308363631678152
2026-05-30,45207,0.019719969319033814
2026-05-30,45212,0.015669313351093336
2026-05-30,45215,0.0
2026-05-30,45225,0.0339727818755141
2026-05-30,4614,0.011147549957522816
2026-05-30,4616,0.1495487725250652
2026-05-30,4620,0.19699581042994707
2026-05-30,4622,0.014901721543446468
2026-05-30,4700,0.013202304579249442
2026-05-30,4703,0.0
2026-05-30,4706,0.014608600240274348
2026-05-30,4708,0.0
2026-05-30,4710,0.0
2026-05-30,6153,0.01605690766603851
2026-05-30,6210,0.014736557798417475
2026-05-30,6304,0.0
2026-05-30,6307,0.0
2026-05-30,7002,0.015717258013897124
2026-05-30,7151,0.0
2026-05-30,7152,0.0
2026-05-30,7153,0.0
2026-05-30,7154,0.0
2026-05-30,7160,0.010607935318046024
2026-05-30,7161,0.010247539327628749
2026-05-30,7162,0.010190708730617849
2026-05-30,7706,0.0
2026-05-30,7707,0.0
2026-05-30,7715,0.017827608061009477
2026-05-30,7716,0.0
2026-05-30,8029,0.011426968735172438
2026-05-30,8050,0.0
2026-05-30,8118,0.015663722419372767
2026-05-30,8123,0.01366456727851274
2026-05-30,8143,0.013452762292630812
2026-05-30,8153,0.0
2026-05-30,8154,0.01644908805949224
2026-05-30,8166,0.0
2026-05-30,8168,0.0
2026-05-30,8169,0.0
2026-05-30,8170,0.0
2026-05-30,8202,0.011100910729618312
2026-05-30,8203,0.0
2026-05-30,8205,0.023108477983849688
2026-05-30,8206,0.015929000438465
2026-05-30,8207,0.015921936901872286
2026-05-30,8208,0.0
2026-05-30,8210,0.01936183746557106
2026-05-30,8212,0.026876192061520657
2026-05-30,8213,0.046831359238722815
2026-05-30,8215,0.08500423396972959
2026-05-30,8216,0.019819694113821836
2026-05-30,8217,0.021300096307592074
2026-05-30,8222,0.019979231530243727
2026-05-30,8225,0.014488994846231935
2026-05-30,9302,0.012294310547418362
2026-05-31,050304,0.014623863190016097
2026-05-31,07011,0.014619976674506156
2026-05-31,07013,0.015472152057377682
2026-05-31,10750,0.01074577456568894
2026-05-31,10752,0.0
2026-05-31,10755,0.0
2026-05-31,10757,0.0
2026-05-31,10762,0.01524982125321281
2026-05-31,12100,0.023465443663497797
2026-05-31,12105,0.03156610622521545
2026-05-31,12121,0.013822605225866055
2026-05-31,12125,0.010043287702800965
2026-05-31,12130,0.03749253772780847
2026-05-31,12132,0.0
2026-05-31,12134,0.03601240880701896
2026-05-31,12136,0.0588464755809914
2026-05-31,12138,0.01576673082864096
2026-05-31,1297,0.0
2026-05-31,1298,0.0
2026-05-31,1299,0.0
2026-05-31,13014,0.012209069654854406
2026-05-31,13016,0.0
2026-05-31,1302,0.0
2026-05-31,1303,0.0
2026-05-31,1306,0.012454988739163815
2026-05-31,1307,0.010190708730617849
2026-05-31,1308,0.010190708730617849
2026-05-31,1309,0.017902679621694596
2026-05-31,14210,0.0
2026-05-31,14218,0.011144014822036058
2026-05-31,15026,0.012302507915645513
2026-05-31,15030,0.014152351066525787
2026-05-31,15032,0.0
2026-05-31,15034,0.026666661741081493
2026-05-31,15041,0.011418796824861077
2026-05-31,15043,0.011418796824861077
2026-05-31,15045,0.013541528115468828
2026-05-31,17114,0.01676404840599391
2026-05-31,17115,0.0
2026-05-31,17143,0.0
2026-05-31,17222,0.0688170556416252
2026-05-31,17322,0.050216185480128676
2026-05-31,17323,0.0
2026-05-31,17400,0.11349882604920059
2026-05-31,17501,0.016072523716459185
2026-05-31,17504,0.12187257394004058
2026-05-31,17505,0.0
2026-05-31,17507,0.04529551548342633
2026-05-31,17508,0.0
2026-05-31,17521,0.01589523175092756
2026-05-31,17700,0.021408561899884486
2026-05-31,17704,0.017021830792989294
2026-05-31,17706,0.010242557191841365
2026-05-31,18100,0.0
2026-05-31,18101,0.01620961775182794
2026-05-31,18121,0.013293414525597083
2026-05-31,191070,0.014623863190016097
2026-05-31,20002,0.020905487907131877
2026-05-31,21008,0.0
2026-05-31,21010,0.01452634724328248
2026-05-31,210377,0.014623863190016097
2026-05-31,26001,0.026539494401138612
2026-05-31,26004,0.0
2026-05-31,26005,0.02788585775258001
2026-05-31,26006,0.0
2026-05-31,26007,0.0
2026-05-31,26008,0.03296080392515644
2026-05-31,26009,0.05225203855806545
2026-05-31,26010,0.0
2026-05-31,26020,0.014840662603013395
2026-05-31,26093,0.0
2026-05-31,26100,0.03257555480153162
2026-05-31,26101,0.05567764437639525
2026-05-31,26104,0.0
2026-05-31,26107,0.0
2026-05-31,26111,0.0
2026-05-31,26117,0.0
2026-05-31,26121,0.0
2026-05-31,26123,0.06080781971859829
2026-05-31,26124,0.0
2026-05-31,26127,0.0
2026-05-31,26141,0.0
2026-05-31,26142,0.0
2026-05-31,26151,0.0
2026-05-31,2621,0.025963102787646037
2026-05-31,2721,0.021347452379169945
2026-05-31,300675,0.014623863190016097
2026-05-31,3525,0.0
2026-05-31,3527,0.0
2026-05-31,4004,0.026323138375470782
2026-05-31,44016,0.014619976674506156
2026-05-31,44017,0.0
2026-05-31,44018,0.0
2026-05-31,44019,0.0
2026-05-31,44022,0.04552953034377748
2026-05-31,44031,0.0
2026-05-31,44033,0.0
2026-05-31,44052,0.010815746666290198
2026-05-31,44056,0.01117987472080786
2026-05-31,44060,0.0
2026-05-31,44068,0.015524929004909623
2026-05-31,44071,0.022053968944668143
2026-05-31,44072,0.01735618926131756
2026-05-31,4500,0.02419813608178907
2026-05-31,45002,0.0
2026-05-31,45003,0.01617476368138644
2026-05-31,45005,0.019624671507835655
2026-05-31,45006,0.02208107906199369
2026-05-31,4502,0.015212049352118489
2026-05-31,45117,0.009729383557862292
2026-05-31,45120,0.0
2026-05-31,45203,0.014053801458971948
2026-05-31,45207,0.019459266127383218
2026-05-31,45212,0.01539035597346121
2026-05-31,45215,0.0
2026-05-31,45225,0.03707780738307827
2026-05-31,4614,0.011221800913560164
2026-05-31,4616,0.1454709193791767
2026-05-31,4620,0.19090654880210844
2026-05-31,4622,0.014636429435820456
2026-05-31,4700,0.013243838335649476
2026-05-31,4703,0.0
2026-05-31,4706,0.014610620411163722
2026-05-31,4708,0.0
2026-05-31,4710,0.0
2026-05-31,6153,0.01572339560637024
2026-05-31,6210,0.014474206065022347
2026-05-31,6304,0.0
2026-05-31,6307,0.0
2026-05-31,7002,0.015472152057377682
2026-05-31,7151,0.0
2026-05-31,7152,0.0
2026-05-31,7153,0.0
2026-05-31,7154,0.0
2026-05-31,7160,0.010607935318046024
2026-05-31,7161,0.010261100117688632
2026-05-31,7162,0.010190708730617849
2026-05-31,7706,0.0
2026-05-31,7707,0.0
2026-05-31,7715,0.0175193510389456
2026-05-31,7716,0.0
2026-05-31,8029,0.01132749392390035
2026-05-31,8050,0.0
2026-05-31,8118,0.015463777178117893
2026-05-31,8123,0.01354909054332748
2026-05-31,8143,0.013482428445568689
2026-05-31,8153,0.0
2026-05-31,8154,0.016504874812019912
2026-05-31,8166,0.0
2026-05-31,8168,0.0
2026-05-31,8169,0.0
2026-05-31,8170,0.0
2026-05-31,8202,0.011190732751868033
2026-05-31,8203,0.0
2026-05-31,8205,0.02269198820099639
2026-05-31,8206,0.01587039818089833
2026-05-31,8207,0.01601015432344808
2026-05-31,8208,0.0
2026-05-31,8210,0.019583798834545973
2026-05-31,8212,0.03010613854228933
2026-05-31,8213,0.04622392471415737
2026-05-31,8215,0.08447358898807926
2026-05-31,8216,0.01949957493407872
2026-05-31,8217,0.02101586179328757
2026-05-31,8222,0.019979231530243727
2026-05-31,8225,0.014263043287909808
2026-05-31,9302,0.012294310547418362
2026-06-01,050304,0.028594269843021217
2026-06-01,07011,0.024873414631427747
2026-06-01,07013,0.04783452037719344
2026-06-01,10750,0.0815402515347089
2026-06-01,10752,0.0
2026-06-01,10755,0.0
2026-06-01,10757,0.0
2026-06-01,10762,0.06365464869753308
2026-06-01,12100,0.20472166980013623
2026-06-01,12105,0.07393521536997416
2026-06-01,12121,0.06750117379794099
2026-06-01,12125,0.05815531911900953
2026-06-01,12130,0.5859271741823925
2026-06-01,12132,0.0
2026-06-01,12134,0.37531217940512246
2026-06-01,12136,0.7857875884348314
2026-06-01,12138,0.5220682112693511
2026-06-01,1297,0.0
2026-06-01,1298,0.0
2026-06-01,1299,0.0
2026-06-01,13014,0.03834041807245797
2026-06-01,13016,0.0
2026-06-01,1302,0.0
2026-06-01,1303,0.0
2026-06-01,1306,0.062068532264132927
2026-06-01,1307,0.155943266744505
2026-06-01,1308,0.19187255732675787
2026-06-01,1309,0.017640032695725134
2026-06-01,14210,0.0
2026-06-01,14218,0.12917849078153695
2026-06-01,15026,0.04778733583387313
2026-06-01,15030,0.19405028219981296
2026-06-01,15032,0.0
2026-06-01,15034,0.30071452166526585
2026-06-01,15041,0.0650635363223464
2026-06-01,15043,0.08346639741330518
2026-06-01,15045,0.03336198062814754
2026-06-01,17114,0.06648709532545358
2026-06-01,17115,0.0
2026-06-01,17143,0.0
2026-06-01,17222,0.5173382180049798
2026-06-01,17322,0.6505704615936151
2026-06-01,17323,0.0
2026-06-01,17400,0.68523039778859
2026-06-01,17501,0.28229889348909304
2026-06-01,17504,0.7028113365732257
2026-06-01,17505,0.0
2026-06-01,17507,0.7532014745376512
2026-06-01,17508,0.0
2026-06-01,17521,0.06806711519934446
2026-06-01,17700,0.11709715337605495
2026-06-01,17704,0.12384618158792518
2026-06-01,17706,0.1340689206298833
2026-06-01,18100,0.0
2026-06-01,18101,0.14022563624516557
2026-06-01,18121,0.1349941419914238
2026-06-01,191070,0.028594269843021217
2026-06-01,20002,0.3651909658653264
2026-06-01,21008,0.0
2026-06-01,21010,0.022544330587208262
2026-06-01,210377,0.028594269843021217
2026-06-01,26001,0.262848165417384
2026-06-01,26004,0.0
2026-06-01,26005,0.08312389642970477
2026-06-01,26006,0.0
2026-06-01,26007,0.0
2026-06-01,26008,0.07233985192361168
2026-06-01,26009,0.12978920001192124
2026-06-01,26010,0.0
2026-06-01,26020,0.03316489059249077
2026-06-01,26093,0.0
2026-06-01,26100,0.0753095875676991
2026-06-01,26101,0.20226541566332398
2026-06-01,26104,0.0
2026-06-01,26107,0.0
2026-06-01,26111,0.0
2026-06-01,26117,0.0
2026-06-01,26121,0.0
2026-06-01,26123,0.1396514347434902
2026-06-01,26124,0.0
2026-06-01,26127,0.0
2026-06-01,26141,0.0
2026-06-01,26142,0.0
2026-06-01,26151,0.0
2026-06-01,2621,0.0732363834489815
2026-06-01,2721,0.12338116812275203
2026-06-01,300675,0.028594269843021217
2026-06-01,3525,0.0
2026-06-01,3527,0.0
2026-06-01,4004,0.18293164782222004
2026-06-01,44016,0.024873414631427747
2026-06-01,44017,0.0
2026-06-01,44018,0.0
2026-06-01,44019,0.0
2026-06-01,44022,0.5696407564424412
2026-06-01,44031,0.0
2026-06-01,44033,0.0
2026-06-01,44052,0.04141446722133927
2026-06-01,44056,0.018302995200513376
2026-06-01,44060,0.0
2026-06-01,44068,0.04881440141309268
2026-06-01,44071,0.21186228266078613
2026-06-01,44072,0.17842388887424063
2026-06-01,4500,0.112957490742731
2026-06-01,45002,0.0
2026-06-01,45003,0.03642810601427622
2026-06-01,45005,0.05335581094885211
2026-06-01,45006,0.1704180321441714
2026-06-01,4502,0.10808835531802129
2026-06-01,45117,0.0182879905215894
2026-06-01,45120,0.0
2026-06-01,45203,0.1424670170771467
2026-06-01,45207,0.10148933998717288
2026-06-01,45212,0.0404810415424331
2026-06-01,45215,0.0
2026-06-01,45225,0.097002968951653
2026-06-01,4614,0.022543085295716796
2026-06-01,4616,0.8572079254787605
2026-06-01,4620,0.8614920475755866
2026-06-01,4622,0.027664706507677727
2026-06-01,4700,0.09543596031927426
2026-06-01,4703,0.0
2026-06-01,4706,0.04226901366744739
2026-06-01,4708,0.0
2026-06-01,4710,0.0
2026-06-01,6153,0.113438066011652
2026-06-01,6210,0.016682927352871343
2026-06-01,6304,0.0
2026-06-01,6307,0.0
2026-06-01,7002,0.04783452037719344
2026-06-01,7151,0.0
2026-06-01,7152,0.0
2026-06-01,7153,0.0
2026-06-01,7154,0.0
2026-06-01,7160,0.10068905276967341
2026-06-01,7161,0.06355874208041647
2026-06-01,7162,0.09747366189936585
2026-06-01,7706,0.0
2026-06-01,7707,0.0
2026-06-01,7715,0.04582667691206683
2026-06-01,7716,0.0
2026-06-01,8029,0.035173115317243715
2026-06-01,8050,0.0
2026-06-01,8118,0.03530089506685257
2026-06-01,8123,0.03962529666470119
2026-06-01,8143,0.08170368696829948
2026-06-01,8153,0.0
2026-06-01,8154,0.051977167897016355
2026-06-01,8166,0.0
2026-06-01,8168,0.0
2026-06-01,8169,0.0
2026-06-01,8170,0.0
2026-06-01,8202,0.11293249582802502
2026-06-01,8203,0.0
2026-06-01,8205,0.49735791801568274
2026-06-01,8206,0.11976935715944213
2026-06-01,8207,0.14404342911110782
2026-06-01,8208,0.0
2026-06-01,8210,0.38461089070815135
2026-06-01,8212,0.0624243273216411
2026-06-01,8213,0.40948046090438767
2026-06-01,8215,0.4431060744924847
2026-06-01,8216,0.07217763851902055
2026-06-01,8217,0.09187258797269372
2026-06-01,8222,0.16585222953184617
2026-06-01,8225,0.08554852286957332
2026-06-01,9302,0.06784888101301224
2026-06-02,050304,0.028549888329579883
2026-06-02,07011,0.024834050595648166
2026-06-02,07013,0.04776781211645937
2026-06-02,10750,0.0805429879112229
2026-06-02,10752,0.0
2026-06-02,10755,0.0
2026-06-02,10757,0.0
2026-06-02,10762,0.06357412667068112
2026-06-02,12100,0.20875859673352792
2026-06-02,12105,0.07384791577964327
2026-06-02,12121,0.07795123190625018
2026-06-02,12125,0.056889547192096476
2026-06-02,12130,0.49632955245804655
2026-06-02,12132,0.0
2026-06-02,12134,0.36348612105283346
2026-06-02,12136,0.7388809652066313
2026-06-02,12138,0.4910191347963286
2026-06-02,1297,0.0
2026-06-02,1298,0.0
2026-06-02,1299,0.0
2026-06-02,13014,0.03785144356560959
2026-06-02,13016,0.0
2026-06-02,1302,0.0
2026-06-02,1303,0.0
2026-06-02,1306,0.06199642945408325
2026-06-02,1307,0.15628498678587394
2026-06-02,1308,0.17381938405647365
2026-06-02,1309,0.017844380318362864
2026-06-02,14210,0.0
2026-06-02,14218,0.12944012825879
2026-06-02,15026,0.04037179781619771
2026-06-02,15030,0.19099411792292895
2026-06-02,15032,0.0
2026-06-02,15034,0.30100764857995543
2026-06-02,15041,0.06687617484096436
2026-06-02,15043,0.08468252201730682
2026-06-02,15045,0.0329047839099952
2026-06-02,17114,0.06401591317817712
2026-06-02,17115,0.0
2026-06-02,17143,0.0
2026-06-02,17222,0.5169496262814481
2026-06-02,17322,0.6129766444225364
2026-06-02,17323,0.0
2026-06-02,17400,0.6399225380196697
2026-06-02,17501,0.260035805562989
2026-06-02,17504,0.7145442107326168
2026-06-02,17505,0.0
2026-06-02,17507,0.7342582838688837
2026-06-02,17508,0.0
2026-06-02,17521,0.07016305099005085
2026-06-02,17700,0.12069770289544897
2026-06-02,17704,0.12050441473564119
2026-06-02,17706,0.13329450985522306
2026-06-02,18100,0.0
2026-06-02,18101,0.1223368474361155
2026-06-02,18121,0.09022289557175725
2026-06-02,191070,0.028549888329579883
2026-06-02,20002,0.3442843508195717
2026-06-02,21008,0.0
2026-06-02,21010,0.02280549112125713
2026-06-02,210377,0.028549888329579883
2026-06-02,26001,0.24379007196570318
2026-06-02,26004,0.0
2026-06-02,26005,0.0729182882078855
2026-06-02,26006,0.0
2026-06-02,26007,0.0
2026-06-02,26008,0.0661273770969979
2026-06-02,26009,0.10923381213051614
2026-06-02,26010,0.0
2026-06-02,26020,0.033549082995334684
2026-06-02,26093,0.0
2026-06-02,26100,0.06915540027038497
2026-06-02,26101,0.18220363457090155
2026-06-02,26104,0.0
2026-06-02,26107,0.0
2026-06-02,26111,0.0
2026-06-02,26117,0.0
2026-06-02,26121,0.0
2026-06-02,26123,0.12334516254073705
2026-06-02,26124,0.0
2026-06-02,26127,0.0
2026-06-02,26141,0.0
2026-06-02,26142,0.0
2026-06-02,26151,0.0
2026-06-02,2621,0.07495719101701895
2026-06-02,2721,0.11313903036366782
2026-06-02,300675,0.028549888329579883
2026-06-02,3525,0.0
2026-06-02,3527,0.0
2026-06-02,4004,0.17306951705993015
2026-06-02,44016,0.024834050595648166
2026-06-02,44017,0.0
2026-06-02,44018,0.0
2026-06-02,44019,0.0
2026-06-02,44022,0.5769005824883923
2026-06-02,44031,0.0
2026-06-02,44033,0.0
2026-06-02,44052,0.04088775900816292
2026-06-02,44056,0.018591289756095548
2026-06-02,44060,0.0
2026-06-02,44068,0.04874671838657138
2026-06-02,44071,0.20974384724142134
2026-06-02,44072,0.16290731142453
2026-06-02,4500,0.11290310032846147
2026-06-02,45002,0.0
2026-06-02,45003,0.03505270726441236
2026-06-02,45005,0.05290788019528872
2026-06-02,45006,0.16108894456085396
2026-06-02,4502,0.10423028182295185
2026-06-02,45117,0.018050316897669512
2026-06-02,45120,0.0
2026-06-02,45203,0.14235443096204026
2026-06-02,45207,0.12606249039430809
2026-06-02,45212,0.04042228397396727
2026-06-02,45215,0.0
2026-06-02,45225,0.09580878838099728
2026-06-02,4614,0.02205936083195474
2026-06-02,4616,0.8283813005513821
2026-06-02,4620,0.7760076125431143
2026-06-02,4622,0.027621557239112592
2026-06-02,4700,0.09350905253701475
2026-06-02,4703,0.0
2026-06-02,4706,0.04203938347654086
2026-06-02,4708,0.0
2026-06-02,4710,0.0
2026-06-02,6153,0.10489233302155787
2026-06-02,6210,0.016876187569674874
2026-06-02,6304,0.0
2026-06-02,6307,0.0
2026-06-02,7002,0.04776781211645937
2026-06-02,7151,0.0
2026-06-02,7152,0.0
2026-06-02,7153,0.0
2026-06-02,7154,0.0
2026-06-02,7160,0.10742838346581077
2026-06-02,7161,0.062025325108179034
2026-06-02,7162,0.09504980564549025
2026-06-02,7706,0.0
2026-06-02,7707,0.0
2026-06-02,7715,0.0463438031179114
2026-06-02,7716,0.0
2026-06-02,8029,0.03560604715339251
2026-06-02,8050,0.0
2026-06-02,8118,0.03521497965357018
2026-06-02,8123,0.039385173959700724
2026-06-02,8143,0.07842687873874402
2026-06-02,8153,0.0
2026-06-02,8154,0.051453847071601895
2026-06-02,8166,0.0
2026-06-02,8168,0.0
2026-06-02,8169,0.0
2026-06-02,8170,0.0
2026-06-02,8202,0.16582275578738023
2026-06-02,8203,0.0
2026-06-02,8205,0.5586307855862338
2026-06-02,8206,0.21143624620065374
2026-06-02,8207,0.18557126788808026
2026-06-02,8208,0.0
2026-06-02,8210,0.4167321588474036
2026-06-02,8212,0.05726451577491102
2026-06-02,8213,0.3710448364904322
2026-06-02,8215,0.40465312359913697
2026-06-02,8216,0.07100531149280807
2026-06-02,8217,0.08990464925146073
2026-06-02,8222,0.16200928768062262
2026-06-02,8225,0.053934928560687344
2026-06-02,9302,0.06679488385605821
2026-06-03,050304,0.029866168445657877
2026-06-03,07011,0.0259811222340038
2026-06-03,07013,0.06455432645600769
2026-06-03,10750,0.08171019867163667
2026-06-03,10752,0.0
2026-06-03,10755,0.0
2026-06-03,10757,0.0
2026-06-03,10762,0.06608485022078975
2026-06-03,12100,0.1936606604889542
2026-06-03,12105,0.07675179709735917
2026-06-03,12121,0.08048708152699219
2026-06-03,12125,0.0763899463454258
2026-06-03,12130,0.4996142508984781
2026-06-03,12132,0.0
2026-06-03,12134,0.3438297571192316
2026-06-03,12136,0.7189737584556269
2026-06-03,12138,0.471206282015019
2026-06-03,1297,0.0
2026-06-03,1298,0.0
2026-06-03,1299,0.0
2026-06-03,13014,0.034558604465727144
2026-06-03,13016,0.0
2026-06-03,1302,0.0
2026-06-03,1303,0.0
2026-06-03,1306,0.06557121146218906
2026-06-03,1307,0.15280357496221914
2026-06-03,1308,0.1613075659722538
2026-06-03,1309,0.018035863375682592
2026-06-03,14210,0.0
2026-06-03,14218,0.12470578171679866
2026-06-03,15026,0.04172750463482582
2026-06-03,15030,0.18852245991780858
2026-06-03,15032,0.0
2026-06-03,15034,0.2763930371114838
2026-06-03,15041,0.06282290220555621
2026-06-03,15043,0.08058524467437087
2026-06-03,15045,0.03125873196302583
2026-06-03,17114,0.05641335667093837
2026-06-03,17115,0.0
2026-06-03,17143,0.0
2026-06-03,17222,0.503933044060262
2026-06-03,17322,0.5830479394352595
2026-06-03,17323,0.0
2026-06-03,17400,0.6225057173576639
2026-06-03,17501,0.20810062945204316
2026-06-03,17504,0.6837648211591375
2026-06-03,17505,0.0
2026-06-03,17507,0.6946790124338024
2026-06-03,17508,0.0
2026-06-03,17521,0.07661388026367977
2026-06-03,17700,0.12242410522732035
2026-06-03,17704,0.12890368645900527
2026-06-03,17706,0.12479633671027873
2026-06-03,18100,0.0
2026-06-03,18101,0.1113241387909593
2026-06-03,18121,0.09043242761082879
2026-06-03,191070,0.029866168445657877
2026-06-03,20002,0.3619971380644128
2026-06-03,21008,0.0
2026-06-03,21010,0.024662472574117404
2026-06-03,210377,0.029866168445657877
2026-06-03,26001,0.2184739073190387
2026-06-03,26004,0.0
2026-06-03,26005,0.06952743977292626
2026-06-03,26006,0.0
2026-06-03,26007,0.0
2026-06-03,26008,0.06610819925015994
2026-06-03,26009,0.11709805371645934
2026-06-03,26010,0.0
2026-06-03,26020,0.032845323379344246
2026-06-03,26093,0.0
2026-06-03,26100,0.06883613853466455
2026-06-03,26101,0.18523397258454452
2026-06-03,26104,0.0
2026-06-03,26107,0.0
2026-06-03,26111,0.0
2026-06-03,26117,0.0
2026-06-03,26121,0.0
2026-06-03,26123,0.11939069362344853
2026-06-03,26124,0.0
2026-06-03,26127,0.0
2026-06-03,26141,0.0
2026-06-03,26142,0.0
2026-06-03,26151,0.0
2026-06-03,2621,0.06612015167838624
2026-06-03,2721,0.11069069519137502
2026-06-03,300675,0.029866168445657877
2026-06-03,3525,0.0
2026-06-03,3527,0.0
2026-06-03,4004,0.18341304119641755
2026-06-03,44016,0.0259811222340038
2026-06-03,44017,0.0
2026-06-03,44018,0.0
2026-06-03,44019,0.0
2026-06-03,44022,0.56234509014887
2026-06-03,44031,0.0
2026-06-03,44033,0.0
2026-06-03,44052,0.03983649512765996
2026-06-03,44056,0.018501323407133712
2026-06-03,44060,0.0
2026-06-03,44068,0.06586351180956161
2026-06-03,44071,0.06747593401526565
2026-06-03,44072,0.12196593964320471
2026-06-03,4500,0.11238754699962863
2026-06-03,45002,0.0
2026-06-03,45003,0.035137666393541496
2026-06-03,45005,0.05575666808379409
2026-06-03,45006,0.1712636059283935
2026-06-03,4502,0.0926292005247629
2026-06-03,45117,0.01853516876042125
2026-06-03,45120,0.0
2026-06-03,45203,0.16383335667733112
2026-06-03,45207,0.11018357969568164
2026-06-03,45212,0.041674027453002895
2026-06-03,45215,0.0
2026-06-03,45225,0.1000229585545916
2026-06-03,4614,0.023592585007770298
2026-06-03,4616,0.7057538094197863
2026-06-03,4620,0.7487174200959955
2026-06-03,4622,0.0288956229430065
2026-06-03,4700,0.08503310212348429
2026-06-03,4703,0.0
2026-06-03,4706,0.044347443541884524
2026-06-03,4708,0.0
2026-06-03,4710,0.0
2026-06-03,6153,0.1089467469337447
2026-06-03,6210,0.017057281221238507
2026-06-03,6304,0.0
2026-06-03,6307,0.0
2026-06-03,7002,0.06455432645600769
2026-06-03,7151,0.0
2026-06-03,7152,0.0
2026-06-03,7153,0.0
2026-06-03,7154,0.0
2026-06-03,7160,0.10142108023491084
2026-06-03,7161,0.03956310207554002
2026-06-03,7162,0.0976251724521667
2026-06-03,7706,0.0
2026-06-03,7707,0.0
2026-06-03,7715,0.04785043643181028
2026-06-03,7716,0.0
2026-06-03,8029,0.018869537832231997
2026-06-03,8050,0.0
2026-06-03,8118,0.03615262296746032
2026-06-03,8123,0.04040372187037307
2026-06-03,8143,0.084352191155577
2026-06-03,8153,0.0
2026-06-03,8154,0.05342879925423312
2026-06-03,8166,0.0
2026-06-03,8168,0.0
2026-06-03,8169,0.0
2026-06-03,8170,0.0
2026-06-03,8202,0.14661532727852447
2026-06-03,8203,0.0
2026-06-03,8205,0.5265862721637682
2026-06-03,8206,0.22246646061284364
2026-06-03,8207,0.19028699602698748
2026-06-03,8208,0.0
2026-06-03,8210,0.35257413047631697
2026-06-03,8212,0.055798025810485784
2026-06-03,8213,0.34798759951503766
2026-06-03,8215,0.40408262698284375
2026-06-03,8216,0.06828803075489016
2026-06-03,8217,0.08093738765369948
2026-06-03,8222,0.1590220499722439
2026-06-03,8225,0.07044814076175558
2026-06-03,9302,0.06461621028737134
2026-06-04,050304,0.03499831694476344
2026-06-04,07011,0.03045809077842292
2026-06-04,07013,0.07530280682022751
2026-06-04,10750,0.08900382617153679
2026-06-04,10752,0.0
2026-06-04,10755,0.0
2026-06-04,10757,0.0
2026-06-04,10762,0.08346619443605074
2026-06-04,12100,0.1998560524636205
2026-06-04,12105,0.08942026626433591
2026-06-04,12121,0.09371969714205317
2026-06-04,12125,0.08854343250761924
2026-06-04,12130,0.4762436518088316
2026-06-04,12132,0.0
2026-06-04,12134,0.3248927927139464
2026-06-04,12136,0.6975030383795962
2026-06-04,12138,0.452728642106486
2026-06-04,1297,0.0
2026-06-04,1298,0.0
2026-06-04,1299,0.0
2026-06-04,13014,0.040332141758120325
2026-06-04,13016,0.0
2026-06-04,1302,0.0
2026-06-04,1303,0.0
2026-06-04,1306,0.07661857357067235
2026-06-04,1307,0.16619840163962735
2026-06-04,1308,0.18297045164950107
2026-06-04,1309,0.018066105215909338
2026-06-04,14210,0.0
2026-06-04,14218,0.14025187740955022
2026-06-04,15026,0.04865154458667001
2026-06-04,15030,0.19461466685128015
2026-06-04,15032,0.0
2026-06-04,15034,0.2543475287265399
2026-06-04,15041,0.07318700258592048
2026-06-04,15043,0.09366755199685381
2026-06-04,15045,0.036597364186586365
2026-06-04,17114,0.06560930384234523
2026-06-04,17115,0.0
2026-06-04,17143,0.0
2026-06-04,17222,0.4519262953090775
2026-06-04,17322,0.5679394643329895
2026-06-04,17323,0.0
2026-06-04,17400,0.5586941795813397
2026-06-04,17501,0.21467854642318018
2026-06-04,17504,0.6672128792055431
2026-06-04,17505,0.0
2026-06-04,17507,0.6284724715638541
2026-06-04,17508,0.0
2026-06-04,17521,0.07667086177839667
2026-06-04,17700,0.13943823234556163
2026-06-04,17704,0.14334267332840944
2026-06-04,17706,0.14021658444995613
2026-06-04,18100,0.0
2026-06-04,18101,0.13746266983760483
2026-06-04,18121,0.11039681691135265
2026-06-04,191070,0.03499831694476344
2026-06-04,20002,0.338767791352674
2026-06-04,21008,0.0
2026-06-04,21010,0.02470382565711916
2026-06-04,210377,0.03499831694476344
2026-06-04,26001,0.24075347875129507
2026-06-04,26004,0.0
2026-06-04,26005,0.07179284432399179
2026-06-04,26006,0.0
2026-06-04,26007,0.0
2026-06-04,26008,0.06527648862488478
2026-06-04,26009,0.1349447766948105
2026-06-04,26010,0.0
2026-06-04,26020,0.03332231599566072
2026-06-04,26093,0.0
2026-06-04,26100,0.0679701075661678
2026-06-04,26101,0.2051243008026582
2026-06-04,26104,0.0
2026-06-04,26107,0.0
2026-06-04,26111,0.0
2026-06-04,26117,0.0
2026-06-04,26121,0.0
2026-06-04,26123,0.1373740912589218
2026-06-04,26124,0.0
2026-06-04,26127,0.0
2026-06-04,26141,0.0
2026-06-04,26142,0.0
2026-06-04,26151,0.0
2026-06-04,2621,0.07680197216476359
2026-06-04,2721,0.1311996474449453
2026-06-04,300675,0.03499831694476344
2026-06-04,3525,0.0
2026-06-04,3527,0.0
2026-06-04,4004,0.20031069102676138
2026-06-04,44016,0.03045809077842292
2026-06-04,44017,0.0
2026-06-04,44018,0.0
2026-06-04,44019,0.0
2026-06-04,44022,0.5302462880406258
2026-06-04,44031,0.0
2026-06-04,44033,0.0
2026-06-04,44052,0.047386411469070897
2026-06-04,44056,0.018500084977300862
2026-06-04,44060,0.0
2026-06-04,44068,0.07681952694860128
2026-06-04,44071,0.07877157057358197
2026-06-04,44072,0.14189218341817403
2026-06-04,4500,0.12745762659617133
2026-06-04,45002,0.0
2026-06-04,45003,0.040249940023948806
2026-06-04,45005,0.06581147952694974
2026-06-04,45006,0.18689065519471487
2026-06-04,4502,0.09668114269112181
2026-06-04,45117,0.02168735892031612
2026-06-04,45120,0.0
2026-06-04,45203,0.17743848271499985
2026-06-04,45207,0.13369928249675356
2026-06-04,45212,0.0391659106674622
2026-06-04,45215,0.0
2026-06-04,45225,0.12011038681100088
2026-06-04,4614,0.023592585007770298
2026-06-04,4616,0.6621474801049305
2026-06-04,4620,0.6628758295555328
2026-06-04,4622,0.03499831694476344
2026-06-04,4700,0.0989507089802391
2026-06-04,4703,0.0
2026-06-04,4706,0.05168583294024421
2026-06-04,4708,0.0
2026-06-04,4710,0.0
2026-06-04,6153,0.13157787558243636
2026-06-04,6210,0.017085882212643826
2026-06-04,6304,0.0
2026-06-04,6307,0.0
2026-06-04,7002,0.07555586656703847
2026-06-04,7151,0.0
2026-06-04,7152,0.0
2026-06-04,7153,0.0
2026-06-04,7154,0.0
2026-06-04,7160,0.10899134652109424
2026-06-04,7161,0.04615390435770316
2026-06-04,7162,0.10457122042942112
2026-06-04,7706,0.0
2026-06-04,7707,0.0
2026-06-04,7715,0.055893536690737995
2026-06-04,7716,0.0
2026-06-04,8029,0.018868274755095872
2026-06-04,8050,0.0
2026-06-04,8118,0.04226022910787306
2026-06-04,8123,0.05603587429189618
2026-06-04,8143,0.09373615782000078
2026-06-04,8153,0.0
2026-06-04,8154,0.06232031824385656
2026-06-04,8166,0.0
2026-06-04,8168,0.0
2026-06-04,8169,0.0
2026-06-04,8170,0.0
2026-06-04,8202,0.17211327967823414
2026-06-04,8203,0.0
2026-06-04,8205,0.5187466965726635
2026-06-04,8206,0.22912526306537576
2026-06-04,8207,0.20358796732274223
2026-06-04,8208,0.0
2026-06-04,8210,0.3186193112553212
2026-06-04,8212,0.0639870710784469
2026-06-04,8213,0.3318518935273213
2026-06-04,8215,0.3408955163322448
2026-06-04,8216,0.07968158893827147
2026-06-04,8217,0.09425242100334846
2026-06-04,8222,0.16820947937510924
2026-06-04,8225,0.0820262628167961
2026-06-04,9302,0.07511221285053564
2026-06-05,050304,0.03473983399176793
2026-06-05,07011,0.030232274417121
2026-06-05,07013,0.03054524788753737
2026-06-05,10750,0.063029906192584
2026-06-05,10752,0.0
2026-06-05,10755,0.0
2026-06-05,10757,0.0
2026-06-05,10762,0.06708354736854984
2026-06-05,12100,0.1675725798690651
2026-06-05,12105,0.07153468210045062
2026-06-05,12121,0.07693564447808157
2026-06-05,12125,0.06883472286220677
2026-06-05,12130,0.47526356395304525
2026-06-05,12132,0.0
2026-06-05,12134,0.3173841519001743
2026-06-05,12136,0.6536434176791169
2026-06-05,12138,0.4221338132364088
2026-06-05,1297,0.0
2026-06-05,1298,0.0
2026-06-05,1299,0.0
2026-06-05,13014,0.04006197494168895
2026-06-05,13016,0.0
2026-06-05,1302,0.0
2026-06-05,1303,0.0
2026-06-05,1306,0.06265936047669232
2026-06-05,1307,0.16864860818575134
2026-06-05,1308,0.1637622084648776
2026-06-05,1309,0.018117335894936245
2026-06-05,14210,0.0
2026-06-05,14218,0.10322309081811339
2026-06-05,15026,0.04810786622558748
2026-06-05,15030,0.14184415345359652
2026-06-05,15032,0.0
2026-06-05,15034,0.21481491858896393
2026-06-05,15041,0.06674132221904401
2026-06-05,15043,0.07558534298710905
2026-06-05,15045,0.03632935553431227
2026-06-05,17114,0.065185678840997
2026-06-05,17115,0.0
2026-06-05,17143,0.0
2026-06-05,17222,0.41396326930132754
2026-06-05,17322,0.5222151508783145
2026-06-05,17323,0.0
2026-06-05,17400,0.5546058836187123
2026-06-05,17501,0.19002258611890746
2026-06-05,17504,0.6160207875321579
2026-06-05,17505,0.0
2026-06-05,17507,0.6309686730317147
2026-06-05,17508,0.0
2026-06-05,17521,0.042039794502340015
2026-06-05,17700,0.09844329192558939
2026-06-05,17704,0.10670377866306761
2026-06-05,17706,0.13057043635360327
2026-06-05,18100,0.0
2026-06-05,18101,0.10381603450949586
2026-06-05,18121,0.10640668101488862
2026-06-05,191070,0.03473983399176793
2026-06-05,20002,0.3132082065620794
2026-06-05,21008,0.0
2026-06-05,21010,0.024773879149438138
2026-06-05,210377,0.03473983399176793
2026-06-05,26001,0.19387039788248786
2026-06-05,26004,0.0
2026-06-05,26005,0.07517820307971175
2026-06-05,26006,0.0
2026-06-05,26007,0.0
2026-06-05,26008,0.0675237856473582
2026-06-05,26009,0.13732028281533779
2026-06-05,26010,0.0
2026-06-05,26020,0.025764439814755832
2026-06-05,26093,0.0
2026-06-05,26100,0.07214083302198167
2026-06-05,26101,0.1887626397582227
2026-06-05,26104,0.0
2026-06-05,26107,0.0
2026-06-05,26111,0.0
2026-06-05,26117,0.0
2026-06-05,26121,0.0
2026-06-05,26123,0.10280556128434871
2026-06-05,26124,0.0
2026-06-05,26127,0.0
2026-06-05,26141,0.0
2026-06-05,26142,0.0
2026-06-05,26151,0.0
2026-06-05,2621,0.07398685356491431
2026-06-05,2721,0.10245448218295408
2026-06-05,300675,0.03473983399176793
2026-06-05,3525,0.0
2026-06-05,3527,0.0
2026-06-05,4004,0.1468749817942387
2026-06-05,44016,0.030232274417121
2026-06-05,44017,0.0
2026-06-05,44018,0.0
2026-06-05,44019,0.0
2026-06-05,44022,0.48401710012182125
2026-06-05,44031,0.0
2026-06-05,44033,0.0
2026-06-05,44052,0.03993665805892396
2026-06-05,44056,0.018373074475156213
2026-06-05,44060,0.0
2026-06-05,44068,0.06708354736854984
2026-06-05,44071,0.07961375667555658
2026-06-05,44072,0.1571176312505217
2026-06-05,4500,0.09697561813166243
2026-06-05,45002,0.0
2026-06-05,45003,0.03995607081049081
2026-06-05,45005,0.06515028418907248
2026-06-05,45006,0.1455984911895584
2026-06-05,4502,0.07935042761387269
2026-06-05,45117,0.021538207312570227
2026-06-05,45120,0.0
2026-06-05,45203,0.13914740692570265
2026-06-05,45207,0.10564888987629474
2026-06-05,45212,0.033129331910109396
2026-06-05,45215,0.0
2026-06-05,45225,0.1227528467039029
2026-06-05,4614,0.023700132940368636
2026-06-05,4616,0.6002812073407265
2026-06-05,4620,0.6301497746212167
2026-06-05,4622,0.03473983399176793
2026-06-05,4700,0.0812230128377845
2026-06-05,4703,0.0
2026-06-05,4706,0.05032729207483562
2026-06-05,4708,0.0
2026-06-05,4710,0.0
2026-06-05,6153,0.11212359099024456
2026-06-05,6210,0.017134333239418355
2026-06-05,6304,0.0
2026-06-05,6307,0.0
2026-06-05,7002,0.061074094658616795
2026-06-05,7151,0.0
2026-06-05,7152,0.0
2026-06-05,7153,0.0
2026-06-05,7154,0.0
2026-06-05,7160,0.051839766641157616
2026-06-05,7161,0.045846048347448924
2026-06-05,7162,0.0863086841901376
2026-06-05,7706,0.0
2026-06-05,7707,0.0
2026-06-05,7715,0.05528257627152535
2026-06-05,7716,0.0
2026-06-05,8029,0.018738963900959967
2026-06-05,8050,0.0
2026-06-05,8118,0.04245222434799938
2026-06-05,8123,0.046388066243834555
2026-06-05,8143,0.08181597490472518
2026-06-05,8153,0.0
2026-06-05,8154,0.06330435476893144
2026-06-05,8166,0.0
2026-06-05,8168,0.0
2026-06-05,8169,0.0
2026-06-05,8170,0.0
2026-06-05,8202,0.1475186014164044
2026-06-05,8203,0.0
2026-06-05,8205,0.5194425929325085
2026-06-05,8206,0.1337876231056406
2026-06-05,8207,0.14883103785753454
2026-06-05,8208,0.0
2026-06-05,8210,0.28120335798797264
2026-06-05,8212,0.06356901365797882
2026-06-05,8213,0.24884989616151745
2026-06-05,8215,0.3004975830703918
2026-06-05,8216,0.08049701183958347
2026-06-05,8217,0.0959897360186061
2026-06-05,8222,0.14303320785796844
2026-06-05,8225,0.07966105079610844
2026-06-05,9302,0.06049344763224114
2026-06-06,050304,0.015327512177406927
2026-06-06,07011,0.015323438656406882
2026-06-06,07013,0.015349883528681869
2026-06-06,10750,0.01024507590621574
2026-06-06,10752,0.0
2026-06-06,10755,0.0
2026-06-06,10757,0.0
2026-06-06,10762,0.015947163047195376
2026-06-06,12100,0.02327397223676081
2026-06-06,12105,0.01621998529089633
2026-06-06,12121,0.021371393383640996
2026-06-06,12125,0.01055076858703122
2026-06-06,12130,0.03743815448845315
2026-06-06,12132,0.0
2026-06-06,12134,0.03456523167458464
2026-06-06,12136,0.03823297372010915
2026-06-06,12138,0.014997270817617953
2026-06-06,1297,0.0
2026-06-06,1298,0.0
2026-06-06,1299,0.0
2026-06-06,13014,0.012274204735383014
2026-06-06,13016,0.0
2026-06-06,1302,0.0
2026-06-06,1303,0.0
2026-06-06,1306,0.012823664382857704
2026-06-06,1307,0.01024507590621574
2026-06-06,1308,0.01024507590621574
2026-06-06,1309,0.018098380943099537
2026-06-06,14210,0.0
2026-06-06,14218,0.011199000675717084
2026-06-06,15026,0.013036224110216904
2026-06-06,15030,0.014194482293917265
2026-06-06,15032,0.0
2026-06-06,15034,0.024332649126885614
2026-06-06,15041,0.01195794986622014
2026-06-06,15043,0.011968229264062272
2026-06-06,15045,0.014193098936555236
2026-06-06,17114,0.016862392239805468
2026-06-06,17115,0.0
2026-06-06,17143,0.0
2026-06-06,17222,0.044422365619480375
2026-06-06,17322,0.04230874707898403
2026-06-06,17323,0.0
2026-06-06,17400,0.04144292633511536
2026-06-06,17501,0.015245016856094834
2026-06-06,17504,0.045134842392206505
2026-06-06,17505,0.0
2026-06-06,17507,0.04550468958464057
2026-06-06,17508,0.0
2026-06-06,17521,0.01668351939254945
2026-06-06,17700,0.01954793842161348
2026-06-06,17704,0.016515349688725634
2026-06-06,17706,0.010357913890654968
2026-06-06,18100,0.0
2026-06-06,18101,0.015718570686077838
2026-06-06,18121,0.021430870928573188
2026-06-06,191070,0.015327512177406927
2026-06-06,20002,0.022216182555522147
2026-06-06,21008,0.0
2026-06-06,21010,0.015225304105461114
2026-06-06,210377,0.015327512177406927
2026-06-06,26001,0.026322930367059242
2026-06-06,26004,0.0
2026-06-06,26005,0.027386972187818034
2026-06-06,26006,0.0
2026-06-06,26007,0.0
2026-06-06,26008,0.031490802001170985
2026-06-06,26009,0.03956295802410069
2026-06-06,26010,0.0
2026-06-06,26020,0.014226387479524306
2026-06-06,26093,0.0
2026-06-06,26100,0.031020758504247594
2026-06-06,26101,0.03733883948193165
2026-06-06,26104,0.0
2026-06-06,26107,0.0
2026-06-06,26111,0.0
2026-06-06,26117,0.0
2026-06-06,26121,0.0
2026-06-06,26123,0.032277832247439284
2026-06-06,26124,0.0
2026-06-06,26127,0.0
2026-06-06,26141,0.0
2026-06-06,26142,0.0
2026-06-06,26151,0.0
2026-06-06,2621,0.02425271165751689
2026-06-06,2721,0.019590127111949716
2026-06-06,300675,0.015327512177406927
2026-06-06,3525,0.0
2026-06-06,3527,0.0
2026-06-06,4004,0.023821940793799994
2026-06-06,44016,0.015323438656406882
2026-06-06,44017,0.0
2026-06-06,44018,0.0
2026-06-06,44019,0.0
2026-06-06,44022,0.04371532179195836
2026-06-06,44031,0.0
2026-06-06,44033,0.0
2026-06-06,44052,0.010506079137212304
2026-06-06,44056,0.011520932898438275
2026-06-06,44060,0.0
2026-06-06,44068,0.015340683066869438
2026-06-06,44071,0.023257695290865386
2026-06-06,44072,0.018099682197272024
2026-06-06,4500,0.02409089751240205
2026-06-06,45002,0.0
2026-06-06,45003,0.0161874516480855
2026-06-06,45005,0.020986704870699178
2026-06-06,45006,0.021128101566593404
2026-06-06,4502,0.014758534506807724
2026-06-06,45117,0.009781289575228905
2026-06-06,45120,0.0
2026-06-06,45203,0.014907239881143088
2026-06-06,45207,0.021615171372218803
2026-06-06,45212,0.01938550904753667
2026-06-06,45215,0.0
2026-06-06,45225,0.03815028663104219
2026-06-06,4614,0.01120702185707834
2026-06-06,4616,0.05849153253596089
2026-06-06,4620,0.07749524325232789
2026-06-06,4622,0.015327512177406927
2026-06-06,4700,0.013279753964745556
2026-06-06,4703,0.0
2026-06-06,4706,0.014694299453224327
2026-06-06,4708,0.0
2026-06-06,4710,0.0
2026-06-06,6153,0.01665503720170068
2026-06-06,6210,0.015117962121536516
2026-06-06,6304,0.0
2026-06-06,6307,0.0
2026-06-06,7002,0.01595672371451545
2026-06-06,7151,0.0
2026-06-06,7152,0.0
2026-06-06,7153,0.0
2026-06-06,7154,0.0
2026-06-06,7160,0.01083894529413139
2026-06-06,7161,0.012939485046475468
2026-06-06,7162,0.01024507590621574
2026-06-06,7706,0.0
2026-06-06,7707,0.0
2026-06-06,7715,0.017662135673565036
2026-06-06,7716,0.0
2026-06-06,8029,0.010974365247882121
2026-06-06,8050,0.0
2026-06-06,8118,0.015774420478555578
2026-06-06,8123,0.013583706464271055
2026-06-06,8143,0.013688625881951483
2026-06-06,8153,0.0
2026-06-06,8154,0.01663533354557953
2026-06-06,8166,0.0
2026-06-06,8168,0.0
2026-06-06,8169,0.0
2026-06-06,8170,0.0
2026-06-06,8202,0.011614197029252812
2026-06-06,8203,0.0
2026-06-06,8205,0.02399517314708883
2026-06-06,8206,0.016617590562483256
2026-06-06,8207,0.01678336950265177
2026-06-06,8208,0.0
2026-06-06,8210,0.020150389020226683
2026-06-06,8212,0.02833131639147339
2026-06-06,8213,0.01670685543637211
2026-06-06,8215,0.029829472375077503
2026-06-06,8216,0.02081712494468798
2026-06-06,8217,0.022032309934077905
2026-06-06,8222,0.019376428739824352
2026-06-06,8225,0.01933840173012279
2026-06-06,9302,0.012366433318960273
2026-06-07,050304,0.01513468026913258
2026-06-07,07011,0.015130657996164096
2026-06-07,07013,0.015156770171578314
2026-06-07,10750,0.01024507590621574
2026-06-07,10752,0.0
2026-06-07,10755,0.0
2026-06-07,10757,0.0
2026-06-07,10762,0.015746535453730757
2026-06-07,12100,0.02306286757797905
2026-06-07,12105,0.01601592538348124
2026-06-07,12121,0.021117709975141764
2026-06-07,12125,0.010595572673981826
2026-06-07,12130,0.037707229786211716
2026-06-07,12132,0.0
2026-06-07,12134,0.034742237768937326
2026-06-07,12136,0.03799353945272855
2026-06-07,12138,0.015040474957539577
2026-06-07,1297,0.0
2026-06-07,1298,0.0
2026-06-07,1299,0.0
2026-06-07,13014,0.012274204735383014
2026-06-07,13016,0.0
2026-06-07,1302,0.0
2026-06-07,1303,0.0
2026-06-07,1306,0.012662332808275029
2026-06-07,1307,0.01024507590621574
2026-06-07,1308,0.01024507590621574
2026-06-07,1309,0.0178706893716599
2026-06-07,14210,0.0
2026-06-07,14218,0.011209389552239057
2026-06-07,15026,0.012990905975991672
2026-06-07,15030,0.01423537376054471
2026-06-07,15032,0.0
2026-06-07,15034,0.024402746625979032
2026-06-07,15041,0.011807509647020634
2026-06-07,15043,0.011817659722120831
2026-06-07,15045,0.014014538820563499
2026-06-07,17114,0.016862392239805468
2026-06-07,17115,0.0
2026-06-07,17143,0.0
2026-06-07,17222,0.04446262099285074
2026-06-07,17322,0.041924989054151235
2026-06-07,17323,0.0
2026-06-07,17400,0.041739093377556484
2026-06-07,17501,0.015332257628449692
2026-06-07,17504,0.04496626443397593
2026-06-07,17505,0.0
2026-06-07,17507,0.04554592575574013
2026-06-07,17508,0.0
2026-06-07,17521,0.01648548213829607
2026-06-07,17700,0.01954793842161348
2026-06-07,17704,0.016515349688725634
2026-06-07,17706,0.01029720097768005
2026-06-07,18100,0.0
2026-06-07,18101,0.015718570686077838
2026-06-07,18121,0.02150355329787054
2026-06-07,191070,0.01513468026913258
2026-06-07,20002,0.02207705355569294
2026-06-07,21008,0.0
2026-06-07,21010,0.015033758053451385
2026-06-07,210377,0.01513468026913258
2026-06-07,26001,0.026210209111297813
2026-06-07,26004,0.0
2026-06-07,26005,0.026174396754880404
2026-06-07,26006,0.0
2026-06-07,26007,0.0
2026-06-07,26008,0.030426683951605842
2026-06-07,26009,0.03738161742175034
2026-06-07,26010,0.0
2026-06-07,26020,0.014047408568023546
2026-06-07,26093,0.0
2026-06-07,26100,0.030054408659053195
2026-06-07,26101,0.03528012773047558
2026-06-07,26104,0.0
2026-06-07,26107,0.0
2026-06-07,26111,0.0
2026-06-07,26117,0.0
2026-06-07,26121,0.0
2026-06-07,26123,0.030961020778825392
2026-06-07,26124,0.0
2026-06-07,26127,0.0
2026-06-07,26141,0.0
2026-06-07,26142,0.0
2026-06-07,26151,0.0
2026-06-07,2621,0.02427561365914112
2026-06-07,2721,0.01964656235294255
2026-06-07,300675,0.01513468026913258
2026-06-07,3525,0.0
2026-06-07,3527,0.0
2026-06-07,4004,0.02353286074143018
2026-06-07,44016,0.015130657996164096
2026-06-07,44017,0.0
2026-06-07,44018,0.0
2026-06-07,44019,0.0
2026-06-07,44022,0.04382723283003426
2026-06-07,44031,0.0
2026-06-07,44033,0.0
2026-06-07,44052,0.010506079137212304
2026-06-07,44056,0.01135990303821839
2026-06-07,44060,0.0
2026-06-07,44068,0.015147685458661578
2026-06-07,44071,0.023170828148376815
2026-06-07,44072,0.018280683483022715
2026-06-07,4500,0.023771275911682828
2026-06-07,45002,0.0
2026-06-07,45003,0.01624235106596686
2026-06-07,45005,0.02080693645073325
2026-06-07,45006,0.02007894552600161
2026-06-07,4502,0.014758534506807724
2026-06-07,45117,0.009781289575228905
2026-06-07,45120,0.0
2026-06-07,45203,0.014747116944707771
2026-06-07,45207,0.021493868841815797
2026-06-07,45212,0.0191416244132112
2026-06-07,45215,0.0
2026-06-07,45225,0.023014248104228502
2026-06-07,4614,0.011281668940104683
2026-06-07,4616,0.055876942624016226
2026-06-07,4620,0.07403118149079577
2026-06-07,4622,0.01513468026913258
2026-06-07,4700,0.013321531372842246
2026-06-07,4703,0.0
2026-06-07,4706,0.014696331475150244
2026-06-07,4708,0.0
2026-06-07,4710,0.0
2026-06-07,6153,0.016457338037675042
2026-06-07,6210,0.014927766514358187
2026-06-07,6304,0.0
2026-06-07,6307,0.0
2026-06-07,7002,0.01575597584049242
2026-06-07,7151,0.0
2026-06-07,7152,0.0
2026-06-07,7153,0.0
2026-06-07,7154,0.0
2026-06-07,7160,0.01083894529413139
2026-06-07,7161,0.012956608146430317
2026-06-07,7162,0.01024507590621574
2026-06-07,7706,0.0
2026-06-07,7707,0.0
2026-06-07,7715,0.017481318793861497
2026-06-07,7716,0.0
2026-06-07,8029,0.010884584583626261
2026-06-07,8050,0.0
2026-06-07,8118,0.015573062191949335
2026-06-07,8123,0.013477092581453312
2026-06-07,8143,0.013760814746912
2026-06-07,8153,0.0
2026-06-07,8154,0.016691751945941056
2026-06-07,8166,0.0
2026-06-07,8168,0.0
2026-06-07,8169,0.0
2026-06-07,8170,0.0
2026-06-07,8202,0.011708172261500274
2026-06-07,8203,0.0
2026-06-07,8205,0.0240169174788157
2026-06-07,8206,0.01656833818741484
2026-06-07,8207,0.016903309896522684
2026-06-07,8208,0.0
2026-06-07,8210,0.020158577167763515
2026-06-07,8212,0.02849344451157671
2026-06-07,8213,0.016873928111012224
2026-06-07,8215,0.029845596833514766
2026-06-07,8216,0.020638809116519805
2026-06-07,8217,0.021894332437836388
2026-06-07,8222,0.019376428739824352
2026-06-07,8225,0.019095109742131928
2026-06-07,9302,0.012366433318960273
2026-06-08,050304,0.0289982309201758
2026-06-08,07011,0.02522480990825019
2026-06-08,07013,0.025486705138617564
2026-06-08,10750,0.08165446009424338
2026-06-08,10752,0.0
2026-06-08,10755,0.0
2026-06-08,10757,0.0
2026-06-08,10762,0.07018417625496724
2026-06-08,12100,0.22486398684600176
2026-06-08,12105,0.07482855821947004
2026-06-08,12121,0.06450527317541303
2026-06-08,12125,0.07528501588408386
2026-06-08,12130,0.5467229253493743
2026-06-08,12132,0.0
2026-06-08,12134,0.3378294605532863
2026-06-08,12136,0.7390809700341858
2026-06-08,12138,0.4833093605467114
2026-06-08,1297,0.0
2026-06-08,1298,0.0
2026-06-08,1299,0.0
2026-06-08,13014,0.038469263422315984
2026-06-08,13016,0.0
2026-06-08,1302,0.0
2026-06-08,1303,0.0
2026-06-08,1306,0.06419567218080312
2026-06-08,1307,0.155943266744505
2026-06-08,1308,0.17001761444916733
2026-06-08,1309,0.017889239500022896
2026-06-08,14210,0.0
2026-06-08,14218,0.13345791208063942
2026-06-08,15026,0.04180031198537564
2026-06-08,15030,0.18875918693060598
2026-06-08,15032,0.0
2026-06-08,15034,0.2468777669422273
2026-06-08,15041,0.06789649307481103
2026-06-08,15043,0.08464555589472102
2026-06-08,15045,0.03383329679409769
2026-06-08,17114,0.06671052932771357
2026-06-08,17115,0.0
2026-06-08,17143,0.0
2026-06-08,17222,0.4918692141999335
2026-06-08,17322,0.609784030535744
2026-06-08,17323,0.0
2026-06-08,17400,0.6441600889470455
2026-06-08,17501,0.24004231299500775
2026-06-08,17504,0.6630520399798513
2026-06-08,17505,0.0
2026-06-08,17507,0.6967665911169124
2026-06-08,17508,0.0
2026-06-08,17521,0.03930746619174744
2026-06-08,17700,0.13730486953531798
2026-06-08,17704,0.13257731976187684
2026-06-08,17706,0.14160063102375525
2026-06-08,18100,0.0
2026-06-08,18101,0.135040295571478
2026-06-08,18121,0.09547719109696692
2026-06-08,191070,0.0289982309201758
2026-06-08,20002,0.3467581582569617
2026-06-08,21008,0.0
2026-06-08,21010,0.022862822093294412
2026-06-08,210377,0.0289982309201758
2026-06-08,26001,0.26688471390807117
2026-06-08,26004,0.0
2026-06-08,26005,0.08802328528498887
2026-06-08,26006,0.0
2026-06-08,26007,0.0
2026-06-08,26008,0.07292814520739675
2026-06-08,26009,0.22736634277781956
2026-06-08,26010,0.0
2026-06-08,26020,0.026267825407450214
2026-06-08,26093,0.0
2026-06-08,26100,0.0753095875676991
2026-06-08,26101,0.22589350968768288
2026-06-08,26104,0.0
2026-06-08,26107,0.0
2026-06-08,26111,0.0
2026-06-08,26117,0.0
2026-06-08,26121,0.0
2026-06-08,26123,0.10966173995869818
2026-06-08,26124,0.0
2026-06-08,26127,0.0
2026-06-08,26141,0.0
2026-06-08,26142,0.0
2026-06-08,26151,0.0
2026-06-08,2621,0.0771401959133473
2026-06-08,2721,0.1197432226538344
2026-06-08,300675,0.0289982309201758
2026-06-08,3525,0.0
2026-06-08,3527,0.0
2026-06-08,4004,0.16219342413162044
2026-06-08,44016,0.02522480990825019
2026-06-08,44017,0.0
2026-06-08,44018,0.0
2026-06-08,44019,0.0
2026-06-08,44022,0.5442275324117865
2026-06-08,44031,0.0
2026-06-08,44033,0.0
2026-06-08,44052,0.050592258320600034
2026-06-08,44056,0.019140183855663524
2026-06-08,44060,0.0
2026-06-08,44068,0.02805553532412797
2026-06-08,44071,0.13470472159866917
2026-06-08,44072,0.17628565169359434
2026-06-08,4500,0.11401909157660957
2026-06-08,45002,0.0
2026-06-08,45003,0.03618176061015915
2026-06-08,45005,0.05561451504460742
2026-06-08,45006,0.15318108761530308
2026-06-08,4502,0.10845159293139857
2026-06-08,45117,0.018349448446552584
2026-06-08,45120,0.0
2026-06-08,45203,0.1485842735581282
2026-06-08,45207,0.13537380443411293
2026-06-08,45212,0.036942452020580246
2026-06-08,45215,0.0
2026-06-08,45225,0.10653659567908058
2026-06-08,4614,0.02261884273024232
2026-06-08,4616,0.7395555760729763
2026-06-08,4620,0.7676420450030412
2026-06-08,4622,0.0289982309201758
2026-06-08,4700,0.09556852689207564
2026-06-08,4703,0.0
2026-06-08,4706,0.042411061306151875
2026-06-08,4708,0.0
2026-06-08,4710,0.0
2026-06-08,6153,0.11371001369674981
2026-06-08,6210,0.016918612801059222
2026-06-08,6304,0.0
2026-06-08,6307,0.0
2026-06-08,7002,0.06391136209365542
2026-06-08,7151,0.0
2026-06-08,7152,0.0
2026-06-08,7153,0.0
2026-06-08,7154,0.0
2026-06-08,7160,0.04806039055028537
2026-06-08,7161,0.04499935633189996
2026-06-08,7162,0.10077351247717248
2026-06-08,7706,0.0
2026-06-08,7707,0.0
2026-06-08,7715,0.045351190683882256
2026-06-08,7716,0.0
2026-06-08,8029,0.01894820842214818
2026-06-08,8050,0.0
2026-06-08,8118,0.035783489939419676
2026-06-08,8123,0.051418964481702696
2026-06-08,8143,0.08670935406087335
2026-06-08,8153,0.0
2026-06-08,8154,0.05258380472407631
2026-06-08,8166,0.0
2026-06-08,8168,0.0
2026-06-08,8169,0.0
2026-06-08,8170,0.0
2026-06-08,8202,0.19146017978015017
2026-06-08,8203,0.0
2026-06-08,8205,0.5959360710723803
2026-06-08,8206,0.13639380402491913
2026-06-08,8207,0.15202407221140377
2026-06-08,8208,0.0
2026-06-08,8210,0.3342135259331508
2026-06-08,8212,0.06163813443521448
2026-06-08,8213,0.3101601012050493
2026-06-08,8215,0.3686296753999715
2026-06-08,8216,0.07447430539019972
2026-06-08,8217,0.09753073093329881
2026-06-08,8222,0.16640958622259422
2026-06-08,8225,0.06992640187391126
2026-06-08,9302,0.06650827472226567
2026-06-09,050304,0.028953222413841337
2026-06-09,07011,0.0254464244087819
2026-06-09,07013,0.0254464244087819
2026-06-09,10750,0.08065564207303444
2026-06-09,10752,0.0
2026-06-09,10755,0.0
2026-06-09,10757,0.0
2026-06-09,10762,0.07009858662013353
2026-06-09,12100,0.22463054391105314
2026-06-09,12105,0.0747401124201914
2026-06-09,12121,0.06437729660716941
2026-06-09,12125,0.04039059895446933
2026-06-09,12130,0.512122582871714
2026-06-09,12132,0.0
2026-06-09,12134,0.34518825283409843
2026-06-09,12136,0.6943459389888661
2026-06-09,12138,0.45262144380104286
2026-06-09,1297,0.0
2026-06-09,1298,0.0
2026-06-09,1299,0.0
2026-06-09,13014,0.037978645686348726
2026-06-09,13016,0.0
2026-06-09,1302,0.0
2026-06-09,1303,0.0
2026-06-09,1306,0.06412189516278297
2026-06-09,1307,0.15445495208086849
2026-06-09,1308,0.16609282762558325
2026-06-09,1309,0.01809647401175441
2026-06-09,14210,0.0
2026-06-09,14218,0.1337268240800368
2026-06-09,15026,0.04050746974351458
2026-06-09,15030,0.17846724405916928
2026-06-09,15032,0.0
2026-06-09,15034,0.25009633759592975
2026-06-09,15041,0.06564797375558123
2026-06-09,15043,0.0858788611089527
2026-06-09,15045,0.03336964110078177
2026-06-09,17114,0.06423104261975843
2026-06-09,17115,0.0
2026-06-09,17143,0.0
2026-06-09,17222,0.4811690392759188
2026-06-09,17322,0.5811284463262331
2026-06-09,17323,0.0
2026-06-09,17400,0.6084138500754628
2026-06-09,17501,0.2236808774798511
2026-06-09,17504,0.6601321610718698
2026-06-09,17505,0.0
2026-06-09,17507,0.6779374990562183
2026-06-09,17508,0.0
2026-06-09,17521,0.039220361086226285
2026-06-09,17700,0.1325448518678049
2026-06-09,17704,0.1312803060053437
2026-06-09,17706,0.14079483414855085
2026-06-09,18100,0.0
2026-06-09,18101,0.13034748959583392
2026-06-09,18121,0.12586969901502146
2026-06-09,191070,0.028953222413841337
2026-06-09,20002,0.3115594482961777
2026-06-09,21008,0.0
2026-06-09,21010,0.02312767213196164
2026-06-09,210377,0.028953222413841337
2026-06-09,26001,0.2455905731291924
2026-06-09,26004,0.0
2026-06-09,26005,0.07865414536382147
2026-06-09,26006,0.0
2026-06-09,26007,0.0
2026-06-09,26008,0.06666514833630822
2026-06-09,26009,0.19147838546223978
2026-06-09,26010,0.0
2026-06-09,26020,0.02657212006304777
2026-06-09,26093,0.0
2026-06-09,26100,0.06915540027038497
2026-06-09,26101,0.19725872731814767
2026-06-09,26104,0.0
2026-06-09,26107,0.0
2026-06-09,26111,0.0
2026-06-09,26117,0.0
2026-06-09,26121,0.0
2026-06-09,26123,0.09684527137654717
2026-06-09,26124,0.0
2026-06-09,26127,0.0
2026-06-09,26141,0.0
2026-06-09,26142,0.0
2026-06-09,26151,0.0
2026-06-09,2621,0.07695171739156466
2026-06-09,2721,0.11610427125761551
2026-06-09,300675,0.028953222413841337
2026-06-09,3525,0.0
2026-06-09,3527,0.0
2026-06-09,4004,0.18093971357336547
2026-06-09,44016,0.0254464244087819
2026-06-09,44017,0.0
2026-06-09,44018,0.0
2026-06-09,44019,0.0
2026-06-09,44022,0.539396442633164
2026-06-09,44031,0.0
2026-06-09,44033,0.0
2026-06-09,44052,0.04995432613241962
2026-06-09,44056,0.019441665156291015
2026-06-09,44060,0.0
2026-06-09,44068,0.028011776471016565
2026-06-09,44071,0.13327805162484013
2026-06-09,44072,0.16093655490142383
2026-06-09,4500,0.11396492479454977
2026-06-09,45002,0.0
2026-06-09,45003,0.034815411024769385
2026-06-09,45005,0.05514787165626245
2026-06-09,45006,0.1655765509866188
2026-06-09,4502,0.1045805541413678
2026-06-09,45117,0.018110976105697264
2026-06-09,45120,0.0
2026-06-09,45203,0.14846886788305236
2026-06-09,45207,0.10529833373931878
2026-06-09,45212,0.03688759232723946
2026-06-09,45215,0.0
2026-06-09,45225,0.10523548793238006
2026-06-09,4614,0.02213349268045639
2026-06-09,4616,0.7073128967464232
2026-06-09,4620,0.6878098933987691
2026-06-09,4622,0.028953222413841337
2026-06-09,4700,0.09332514686894906
2026-06-09,4703,0.0
2026-06-09,4706,0.04218065942876479
2026-06-09,4708,0.0
2026-06-09,4710,0.0
2026-06-09,6153,0.11352162460954937
2026-06-09,6210,0.01711460327136387
2026-06-09,6304,0.0
2026-06-09,6307,0.0
2026-06-09,7002,0.06383018360127797
2026-06-09,7151,0.0
2026-06-09,7152,0.0
2026-06-09,7153,0.0
2026-06-09,7154,0.0
2026-06-09,7160,0.04680646931081564
2026-06-09,7161,0.043895366950005094
2026-06-09,7162,0.09827497851908068
2026-06-09,7706,0.0
2026-06-09,7707,0.0
2026-06-09,7715,0.04586302614041801
2026-06-09,7716,0.0
2026-06-09,8029,0.019182296845378782
2026-06-09,8050,0.0
2026-06-09,8118,0.035696523356710114
2026-06-09,8123,0.051113050089704
2026-06-09,8143,0.08323826080753803
2026-06-09,8153,0.0
2026-06-09,8154,0.05205437610753147
2026-06-09,8166,0.0
2026-06-09,8168,0.0
2026-06-09,8169,0.0
2026-06-09,8170,0.0
2026-06-09,8202,0.18544799603376533
2026-06-09,8203,0.0
2026-06-09,8205,0.5954515375872473
2026-06-09,8206,0.23925722738707317
2026-06-09,8207,0.1957106237016575
2026-06-09,8208,0.0
2026-06-09,8210,0.3143001955529718
2026-06-09,8212,0.056542314023084406
2026-06-09,8213,0.2866733392044765
2026-06-09,8215,0.347155251008458
2026-06-09,8216,0.08560699338206194
2026-06-09,8217,0.09544671199508889
2026-06-09,8222,0.1625537299272358
2026-06-09,8225,0.06965487394752032
2026-06-09,9302,0.06525477410790034
2026-06-10,050304,0.03505714848202698
2026-06-10,07011,0.030825070217147057
2026-06-10,07013,0.030825070217147057
2026-06-10,10750,0.09478196554782675
2026-06-10,10752,0.0
2026-06-10,10755,0.0
2026-06-10,10757,0.0
2026-06-10,10762,0.08368382720380226
2026-06-10,12100,0.24819400692522958
2026-06-10,12105,0.08917424472199491
2026-06-10,12121,0.07761757735220046
2026-06-10,12125,0.048505952492181564
2026-06-10,12130,0.5543025005086855
2026-06-10,12132,0.0
2026-06-10,12134,0.3479203863191772
2026-06-10,12136,0.7304370782074519
2026-06-10,12138,0.47815824976310994
2026-06-10,1297,0.0
2026-06-10,1298,0.0
2026-06-10,1299,0.0
2026-06-10,13014,0.04046768041879761
2026-06-10,13016,0.0
2026-06-10,1302,0.0
2026-06-10,1303,0.0
2026-06-10,1306,0.07656059537748078
2026-06-10,1307,0.1756081110294538
2026-06-10,1308,0.18513398219153923
2026-06-10,1309,0.01809647401175441
2026-06-10,14210,0.0
2026-06-10,14218,0.14949964315235312
2026-06-10,15026,0.04881830888482971
2026-06-10,15030,0.21678391321110418
2026-06-10,15032,0.0
2026-06-10,15034,0.2702134234304806
2026-06-10,15041,0.0710364299309532
2026-06-10,15043,0.10196501458903716
2026-06-10,15045,0.036658883693318316
2026-06-10,17114,0.06582978797195307
2026-06-10,17115,0.0
2026-06-10,17143,0.0
2026-06-10,17222,0.5209962724275137
2026-06-10,17322,0.6052249774341296
2026-06-10,17323,0.0
2026-06-10,17400,0.6451490044439915
2026-06-10,17501,0.23878013857795807
2026-06-10,17504,0.7052781735993868
2026-06-10,17505,0.0
2026-06-10,17507,0.7226877578669243
2026-06-10,17508,0.0
2026-06-10,17521,0.041941400343624334
2026-06-10,17700,0.15557831712898293
2026-06-10,17704,0.15413428967263554
2026-06-10,17706,0.15194333005044866
2026-06-10,18100,0.0
2026-06-10,18101,0.1506928519610273
2026-06-10,18121,0.14742444378098768
2026-06-10,191070,0.03505714848202698
2026-06-10,20002,0.3514648064920247
2026-06-10,21008,0.0
2026-06-10,21010,0.02474535234087348
2026-06-10,210377,0.03505714848202698
2026-06-10,26001,0.2529066855987203
2026-06-10,26004,0.0
2026-06-10,26005,0.07842824266214878
2026-06-10,26006,0.0
2026-06-10,26007,0.0
2026-06-10,26008,0.06664581452843091
2026-06-10,26009,0.29370698299090625
2026-06-10,26010,0.0
2026-06-10,26020,0.025734772388111105
2026-06-10,26093,0.0
2026-06-10,26100,0.06883613853466455
2026-06-10,26101,0.21301555225601507
2026-06-10,26104,0.0
2026-06-10,26107,0.0
2026-06-10,26111,0.0
2026-06-10,26117,0.0
2026-06-10,26121,0.0
2026-06-10,26123,0.09813114323500387
2026-06-10,26124,0.0
2026-06-10,26127,0.0
2026-06-10,26141,0.0
2026-06-10,26142,0.0
2026-06-10,26151,0.0
2026-06-10,2621,0.08050385138412519
2026-06-10,2721,0.13410657663779166
2026-06-10,300675,0.03505714848202698
2026-06-10,3525,0.0
2026-06-10,3527,0.0
2026-06-10,4004,0.21224331197301566
2026-06-10,44016,0.030825070217147057
2026-06-10,44017,0.0
2026-06-10,44018,0.0
2026-06-10,44019,0.0
2026-06-10,44022,0.5854344235693554
2026-06-10,44031,0.0
2026-06-10,44033,0.0
2026-06-10,44052,0.0486806488060592
2026-06-10,44056,0.019188775909315184
2026-06-10,44060,0.0
2026-06-10,44068,0.033921369708582304
2026-06-10,44071,0.15499959675366506
2026-06-10,44072,0.21263871028102968
2026-06-10,4500,0.1302201406753959
2026-06-10,45002,0.0
2026-06-10,45003,0.04379033868960565
2026-06-10,45005,0.06707217387112788
2026-06-10,45006,0.1993230628813122
2026-06-10,4502,0.10841027406599282
2026-06-10,45117,0.021760240633350747
2026-06-10,45120,0.0
2026-06-10,45203,0.18347297381296623
2026-06-10,45207,0.10795906550044553
2026-06-10,45212,0.0364111352269627
2026-06-10,45215,0.0
2026-06-10,45225,0.12655842956264668
2026-06-10,4614,0.02367186935108748
2026-06-10,4616,0.7353571595996018
2026-06-10,4620,0.7319789814867826
2026-06-10,4622,0.03505714848202698
2026-06-10,4700,0.09904003349070675
2026-06-10,4703,0.0
2026-06-10,4706,0.05186299795583224
2026-06-10,4708,0.0
2026-06-10,4710,0.0
2026-06-10,6153,0.1342192439137154
2026-06-10,6210,0.01711460327136387
2026-06-10,6304,0.0
2026-06-10,6307,0.0
2026-06-10,7002,0.07625908596093176
2026-06-10,7151,0.0
2026-06-10,7152,0.0
2026-06-10,7153,0.0
2026-06-10,7154,0.0
2026-06-10,7160,0.05067514555899514
2026-06-10,7161,0.04630900741221453
2026-06-10,7162,0.1160831235194913
2026-06-10,7706,0.0
2026-06-10,7707,0.0
2026-06-10,7715,0.05512584308333108
2026-06-10,7716,0.0
2026-06-10,8029,0.018932950082955452
2026-06-10,8050,0.0
2026-06-10,8118,0.04281344436344027
2026-06-10,8123,0.06112384816907218
2026-06-10,8143,0.10092012489809823
2026-06-10,8153,0.0
2026-06-10,8154,0.062497042124441196
2026-06-10,8166,0.0
2026-06-10,8168,0.0
2026-06-10,8169,0.0
2026-06-10,8170,0.0
2026-06-10,8202,0.1991845516891248
2026-06-10,8203,0.0
2026-06-10,8205,0.6249864920016709
2026-06-10,8206,0.2603941158305766
2026-06-10,8207,0.22369323546158917
2026-06-10,8208,0.0
2026-06-10,8210,0.37016095064476134
2026-06-10,8212,0.06420640140167398
2026-06-10,8213,0.3013956370712707
2026-06-10,8215,0.3813672381032873
2026-06-10,8216,0.0950405491924894
2026-06-10,8217,0.13648143749671438
2026-06-10,8222,0.18257310714120087
2026-06-10,8225,0.08301880413826879
2026-06-10,9302,0.0754337990422359
2026-06-11,050304,0.03511593095676163
2026-06-11,07011,0.03087675650624049
2026-06-11,07013,0.03087675650624049
2026-06-11,10750,0.08883121697940866
2026-06-11,10752,0.0
2026-06-11,10755,0.0
2026-06-11,10757,0.0
2026-06-11,10762,0.08374668775261047
2026-06-11,12100,0.1998560524636205
2026-06-11,12105,0.0892415178185056
2026-06-11,12121,0.07774772351289033
2026-06-11,12125,0.048518906030720094
2026-06-11,12130,0.48398998029984996
2026-06-11,12132,0.0
2026-06-11,12134,0.3264538723874754
2026-06-11,12136,0.6625801413046454
2026-06-11,12138,0.42734714798827483
2026-06-11,1297,0.0
2026-06-11,1298,0.0
2026-06-11,1299,0.0
2026-06-11,13014,0.04046768041879761
2026-06-11,13016,0.0
2026-06-11,1302,0.0
2026-06-11,1303,0.0
2026-06-11,1306,0.07661857357067235
2026-06-11,1307,0.16675692166318662
2026-06-11,1308,0.18000226515381598
2026-06-11,1309,0.018126817481558512
2026-06-11,14210,0.0
2026-06-11,14218,0.14455813825860006
2026-06-11,15026,0.04881504111588249
2026-06-11,15030,0.19526868149427556
2026-06-11,15032,0.0
2026-06-11,15034,0.2417609010215163
2026-06-11,15041,0.07108994080375294
2026-06-11,15043,0.102044105594136
2026-06-11,15045,0.03672035189589069
2026-06-11,17114,0.06582978797195307
2026-06-11,17115,0.0
2026-06-11,17143,0.0
2026-06-11,17222,0.42068807738530106
2026-06-11,17322,0.5381146170494745
2026-06-11,17323,0.0
2026-06-11,17400,0.5586941795813397
2026-06-11,17501,0.21711180457700935
2026-06-11,17504,0.6152996268770783
2026-06-11,17505,0.0
2026-06-11,17507,0.6284724715638541
2026-06-11,17508,0.0
2026-06-11,17521,0.042011726066416615
2026-06-11,17700,0.14368212453245593
2026-06-11,17704,0.1438243852612235
2026-06-11,17706,0.1406877909674544
2026-06-11,18100,0.0
2026-06-11,18101,0.13135065732955062
2026-06-11,18121,0.13718536181986954
2026-06-11,191070,0.03511593095676163
2026-06-11,20002,0.3189133936243514
2026-06-11,21008,0.0
2026-06-11,21010,0.024786844393472205
2026-06-11,210377,0.03511593095676163
2026-06-11,26001,0.24075347875129507
2026-06-11,26004,0.0
2026-06-11,26005,0.07537619902567164
2026-06-11,26006,0.0
2026-06-11,26007,0.0
2026-06-11,26008,0.06580734013792963
2026-06-11,26009,0.2716879505201551
2026-06-11,26010,0.0
2026-06-11,26020,0.02577792346209197
2026-06-11,26093,0.0
2026-06-11,26100,0.07112491350001963
2026-06-11,26101,0.2067180470837426
2026-06-11,26104,0.0
2026-06-11,26107,0.0
2026-06-11,26111,0.0
2026-06-11,26117,0.0
2026-06-11,26121,0.0
2026-06-11,26123,0.0968965503187741
2026-06-11,26124,0.0
2026-06-11,26127,0.0
2026-06-11,26141,0.0
2026-06-11,26142,0.0
2026-06-11,26151,0.0
2026-06-11,2621,0.09009390112007568
2026-06-11,2721,0.1316405519871009
2026-06-11,300675,0.03511593095676163
2026-06-11,3525,0.0
2026-06-11,3527,0.0
2026-06-11,4004,0.19987865604768185
2026-06-11,44016,0.03087675650624049
2026-06-11,44017,0.0
2026-06-11,44018,0.0
2026-06-11,44019,0.0
2026-06-11,44022,0.5018178928639306
2026-06-11,44031,0.0
2026-06-11,44033,0.0
2026-06-11,44052,0.048635392929637235
2026-06-11,44056,0.01918749146322346
2026-06-11,44060,0.0
2026-06-11,44068,0.03397824775326646
2026-06-11,44071,0.23969567374646505
2026-06-11,44072,0.2011648379104593
2026-06-11,4500,0.12976839684051042
2026-06-11,45002,0.0
2026-06-11,45003,0.043813256070610866
2026-06-11,45005,0.0671846379059024
2026-06-11,45006,0.18778728670535214
2026-06-11,4502,0.10200564401538943
2026-06-11,45117,0.021760240633350747
2026-06-11,45120,0.0
2026-06-11,45203,0.16775342141204386
2026-06-11,45207,0.10804843214641745
2026-06-11,45212,0.03647218801446013
2026-06-11,45215,0.0
2026-06-11,45225,0.1266559283623542
2026-06-11,4614,0.02367186935108748
2026-06-11,4616,0.5767862486408394
2026-06-11,4620,0.5728609661945921
2026-06-11,4622,0.03511593095676163
2026-06-11,4700,0.0989507089802391
2026-06-11,4703,0.0
2026-06-11,4706,0.05185952638342219
2026-06-11,4708,0.0
2026-06-11,4710,0.0
2026-06-11,6153,0.13432325167243636
2026-06-11,6210,0.01714330037817244
2026-06-11,6304,0.0
2026-06-11,6307,0.0
2026-06-11,7002,0.07631603585441842
2026-06-11,7151,0.0
2026-06-11,7152,0.0
2026-06-11,7153,0.0
2026-06-11,7154,0.0
2026-06-11,7160,0.05067514555899514
2026-06-11,7161,0.04630900741221453
2026-06-11,7162,0.10894256925852198
2026-06-11,7706,0.0
2026-06-11,7707,0.0
2026-06-11,7715,0.05518569873891863
2026-06-11,7716,0.0
2026-06-11,8029,0.019308657607542405
2026-06-11,8050,0.0
2026-06-11,8118,0.04283585049333064
2026-06-11,8123,0.06112384816907218
2026-06-11,8143,0.09777871420857039
2026-06-11,8153,0.0
2026-06-11,8154,0.06252974953363062
2026-06-11,8166,0.0
2026-06-11,8168,0.0
2026-06-11,8169,0.0
2026-06-11,8170,0.0
2026-06-11,8202,0.18649202324585148
2026-06-11,8203,0.0
2026-06-11,8205,0.5305449795873354
2026-06-11,8206,0.23390596815010364
2026-06-11,8207,0.20783583601058536
2026-06-11,8208,0.0
2026-06-11,8210,0.33753695323788624
2026-06-11,8212,0.06523448769959599
2026-06-11,8213,0.27877744295159296
2026-06-11,8215,0.33003788631509573
2026-06-11,8216,0.1379270218003277
2026-06-11,8217,0.1270471380614273
2026-06-11,8222,0.1654370476040076
2026-06-11,8225,0.08571309721300709
2026-06-11,9302,0.07536463209450546
2026-06-12,050304,0.03473983399176793
2026-06-12,07011,0.03054524788753737
2026-06-12,07013,0.03054524788753737
2026-06-12,10750,0.063029906192584
2026-06-12,10752,0.0
2026-06-12,10755,0.0
2026-06-12,10757,0.0
2026-06-12,10762,0.06708354736854984
2026-06-12,12100,0.1466576732644863
2026-06-12,12105,0.07153468210045062
2026-06-12,12121,0.0765310563040607
2026-06-12,12125,0.048022541736665564
2026-06-12,12130,0.4829895964435875
2026-06-12,12132,0.0
2026-06-12,12134,0.318920212573247
2026-06-12,12136,0.6454219494870747
2026-06-12,12138,0.4221338132364088
2026-06-12,1297,0.0
2026-06-12,1298,0.0
2026-06-12,1299,0.0
2026-06-12,13014,0.04006197494168895
2026-06-12,13016,0.0
2026-06-12,1302,0.0
2026-06-12,1303,0.0
2026-06-12,1306,0.06265936047669232
2026-06-12,1307,0.16675692166318662
2026-06-12,1308,0.16191561677440297
2026-06-12,1309,0.018117335894936245
2026-06-12,14210,0.0
2026-06-12,14218,0.10614202350284448
2026-06-12,15026,0.04890028189872106
2026-06-12,15030,0.14184415345359652
2026-06-12,15032,0.0
2026-06-12,15034,0.21481491858896393
2026-06-12,15041,0.06674132221904401
2026-06-12,15043,0.08217218962535773
2026-06-12,15045,0.03632935553431227
2026-06-12,17114,0.065185678840997
2026-06-12,17115,0.0
2026-06-12,17143,0.0
2026-06-12,17222,0.4064362142941121
2026-06-12,17322,0.5269859077765621
2026-06-12,17323,0.0
2026-06-12,17400,0.5546058836187123
2026-06-12,17501,0.19002258611890746
2026-06-12,17504,0.6160207875321579
2026-06-12,17505,0.0
2026-06-12,17507,0.6309686730317147
2026-06-12,17508,0.0
2026-06-12,17521,0.042039794502340015
2026-06-12,17700,0.1012200137689364
2026-06-12,17704,0.1054266509652738
2026-06-12,17706,0.13057043635360327
2026-06-12,18100,0.0
2026-06-12,18101,0.09869787251735074
2026-06-12,18121,0.10636975625979427
2026-06-12,191070,0.03473983399176793
2026-06-12,20002,0.3132082065620794
2026-06-12,21008,0.0
2026-06-12,21010,0.024773879149438138
2026-06-12,210377,0.03473983399176793
2026-06-12,26001,0.19479447165709063
2026-06-12,26004,0.0
2026-06-12,26005,0.07604916194311173
2026-06-12,26006,0.0
2026-06-12,26007,0.0
2026-06-12,26008,0.06484183781253082
2026-06-12,26009,0.17658803951709978
2026-06-12,26010,0.0
2026-06-12,26020,0.025764439814755832
2026-06-12,26093,0.0
2026-06-12,26100,0.07317817963195088
2026-06-12,26101,0.17791861177062496
2026-06-12,26104,0.0
2026-06-12,26107,0.0
2026-06-12,26111,0.0
2026-06-12,26117,0.0
2026-06-12,26121,0.0
2026-06-12,26123,0.09290560485496045
2026-06-12,26124,0.0
2026-06-12,26127,0.0
2026-06-12,26141,0.0
2026-06-12,26142,0.0
2026-06-12,26151,0.0
2026-06-12,2621,0.07839573502823559
2026-06-12,2721,0.10245448218295408
2026-06-12,300675,0.03473983399176793
2026-06-12,3525,0.0
2026-06-12,3527,0.0
2026-06-12,4004,0.1553298951829458
2026-06-12,44016,0.03054524788753737
2026-06-12,44017,0.0
2026-06-12,44018,0.0
2026-06-12,44019,0.0
2026-06-12,44022,0.4887037928418684
2026-06-12,44031,0.0
2026-06-12,44033,0.0
2026-06-12,44052,0.040858860846498576
2026-06-12,44056,0.018992036871253188
2026-06-12,44060,0.0
2026-06-12,44068,0.03361409518638835
2026-06-12,44071,0.2062889680337098
2026-06-12,44072,0.15491229637845416
2026-06-12,4500,0.09843775906746692
2026-06-12,45002,0.0
2026-06-12,45003,0.04334882342143051
2026-06-12,45005,0.06515028418907248
2026-06-12,45006,0.1509470813081478
2026-06-12,4502,0.07935042761387269
2026-06-12,45117,0.021538207312570227
2026-06-12,45120,0.0
2026-06-12,45203,0.1285753890097516
2026-06-12,45207,0.10564888987629474
2026-06-12,45212,0.036081955235386
2026-06-12,45215,0.0
2026-06-12,45225,0.12713582905059362
2026-06-12,4614,0.023700132940368636
2026-06-12,4616,0.6353134274778761
2026-06-12,4620,0.6131940595506131
2026-06-12,4622,0.03473983399176793
2026-06-12,4700,0.0812230128377845
2026-06-12,4703,0.0
2026-06-12,4706,0.05032729207483562
2026-06-12,4708,0.0
2026-06-12,4710,0.0
2026-06-12,6153,0.11212359099024456
2026-06-12,6210,0.017134333239418355
2026-06-12,6304,0.0
2026-06-12,6307,0.0
2026-06-12,7002,0.061074094658616795
2026-06-12,7151,0.0
2026-06-12,7152,0.0
2026-06-12,7153,0.0
2026-06-12,7154,0.0
2026-06-12,7160,0.0835533135438309
2026-06-12,7161,0.045846048347448924
2026-06-12,7162,0.0863086841901376
2026-06-12,7706,0.0
2026-06-12,7707,0.0
2026-06-12,7715,0.05528257627152535
2026-06-12,7716,0.0
2026-06-12,8029,0.019112164661714053
2026-06-12,8050,0.0
2026-06-12,8118,0.04288631549244031
2026-06-12,8123,0.0298289262780846
2026-06-12,8143,0.08181597490472518
2026-06-12,8153,0.0
2026-06-12,8154,0.06330435476893144
2026-06-12,8166,0.0
2026-06-12,8168,0.0
2026-06-12,8169,0.0
2026-06-12,8170,0.0
2026-06-12,8202,0.1614799186929634
2026-06-12,8203,0.0
2026-06-12,8205,0.5194425929325085
2026-06-12,8206,0.21187630875458052
2026-06-12,8207,0.14883103785753454
2026-06-12,8208,0.0
2026-06-12,8210,0.31795951377328613
2026-06-12,8212,0.06459172517510284
2026-06-12,8213,0.24884989616151745
2026-06-12,8215,0.3004975830703918
2026-06-12,8216,0.12075330530748139
2026-06-12,8217,0.10120819491251874
2026-06-12,8222,0.1413845495602622
2026-06-12,8225,0.09995207378451146
2026-06-12,9302,0.06049344763224114
2026-06-13,050304,0.015327512177406927
2026-06-13,07011,0.015349883528681869
2026-06-13,07013,0.015349883528681869
2026-06-13,10750,0.01024507590621574
2026-06-13,10752,0.0
2026-06-13,10755,0.0
2026-06-13,10757,0.0
2026-06-13,10762,0.015947163047195376
2026-06-13,12100,0.02327397223676081
2026-06-13,12105,0.01621998529089633
2026-06-13,12121,0.014805920463881959
2026-06-13,12125,0.012627953270838228
2026-06-13,12130,0.038801510762791216
2026-06-13,12132,0.0
2026-06-13,12134,0.035822110967280094
2026-06-13,12136,0.03963010458232369
2026-06-13,12138,0.014997270817617953
2026-06-13,1297,0.0
2026-06-13,1298,0.0
2026-06-13,1299,0.0
2026-06-13,13014,0.012274204735383014
2026-06-13,13016,0.0
2026-06-13,1302,0.0
2026-06-13,1303,0.0
2026-06-13,1306,0.012823664382857704
2026-06-13,1307,0.01024507590621574
2026-06-13,1308,0.01024507590621574
2026-06-13,1309,0.01879632403518801
2026-06-13,14210,0.0
2026-06-13,14218,0.011345408218356012
2026-06-13,15026,0.013372929922657857
2026-06-13,15030,0.014194482293917265
2026-06-13,15032,0.0
2026-06-13,15034,0.025223826477593515
2026-06-13,15041,0.01195794986622014
2026-06-13,15043,0.01195794986622014
2026-06-13,15045,0.014193098936555236
2026-06-13,17114,0.011419369376835816
2026-06-13,17115,0.0
2026-06-13,17143,0.0
2026-06-13,17222,0.04603767524637128
2026-06-13,17322,0.043847200187127504
2026-06-13,17323,0.0
2026-06-13,17400,0.04294989601001008
2026-06-13,17501,0.015245016856094834
2026-06-13,17504,0.04677605947751102
2026-06-13,17505,0.0
2026-06-13,17507,0.047159355249778385
2026-06-13,17508,0.0
2026-06-13,17521,0.01668351939254945
2026-06-13,17700,0.02052588186178795
2026-06-13,17704,0.017121686869405517
2026-06-13,17706,0.010357913890654968
2026-06-13,18100,0.0
2026-06-13,18101,0.016296095656160595
2026-06-13,18121,0.01332620284434407
2026-06-13,191070,0.015327512177406927
2026-06-13,20002,0.022216182555522147
2026-06-13,21008,0.0
2026-06-13,21010,0.015225304105461114
2026-06-13,210377,0.015327512177406927
2026-06-13,26001,0.027659419766908562
2026-06-13,26004,0.0
2026-06-13,26005,0.027206550243039532
2026-06-13,26006,0.0
2026-06-13,26007,0.0
2026-06-13,26008,0.02635973173959374
2026-06-13,26009,0.03574859205769237
2026-06-13,26010,0.0
2026-06-13,26020,0.014226387479524306
2026-06-13,26093,0.0
2026-06-13,26100,0.02696816892023735
2026-06-13,26101,0.032902445006444805
2026-06-13,26104,0.0
2026-06-13,26107,0.0
2026-06-13,26111,0.0
2026-06-13,26117,0.0
2026-06-13,26121,0.0
2026-06-13,26123,0.03275606231544007
2026-06-13,26124,0.0
2026-06-13,26127,0.0
2026-06-13,26141,0.0
2026-06-13,26142,0.0
2026-06-13,26151,0.0
2026-06-13,2621,0.01700410248031154
2026-06-13,2721,0.02031043214850431
2026-06-13,300675,0.015327512177406927
2026-06-13,3525,0.0
2026-06-13,3527,0.0
2026-06-13,4004,0.025340393132136367
2026-06-13,44016,0.015349883528681869
2026-06-13,44017,0.0
2026-06-13,44018,0.0
2026-06-13,44019,0.0
2026-06-13,44022,0.045106776954322095
2026-06-13,44031,0.0
2026-06-13,44033,0.0
2026-06-13,44052,0.01149857166771949
2026-06-13,44056,0.011520932898438275
2026-06-13,44060,0.0
2026-06-13,44068,0.015340683066869438
2026-06-13,44071,0.023982792658861378
2026-06-13,44072,0.017031167168108246
2026-06-13,4500,0.024654329361431273
2026-06-13,45002,0.0
2026-06-13,45003,0.015618997569921784
2026-06-13,45005,0.020986704870699178
2026-06-13,45006,0.02244887880502471
2026-06-13,4502,0.015301288610869561
2026-06-13,45117,0.009758984300443035
2026-06-13,45120,0.0
2026-06-13,45203,0.014907239881143088
2026-06-13,45207,0.021615171372218803
2026-06-13,45212,0.01938550904753667
2026-06-13,45215,0.0
2026-06-13,45225,0.0253342891712741
2026-06-13,4614,0.01120702185707834
2026-06-13,4616,0.052656086659479205
2026-06-13,4620,0.06980691036444872
2026-06-13,4622,0.015327512177406927
2026-06-13,4700,0.013279753964745556
2026-06-13,4703,0.0
2026-06-13,4706,0.014694299453224327
2026-06-13,4708,0.0
2026-06-13,4710,0.0
2026-06-13,6153,0.01665503720170068
2026-06-13,6210,0.015117962121536516
2026-06-13,6304,0.0
2026-06-13,6307,0.0
2026-06-13,7002,0.015983589146367078
2026-06-13,7151,0.0
2026-06-13,7152,0.0
2026-06-13,7153,0.0
2026-06-13,7154,0.0
2026-06-13,7160,0.01066452838702802
2026-06-13,7161,0.012939485046475468
2026-06-13,7162,0.010112860412119451
2026-06-13,7706,0.0
2026-06-13,7707,0.0
2026-06-13,7715,0.017662135673565036
2026-06-13,7716,0.0
2026-06-13,8029,0.011258340703221605
2026-06-13,8050,0.0
2026-06-13,8118,0.015774420478555578
2026-06-13,8123,0.013342454112135834
2026-06-13,8143,0.013511970437809441
2026-06-13,8153,0.0
2026-06-13,8154,0.01663533354557953
2026-06-13,8166,0.0
2026-06-13,8168,0.0
2026-06-13,8169,0.0
2026-06-13,8170,0.0
2026-06-13,8202,0.011765944137739539
2026-06-13,8203,0.0
2026-06-13,8205,0.024100578884061533
2026-06-13,8206,0.01713724102864717
2026-06-13,8207,0.017308534718013704
2026-06-13,8208,0.0
2026-06-13,8210,0.020150389020226683
2026-06-13,8212,0.02303418169857525
2026-06-13,8213,0.01670685543637211
2026-06-13,8215,0.030924034831748236
2026-06-13,8216,0.01670129055995488
2026-06-13,8217,0.014522024894772369
2026-06-13,8222,0.020085820229580425
2026-06-13,8225,0.014879227727019542
2026-06-13,9302,0.012366433318960273
2026-06-14,050304,0.01505302712559791
2026-06-14,07011,0.01507499785076715
2026-06-14,07013,0.01507499785076715
2026-06-14,10750,0.01024507590621574
2026-06-14,10752,0.0
2026-06-14,10755,0.0
2026-06-14,10757,0.0
2026-06-14,10762,0.015661581289076246
2026-06-14,12100,0.02293844105537146
2026-06-14,12105,0.015929517832682486
2026-06-14,12121,0.01455123948226697
2026-06-14,12125,0.012681578171402367
2026-06-14,12130,0.03886954210589542
2026-06-14,12132,0.0
2026-06-14,12134,0.03600555345114601
2026-06-14,12136,0.03916945129420784
2026-06-14,12138,0.015040474957539577
2026-06-14,1297,0.0
2026-06-14,1298,0.0
2026-06-14,1299,0.0
2026-06-14,13014,0.012274204735383014
2026-06-14,13016,0.0
2026-06-14,1302,0.0
2026-06-14,1303,0.0
2026-06-14,1306,0.012594018231429518
2026-06-14,1307,0.01024507590621574
2026-06-14,1308,0.01024507590621574
2026-06-14,1309,0.018459719508836854
2026-06-14,14210,0.0
2026-06-14,14218,0.011355932911450053
2026-06-14,15026,0.013326441290052603
2026-06-14,15030,0.01423537376054471
2026-06-14,15032,0.0
2026-06-14,15034,0.025296491280526627
2026-06-14,15041,0.01174380692830767
2026-06-14,15043,0.01174380692830767
2026-06-14,15045,0.013938928954379435
2026-06-14,17114,0.011419369376835816
2026-06-14,17115,0.0
2026-06-14,17143,0.0
2026-06-14,17222,0.04583079137483709
2026-06-14,17322,0.043215073331868796
2026-06-14,17323,0.0
2026-06-14,17400,0.043023457413120594
2026-06-14,17501,0.015332257628449692
2026-06-14,17504,0.04634993255369888
2026-06-14,17505,0.0
2026-06-14,17507,0.04720209087240927
2026-06-14,17508,0.0
2026-06-14,17521,0.016396541280918202
2026-06-14,17700,0.02052588186178795
2026-06-14,17704,0.017121686869405517
2026-06-14,17706,0.01029720097768005
2026-06-14,18100,0.0
2026-06-14,18101,0.016296095656160595
2026-06-14,18121,0.013371398394244591
2026-06-14,191070,0.01505302712559791
2026-06-14,20002,0.021957945600272026
2026-06-14,21008,0.0
2026-06-14,21010,0.014952649395562683
2026-06-14,210377,0.01505302712559791
2026-06-14,26001,0.02701328010944099
2026-06-14,26004,0.0
2026-06-14,26005,0.026001963105277463
2026-06-14,26006,0.0
2026-06-14,26007,0.0
2026-06-14,26008,0.025468999699020303
2026-06-14,26009,0.03377756008165055
2026-06-14,26010,0.0
2026-06-14,26020,0.013971621366199772
2026-06-14,26093,0.0
2026-06-14,26100,0.02612806419302124
2026-06-14,26101,0.03108833800348928
2026-06-14,26104,0.0
2026-06-14,26107,0.0
2026-06-14,26111,0.0
2026-06-14,26117,0.0
2026-06-14,26121,0.0
2026-06-14,26123,0.0314197408985325
2026-06-14,26124,0.0
2026-06-14,26127,0.0
2026-06-14,26141,0.0
2026-06-14,26142,0.0
2026-06-14,26151,0.0
2026-06-14,2621,0.017020159570674133
2026-06-14,2721,0.020368942444349725
2026-06-14,300675,0.01505302712559791
2026-06-14,3525,0.0
2026-06-14,3527,0.0
2026-06-14,4004,0.025032886609594084
2026-06-14,44016,0.01507499785076715
2026-06-14,44017,0.0
2026-06-14,44018,0.0
2026-06-14,44019,0.0
2026-06-14,44022,0.04497827146044132
2026-06-14,44031,0.0
2026-06-14,44033,0.0
2026-06-14,44052,0.01149857166771949
2026-06-14,44056,0.011298615202808256
2026-06-14,44060,0.0
2026-06-14,44068,0.015065962150803087
2026-06-14,44071,0.02376431094461911
2026-06-14,44072,0.017108679284785232
2026-06-14,4500,0.02432723253114079
2026-06-14,45002,0.0
2026-06-14,45003,0.015671969087188396
2026-06-14,45005,0.0159589806440455
2026-06-14,45006,0.021334137060312324
2026-06-14,4502,0.015301288610869561
2026-06-14,45117,0.009758984300443035
2026-06-14,45120,0.0
2026-06-14,45203,0.014667554744833309
2026-06-14,45207,0.02137790722740128
2026-06-14,45212,0.019038353397378346
2026-06-14,45215,0.0
2026-06-14,45225,0.02488583444339099
2026-06-14,4614,0.011281668940104683
2026-06-14,4616,0.05030234301465821
2026-06-14,4620,0.06668651950256285
2026-06-14,4622,0.01505302712559791
2026-06-14,4700,0.013321531372842246
2026-06-14,4703,0.0
2026-06-14,4706,0.014696331475150244
2026-06-14,4708,0.0
2026-06-14,4710,0.0
2026-06-14,6153,0.016368549020590244
2026-06-14,6210,0.014847229691632241
2026-06-14,6304,0.0
2026-06-14,6307,0.0
2026-06-14,7002,0.01569735506975016
2026-06-14,7151,0.0
2026-06-14,7152,0.0
2026-06-14,7153,0.0
2026-06-14,7154,0.0
2026-06-14,7160,0.01066452838702802
2026-06-14,7161,0.012956608146430317
2026-06-14,7162,0.010112860412119451
2026-06-14,7706,0.0
2026-06-14,7707,0.0
2026-06-14,7715,0.017481318793861497
2026-06-14,7716,0.0
2026-06-14,8029,0.011105993865169462
2026-06-14,8050,0.0
2026-06-14,8118,0.015573062191949335
2026-06-14,8123,0.013237733736813096
2026-06-14,8143,0.013509944787186475
2026-06-14,8153,0.0
2026-06-14,8154,0.016601698241914892
2026-06-14,8166,0.0
2026-06-14,8168,0.0
2026-06-14,8169,0.0
2026-06-14,8170,0.0
2026-06-14,8202,0.011861147218087648
2026-06-14,8203,0.0
2026-06-14,8205,0.024122418734053547
2026-06-14,8206,0.016994265345182707
2026-06-14,8207,0.017338179495252452
2026-06-14,8208,0.0
2026-06-14,8210,0.020059837304243735
2026-06-14,8212,0.02316599656115722
2026-06-14,8213,0.016782891547996597
2026-06-14,8215,0.030773822454083572
2026-06-14,8216,0.016468896903850443
2026-06-14,8217,0.014353223459893972
2026-06-14,8222,0.020085820229580425
2026-06-14,8225,0.014612770552087446
2026-06-14,9302,0.012366433318960273
2026-06-15,050304,0.02881441202373599
2026-06-15,07011,0.025325145696410076
2026-06-15,07013,0.025325145696410076
2026-06-15,10750,0.08165446009424338
2026-06-15,10752,0.0
2026-06-15,10755,0.0
2026-06-15,10757,0.0
2026-06-15,10762,0.0697392809142053
2026-06-15,12100,0.20422359426142273
2026-06-15,12105,0.07500522499866151
2026-06-15,12121,0.06903991961431487
2026-06-15,12125,0.041297483752437254
2026-06-15,12130,0.5437732994105763
2026-06-15,12132,0.0
2026-06-15,12134,0.33080653942474575
2026-06-15,12136,0.7371974613611434
2026-06-15,12138,0.4833093605467114
2026-06-15,1297,0.0
2026-06-15,1298,0.0
2026-06-15,1299,0.0
2026-06-15,13014,0.038469263422315984
2026-06-15,13016,0.0
2026-06-15,1302,0.0
2026-06-15,1303,0.0
2026-06-15,1306,0.06434723520583094
2026-06-15,1307,0.155943266744505
2026-06-15,1308,0.17001761444916733
2026-06-15,1309,0.017960772609603128
2026-06-15,14210,0.0
2026-06-15,14218,0.14753581399047686
2026-06-15,15026,0.042493928600892183
2026-06-15,15030,0.18875918693060598
2026-06-15,15032,0.0
2026-06-15,15034,0.2468777669422273
2026-06-15,15041,0.06746609928756586
2026-06-15,15043,0.09137515446774465
2026-06-15,15045,0.03361882856337247
2026-06-15,17114,0.08554534735708737
2026-06-15,17115,0.0
2026-06-15,17143,0.0
2026-06-15,17222,0.49061571158180306
2026-06-15,17322,0.6082300282589113
2026-06-15,17323,0.0
2026-06-15,17400,0.641901091643126
2026-06-15,17501,0.24004231299500775
2026-06-15,17504,0.6613622870047167
2026-06-15,17505,0.0
2026-06-15,17507,0.7002407379599849
2026-06-15,17508,0.0
2026-06-15,17521,0.039058297369100915
2026-06-15,17700,0.14800229507206256
2026-06-15,17704,0.12773984449646086
2026-06-15,17706,0.14160063102375525
2026-06-15,18100,0.0
2026-06-15,18101,0.135040295571478
2026-06-15,18121,0.13952807300843034
2026-06-15,191070,0.02881441202373599
2026-06-15,20002,0.3297548596631496
2026-06-15,21008,0.0
2026-06-15,21010,0.022717895365237873
2026-06-15,210377,0.02881441202373599
2026-06-15,26001,0.2874506921444573
2026-06-15,26004,0.0
2026-06-15,26005,0.08929490194074782
2026-06-15,26006,0.0
2026-06-15,26007,0.0
2026-06-15,26008,0.07369113865491096
2026-06-15,26009,0.2774095097217627
2026-06-15,26010,0.0
2026-06-15,26020,0.026101314467815218
2026-06-15,26093,0.0
2026-06-15,26100,0.08074477735158934
2026-06-15,26101,0.26229845488854375
2026-06-15,26104,0.0
2026-06-15,26107,0.0
2026-06-15,26111,0.0
2026-06-15,26117,0.0
2026-06-15,26121,0.0
2026-06-15,26123,0.10369723116882162
2026-06-15,26124,0.0
2026-06-15,26127,0.0
2026-06-15,26141,0.0
2026-06-15,26142,0.0
2026-06-15,26151,0.0
2026-06-15,2621,0.09474465673566566
2026-06-15,2721,0.1197432226538344
2026-06-15,300675,0.02881441202373599
2026-06-15,3525,0.0
2026-06-15,3527,0.0
2026-06-15,4004,0.1948811647098564
2026-06-15,44016,0.025325145696410076
2026-06-15,44017,0.0
2026-06-15,44018,0.0
2026-06-15,44019,0.0
2026-06-15,44022,0.5394690860561226
2026-06-15,44031,0.0
2026-06-15,44033,0.0
2026-06-15,44052,0.02674255691570974
2026-06-15,44056,0.01902209717081729
2026-06-15,44060,0.0
2026-06-15,44068,0.02787769214615944
2026-06-15,44071,0.23813050908458067
2026-06-15,44072,0.20081490211982428
2026-06-15,4500,0.11571387970486031
2026-06-15,45002,0.0
2026-06-15,45003,0.038866157099109455
2026-06-15,45005,0.07107091021564778
2026-06-15,45006,0.17938782529183053
2026-06-15,4502,0.10845159293139857
2026-06-15,45117,0.019990737079225968
2026-06-15,45120,0.0
2026-06-15,45203,0.14772971051914857
2026-06-15,45207,0.13451567403966103
2026-06-15,45212,0.03670827495023079
2026-06-15,45215,0.0
2026-06-15,45225,0.13358192570927235
2026-06-15,4614,0.02261884273024232
2026-06-15,4616,0.7550216703885634
2026-06-15,4620,0.7676420450030412
2026-06-15,4622,0.02881441202373599
2026-06-15,4700,0.09556852689207564
2026-06-15,4703,0.0
2026-06-15,4706,0.042411061306151875
2026-06-15,4708,0.0
2026-06-15,4710,0.0
2026-06-15,6153,0.11397847780135946
2026-06-15,6210,0.016811366233399832
2026-06-15,6304,0.0
2026-06-15,6307,0.0
2026-06-15,7002,0.06414471447832894
2026-06-15,7151,0.0
2026-06-15,7152,0.0
2026-06-15,7153,0.0
2026-06-15,7154,0.0
2026-06-15,7160,0.10102742456850103
2026-06-15,7161,0.04499935633189996
2026-06-15,7162,0.0966487494432116
2026-06-15,7706,0.0
2026-06-15,7707,0.0
2026-06-15,7715,0.04533494589162908
2026-06-15,7716,0.0
2026-06-15,8029,0.019202946095838006
2026-06-15,8050,0.0
2026-06-15,8118,0.035783489939419676
2026-06-15,8123,0.02522981954596301
2026-06-15,8143,0.0855276133121382
2026-06-15,8153,0.0
2026-06-15,8154,0.052300109734926714
2026-06-15,8166,0.0
2026-06-15,8168,0.0
2026-06-15,8169,0.0
2026-06-15,8170,0.0
2026-06-15,8202,0.2112609793645992
2026-06-15,8203,0.0
2026-06-15,8205,0.6002670114757906
2026-06-15,8206,0.2529208866073095
2026-06-15,8207,0.20832011991739832
2026-06-15,8208,0.0
2026-06-15,8210,0.3173525894290489
2026-06-15,8212,0.09507714446581057
2026-06-15,8213,0.3087601081967276
2026-06-15,8215,0.3676902422134769
2026-06-15,8216,0.1323005293066132
2026-06-15,8217,0.14804063014732122
2026-06-15,8222,0.16640958622259422
2026-06-15,8225,0.09041115459488534
2026-06-15,9302,0.06650827472226567
2026-06-16,050304,0.02891699902050554
2026-06-16,07011,0.02541458837246187
2026-06-16,07013,0.02541458837246187
2026-06-16,10750,0.08065564207303444
2026-06-16,10752,0.0
2026-06-16,10755,0.0
2026-06-16,10757,0.0
2026-06-16,10762,0.07001088623780197
2026-06-16,12100,0.20398688868681425
2026-06-16,12105,0.07530016767176408
2026-06-16,12121,0.06890571681257746
2026-06-16,12125,0.057080728039352165
2026-06-16,12130,0.5093596293092355
2026-06-16,12132,0.0
2026-06-16,12134,0.324136936346116
2026-06-16,12136,0.6925764351710139
2026-06-16,12138,0.45262144380104286
2026-06-16,1297,0.0
2026-06-16,1298,0.0
2026-06-16,1299,0.0
2026-06-16,13014,0.037978645686348726
2026-06-16,13016,0.0
2026-06-16,1302,0.0
2026-06-16,1303,0.0
2026-06-16,1306,0.06404167222259625
2026-06-16,1307,0.15445495208086849
2026-06-16,1308,0.16609282762558325
2026-06-16,1309,0.01826186615159123
2026-06-16,14210,0.0
2026-06-16,14218,0.1337268240800368
2026-06-16,15026,0.04050746974351458
2026-06-16,15030,0.1851552169834052
2026-06-16,15032,0.0
2026-06-16,15034,0.24345088423157257
2026-06-16,15041,0.067736106707209
2026-06-16,15043,0.09317958495256277
2026-06-16,15045,0.03332789232346812
2026-06-16,17114,0.08242256086675222
2026-06-16,17115,0.0
2026-06-16,17143,0.0
2026-06-16,17222,0.477843738681351
2026-06-16,17322,0.5723000950648144
2026-06-16,17323,0.0
2026-06-16,17400,0.598924452327063
2026-06-16,17501,0.2175624824301622
2026-06-16,17504,0.6584498492533479
2026-06-16,17505,0.0
2026-06-16,17507,0.682578197519502
2026-06-16,17508,0.0
2026-06-16,17521,0.039171292469749264
2026-06-16,17700,0.1325448518678049
2026-06-16,17704,0.1148077808933161
2026-06-16,17706,0.13075720608378624
2026-06-16,18100,0.0
2026-06-16,18101,0.13034748959583392
2026-06-16,18121,0.1364807660056787
2026-06-16,191070,0.02891699902050554
2026-06-16,20002,0.31076545555813295
2026-06-16,21008,0.0
2026-06-16,21010,0.023098737087958492
2026-06-16,210377,0.02891699902050554
2026-06-16,26001,0.2512265106344145
2026-06-16,26004,0.0
2026-06-16,26005,0.07928592697155111
2026-06-16,26006,0.0
2026-06-16,26007,0.0
2026-06-16,26008,0.0677071520228091
2026-06-16,26009,0.2754699971992131
2026-06-16,26010,0.0
2026-06-16,26020,0.02653887566824252
2026-06-16,26093,0.0
2026-06-16,26100,0.07766965922425537
2026-06-16,26101,0.2273789187129996
2026-06-16,26104,0.0
2026-06-16,26107,0.0
2026-06-16,26111,0.0
2026-06-16,26117,0.0
2026-06-16,26121,0.0
2026-06-16,26123,0.09209800292632765
2026-06-16,26124,0.0
2026-06-16,26127,0.0
2026-06-16,26141,0.0
2026-06-16,26142,0.0
2026-06-16,26151,0.0
2026-06-16,2621,0.09241005163933592
2026-06-16,2721,0.11610427125761551
2026-06-16,300675,0.02891699902050554
2026-06-16,3525,0.0
2026-06-16,3527,0.0
2026-06-16,4004,0.18407561243672738
2026-06-16,44016,0.02541458837246187
2026-06-16,44017,0.0
2026-06-16,44018,0.0
2026-06-16,44019,0.0
2026-06-16,44022,0.5346802368481841
2026-06-16,44031,0.0
2026-06-16,44033,0.0
2026-06-16,44052,0.02639768405574824
2026-06-16,44056,0.01878794414166513
2026-06-16,44060,0.0
2026-06-16,44068,0.027976730921245252
2026-06-16,44071,0.23699118539954597
2026-06-16,44072,0.1843373924875249
2026-06-16,4500,0.11566076097934676
2026-06-16,45002,0.0
2026-06-16,45003,0.0374004057998515
2026-06-16,45005,0.07048362360866345
2026-06-16,45006,0.16910436474028895
2026-06-16,4502,0.1045805541413678
2026-06-16,45117,0.019731329919998163
2026-06-16,45120,0.0
2026-06-16,45203,0.14761496858473686
2026-06-16,45207,0.1329019611030221
2026-06-16,45212,0.036841442239108284
2026-06-16,45215,0.0
2026-06-16,45225,0.13268310818153717
2026-06-16,4614,0.02213349268045639
2026-06-16,4616,0.6909073170043398
2026-06-16,4620,0.6925065056372582
2026-06-16,4622,0.02891699902050554
2026-06-16,4700,0.09332514686894906
2026-06-16,4703,0.0
2026-06-16,4706,0.04218065942876479
2026-06-16,4708,0.0
2026-06-16,4710,0.0
2026-06-16,6153,0.11473644057260356
2026-06-16,6210,0.017093191181295847
2026-06-16,6304,0.0
2026-06-16,6307,0.0
2026-06-16,7002,0.06439159892478055
2026-06-16,7151,0.0
2026-06-16,7152,0.0
2026-06-16,7153,0.0
2026-06-16,7154,0.0
2026-06-16,7160,0.0985232272252112
2026-06-16,7161,0.043895366950005094
2026-06-16,7162,0.0942426623714947
2026-06-16,7706,0.0
2026-06-16,7707,0.0
2026-06-16,7715,0.045846598008752265
2026-06-16,7716,0.0
2026-06-16,8029,0.019539701831431337
2026-06-16,8050,0.0
2026-06-16,8118,0.035696523356710114
2026-06-16,8123,0.02507346538745353
2026-06-16,8143,0.08210269576826726
2026-06-16,8153,0.0
2026-06-16,8154,0.06776227384462499
2026-06-16,8166,0.0
2026-06-16,8168,0.0
2026-06-16,8169,0.0
2026-06-16,8170,0.0
2026-06-16,8202,0.20470934774698155
2026-06-16,8203,0.0
2026-06-16,8205,0.5997789566638754
2026-06-16,8206,0.27804934227298633
2026-06-16,8207,0.1961726874693639
2026-06-16,8208,0.0
2026-06-16,8210,0.31349921816583165
2026-06-16,8212,0.08726828362358222
2026-06-16,8213,0.28537936016268756
2026-06-16,8215,0.3462705442541542
2026-06-16,8216,0.22113611319825438
2026-06-16,8217,0.14501195367453493
2026-06-16,8222,0.1625537299272358
2026-06-16,8225,0.09007725508121812
2026-06-16,9302,0.06525477410790034
2026-06-17,050304,0.035013288463251004
2026-06-17,07011,0.0307865049539401
2026-06-17,07013,0.0307865049539401
2026-06-17,10750,0.09478196554782675
2026-06-17,10752,0.0
2026-06-17,10755,0.0
2026-06-17,10757,0.0
2026-06-17,10762,0.08357913031910595
2026-06-17,12100,0.22573624010901355
2026-06-17,12105,0.08984246025505166
2026-06-17,12121,0.08221054915292779
2026-06-17,12125,0.06911295167529087
2026-06-17,12130,0.5513119819889138
2026-06-17,12132,0.0
2026-06-17,12134,0.3444683545797499
2026-06-17,12136,0.7344122039804966
2026-06-17,12138,0.48231890309150105
2026-06-17,1297,0.0
2026-06-17,1298,0.0
2026-06-17,1299,0.0
2026-06-17,13014,0.04046768041879761
2026-06-17,13016,0.0
2026-06-17,1302,0.0
2026-06-17,1303,0.0
2026-06-17,1306,0.07646481037224917
2026-06-17,1307,0.1756081110294538
2026-06-17,1308,0.18513398219153923
2026-06-17,1309,0.01826186615159123
2026-06-17,14210,0.0
2026-06-17,14218,0.14949964315235312
2026-06-17,15026,0.04881830888482971
2026-06-17,15030,0.21678391321110418
2026-06-17,15032,0.0
2026-06-17,15034,0.2702134234304806
2026-06-17,15041,0.07328575062584754
2026-06-17,15043,0.10272907608223136
2026-06-17,15045,0.036613019742691544
2026-06-17,17114,0.08190684149821444
2026-06-17,17115,0.0
2026-06-17,17143,0.0
2026-06-17,17222,0.5173957306780321
2026-06-17,17322,0.6087867585417573
2026-06-17,17323,0.0
2026-06-17,17400,0.6353732864690291
2026-06-17,17501,0.23878013857795807
2026-06-17,17504,0.7034808095611534
2026-06-17,17505,0.0
2026-06-17,17507,0.7247561598212444
2026-06-17,17508,0.0
2026-06-17,17521,0.06840840424585184
2026-06-17,17700,0.15557831712898293
2026-06-17,17704,0.13886935082307617
2026-06-17,17706,0.14122846173531145
2026-06-17,18100,0.0
2026-06-17,18101,0.1506928519610273
2026-06-17,18121,0.15961882416763118
2026-06-17,191070,0.035013288463251004
2026-06-17,20002,0.35056911706402283
2026-06-17,21008,0.0
2026-06-17,21010,0.024714393416223772
2026-06-17,210377,0.035013288463251004
2026-06-17,26001,0.2587105169776121
2026-06-17,26004,0.0
2026-06-17,26005,0.0790582097288724
2026-06-17,26006,0.0
2026-06-17,26007,0.0
2026-06-17,26008,0.06768713792000226
2026-06-17,26009,0.34494662093250983
2026-06-17,26010,0.0
2026-06-17,26020,0.025702575599467082
2026-06-17,26093,0.0
2026-06-17,26100,0.0776496753122552
2026-06-17,26101,0.26557362791839645
2026-06-17,26104,0.0
2026-06-17,26107,0.0
2026-06-17,26111,0.0
2026-06-17,26117,0.0
2026-06-17,26121,0.0
2026-06-17,26123,0.10159164505533268
2026-06-17,26124,0.0
2026-06-17,26127,0.0
2026-06-17,26141,0.0
2026-06-17,26142,0.0
2026-06-17,26151,0.0
2026-06-17,2621,0.09437412653746828
2026-06-17,2721,0.13410657663779166
2026-06-17,300675,0.035013288463251004
2026-06-17,3525,0.0
2026-06-17,3527,0.0
2026-06-17,4004,0.21768728665344836
2026-06-17,44016,0.0307865049539401
2026-06-17,44017,0.0
2026-06-17,44018,0.0
2026-06-17,44019,0.0
2026-06-17,44022,0.5880521360548615
2026-06-17,44031,0.0
2026-06-17,44033,0.0
2026-06-17,44052,0.025944297557805137
2026-06-17,44056,0.0185434342116154
2026-06-17,44060,0.0
2026-06-17,44068,0.033878930663287794
2026-06-17,44071,0.2874469338519284
2026-06-17,44072,0.22727229448605768
2026-06-17,4500,0.13213331517745205
2026-06-17,45002,0.0
2026-06-17,45003,0.04379033868960565
2026-06-17,45005,0.08651932957079844
2026-06-17,45006,0.20356988792064512
2026-06-17,4502,0.10711497130913002
2026-06-17,45117,0.023699815069537573
2026-06-17,45120,0.0
2026-06-17,45203,0.177541651762551
2026-06-17,45207,0.13620330186392798
2026-06-17,45212,0.03636558123458572
2026-06-17,45215,0.0
2026-06-17,45225,0.1590423268100554
2026-06-17,4614,0.02367186935108748
2026-06-17,4616,0.733906441188622
2026-06-17,4620,0.7299795166654873
2026-06-17,4622,0.035013288463251004
2026-06-17,4700,0.09904003349070675
2026-06-17,4703,0.0
2026-06-17,4706,0.05186299795583224
2026-06-17,4708,0.0
2026-06-17,4710,0.0
2026-06-17,6153,0.13564161762396398
2026-06-17,6210,0.017093191181295847
2026-06-17,6304,0.0
2026-06-17,6307,0.0
2026-06-17,7002,0.07692377104065332
2026-06-17,7151,0.0
2026-06-17,7152,0.0
2026-06-17,7153,0.0
2026-06-17,7154,0.0
2026-06-17,7160,0.10749622079229133
2026-06-17,7161,0.04630900741221453
2026-06-17,7162,0.11140285502436566
2026-06-17,7706,0.0
2026-06-17,7707,0.0
2026-06-17,7715,0.06913552951718112
2026-06-17,7716,0.0
2026-06-17,8029,0.019285791474881294
2026-06-17,8050,0.0
2026-06-17,8118,0.04281344436344027
2026-06-17,8123,0.030118161930725626
2026-06-17,8143,0.09955440298609051
2026-06-17,8153,0.0
2026-06-17,8154,0.08111006906613107
2026-06-17,8166,0.0
2026-06-17,8168,0.0
2026-06-17,8169,0.0
2026-06-17,8170,0.0
2026-06-17,8202,0.20812631363793446
2026-06-17,8203,0.0
2026-06-17,8205,0.6267752635249296
2026-06-17,8206,0.3018643850382031
2026-06-17,8207,0.2242213648867213
2026-06-17,8208,0.0
2026-06-17,8210,0.33951860854471566
2026-06-17,8212,0.10904517362520846
2026-06-17,8213,0.3000352048847998
2026-06-17,8215,0.38039534391346863
2026-06-17,8216,0.2274876828353533
2026-06-17,8217,0.14852796136168198
2026-06-17,8222,0.18257310714120087
2026-06-17,8225,0.10517911451025949
2026-06-17,9302,0.0754337990422359
2026-06-18,050304,0.03512843551773341
2026-06-18,07011,0.030887751523995206
2026-06-18,07013,0.030887751523995206
2026-06-18,10750,0.08883121697940866
2026-06-18,10752,0.0
2026-06-18,10755,0.0
2026-06-18,10757,0.0
2026-06-18,10762,0.08377650941857959
2026-06-18,12100,0.1987778086786251
2026-06-18,12105,0.09120979736478084
2026-06-18,12121,0.08227225664702512
2026-06-18,12125,0.06906826025810896
2026-06-18,12130,0.48137880499729885
2026-06-18,12132,0.0
2026-06-18,12134,0.3173406292098266
2026-06-18,12136,0.6525789558740624
2026-06-18,12138,0.42159375508751035
2026-06-18,1297,0.0
2026-06-18,1298,0.0
2026-06-18,1299,0.0
2026-06-18,13014,0.04046768041879761
2026-06-18,13016,0.0
2026-06-18,1302,0.0
2026-06-18,1303,0.0
2026-06-18,1306,0.07664585696025314
2026-06-18,1307,0.16675692166318662
2026-06-18,1308,0.17800804319077257
2026-06-18,1309,0.01832192335241413
2026-06-18,14210,0.0
2026-06-18,14218,0.1407232025312254
2026-06-18,15026,0.04881504111588249
2026-06-18,15030,0.19526868149427556
2026-06-18,15032,0.0
2026-06-18,15034,0.2391264660487503
2026-06-18,15041,0.07345910105143981
2026-06-18,15043,0.10297420037644922
2026-06-18,15045,0.03673342778101397
2026-06-18,17114,0.07670117343565433
2026-06-18,17115,0.0
2026-06-18,17143,0.0
2026-06-18,17222,0.4254386970372345
2026-06-18,17322,0.5296667302548119
2026-06-18,17323,0.0
2026-06-18,17400,0.5567349016517605
2026-06-18,17501,0.21467854642318018
2026-06-18,17504,0.6137315683953544
2026-06-18,17505,0.0
2026-06-18,17507,0.6327745661331362
2026-06-18,17508,0.0
2026-06-18,17521,0.0685690917326419
2026-06-18,17700,0.1399068231625995
2026-06-18,17704,0.12943817967275587
2026-06-18,17706,0.13233769776961932
2026-06-18,18100,0.0
2026-06-18,18101,0.13792462165446218
2026-06-18,18121,0.1486359781708721
2026-06-18,191070,0.03512843551773341
2026-06-18,20002,0.3181006597464745
2026-06-18,21008,0.0
2026-06-18,21010,0.02479567083203076
2026-06-18,210377,0.03512843551773341
2026-06-18,26001,0.24627841215211144
2026-06-18,26004,0.0
2026-06-18,26005,0.08604157293750425
2026-06-18,26006,0.0
2026-06-18,26007,0.0
2026-06-18,26008,0.06809474649223622
2026-06-18,26009,0.3196520011319216
2026-06-18,26010,0.0
2026-06-18,26020,0.025787102817640156
2026-06-18,26093,0.0
2026-06-18,26100,0.07583656738467769
2026-06-18,26101,0.2575548640072283
2026-06-18,26104,0.0
2026-06-18,26107,0.0
2026-06-18,26111,0.0
2026-06-18,26117,0.0
2026-06-18,26121,0.0
2026-06-18,26123,0.09408102248715536
2026-06-18,26124,0.0
2026-06-18,26127,0.0
2026-06-18,26141,0.0
2026-06-18,26142,0.0
2026-06-18,26151,0.0
2026-06-18,2621,0.08979622392010754
2026-06-18,2721,0.1316405519871009
2026-06-18,300675,0.03512843551773341
2026-06-18,3525,0.0
2026-06-18,3527,0.0
2026-06-18,4004,0.20501217504109864
2026-06-18,44016,0.030887751523995206
2026-06-18,44017,0.0
2026-06-18,44018,0.0
2026-06-18,44019,0.0
2026-06-18,44022,0.492644182228325
2026-06-18,44031,0.0
2026-06-18,44033,0.0
2026-06-18,44052,0.025944297557805137
2026-06-18,44056,0.01857203119965952
2026-06-18,44060,0.0
2026-06-18,44068,0.03399034719244317
2026-06-18,44071,0.2653515812509114
2026-06-18,44072,0.22614126596289785
2026-06-18,4500,0.12976839684051042
2026-06-18,45002,0.0
2026-06-18,45003,0.043813256070610866
2026-06-18,45005,0.08658451301456879
2026-06-18,45006,0.19366071142554694
2026-06-18,4502,0.10200564401538943
2026-06-18,45117,0.023699815069537573
2026-06-18,45120,0.0
2026-06-18,45203,0.17140647602088602
2026-06-18,45207,0.13653752464395189
2026-06-18,45212,0.03648517552999439
2026-06-18,45215,0.0
2026-06-18,45225,0.15942379808863616
2026-06-18,4614,0.02367186935108748
2026-06-18,4616,0.60635286390884
2026-06-18,4620,0.6058876497126239
2026-06-18,4622,0.03512843551773341
2026-06-18,4700,0.0989507089802391
2026-06-18,4703,0.0
2026-06-18,4706,0.05185952638342219
2026-06-18,4708,0.0
2026-06-18,4710,0.0
2026-06-18,6153,0.13574680898635216
2026-06-18,6210,0.01714940499903812
2026-06-18,6304,0.0
2026-06-18,6307,0.0
2026-06-18,7002,0.07710513060315861
2026-06-18,7151,0.0
2026-06-18,7152,0.0
2026-06-18,7153,0.0
2026-06-18,7154,0.0
2026-06-18,7160,0.1149192766421262
2026-06-18,7161,0.04630900741221453
2026-06-18,7162,0.10451904865812206
2026-06-18,7706,0.0
2026-06-18,7707,0.0
2026-06-18,7715,0.06921059689415325
2026-06-18,7716,0.0
2026-06-18,8029,0.01928450053482328
2026-06-18,8050,0.0
2026-06-18,8118,0.04283585049333064
2026-06-18,8123,0.030118161930725626
2026-06-18,8143,0.09645356819911409
2026-06-18,8153,0.0
2026-06-18,8154,0.08107813271806172
2026-06-18,8166,0.0
2026-06-18,8168,0.0
2026-06-18,8169,0.0
2026-06-18,8170,0.0
2026-06-18,8202,0.19102541503760004
2026-06-18,8203,0.0
2026-06-18,8205,0.5320634504078076
2026-06-18,8206,0.26872952748917356
2026-06-18,8207,0.2296786691267584
2026-06-18,8208,0.0
2026-06-18,8210,0.33684497578870787
2026-06-18,8212,0.10124960118145669
2026-06-18,8213,0.27751910421139503
2026-06-18,8215,0.3291968022573119
2026-06-18,8216,0.20259471653101724
2026-06-18,8217,0.13835202690837664
2026-06-18,8222,0.16357516874135278
2026-06-18,8225,0.10906458834684102
2026-06-18,9302,0.07536463209450546
2026-06-19,050304,0.034732133100489046
2026-06-19,07011,0.030538476823716968
2026-06-19,07013,0.030538476823716968
2026-06-19,10750,0.06304180044529609
2026-06-19,10752,0.0
2026-06-19,10755,0.0
2026-06-19,10757,0.0
2026-06-19,10762,0.06987341436598662
2026-06-19,12100,0.14597170861476308
2026-06-19,12105,0.07214500238471809
2026-06-19,12121,0.07906903794521429
2026-06-19,12125,0.06179832821693892
2026-06-19,12130,0.4807305002642359
2026-06-19,12132,0.0
2026-06-19,12134,0.3133924834847
2026-06-19,12136,0.6437771258629801
2026-06-19,12138,0.4224384574980796
2026-06-19,1297,0.0
2026-06-19,1298,0.0
2026-06-19,1299,0.0
2026-06-19,13014,0.04006953496014504
2026-06-19,13016,0.0
2026-06-19,1302,0.0
2026-06-19,1303,0.0
2026-06-19,1306,0.06264547057374259
2026-06-19,1307,0.16678839004204934
2026-06-19,1308,0.1619461715599053
2026-06-19,1309,0.018301763214162672
2026-06-19,14210,0.0
2026-06-19,14218,0.10329758454807206
2026-06-19,15026,0.08080054969131803
2026-06-19,15030,0.14564343687816358
2026-06-19,15032,0.0
2026-06-19,15034,0.21496994557381421
2026-06-19,15041,0.06672652745444209
2026-06-19,15043,0.08215397425050583
2026-06-19,15045,0.036321302288655766
2026-06-19,17114,0.06836070563785418
2026-06-19,17115,0.0
2026-06-19,17143,0.0
2026-06-19,17222,0.411102419593274
2026-06-19,17322,0.5256429121264069
2026-06-19,17323,0.0
2026-06-19,17400,0.5530597855736129
2026-06-19,17501,0.19015972104777076
2026-06-19,17504,0.6144508912107337
2026-06-19,17505,0.0
2026-06-19,17507,0.6327745661331362
2026-06-19,17508,0.0
2026-06-19,17521,0.06399888872075901
2026-06-19,17700,0.09846186897040356
2026-06-19,17704,0.0994889202021828
2026-06-19,17706,0.12276680300331548
2026-06-19,18100,0.0
2026-06-19,18101,0.10383562543425859
2026-06-19,18121,0.10644652086581204
2026-06-19,191070,0.034732133100489046
2026-06-19,20002,0.31263547116958695
2026-06-19,21008,0.0
2026-06-19,21010,0.02476838744357877
2026-06-19,210377,0.034732133100489046
2026-06-19,26001,0.19981051431867436
2026-06-19,26004,0.0
2026-06-19,26005,0.08685127027845435
2026-06-19,26006,0.0
2026-06-19,26007,0.0
2026-06-19,26008,0.06752651121399761
2026-06-19,26009,0.2371978186066075
2026-06-19,26010,0.0
2026-06-19,26020,0.02575872852811232
2026-06-19,26093,0.0
2026-06-19,26100,0.0714462003635004
2026-06-19,26101,0.21294334294829687
2026-06-19,26104,0.0
2026-06-19,26107,0.0
2026-06-19,26111,0.0
2026-06-19,26117,0.0
2026-06-19,26121,0.0
2026-06-19,26123,0.09185696246234508
2026-06-19,26124,0.0
2026-06-19,26127,0.0
2026-06-19,26141,0.0
2026-06-19,26142,0.0
2026-06-19,26151,0.0
2026-06-19,2621,0.0712920732596727
2026-06-19,2721,0.10239530844487893
2026-06-19,300675,0.034732133100489046
2026-06-19,3525,0.0
2026-06-19,3527,0.0
2026-06-19,4004,0.15737382852267062
2026-06-19,44016,0.030538476823716968
2026-06-19,44017,0.0
2026-06-19,44018,0.0
2026-06-19,44019,0.0
2026-06-19,44022,0.4865588200353546
2026-06-19,44031,0.0
2026-06-19,44033,0.0
2026-06-19,44052,0.02598009296121543
2026-06-19,44056,0.01838621936005713
2026-06-19,44060,0.0
2026-06-19,44068,0.0336066438412688
2026-06-19,44071,0.2288148573070946
2026-06-19,44072,0.1748904076609144
2026-06-19,4500,0.09845633506818602
2026-06-19,45002,0.0
2026-06-19,45003,0.0433237868210949
2026-06-19,45005,0.08012049551162788
2026-06-19,45006,0.15368980575327956
2026-06-19,4502,0.07940769299199615
2026-06-19,45117,0.02346285566545928
2026-06-19,45120,0.0
2026-06-19,45203,0.13157220424368946
2026-06-19,45207,0.10562547034542237
2026-06-19,45212,0.03607395683175335
2026-06-19,45215,0.0
2026-06-19,45225,0.1272728849903965
2026-06-19,4614,0.023704605347001154
2026-06-19,4616,0.6357968109136898
2026-06-19,4620,0.6534221768086377
2026-06-19,4622,0.034732133100489046
2026-06-19,4700,0.08117610157353393
2026-06-19,4703,0.0
2026-06-19,4706,0.05846414927845735
2026-06-19,4708,0.0
2026-06-19,4710,0.0
2026-06-19,6153,0.1132588533887195
2026-06-19,6210,0.017130535016391606
2026-06-19,6304,0.0
2026-06-19,6307,0.0
2026-06-19,7002,0.061675875450642674
2026-06-19,7151,0.0
2026-06-19,7152,0.0
2026-06-19,7153,0.0
2026-06-19,7154,0.0
2026-06-19,7160,0.08600172645385444
2026-06-19,7161,0.058343670407849095
2026-06-19,7162,0.08274168519064302
2026-06-19,7706,0.0
2026-06-19,7707,0.0
2026-06-19,7715,0.0646333925341889
2026-06-19,7716,0.0
2026-06-19,8029,0.019077228786061502
2026-06-19,8050,0.0
2026-06-19,8118,0.04289440848678491
2026-06-19,8123,0.02981692304465633
2026-06-19,8143,0.08065248302815727
2026-06-19,8153,0.0
2026-06-19,8154,0.07481177493699763
2026-06-19,8166,0.0
2026-06-19,8168,0.0
2026-06-19,8169,0.0
2026-06-19,8170,0.0
2026-06-19,8202,0.1615103912587164
2026-06-19,8203,0.0
2026-06-19,8205,0.514350554621475
2026-06-19,8206,0.2500253906532571
2026-06-19,8207,0.1651128072120816
2026-06-19,8208,0.0
2026-06-19,8210,0.31714921080764397
2026-06-19,8212,0.10800785738163562
2026-06-19,8213,0.24790542226291606
2026-06-19,8215,0.30357557908971966
2026-06-19,8216,0.17846445451001766
2026-06-19,8217,0.09843010823638204
2026-06-19,8222,0.14141122996744723
2026-06-19,8225,0.09713729341538664
2026-06-19,9302,0.06045850896143647
2026-06-20,050304,0.015324114478244577
2026-06-20,07011,0.015346480870389778
2026-06-20,07013,0.015346480870389778
2026-06-20,10750,0.010247009234840896
2026-06-20,10752,0.0
2026-06-20,10755,0.0
2026-06-20,10757,0.0
2026-06-20,10762,0.016069417886466802
2026-06-20,12100,0.02316511245562774
2026-06-20,12105,0.016358371116385193
2026-06-20,12121,0.015421623607177146
2026-06-20,12125,0.01005367735909109
2026-06-20,12130,0.03862002373830305
2026-06-20,12132,0.0
2026-06-20,12134,0.03584796296066448
2026-06-20,12136,0.039529109361609326
2026-06-20,12138,0.015008094002949356
2026-06-20,1297,0.0
2026-06-20,1298,0.0
2026-06-20,1299,0.0
2026-06-20,13014,0.01227652097701784
2026-06-20,13016,0.0
2026-06-20,1302,0.0
2026-06-20,1303,0.0
2026-06-20,1306,0.012933073445171087
2026-06-20,1307,0.010247009234840896
2026-06-20,1308,0.010247009234840896
2026-06-20,1309,0.018792157393290067
2026-06-20,14210,0.0
2026-06-20,14218,0.011207082736867663
2026-06-20,15026,0.01158567333989286
2026-06-20,15030,0.014204726125239557
2026-06-20,15032,0.0
2026-06-20,15034,0.025242029932879093
2026-06-20,15041,0.011955299108825618
2026-06-20,15043,0.011955299108825618
2026-06-20,15045,0.014189952706442369
2026-06-20,17114,0.011969155975793934
2026-06-20,17115,0.0
2026-06-20,17143,0.0
2026-06-20,17222,0.04571951448295298
2026-06-20,17322,0.04373545792181486
2026-06-20,17323,0.0
2026-06-20,17400,0.042830162786436934
2026-06-20,17501,0.015256018834042718
2026-06-20,17504,0.046656853169557276
2026-06-20,17505,0.0
2026-06-20,17507,0.04729432986571907
2026-06-20,17508,0.0
2026-06-20,17521,0.01641119470011371
2026-06-20,17700,0.020267313697510843
2026-06-20,17704,0.016914315743923006
2026-06-20,17706,0.01022617158878083
2026-06-20,18100,0.0
2026-06-20,18101,0.016299170861117467
2026-06-20,18121,0.013335820058362688
2026-06-20,191070,0.015324114478244577
2026-06-20,20002,0.022175557840814677
2026-06-20,21008,0.0
2026-06-20,21010,0.015221929063092405
2026-06-20,210377,0.015324114478244577
2026-06-20,26001,0.027843934772871542
2026-06-20,26004,0.0
2026-06-20,26005,0.033351423965940236
2026-06-20,26006,0.0
2026-06-20,26007,0.0
2026-06-20,26008,0.02805987052436008
2026-06-20,26009,0.03252419216029413
2026-06-20,26010,0.0
2026-06-20,26020,0.01422323387023253
2026-06-20,26093,0.0
2026-06-20,26100,0.027963008784495536
2026-06-20,26101,0.031949801930367186
2026-06-20,26104,0.0
2026-06-20,26107,0.0
2026-06-20,26111,0.0
2026-06-20,26117,0.0
2026-06-20,26121,0.0
2026-06-20,26123,0.032928246786335685
2026-06-20,26124,0.0
2026-06-20,26127,0.0
2026-06-20,26141,0.0
2026-06-20,26142,0.0
2026-06-20,26151,0.0
2026-06-20,2621,0.016007583326948065
2026-06-20,2721,0.020298701630067813
2026-06-20,300675,0.015324114478244577
2026-06-20,3525,0.0
2026-06-20,3527,0.0
2026-06-20,4004,0.02596544784419867
2026-06-20,44016,0.015346480870389778
2026-06-20,44017,0.0
2026-06-20,44018,0.0
2026-06-20,44019,0.0
2026-06-20,44022,0.044908798523678295
2026-06-20,44031,0.0
2026-06-20,44033,0.0
2026-06-20,44052,0.011500741541125709
2026-06-20,44056,0.011539082788110664
2026-06-20,44060,0.0
2026-06-20,44068,0.01623125854067538
2026-06-20,44071,0.02457197206513971
2026-06-20,44072,0.01746287004400368
2026-06-20,4500,0.024658981832640346
2026-06-20,45002,0.0
2026-06-20,45003,0.0156099766422717
2026-06-20,45005,0.015341224963205237
2026-06-20,45006,0.022365874801558865
2026-06-20,4502,0.015312331198848316
2026-06-20,45117,0.009760825899653543
2026-06-20,45120,0.0
2026-06-20,45203,0.015026104498112746
2026-06-20,45207,0.021610379867321252
2026-06-20,45212,0.019381211799092815
2026-06-20,45215,0.0
2026-06-20,45225,0.02558365178965085
2026-06-20,4614,0.011209136712678959
2026-06-20,4616,0.05304768462165749
2026-06-20,4620,0.07027258978182983
2026-06-20,4622,0.015324114478244577
2026-06-20,4700,0.013272084093539634
2026-06-20,4703,0.0
2026-06-20,4706,0.012233432348778807
2026-06-20,4708,0.0
2026-06-20,4710,0.0
2026-06-20,6153,0.016902852881384402
2026-06-20,6210,0.015114610874012308
2026-06-20,6304,0.0
2026-06-20,6307,0.0
2026-06-20,7002,0.016119958084971246
2026-06-20,7151,0.0
2026-06-20,7152,0.0
2026-06-20,7153,0.0
2026-06-20,7154,0.0
2026-06-20,7160,0.010114768790612292
2026-06-20,7161,0.010301701713646982
2026-06-20,7162,0.010114768790612292
2026-06-20,7706,0.0
2026-06-20,7707,0.0
2026-06-20,7715,0.014828090261967911
2026-06-20,7716,0.0
2026-06-20,8029,0.011237761140528232
2026-06-20,8050,0.0
2026-06-20,8118,0.015777397239190208
2026-06-20,8123,0.013337085075727319
2026-06-20,8143,0.013431310092187421
2026-06-20,8153,0.0
2026-06-20,8154,0.012771447767135288
2026-06-20,8166,0.0
2026-06-20,8168,0.0
2026-06-20,8169,0.0
2026-06-20,8170,0.0
2026-06-20,8202,0.011768164466491779
2026-06-20,8203,0.0
2026-06-20,8205,0.02416955706159588
2026-06-20,8206,0.017267485156074347
2026-06-20,8207,0.017576225344940993
2026-06-20,8208,0.0
2026-06-20,8210,0.020099036821991864
2026-06-20,8212,0.023388584643969656
2026-06-20,8213,0.01664344697556601
2026-06-20,8215,0.030845226568279656
2026-06-20,8216,0.017483662492307685
2026-06-20,8217,0.01444640272806483
2026-06-20,8222,0.02008961058619321
2026-06-20,8225,0.014025315175908496
2026-06-20,9302,0.012359290946361743
2026-06-21,050304,0.015131325315642565
2026-06-21,07011,0.015153410321348228
2026-06-21,07013,0.015153410321348228
2026-06-21,10750,0.010247009234840896
2026-06-21,10752,0.0
2026-06-21,10755,0.0
2026-06-21,10757,0.0
2026-06-21,10762,0.015867252232964806
2026-06-21,12100,0.022954995200573945
2026-06-21,12105,0.016152570208702196
2026-06-21,12121,0.015238565349297918
2026-06-21,12125,0.010096370536451054
2026-06-21,12130,0.038897593360225295
2026-06-21,12132,0.0
2026-06-21,12134,0.036031537830750845
2026-06-21,12136,0.03928155803563892
2026-06-21,12138,0.015051329322304836
2026-06-21,1297,0.0
2026-06-21,1298,0.0
2026-06-21,1299,0.0
2026-06-21,13014,0.01227652097701784
2026-06-21,13016,0.0
2026-06-21,1302,0.0
2026-06-21,1303,0.0
2026-06-21,1306,0.012770365420318841
2026-06-21,1307,0.010247009234840896
2026-06-21,1308,0.010247009234840896
2026-06-21,1309,0.018555737579767986
2026-06-21,14210,0.0
2026-06-21,14218,0.011217479110802822
2026-06-21,15026,0.011545397789620947
2026-06-21,15030,0.014245647102297745
2026-06-21,15032,0.0
2026-06-21,15034,0.0253147471763288
2026-06-21,15041,0.01180489223819572
2026-06-21,15043,0.01180489223819572
2026-06-21,15045,0.014011432172448645
2026-06-21,17114,0.011969155975793934
2026-06-21,17115,0.0
2026-06-21,17143,0.0
2026-06-21,17222,0.045760945327532214
2026-06-21,17322,0.04333875903314532
2026-06-21,17323,0.0
2026-06-21,17400,0.0431362435524803
2026-06-21,17501,0.01534332256605598
2026-06-21,17504,0.04648259052393992
2026-06-21,17505,0.0
2026-06-21,17507,0.04733718780181716
2026-06-21,17508,0.0
2026-06-21,17521,0.016216390003277417
2026-06-21,17700,0.020267313697510843
2026-06-21,17704,0.016914315743923006
2026-06-21,17706,0.01016623088331731
2026-06-21,18100,0.0
2026-06-21,18101,0.016299170861117467
2026-06-21,18121,0.013381048224851833
2026-06-21,191070,0.015131325315642565
2026-06-21,20002,0.02203668325354764
2026-06-21,21008,0.0
2026-06-21,21010,0.015030425471715098
2026-06-21,210377,0.015131325315642565
2026-06-21,26001,0.027370298512953153
2026-06-21,26004,0.0
2026-06-21,26005,0.032082020455035117
2026-06-21,26006,0.0
2026-06-21,26007,0.0
2026-06-21,26008,0.027111688426859917
2026-06-21,26009,0.030930755015997492
2026-06-21,26010,0.0
2026-06-21,26020,0.014044294633565536
2026-06-21,26093,0.0
2026-06-21,26100,0.02709191308880625
2026-06-21,26101,0.03038450552276205
2026-06-21,26104,0.0
2026-06-21,26107,0.0
2026-06-21,26111,0.0
2026-06-21,26117,0.0
2026-06-21,26121,0.0
2026-06-21,26123,0.03179026794517779
2026-06-21,26124,0.0
2026-06-21,26127,0.0
2026-06-21,26141,0.0
2026-06-21,26142,0.0
2026-06-21,26151,0.0
2026-06-21,2621,0.016022699397453117
2026-06-21,2721,0.020357178132634032
2026-06-21,300675,0.015131325315642565
2026-06-21,3525,0.0
2026-06-21,3527,0.0
2026-06-21,4004,0.025817136514152277
2026-06-21,44016,0.015153410321348228
2026-06-21,44017,0.0
2026-06-21,44018,0.0
2026-06-21,44019,0.0
2026-06-21,44022,0.04502376485711727
2026-06-21,44031,0.0
2026-06-21,44033,0.0
2026-06-21,44052,0.011500741541125709
2026-06-21,44056,0.011377799244076916
2026-06-21,44060,0.0
2026-06-21,44068,0.016027056807095534
2026-06-21,44071,0.024480196118644874
2026-06-21,44072,0.017637503051169866
2026-06-21,4500,0.02433182327653436
2026-06-21,45002,0.0
2026-06-21,45003,0.01566291756524296
2026-06-21,45005,0.015209814730442701
2026-06-21,45006,0.02211291050303165
2026-06-21,4502,0.015312331198848316
2026-06-21,45117,0.009760825899653543
2026-06-21,45120,0.0
2026-06-21,45203,0.014864704802756312
2026-06-21,45207,0.021489104226442204
2026-06-21,45212,0.019137381227462457
2026-06-21,45215,0.0
2026-06-21,45225,0.025267101561008025
2026-06-21,4614,0.011283797882213174
2026-06-21,4616,0.051005937846557034
2026-06-21,4620,0.06756787543683411
2026-06-21,4622,0.015131325315642565
2026-06-21,4700,0.013313837372624577
2026-06-21,4703,0.0
2026-06-21,4706,0.012235124066226179
2026-06-21,4708,0.0
2026-06-21,4710,0.0
2026-06-21,6153,0.01670221208762161
2026-06-21,6210,0.014924457428108925
2026-06-21,6304,0.0
2026-06-21,6307,0.0
2026-06-21,7002,0.015917156596846553
2026-06-21,7151,0.0
2026-06-21,7152,0.0
2026-06-21,7153,0.0
2026-06-21,7154,0.0
2026-06-21,7160,0.010114768790612292
2026-06-21,7161,0.01031533417796177
2026-06-21,7162,0.010114768790612292
2026-06-21,7706,0.0
2026-06-21,7707,0.0
2026-06-21,7715,0.014676287045036204
2026-06-21,7716,0.0
2026-06-21,8029,0.01114582564930335
2026-06-21,8050,0.0
2026-06-21,8118,0.015576000954647886
2026-06-21,8123,0.013714704621899708
2026-06-21,8143,0.013502141966683033
2026-06-21,8153,0.0
2026-06-21,8154,0.01281476187630829
2026-06-21,8166,0.0
2026-06-21,8168,0.0
2026-06-21,8169,0.0
2026-06-21,8170,0.0
2026-06-21,8202,0.01186338551243059
2026-06-21,8203,0.0
2026-06-21,8205,0.02419145941934164
2026-06-21,8206,0.017216306578036973
2026-06-21,8207,0.017701831790673063
2026-06-21,8208,0.0
2026-06-21,8210,0.020117250490272943
2026-06-21,8212,0.02352242760445226
2026-06-21,8213,0.016809885549960144
2026-06-21,8215,0.030861900097316118
2026-06-21,8216,0.017333900516770126
2026-06-21,8217,0.014355932029164938
2026-06-21,8222,0.02008961058619321
2026-06-21,8225,0.013848865908850915
2026-06-21,9302,0.012359290946361743
2026-06-22,050304,0.02899180278860645
2026-06-22,07011,0.02548105541831734
2026-06-22,07013,0.02548105541831734
2026-06-22,10750,0.08166986895080205
2026-06-22,10752,0.0
2026-06-22,10755,0.0
2026-06-22,10757,0.0
2026-06-22,10762,0.07309696694422872
2026-06-22,12100,0.20437097773116314
2026-06-22,12105,0.07546698122748316
2026-06-22,12121,0.07983030241725275
2026-06-22,12125,0.05831705253741418
2026-06-22,12130,0.5441657280910585
2026-06-22,12132,0.0
2026-06-22,12134,0.3310452748939238
2026-06-22,12136,0.7371974613611434
2026-06-22,12138,0.48365815379351024
2026-06-22,1297,0.0
2026-06-22,1298,0.0
2026-06-22,1299,0.0
2026-06-22,13014,0.03847652288323593
2026-06-22,13016,0.0
2026-06-22,1302,0.0
2026-06-22,1303,0.0
2026-06-22,1306,0.06474337743011296
2026-06-22,1307,0.15597269449928763
2026-06-22,1308,0.16408141028501297
2026-06-22,1309,0.018071344888095482
2026-06-22,14210,0.0
2026-06-22,14218,0.13722048896730973
2026-06-22,15026,0.08599723505622772
2026-06-22,15030,0.1948429124362473
2026-06-22,15032,0.0
2026-06-22,15034,0.24705593294711667
2026-06-22,15041,0.06788144223975205
2026-06-22,15043,0.09193768923429958
2026-06-22,15045,0.033825796857849304
2026-06-22,17114,0.11100624746415373
2026-06-22,17115,0.0
2026-06-22,17143,0.0
2026-06-22,17222,0.4884699660004027
2026-06-22,17322,0.6082300282589113
2026-06-22,17323,0.0
2026-06-22,17400,0.6423643368937968
2026-06-22,17501,0.24021554601003553
2026-06-22,17504,0.6613622870047167
2026-06-22,17505,0.0
2026-06-22,17507,0.7030219925686427
2026-06-22,17508,0.0
2026-06-22,17521,0.06348913589241298
2026-06-22,17700,0.14104708703813343
2026-06-22,17704,0.11925932772220556
2026-06-22,17706,0.13154648724339568
2026-06-22,18100,0.0
2026-06-22,18101,0.1350657787666605
2026-06-22,18121,0.13962876720882647
2026-06-22,191070,0.02899180278860645
2026-06-22,20002,0.3299928361592381
2026-06-22,21008,0.0
2026-06-22,21010,0.02285775401762915
2026-06-22,210377,0.02899180278860645
2026-06-22,26001,0.3117675723121024
2026-06-22,26004,0.0
2026-06-22,26005,0.11596804926641242
2026-06-22,26006,0.0
2026-06-22,26007,0.0
2026-06-22,26008,0.07997019117624593
2026-06-22,26009,0.3909855266657423
2026-06-22,26010,0.0
2026-06-22,26020,0.02626200253369545
2026-06-22,26093,0.0
2026-06-22,26100,0.08888159047438139
2026-06-22,26101,0.29116765149686774
2026-06-22,26104,0.0
2026-06-22,26107,0.0
2026-06-22,26111,0.0
2026-06-22,26117,0.0
2026-06-22,26121,0.0
2026-06-22,26123,0.10689206027794178
2026-06-22,26124,0.0
2026-06-22,26127,0.0
2026-06-22,26141,0.0
2026-06-22,26142,0.0
2026-06-22,26151,0.0
2026-06-22,2621,0.09445080557047528
2026-06-22,2721,0.11967406360932387
2026-06-22,300675,0.02899180278860645
2026-06-22,3525,0.0
2026-06-22,3527,0.0
2026-06-22,4004,0.21305802643499783
2026-06-22,44016,0.02548105541831734
2026-06-22,44017,0.0
2026-06-22,44018,0.0
2026-06-22,44019,0.0
2026-06-22,44022,0.5394690860561226
2026-06-22,44031,0.0
2026-06-22,44033,0.0
2026-06-22,44052,0.026747603452335556
2026-06-22,44056,0.018529861015641157
2026-06-22,44060,0.0
2026-06-22,44068,0.05385473644991196
2026-06-22,44071,0.26802197384814463
2026-06-22,44072,0.22704869028941457
2026-06-22,4500,0.1157357158491709
2026-06-22,45002,0.0
2026-06-22,45003,0.05479185766602919
2026-06-22,45005,0.0865420548476274
2026-06-22,45006,0.19169950850149078
2026-06-22,4502,0.11155945602808352
2026-06-22,45117,0.019994509492879807
2026-06-22,45120,0.0
2026-06-22,45203,0.15979328145358399
2026-06-22,45207,0.13534379568536062
2026-06-22,45212,0.036934262867844125
2026-06-22,45215,0.0
2026-06-22,45225,0.13965282766158899
2026-06-22,4614,0.022623111088673105
2026-06-22,4616,0.8204890592170317
2026-06-22,4620,0.8169883713879946
2026-06-22,4622,0.02899180278860645
2026-06-22,4700,0.09551333021489715
2026-06-22,4703,0.0
2026-06-22,4706,0.05335598462030042
2026-06-22,4708,0.0
2026-06-22,4710,0.0
2026-06-22,6153,0.11485965733877296
2026-06-22,6210,0.016914862397479243
2026-06-22,6304,0.0
2026-06-22,6307,0.0
2026-06-22,7002,0.06510468154581243
2026-06-22,7151,0.0
2026-06-22,7152,0.0
2026-06-22,7153,0.0
2026-06-22,7154,0.0
2026-06-22,7160,0.11383780425274667
2026-06-22,7161,0.06373550274103856
2026-06-22,7162,0.09666698784335567
2026-06-22,7706,0.0
2026-06-22,7707,0.0
2026-06-22,7715,0.056979180480963024
2026-06-22,7716,0.0
2026-06-22,8029,0.019290123780263548
2026-06-22,8050,0.0
2026-06-22,8118,0.05591573137325222
2026-06-22,8123,0.03846436053617824
2026-06-22,8143,0.08547821587748729
2026-06-22,8153,0.0
2026-06-22,8154,0.06841439678331739
2026-06-22,8166,0.0
2026-06-22,8168,0.0
2026-06-22,8169,0.0
2026-06-22,8170,0.0
2026-06-22,8202,0.2113008460188361
2026-06-22,8203,0.0
2026-06-22,8205,0.6002670114757906
2026-06-22,8206,0.2879362657589547
2026-06-22,8207,0.23183703366060832
2026-06-22,8208,0.0
2026-06-22,8210,0.3173525894290489
2026-06-22,8212,0.14933025579264822
2026-06-22,8213,0.3089829332636747
2026-06-22,8215,0.3676902422134769
2026-06-22,8216,0.22441136992647914
2026-06-22,8217,0.1480685666107081
2026-06-22,8222,0.16143472962552288
2026-06-22,8225,0.12435110429590225
2026-06-22,9302,0.06646986212045077
2026-06-23,050304,0.028946804259453056
2026-06-23,07011,0.02544078361764125
2026-06-23,07013,0.02544078361764125
2026-06-23,10750,0.08067086244456
2026-06-23,10752,0.0
2026-06-23,10755,0.0
2026-06-23,10757,0.0
2026-06-23,10762,0.07300918007751876
2026-06-23,12100,0.20413410133158694
2026-06-23,12105,0.07537778082548911
2026-06-23,12121,0.08156600379516946
2026-06-23,12125,0.057047760423117384
2026-06-23,12130,0.5097272224357045
2026-06-23,12132,0.0
2026-06-23,12134,0.3243708585161889
2026-06-23,12136,0.6925764351710139
2026-06-23,12138,0.45294809028431315
2026-06-23,1297,0.0
2026-06-23,1298,0.0
2026-06-23,1299,0.0
2026-06-23,13014,0.05278693887256913
2026-06-23,13016,0.0
2026-06-23,1302,0.0
2026-06-23,1303,0.0
2026-06-23,1306,0.06466897096062553
2026-06-23,1307,0.15448409897864537
2026-06-23,1308,0.16026945506411241
2026-06-23,1309,0.018280688965254907
2026-06-23,14210,0.0
2026-06-23,14218,0.13749561783126488
2026-06-23,15026,0.08201120476382803
2026-06-23,15030,0.19113195398394475
2026-06-23,15032,0.0
2026-06-23,15034,0.2665640180438302
2026-06-23,15041,0.06780592345563269
2026-06-23,15043,0.08585982406425319
2026-06-23,15045,0.03336224394458944
2026-06-23,17114,0.10213473775810933
2026-06-23,17115,0.0
2026-06-23,17143,0.0
2026-06-23,17222,0.477843738681351
2026-06-23,17322,0.5723000950648144
2026-06-23,17323,0.0
2026-06-23,17400,0.5993566823258327
2026-06-23,17501,0.217719492268628
2026-06-23,17504,0.6584498492533479
2026-06-23,17505,0.0
2026-06-23,17507,0.682578197519502
2026-06-23,17508,0.0
2026-06-23,17521,0.06335970329853845
2026-06-23,17700,0.13617591551909747
2026-06-23,17704,0.11807630914821111
2026-06-23,17706,0.1307818810253661
2026-06-23,18100,0.0
2026-06-23,18101,0.12411063330791061
2026-06-23,18121,0.14039311974150123
2026-06-23,191070,0.028946804259453056
2026-06-23,20002,0.310989727838137
2026-06-23,21008,0.0
2026-06-23,21010,0.02312254534613232
2026-06-23,210377,0.028946804259453056
2026-06-23,26001,0.2594048786341857
2026-06-23,26004,0.0
2026-06-23,26005,0.0992797688645764
2026-06-23,26006,0.0
2026-06-23,26007,0.0
2026-06-23,26008,0.07042735283068861
2026-06-23,26009,0.2999179715547992
2026-06-23,26010,0.0
2026-06-23,26020,0.026566229735313227
2026-06-23,26093,0.0
2026-06-23,26100,0.07863458692298787
2026-06-23,26101,0.2303610631789234
2026-06-23,26104,0.0
2026-06-23,26107,0.0
2026-06-23,26111,0.0
2026-06-23,26117,0.0
2026-06-23,26121,0.0
2026-06-23,26123,0.09233459450786387
2026-06-23,26124,0.0
2026-06-23,26127,0.0
2026-06-23,26141,0.0
2026-06-23,26142,0.0
2026-06-23,26151,0.0
2026-06-23,2621,0.08781468129185573
2026-06-23,2721,0.1077904981700776
2026-06-23,300675,0.028946804259453056
2026-06-23,3525,0.0
2026-06-23,3527,0.0
2026-06-23,4004,0.19403520147204348
2026-06-23,44016,0.02544078361764125
2026-06-23,44017,0.0
2026-06-23,44018,0.0
2026-06-23,44019,0.0
2026-06-23,44022,0.5346802368481841
2026-06-23,44031,0.0
2026-06-23,44033,0.0
2026-06-23,44052,0.02640266551207809
2026-06-23,44056,0.018821728985226473
2026-06-23,44060,0.0
2026-06-23,44068,0.05378196229143441
2026-06-23,44071,0.2737420644191164
2026-06-23,44072,0.20742600465685898
2026-06-23,4500,0.11898011543234457
2026-06-23,45002,0.0
2026-06-23,45003,0.052742022869127346
2026-06-23,45005,0.10812820067653221
2026-06-23,45006,0.1785329369809631
2026-06-23,4502,0.10758941972425513
2026-06-23,45117,0.01792986017797281
2026-06-23,45120,0.0
2026-06-23,45203,0.15968560947705254
2026-06-23,45207,0.13420375772369386
2026-06-23,45212,0.04098425634478393
2026-06-23,45215,0.0
2026-06-23,45225,0.13801471915481076
2026-06-23,4614,0.02213766944941013
2026-06-23,4616,0.7472017476856806
2026-06-23,4620,0.7540577170338627
2026-06-23,4622,0.028946804259453056
2026-06-23,4700,0.09327124588112515
2026-06-23,4703,0.0
2026-06-23,4706,0.05306450490347577
2026-06-23,4708,0.0
2026-06-23,4710,0.0
2026-06-23,6153,0.1137239234480154
2026-06-23,6210,0.01711080942194291
2026-06-23,6304,0.0
2026-06-23,6307,0.0
2026-06-23,7002,0.06502232525255046
2026-06-23,7151,0.0
2026-06-23,7152,0.0
2026-06-23,7153,0.0
2026-06-23,7154,0.0
2026-06-23,7160,0.11105195249943135
2026-06-23,7161,0.06219782124454924
2026-06-23,7162,0.09426044672356214
2026-06-23,7706,0.0
2026-06-23,7707,0.0
2026-06-23,7715,0.057620768219682234
2026-06-23,7716,0.0
2026-06-23,8029,0.019528416456954748
2026-06-23,8050,0.0
2026-06-23,8118,0.05579049626470592
2026-06-23,8123,0.03823080738402864
2026-06-23,8143,0.08205527643324996
2026-06-23,8153,0.0
2026-06-23,8154,0.07496216628381988
2026-06-23,8166,0.0
2026-06-23,8168,0.0
2026-06-23,8169,0.0
2026-06-23,8170,0.0
2026-06-23,8202,0.2047479780553813
2026-06-23,8203,0.0
2026-06-23,8205,0.5997789566638754
2026-06-23,8206,0.2864869910325843
2026-06-23,8207,0.21644713678959945
2026-06-23,8208,0.0
2026-06-23,8210,0.3414280705597256
2026-06-23,8212,0.1371965848188012
2026-06-23,8213,0.27234660752368983
2026-06-23,8215,0.3462705442541542
2026-06-23,8216,0.23413831007279784
2026-06-23,8217,0.14503931860219335
2026-06-23,8222,0.16258440512984737
2026-06-23,8225,0.12393038466644045
2026-06-23,9302,0.06521708547945831
2026-06-24,050304,0.03504937725061948
2026-06-24,07011,0.030818237124206466
2026-06-24,07013,0.05915252613855346
2026-06-24,10750,0.09479985167076226
2026-06-24,10752,0.0
2026-06-24,10755,0.0
2026-06-24,10757,0.0
2026-06-24,10762,0.08993506239518509
2026-06-24,12100,0.2258991487603559
2026-06-24,12105,0.08993506239518509
2026-06-24,12121,0.09922997111228433
2026-06-24,12125,0.08884560732307989
2026-06-24,12130,0.5517098511631825
2026-06-24,12132,0.0
2026-06-24,12134,0.3447169494666303
2026-06-24,12136,0.7344122039804966
2026-06-24,12138,0.48266698154794035
2026-06-24,1297,0.0
2026-06-24,1298,0.0
2026-06-24,1299,0.0
2026-06-24,13014,0.055034017591287905
2026-06-24,13016,0.0
2026-06-24,1302,0.0
2026-06-24,1303,0.0
2026-06-24,1306,0.07721379579666843
2026-06-24,1307,0.1756412496992861
2026-06-24,1308,0.17877396859376476
2026-06-24,1309,0.018280688965254907
2026-06-24,14210,0.0
2026-06-24,14218,0.16511576963411279
2026-06-24,15026,0.09258682023697117
2026-06-24,15030,0.2235931225283749
2026-06-24,15032,0.0
2026-06-24,15034,0.27040843024181227
2026-06-24,15041,0.0733612874859243
2026-06-24,15043,0.10194241167470583
2026-06-24,15045,0.03665075740008979
2026-06-24,17114,0.10269043135037263
2026-06-24,17115,0.0
2026-06-24,17143,0.0
2026-06-24,17222,0.5173957306780321
2026-06-24,17322,0.6087867585417573
2026-06-24,17323,0.0
2026-06-24,17400,0.6358318207528804
2026-06-24,17501,0.23895246071074583
2026-06-24,17504,0.7034808095611534
2026-06-24,17505,0.0
2026-06-24,17507,0.7247561598212444
2026-06-24,17508,0.0
2026-06-24,17521,0.06847891394269558
2026-06-24,17700,0.16747851948666734
2026-06-24,17704,0.13896956963882523
2026-06-24,17706,0.15197200298484928
2026-06-24,18100,0.0
2026-06-24,18101,0.14362996251546156
2026-06-24,18121,0.16410824683114406
2026-06-24,191070,0.03504937725061948
2026-06-24,20002,0.3777294212322767
2026-06-24,21008,0.0
2026-06-24,21010,0.024739866958643962
2026-06-24,210377,0.03504937725061948
2026-06-24,26001,0.26713251753762834
2026-06-24,26004,0.0
2026-06-24,26005,0.09774707119559645
2026-06-24,26006,0.0
2026-06-24,26007,0.0
2026-06-24,26008,0.06951849032898794
2026-06-24,26009,0.34271115415726955
2026-06-24,26010,0.0
2026-06-24,26020,0.025729067677941947
2026-06-24,26093,0.0
2026-06-24,26100,0.07762279740761718
2026-06-24,26101,0.2641777852871338
2026-06-24,26104,0.0
2026-06-24,26107,0.0
2026-06-24,26111,0.0
2026-06-24,26117,0.0
2026-06-24,26121,0.0
2026-06-24,26123,0.10290658016681554
2026-06-24,26124,0.0
2026-06-24,26127,0.0
2026-06-24,26141,0.0
2026-06-24,26142,0.0
2026-06-24,26151,0.0
2026-06-24,2621,0.08998699069468255
2026-06-24,2721,0.12463072038917485
2026-06-24,300675,0.03504937725061948
2026-06-24,3525,0.0
2026-06-24,3527,0.0
2026-06-24,4004,0.2247133720698921
2026-06-24,44016,0.030818237124206466
2026-06-24,44017,0.0
2026-06-24,44018,0.0
2026-06-24,44019,0.0
2026-06-24,44022,0.5880521360548615
2026-06-24,44031,0.0
2026-06-24,44033,0.0
2026-06-24,44052,0.040901035809749846
2026-06-24,44056,0.018576779372704112
2026-06-24,44060,0.0
2026-06-24,44068,0.06433335638782323
2026-06-24,44071,0.310375776115858
2026-06-24,44072,0.24643801281056163
2026-06-24,4500,0.13587635587131533
2026-06-24,45002,0.0
2026-06-24,45003,0.06234293916942314
2026-06-24,45005,0.13089699518990575
2026-06-24,45006,0.21218430150893813
2026-06-24,4502,0.11018875134464269
2026-06-24,45117,0.021543383488949523
2026-06-24,45120,0.0
2026-06-24,45203,0.191728844133199
2026-06-24,45207,0.13753743566164786
2026-06-24,45212,0.040456225101040126
2026-06-24,45215,0.0
2026-06-24,45225,0.17186467681150935
2026-06-24,4614,0.023676336424152268
2026-06-24,4616,0.7479894481936773
2026-06-24,4620,0.754001340957283
2026-06-24,4622,0.03504937725061948
2026-06-24,4700,0.09898283180586226
2026-06-24,4703,0.0
2026-06-24,4706,0.06451130824693867
2026-06-24,4708,0.0
2026-06-24,4710,0.0
2026-06-24,6153,0.13445842651206985
2026-06-24,6210,0.01711080942194291
2026-06-24,6304,0.0
2026-06-24,6307,0.0
2026-06-24,7002,0.0843978016803491
2026-06-24,7151,0.0
2026-06-24,7152,0.0
2026-06-24,7153,0.0
2026-06-24,7154,0.0
2026-06-24,7160,0.12345225445253166
2026-06-24,7161,0.06421157746862377
2026-06-24,7162,0.11142387764347694
2026-06-24,7706,0.0
2026-06-24,7707,0.0
2026-06-24,7715,0.06909559951482132
2026-06-24,7716,0.0
2026-06-24,8029,0.01927465274918583
2026-06-24,8050,0.0
2026-06-24,8118,0.06533482876779093
2026-06-24,8123,0.04580424450135253
2026-06-24,8143,0.09949690422136095
2026-06-24,8153,0.0
2026-06-24,8154,0.08963166102083371
2026-06-24,8166,0.0
2026-06-24,8168,0.0
2026-06-24,8169,0.0
2026-06-24,8170,0.0
2026-06-24,8202,0.2081655887554141
2026-06-24,8203,0.0
2026-06-24,8205,0.6267752635249296
2026-06-24,8206,0.3108627799552294
2026-06-24,8207,0.2469389004510765
2026-06-24,8208,0.0
2026-06-24,8210,0.36921761508447914
2026-06-24,8212,0.1563080847058605
2026-06-24,8213,0.28648804361013885
2026-06-24,8215,0.38039534391346863
2026-06-24,8216,0.266139373880801
2026-06-24,8217,0.15271091003419826
2026-06-24,8222,0.18260756016209118
2026-06-24,8225,0.14410961446104104
2026-06-24,9302,0.0753902314035008
2026-06-25,050304,0.03510814669485298
2026-06-25,07011,0.030869911955833152
2026-06-25,07013,0.05919610550894109
2026-06-25,10750,0.08884798014799479
2026-06-25,10752,0.0
2026-06-25,10755,0.0
2026-06-25,10757,0.0
2026-06-25,10762,0.08644280067822029
2026-06-25,12100,0.19892126205019267
2026-06-25,12105,0.0900029094529434
2026-06-25,12121,0.09930545759976264
2026-06-25,12125,0.08878967708565057
2026-06-25,12130,0.4817262050065708
2026-06-25,12132,0.0
2026-06-25,12134,0.31756964664139076
2026-06-25,12136,0.6525789558740624
2026-06-25,12138,0.4218980096016393
2026-06-25,1297,0.0
2026-06-25,1298,0.0
2026-06-25,1299,0.0
2026-06-25,13014,0.053974210069948195
2026-06-25,13016,0.0
2026-06-25,1302,0.0
2026-06-25,1303,0.0
2026-06-25,1306,0.07727226864876266
2026-06-25,1307,0.16678839004204934
2026-06-25,1308,0.17184568558286603
2026-06-25,1309,0.01831134131958952
2026-06-25,14210,0.0
2026-06-25,14218,0.15556344930334554
2026-06-25,15026,0.09188778474886825
2026-06-25,15030,0.200271677853716
2026-06-25,15032,0.0
2026-06-25,15034,0.23929903811810632
2026-06-25,15041,0.07341667392173072
2026-06-25,15043,0.10202148514744597
2026-06-25,15045,0.03671221197680704
2026-06-25,17114,0.09629120179232283
2026-06-25,17115,0.0
2026-06-25,17143,0.0
2026-06-25,17222,0.4254386970372345
2026-06-25,17322,0.5296667302548119
2026-06-25,17323,0.0
2026-06-25,17400,0.5571366844223937
2026-06-25,17501,0.21483347499137576
2026-06-25,17504,0.6137315683953544
2026-06-25,17505,0.0
2026-06-25,17507,0.6327745661331362
2026-06-25,17508,0.0
2026-06-25,17521,0.07825325097751558
2026-06-25,17700,0.1508030448854576
2026-06-25,17704,0.13602869764641157
2026-06-25,17706,0.1407143398906617
2026-06-25,18100,0.0
2026-06-25,18101,0.13795064914528793
2026-06-25,18121,0.16059248800659628
2026-06-25,191070,0.03510814669485298
2026-06-25,20002,0.34344446555994945
2026-06-25,21008,0.0
2026-06-25,21010,0.02478134981356529
2026-06-25,210377,0.03510814669485298
2026-06-25,26001,0.25429570093223663
2026-06-25,26004,0.0
2026-06-25,26005,0.0831935893578061
2026-06-25,26006,0.0
2026-06-25,26007,0.0
2026-06-25,26008,0.06951998360017284
2026-06-25,26009,0.32174645803017055
2026-06-25,26010,0.0
2026-06-25,26020,0.025772209186484783
2026-06-25,26093,0.0
2026-06-25,26100,0.0776244647609517
2026-06-25,26101,0.2597272582000532
2026-06-25,26104,0.0
2026-06-25,26107,0.0
2026-06-25,26111,0.0
2026-06-25,26117,0.0
2026-06-25,26121,0.0
2026-06-25,26123,0.1029087906209001
2026-06-25,26124,0.0
2026-06-25,26127,0.0
2026-06-25,26141,0.0
2026-06-25,26142,0.0
2026-06-25,26151,0.0
2026-06-25,2621,0.08560411815276632
2026-06-25,2721,0.12232191306444194
2026-06-25,300675,0.03510814669485298
2026-06-25,3525,0.0
2026-06-25,3527,0.0
2026-06-25,4004,0.21433020298905814
2026-06-25,44016,0.030869911955833152
2026-06-25,44017,0.0
2026-06-25,44018,0.0
2026-06-25,44019,0.0
2026-06-25,44022,0.492644182228325
2026-06-25,44031,0.0
2026-06-25,44033,0.0
2026-06-25,44052,0.0408627270059491
2026-06-25,44056,0.018575535892047773
2026-06-25,44060,0.0
2026-06-25,44068,0.06438094894226526
2026-06-25,44071,0.2719679829121399
2026-06-25,44072,0.2319798826704942
2026-06-25,4500,0.13345155846449866
2026-06-25,45002,0.0
2026-06-25,45003,0.062317612066230925
2026-06-25,45005,0.13099907711480743
2026-06-25,45006,0.2024628029165679
2026-06-25,4502,0.1020792591419984
2026-06-25,45117,0.021543383488949523
2026-06-25,45120,0.0
2026-06-25,45203,0.18022890761340074
2026-06-25,45207,0.13878285489386336
2026-06-25,45212,0.04052406053925555
2026-06-25,45215,0.0
2026-06-25,45225,0.1720011377433274
2026-06-25,4614,0.023676336424152268
2026-06-25,4616,0.6179882320575832
2026-06-25,4620,0.6258259169238056
2026-06-25,4622,0.03510814669485298
2026-06-25,4700,0.09889355888576988
2026-06-25,4703,0.0
2026-06-25,4706,0.06444780861854547
2026-06-25,4708,0.0
2026-06-25,4710,0.0
2026-06-25,6153,0.13456261961564345
2026-06-25,6210,0.017139500167371067
2026-06-25,6304,0.0
2026-06-25,6307,0.0
2026-06-25,7002,0.08446119854338827
2026-06-25,7151,0.0
2026-06-25,7152,0.0
2026-06-25,7153,0.0
2026-06-25,7154,0.0
2026-06-25,7160,0.1149409628384168
2026-06-25,7161,0.0641525607231387
2026-06-25,7162,0.10453877224733649
2026-06-25,7706,0.0
2026-06-25,7707,0.0
2026-06-25,7715,0.08217631917659905
2026-06-25,7716,0.0
2026-06-25,8029,0.019273362554724758
2026-06-25,8050,0.0
2026-06-25,8118,0.06530835215442425
2026-06-25,8123,0.04580424450135253
2026-06-25,8143,0.09639786035637826
2026-06-25,8153,0.0
2026-06-25,8154,0.0895969062684974
2026-06-25,8166,0.0
2026-06-25,8168,0.0
2026-06-25,8169,0.0
2026-06-25,8170,0.0
2026-06-25,8202,0.19106146307730273
2026-06-25,8203,0.0
2026-06-25,8205,0.5320634504078076
2026-06-25,8206,0.27527032375461513
2026-06-25,8207,0.2296786691267584
2026-06-25,8208,0.0
2026-06-25,8210,0.33684497578870787
2026-06-25,8212,0.13392249925424904
2026-06-25,8213,0.27236753780226525
2026-06-25,8215,0.30914676094305754
2026-06-25,8216,0.23480997217842553
2026-06-25,8217,0.1422788537592932
2026-06-25,8222,0.16360603669772397
2026-06-25,8225,0.1364784799715701
2026-06-25,9302,0.07532110440391866
2026-06-26,050304,0.060648521276773074
2026-06-26,07011,0.030688196227614
2026-06-26,07013,0.05396871370880435
2026-06-26,10750,0.06427932956155459
2026-06-26,10752,0.0
2026-06-26,10755,0.0
2026-06-26,10757,0.0
2026-06-26,10762,0.06960654434164158
2026-06-26,12100,0.1470362034488833
2026-06-26,12105,0.06960654434164158
2026-06-26,12121,0.08328175362870864
2026-06-26,12125,0.0687949665941125
2026-06-26,12130,0.48308735271467607
2026-06-26,12132,0.0
2026-06-26,12134,0.3133924834847
2026-06-26,12136,0.6469333385347233
2026-06-26,12138,0.4224384574980796
2026-06-26,1297,0.0
2026-06-26,1298,0.0
2026-06-26,1299,0.0
2026-06-26,13014,0.047094689055051556
2026-06-26,13016,0.0
2026-06-26,1302,0.0
2026-06-26,1303,0.0
2026-06-26,1306,0.06295259926798924
2026-06-26,1307,0.16678839004204934
2026-06-26,1308,0.15621359701037676
2026-06-26,1309,0.018391490317924475
2026-06-26,14210,0.0
2026-06-26,14218,0.11454775429106123
2026-06-26,15026,0.11351782988486134
2026-06-26,15030,0.14564343687816358
2026-06-26,15032,0.0
2026-06-26,15034,0.21496994557381421
2026-06-26,15041,0.06705366413425315
2026-06-26,15043,0.08255674627229198
2026-06-26,15045,0.0532287366253945
2026-06-26,17114,0.07811253204461932
2026-06-26,17115,0.0
2026-06-26,17143,0.0
2026-06-26,17222,0.411102419593274
2026-06-26,17322,0.5282199543253534
2026-06-26,17323,0.0
2026-06-26,17400,0.5530597855736129
2026-06-26,17501,0.19015972104777076
2026-06-26,17504,0.6144508912107337
2026-06-26,17505,0.0
2026-06-26,17507,0.6327745661331362
2026-06-26,17508,0.0
2026-06-26,17521,0.06788396570575392
2026-06-26,17700,0.10647449628167768
2026-06-26,17704,0.0994889202021828
2026-06-26,17706,0.13059507605022555
2026-06-26,18100,0.0
2026-06-26,18101,0.10383562543425859
2026-06-26,18121,0.11524500978132188
2026-06-26,191070,0.060648521276773074
2026-06-26,20002,0.33985773553169324
2026-06-26,21008,0.0
2026-06-26,21010,0.02488981813001901
2026-06-26,210377,0.060648521276773074
2026-06-26,26001,0.20730600388300663
2026-06-26,26004,0.0
2026-06-26,26005,0.08175254737008202
2026-06-26,26006,0.0
2026-06-26,26007,0.0
2026-06-26,26008,0.06780475815484424
2026-06-26,26009,0.23739022211967353
2026-06-26,26010,0.0
2026-06-26,26020,0.025885014508341023
2026-06-26,26093,0.0
2026-06-26,26100,0.0748199892856483
2026-06-26,26101,0.21311607239204958
2026-06-26,26104,0.0
2026-06-26,26107,0.0
2026-06-26,26111,0.0
2026-06-26,26117,0.0
2026-06-26,26121,0.0
2026-06-26,26123,0.10006612582157429
2026-06-26,26124,0.0
2026-06-26,26127,0.0
2026-06-26,26141,0.0
2026-06-26,26142,0.0
2026-06-26,26151,0.0
2026-06-26,2621,0.06789387803632549
2026-06-26,2721,0.10239530844487893
2026-06-26,300675,0.060648521276773074
2026-06-26,3525,0.0
2026-06-26,3527,0.0
2026-06-26,4004,0.16323347644539382
2026-06-26,44016,0.030688196227614
2026-06-26,44017,0.0
2026-06-26,44018,0.0
2026-06-26,44019,0.0
2026-06-26,44022,0.4865588200353546
2026-06-26,44031,0.0
2026-06-26,44033,0.0
2026-06-26,44052,0.03818125189655909
2026-06-26,44056,0.018476360522578044
2026-06-26,44060,0.0
2026-06-26,44068,0.05871329072526575
2026-06-26,44071,0.2346524012617714
2026-06-26,44072,0.18031539383056516
2026-06-26,4500,0.09699391821456979
2026-06-26,45002,0.0
2026-06-26,45003,0.056589402094061186
2026-06-26,45005,0.10507129319331945
2026-06-26,45006,0.1586503053739039
2026-06-26,4502,0.07940769299199615
2026-06-26,45117,0.02132351756779007
2026-06-26,45120,0.0
2026-06-26,45203,0.13912571744751825
2026-06-26,45207,0.10822443833124874
2026-06-26,45212,0.038718165801528474
2026-06-26,45215,0.0
2026-06-26,45225,0.13840163605881392
2026-06-26,4614,0.023704605347001154
2026-06-26,4616,0.6511094316046221
2026-06-26,4620,0.6691592893149666
2026-06-26,4622,0.060648521276773074
2026-06-26,4700,0.08481445447974818
2026-06-26,4703,0.0
2026-06-26,4706,0.05846414927845735
2026-06-26,4708,0.0
2026-06-26,4710,0.0
2026-06-26,6153,0.11381412168560624
2026-06-26,6210,0.01721452000051169
2026-06-26,6304,0.0
2026-06-26,6307,0.0
2026-06-26,7002,0.06739749085914101
2026-06-26,7151,0.0
2026-06-26,7152,0.0
2026-06-26,7153,0.0
2026-06-26,7154,0.0
2026-06-26,7160,0.08600172645385444
2026-06-26,7161,0.058343670407849095
2026-06-26,7162,0.08274168519064302
2026-06-26,7706,0.0
2026-06-26,7707,0.0
2026-06-26,7715,0.07070829266326946
2026-06-26,7716,0.0
2026-06-26,8029,0.01917075772459842
2026-06-26,8050,0.0
2026-06-26,8118,0.0603034313163286
2026-06-26,8123,0.039405075174661304
2026-06-26,8143,0.08104789376692774
2026-06-26,8153,0.0
2026-06-26,8154,0.07827665214498634
2026-06-26,8166,0.0
2026-06-26,8168,0.0
2026-06-26,8169,0.0
2026-06-26,8170,0.0
2026-06-26,8202,0.16554087416888733
2026-06-26,8203,0.0
2026-06-26,8205,0.5209292876532687
2026-06-26,8206,0.2512511771475808
2026-06-26,8207,0.1651128072120816
2026-06-26,8208,0.0
2026-06-26,8210,0.31714921080764397
2026-06-26,8212,0.10469081212050531
2026-06-26,8213,0.20409615746102377
2026-06-26,8215,0.28316166404244597
2026-06-26,8216,0.20826632615432453
2026-06-26,8217,0.11288061686080478
2026-06-26,8222,0.14141122996744723
2026-06-26,8225,0.09784566456499061
2026-06-26,9302,0.06045850896143647
2026-06-27,050304,0.016078250563587613
2026-06-27,07011,0.015214869249086767
2026-06-27,07013,0.01612880967923719
2026-06-27,10750,0.010065945645178459
2026-06-27,10752,0.0
2026-06-27,10755,0.0
2026-06-27,10757,0.0
2026-06-27,10762,0.015793329061365866
2026-06-27,12100,0.023085341650986642
2026-06-27,12105,0.015793329061365866
2026-06-27,12121,0.015289367560777508
2026-06-27,12125,0.010544674872012041
2026-06-27,12130,0.03848703278586265
2026-06-27,12132,0.0
2026-06-27,12134,0.03584796296066448
2026-06-27,12136,0.03912931076674254
2026-06-27,12138,0.015008094002949356
2026-06-27,1297,0.0
2026-06-27,1298,0.0
2026-06-27,1299,0.0
2026-06-27,13014,0.009807872521413392
2026-06-27,13016,0.0
2026-06-27,1302,0.0
2026-06-27,1303,0.0
2026-06-27,1306,0.012710870184440124
2026-06-27,1307,0.010247009234840896
2026-06-27,1308,0.010247009234840896
2026-06-27,1309,0.018630995604916527
2026-06-27,14210,0.0
2026-06-27,14218,0.011353595938461955
2026-06-27,15026,0.011567984226436557
2026-06-27,15030,0.014204726125239557
2026-06-27,15032,0.0
2026-06-27,15034,0.025242029932879093
2026-06-27,15041,0.011852770306804896
2026-06-27,15043,0.011852770306804896
2026-06-27,15045,0.012063558143918964
2026-06-27,17114,0.011969155975793934
2026-06-27,17115,0.0
2026-06-27,17143,0.0
2026-06-27,17222,0.045359208257851134
2026-06-27,17322,0.04339078764425132
2026-06-27,17323,0.0
2026-06-27,17400,0.04260591699515975
2026-06-27,17501,0.015256018834042718
2026-06-27,17504,0.04618496436054172
2026-06-27,17505,0.0
2026-06-27,17507,0.046977765060746905
2026-06-27,17508,0.0
2026-06-27,17521,0.01677957921738299
2026-06-27,17700,0.02052975526158735
2026-06-27,17704,0.01713404319692853
2026-06-27,17706,0.010359868512719753
2026-06-27,18100,0.0
2026-06-27,18101,0.016299170861117467
2026-06-27,18121,0.013510162814502829
2026-06-27,191070,0.016078250563587613
2026-06-27,20002,0.022000796765035305
2026-06-27,21008,0.0
2026-06-27,21010,0.015091385599722998
2026-06-27,210377,0.016078250563587613
2026-06-27,26001,0.029749833466954416
2026-06-27,26004,0.0
2026-06-27,26005,0.03072099289730104
2026-06-27,26006,0.0
2026-06-27,26007,0.0
2026-06-27,26008,0.029967420257839255
2026-06-27,26009,0.03204485701132307
2026-06-27,26010,0.0
2026-06-27,26020,0.014101255229940799
2026-06-27,26093,0.0
2026-06-27,26100,0.029163200155846954
2026-06-27,26101,0.03147893203166499
2026-06-27,26104,0.0
2026-06-27,26107,0.0
2026-06-27,26111,0.0
2026-06-27,26117,0.0
2026-06-27,26121,0.0
2026-06-27,26123,0.033388290687864315
2026-06-27,26124,0.0
2026-06-27,26127,0.0
2026-06-27,26141,0.0
2026-06-27,26142,0.0
2026-06-27,26151,0.0
2026-06-27,2621,0.01661104968698882
2026-06-27,2721,0.020298701630067813
2026-06-27,300675,0.016078250563587613
2026-06-27,3525,0.0
2026-06-27,3527,0.0
2026-06-27,4004,0.028102173076127206
2026-06-27,44016,0.015214869249086767
2026-06-27,44017,0.0
2026-06-27,44018,0.0
2026-06-27,44019,0.0
2026-06-27,44022,0.04467366962373774
2026-06-27,44031,0.0
2026-06-27,44033,0.0
2026-06-27,44052,0.01018933511563133
2026-06-27,44056,0.011505553194529467
2026-06-27,44060,0.0
2026-06-27,44068,0.016092059054462985
2026-06-27,44071,0.024149800773944977
2026-06-27,44072,0.017162840303822507
2026-06-27,4500,0.024978888294924825
2026-06-27,45002,0.0
2026-06-27,45003,0.01332959046170235
2026-06-27,45005,0.015174985949394393
2026-06-27,45006,0.02385509449473521
2026-06-27,4502,0.015312331198848316
2026-06-27,45117,0.009766681408015766
2026-06-27,45120,0.0
2026-06-27,45203,0.014974360978683186
2026-06-27,45207,0.02170435666550746
2026-06-27,45212,0.015933467787175918
2026-06-27,45215,0.0
2026-06-27,45225,0.025471227584329036
2026-06-27,4614,0.011209136712678959
2026-06-27,4616,0.05668516836575226
2026-06-27,4620,0.0867922921234203
2026-06-27,4622,0.016078250563587613
2026-06-27,4700,0.013100804234592938
2026-06-27,4703,0.0
2026-06-27,4706,0.012233432348778807
2026-06-27,4708,0.0
2026-06-27,4710,0.0
2026-06-27,6153,0.016612444801524483
2026-06-27,6210,0.014984987772840557
2026-06-27,6304,0.0
2026-06-27,6307,0.0
2026-06-27,7002,0.01580689522520314
2026-06-27,7151,0.0
2026-06-27,7152,0.0
2026-06-27,7153,0.0
2026-06-27,7154,0.0
2026-06-27,7160,0.010114768790612292
2026-06-27,7161,0.010301701713646982
2026-06-27,7162,0.010114768790612292
2026-06-27,7706,0.0
2026-06-27,7707,0.0
2026-06-27,7715,0.0142777851019157
2026-06-27,7716,0.0
2026-06-27,8029,0.01120510710981162
2026-06-27,8050,0.0
2026-06-27,8118,0.0131485801734715
2026-06-27,8123,0.013814508878794932
2026-06-27,8143,0.013385058367077509
2026-06-27,8153,0.0
2026-06-27,8154,0.013395146406991956
2026-06-27,8166,0.0
2026-06-27,8168,0.0
2026-06-27,8169,0.0
2026-06-27,8170,0.0
2026-06-27,8202,0.011768164466491779
2026-06-27,8203,0.0
2026-06-27,8205,0.0238204671479275
2026-06-27,8206,0.017138412698161284
2026-06-27,8207,0.017274248046231202
2026-06-27,8208,0.0
2026-06-27,8210,0.019895754562174184
2026-06-27,8212,0.02280220087699926
2026-06-27,8213,0.01658613401583894
2026-06-27,8215,0.030667383184906645
2026-06-27,8216,0.01753276081866193
2026-06-27,8217,0.014584866797326639
2026-06-27,8222,0.02008961058619321
2026-06-27,8225,0.013977017949677876
2026-06-27,9302,0.012359290946361743
2026-06-28,050304,0.01582751503579626
2026-06-28,07011,0.014977597895691775
2026-06-28,07013,0.01587728569709896
2026-06-28,10750,0.010065945645178459
2026-06-28,10752,0.0
2026-06-28,10755,0.0
2026-06-28,10757,0.0
2026-06-28,10762,0.015547036799522889
2026-06-28,12100,0.02272086135089337
2026-06-28,12105,0.015547036799522889
2026-06-28,12121,0.015005455933272347
2026-06-28,12125,0.010589453081858498
2026-06-28,12130,0.03850084994132397
2026-06-28,12132,0.0
2026-06-28,12134,0.036031537830750845
2026-06-28,12136,0.03862064883207773
2026-06-28,12138,0.015051329322304836
2026-06-28,1297,0.0
2026-06-28,1298,0.0
2026-06-28,1299,0.0
2026-06-28,13014,0.009807872521413392
2026-06-28,13016,0.0
2026-06-28,1302,0.0
2026-06-28,1303,0.0
2026-06-28,1306,0.01251264795051122
2026-06-28,1307,0.010247009234840896
2026-06-28,1308,0.010247009234840896
2026-06-28,1309,0.018340450778674265
2026-06-28,14210,0.0
2026-06-28,14218,0.011364128226984878
2026-06-28,15026,0.011527770169248162
2026-06-28,15030,0.014245647102297745
2026-06-28,15032,0.0
2026-06-28,15034,0.0253147471763288
2026-06-28,15041,0.011667929884837789
2026-06-28,15043,0.011667929884837789
2026-06-28,15045,0.011875430548426245
2026-06-28,17114,0.011969155975793934
2026-06-28,17115,0.0
2026-06-28,17143,0.0
2026-06-28,17222,0.045092522940521365
2026-06-28,17322,0.04270571711157482
2026-06-28,17323,0.0
2026-06-28,17400,0.042619485859025086
2026-06-28,17501,0.01534332256605598
2026-06-28,17504,0.04570052450062266
2026-06-28,17505,0.0
2026-06-28,17507,0.0467015635866945
2026-06-28,17508,0.0
2026-06-28,17521,0.01646799552201288
2026-06-28,17700,0.02052975526158735
2026-06-28,17704,0.01713404319692853
2026-06-28,17706,0.010299144142727468
2026-06-28,18100,0.0
2026-06-28,18101,0.016299170861117467
2026-06-28,18121,0.013555982260955739
2026-06-28,191070,0.01582751503579626
2026-06-28,20002,0.021714797149213247
2026-06-28,21008,0.0
2026-06-28,21010,0.014856039937053771
2026-06-28,210377,0.01582751503579626
2026-06-28,26001,0.028026628980740997
2026-06-28,26004,0.0
2026-06-28,26005,0.027952007177534204
2026-06-28,26006,0.0
2026-06-28,26007,0.0
2026-06-28,26008,0.02720172046430684
2026-06-28,26009,0.029206515071716267
2026-06-28,26010,0.0
2026-06-28,26020,0.013881350355426213
2026-06-28,26093,0.0
2026-06-28,26100,0.02672522524489152
2026-06-28,26101,0.028690716344887686
2026-06-28,26104,0.0
2026-06-28,26107,0.0
2026-06-28,26111,0.0
2026-06-28,26117,0.0
2026-06-28,26121,0.0
2026-06-28,26123,0.030096156713866395
2026-06-28,26124,0.0
2026-06-28,26127,0.0
2026-06-28,26141,0.0
2026-06-28,26142,0.0
2026-06-28,26151,0.0
2026-06-28,2621,0.016626735614908295
2026-06-28,2721,0.020357178132634032
2026-06-28,300675,0.01582751503579626
2026-06-28,3525,0.0
2026-06-28,3527,0.0
2026-06-28,4004,0.026429112456238364
2026-06-28,44016,0.014977597895691775
2026-06-28,44017,0.0
2026-06-28,44018,0.0
2026-06-28,44019,0.0
2026-06-28,44022,0.04448439529310024
2026-06-28,44031,0.0
2026-06-28,44033,0.0
2026-06-28,44052,0.01018933511563133
2026-06-28,44056,0.011344738298808766
2026-06-28,44060,0.0
2026-06-28,44068,0.01584110818737001
2026-06-28,44071,0.02389649049719183
2026-06-28,44072,0.017216954554357698
2026-06-28,4500,0.024647485438020034
2026-06-28,45002,0.0
2026-06-28,45003,0.01337479750063926
2026-06-28,45005,0.014943002700391722
2026-06-28,45006,0.022308562218163314
2026-06-28,4502,0.015312331198848316
2026-06-28,45117,0.009766681408015766
2026-06-28,45120,0.0
2026-06-28,45203,0.014713089412318428
2026-06-28,45207,0.021436235551592856
2026-06-28,45212,0.015684990103651583
2026-06-28,45215,0.0
2026-06-28,45225,0.024985523809169793
2026-06-28,4614,0.011283797882213174
2026-06-28,4616,0.05155302650957332
2026-06-28,4620,0.07893432207513104
2026-06-28,4622,0.01582751503579626
2026-06-28,4700,0.013142018676242716
2026-06-28,4703,0.0
2026-06-28,4706,0.012235124066226179
2026-06-28,4708,0.0
2026-06-28,4710,0.0
2026-06-28,6153,0.016303964661865872
2026-06-28,6210,0.014751301352585405
2026-06-28,6304,0.0
2026-06-28,6307,0.0
2026-06-28,7002,0.015560391403076511
2026-06-28,7151,0.0
2026-06-28,7152,0.0
2026-06-28,7153,0.0
2026-06-28,7154,0.0
2026-06-28,7160,0.010114768790612292
2026-06-28,7161,0.01031533417796177
2026-06-28,7162,0.010114768790612292
2026-06-28,7706,0.0
2026-06-28,7707,0.0
2026-06-28,7715,0.014035810919079917
2026-06-28,7716,0.0
2026-06-28,8029,0.01111343875937367
2026-06-28,8050,0.0
2026-06-28,8118,0.012980740373674466
2026-06-28,8123,0.013706083506481241
2026-06-28,8143,0.013414575218707132
2026-06-28,8153,0.0
2026-06-28,8154,0.013440575777603627
2026-06-28,8166,0.0
2026-06-28,8168,0.0
2026-06-28,8169,0.0
2026-06-28,8170,0.0
2026-06-28,8202,0.01186338551243059
2026-06-28,8203,0.0
2026-06-28,8205,0.023680416889462312
2026-06-28,8206,0.01697177184130349
2026-06-28,8207,0.017279749439855517
2026-06-28,8208,0.0
2026-06-28,8210,0.019778779292483263
2026-06-28,8212,0.02293268821162656
2026-06-28,8213,0.01663842991766257
2026-06-28,8215,0.0304759398622927
2026-06-28,8216,0.01726473376201334
2026-06-28,8217,0.014395270650177983
2026-06-28,8222,0.02008961058619321
2026-06-28,8225,0.013759050518538417
2026-06-28,9302,0.012359290946361743
2026-06-29,050304,0.053814167448831704
2026-06-29,07011,0.024647422664915822
2026-06-29,07013,0.04787384164160393
2026-06-29,10750,0.08306405078812489
2026-06-29,10752,0.0
2026-06-29,10755,0.0
2026-06-29,10757,0.0
2026-06-29,10762,0.07009185831168734
2026-06-29,12100,0.201072732239272
2026-06-29,12105,0.07009185831168734
2026-06-29,12121,0.07935499518698974
2026-06-29,12125,0.07509746755275895
2026-06-29,12130,0.5341134869213664
2026-06-29,12132,0.0
2026-06-29,12134,0.3299824416447041
2026-06-29,12136,0.7128465263215092
2026-06-29,12138,0.48210535118283215
2026-06-29,1297,0.0
2026-06-29,1298,0.0
2026-06-29,1299,0.0
2026-06-29,13014,0.053344010090396625
2026-06-29,13016,0.0
2026-06-29,1302,0.0
2026-06-29,1303,0.0
2026-06-29,1306,0.062081695413079854
2026-06-29,1307,0.15563700423621651
2026-06-29,1308,0.1637282681407391
2026-06-29,1309,0.017480126637932185
2026-06-29,14210,0.0
2026-06-29,14218,0.14716827610262975
2026-06-29,15026,0.14916355914785143
2026-06-29,15030,0.1942173619710476
2026-06-29,15032,0.0
2026-06-29,15034,0.246262750624737
2026-06-29,15041,0.06566064750930647
2026-06-29,15043,0.08892987547778355
2026-06-29,15045,0.05527696022397511
2026-06-29,17114,0.11079370135531452
2026-06-29,17115,0.0
2026-06-29,17143,0.0
2026-06-29,17222,0.47667285262469916
2026-06-29,17322,0.5894659869582546
2026-06-29,17323,0.0
2026-06-29,17400,0.6237637941029283
2026-06-29,17501,0.23944432500601803
2026-06-29,17504,0.6399481391464725
2026-06-29,17505,0.0
2026-06-29,17507,0.6844361877117624
2026-06-29,17508,0.0
2026-06-29,17521,0.07029808810990887
2026-06-29,17700,0.14771162811947466
2026-06-29,17704,0.12490656135163826
2026-06-29,17706,0.1413225365260709
2026-06-29,18100,0.0
2026-06-29,18101,0.13477508514909084
2026-06-29,18121,0.15037143123719082
2026-06-29,191070,0.053814167448831704
2026-06-29,20002,0.34480963904696965
2026-06-29,21008,0.0
2026-06-29,21010,0.022109944631186193
2026-06-29,210377,0.053814167448831704
2026-06-29,26001,0.3091753295378034
2026-06-29,26004,0.0
2026-06-29,26005,0.09917358232892427
2026-06-29,26006,0.0
2026-06-29,26007,0.0
2026-06-29,26008,0.07863410911944319
2026-06-29,26009,0.35754644209674397
2026-06-29,26010,0.0
2026-06-29,26020,0.02549135915280542
2026-06-29,26093,0.0
2026-06-29,26100,0.08715687467737904
2026-06-29,26101,0.2662655028030514
2026-06-29,26104,0.0
2026-06-29,26107,0.0
2026-06-29,26111,0.0
2026-06-29,26117,0.0
2026-06-29,26121,0.0
2026-06-29,26123,0.10905968642754596
2026-06-29,26124,0.0
2026-06-29,26127,0.0
2026-06-29,26141,0.0
2026-06-29,26142,0.0
2026-06-29,26151,0.0
2026-06-29,2621,0.08984911772249037
2026-06-29,2721,0.11944492104185396
2026-06-29,300675,0.053814167448831704
2026-06-29,3525,0.0
2026-06-29,3527,0.0
2026-06-29,4004,0.21408131754191267
2026-06-29,44016,0.024647422664915822
2026-06-29,44017,0.0
2026-06-29,44018,0.0
2026-06-29,44019,0.0
2026-06-29,44022,0.5286014298108992
2026-06-29,44031,0.0
2026-06-29,44033,0.0
2026-06-29,44052,0.042428176859241
2026-06-29,44056,0.01822299623751871
2026-06-29,44060,0.0
2026-06-29,44068,0.052092836422875405
2026-06-29,44071,0.2655402082039082
2026-06-29,44072,0.22378216806919285
2026-06-29,4500,0.11379516544175285
2026-06-29,45002,0.0
2026-06-29,45003,0.05468694648842412
2026-06-29,45005,0.10584580733450166
2026-06-29,45006,0.18928058463696254
2026-06-29,4502,0.10818142077237125
2026-06-29,45117,0.01812689166796128
2026-06-29,45120,0.0
2026-06-29,45203,0.1558537115683234
2026-06-29,45207,0.13226871592867367
2026-06-29,45212,0.039839423151351694
2026-06-29,45215,0.0
2026-06-29,45225,0.13937265985452446
2026-06-29,4614,0.02257442078337817
2026-06-29,4616,0.791478491163008
2026-06-29,4620,0.8209122645587088
2026-06-29,4622,0.053814167448831704
2026-06-29,4700,0.09955655419673518
2026-06-29,4703,0.0
2026-06-29,4706,0.053253822740465764
2026-06-29,4708,0.0
2026-06-29,4710,0.0
2026-06-29,6153,0.11010831503558818
2026-06-29,6210,0.016418505475399213
2026-06-29,6304,0.0
2026-06-29,6307,0.0
2026-06-29,7002,0.06787299680899264
2026-06-29,7151,0.0
2026-06-29,7152,0.0
2026-06-29,7153,0.0
2026-06-29,7154,0.0
2026-06-29,7160,0.11359279827538815
2026-06-29,7161,0.06361346696907094
2026-06-29,7162,0.09645893753888667
2026-06-29,7706,0.0
2026-06-29,7707,0.0
2026-06-29,7715,0.06806228660978335
2026-06-29,7716,0.0
2026-06-29,8029,0.019020297104085013
2026-06-29,8050,0.0
2026-06-29,8118,0.05565577367162351
2026-06-29,8123,0.03505436797544848
2026-06-29,8143,0.08432351242588479
2026-06-29,8153,0.0
2026-06-29,8154,0.07848449633883398
2026-06-29,8166,0.0
2026-06-29,8168,0.0
2026-06-29,8169,0.0
2026-06-29,8170,0.0
2026-06-29,8202,0.21713096129849938
2026-06-29,8203,0.0
2026-06-29,8205,0.5782907488110116
2026-06-29,8206,0.2823806280904388
2026-06-29,8207,0.22364065809005212
2026-06-29,8208,0.0
2026-06-29,8210,0.3343672615264688
2026-06-29,8212,0.14658533275795657
2026-06-29,8213,0.2653767122025129
2026-06-29,8215,0.32468446726993294
2026-06-29,8216,0.25291185807276945
2026-06-29,8217,0.1651990728768092
2026-06-29,8222,0.16608276853854967
2026-06-29,8225,0.13774761624667026
2026-06-29,9302,0.06634259081030816
2026-06-30,050304,0.05409303653663574
2026-06-30,07011,0.025024337923946587
2026-06-30,07013,0.04811953702730999
2026-06-30,10750,0.08204956827092887
2026-06-30,10752,0.0
2026-06-30,10755,0.0
2026-06-30,10757,0.0
2026-06-30,10762,0.07046467182942667
2026-06-30,12100,0.20290929066736743
2026-06-30,12105,0.07046467182942667
2026-06-30,12121,0.08002517037869372
2026-06-30,12125,0.0734774492902904
2026-06-30,12130,0.5054667599870328
2026-06-30,12132,0.0
2026-06-30,12134,0.32332945373063676
2026-06-30,12136,0.676600527555401
2026-06-30,12138,0.4514938834823009
2026-06-30,1297,0.0
2026-06-30,1298,0.0
2026-06-30,1299,0.0
2026-06-30,13014,0.05267332884964981
2026-06-30,13016,0.0
2026-06-30,1302,0.0
2026-06-30,1303,0.0
2026-06-30,1306,0.062415134801525746
2026-06-30,1307,0.15415161252649473
2026-06-30,1308,0.15992451715234876
2026-06-30,1309,0.017798049270437655
2026-06-30,14210,0.0
2026-06-30,14218,0.14745919041556688
2026-06-30,15026,0.1423360800264966
2026-06-30,15030,0.19051831768979263
2026-06-30,15032,0.0
2026-06-30,15034,0.24284440488689787
2026-06-30,15041,0.06601573763355406
2026-06-30,15043,0.09081299962545937
2026-06-30,15045,0.05490001184562592
2026-06-30,17114,0.10684900587598753
2026-06-30,17115,0.0
2026-06-30,17143,0.0
2026-06-30,17222,0.4711084211111919
2026-06-30,17322,0.5603599994053402
2026-06-30,17323,0.0
2026-06-30,17400,0.5879988921155994
2026-06-30,17501,0.2170204956873885
2026-06-30,17504,0.6436954977122992
2026-06-30,17505,0.0
2026-06-30,17507,0.6690687914889321
2026-06-30,17508,0.0
2026-06-30,17521,0.07088240954769005
2026-06-30,17700,0.14264686729882625
2026-06-30,17704,0.1236752205978726
2026-06-30,17706,0.14051832218390764
2026-06-30,18100,0.0
2026-06-30,18101,0.13009149554141838
2026-06-30,18121,0.14710312785392268
2026-06-30,191070,0.05409303653663574
2026-06-30,20002,0.34414674032643944
2026-06-30,21008,0.0
2026-06-30,21010,0.022512072827811685
2026-06-30,210377,0.05409303653663574
2026-06-30,26001,0.26065076788716657
2026-06-30,26004,0.0
2026-06-30,26005,0.08490209495952349
2026-06-30,26006,0.0
2026-06-30,26007,0.0
2026-06-30,26008,0.06837396205310799
2026-06-30,26009,0.30135844013620505
2026-06-30,26010,0.0
2026-06-30,26020,0.025954987373347935
2026-06-30,26093,0.0
2026-06-30,26100,0.07710823560878945
2026-06-30,26101,0.23146745861154208
2026-06-30,26104,0.0
2026-06-30,26107,0.0
2026-06-30,26111,0.0
2026-06-30,26117,0.0
2026-06-30,26121,0.0
2026-06-30,26123,0.09339022006098498
2026-06-30,26124,0.0
2026-06-30,26127,0.0
2026-06-30,26141,0.0
2026-06-30,26142,0.0
2026-06-30,26151,0.0
2026-06-30,2621,0.08762568325242964
2026-06-30,2721,0.11581503491917086
2026-06-30,300675,0.05409303653663574
2026-06-30,3525,0.0
2026-06-30,3527,0.0
2026-06-30,4004,0.19496712832510352
2026-06-30,44016,0.025024337923946587
2026-06-30,44017,0.0
2026-06-30,44018,0.0
2026-06-30,44019,0.0
2026-06-30,44022,0.5293078285316466
2026-06-30,44031,0.0
2026-06-30,44033,0.0
2026-06-30,44052,0.041889065055723
2026-06-30,44056,0.0185100307116098
2026-06-30,44060,0.0
2026-06-30,44068,0.05409303653663574
2026-06-30,44071,0.26569762817957115
2026-06-30,44072,0.2065701776474826
2026-06-30,4500,0.11374110503975601
2026-06-30,45002,0.0
2026-06-30,45003,0.05264103655539073
2026-06-30,45005,0.10608559055572521
2026-06-30,45006,0.17628015300022476
2026-06-30,4502,0.1043200254267502
2026-06-30,45117,0.017891270862712888
2026-06-30,45120,0.0
2026-06-30,45203,0.15735365273333873
2026-06-30,45207,0.13135813734098623
2026-06-30,45212,0.040041280472739985
2026-06-30,45215,0.0
2026-06-30,45225,0.13916903200985178
2026-06-30,4614,0.022090023929756123
2026-06-30,4616,0.7507904644135679
2026-06-30,4620,0.7363066418873003
2026-06-30,4622,0.05409303653663574
2026-06-30,4700,0.09722355004230744
2026-06-30,4703,0.0
2026-06-30,4706,0.05296290112627979
2026-06-30,4708,0.0
2026-06-30,4710,0.0
2026-06-30,6153,0.11105944118486492
2026-06-30,6210,0.016717119701180467
2026-06-30,6304,0.0
2026-06-30,6307,0.0
2026-06-30,7002,0.0682327420639227
2026-06-30,7151,0.0
2026-06-30,7152,0.0
2026-06-30,7153,0.0
2026-06-30,7154,0.0
2026-06-30,7160,0.11081294233634625
2026-06-30,7161,0.062078729705236806
2026-06-30,7162,0.09405757586684318
2026-06-30,7706,0.0
2026-06-30,7707,0.0
2026-06-30,7715,0.06953604081117916
2026-06-30,7716,0.0
2026-06-30,8029,0.01925525658698017
2026-06-30,8050,0.0
2026-06-30,8118,0.055531120793340175
2026-06-30,8123,0.03484048091046091
2026-06-30,8143,0.08147521167405296
2026-06-30,8153,0.0
2026-06-30,8154,0.07768967879056374
2026-06-30,8166,0.0
2026-06-30,8168,0.0
2026-06-30,8169,0.0
2026-06-30,8170,0.0
2026-06-30,8202,0.2104242154335489
2026-06-30,8203,0.0
2026-06-30,8205,0.5837748853154434
2026-06-30,8206,0.283854545201649
2026-06-30,8207,0.2109464447135532
2026-06-30,8208,0.0
2026-06-30,8210,0.33377745026611855
2026-06-30,8212,0.13466929477126055
2026-06-30,8213,0.24773222140917117
2026-06-30,8215,0.30884846341721284
2026-06-30,8216,0.25984575087786327
2026-06-30,8217,0.16354660503951182
2026-06-30,8222,0.16223448489602368
2026-06-30,8225,0.13819661065529476
2026-06-30,9302,0.06509221288836411
2026-07-01,050304,0.053324983806717734
2026-07-01,07011,0.026327737933249558
2026-07-01,07013,0.04743081157588456
2026-07-01,10750,0.07984179848331847
2026-07-01,10752,0.0
2026-07-01,10755,0.0
2026-07-01,10757,0.0
2026-07-01,10762,0.06719238069348231
2026-07-01,12100,0.18428749394075308
2026-07-01,12105,0.06719238069348231
2026-07-01,12121,0.07804264455641093
2026-07-01,12125,0.07346346976264825
2026-07-01,12130,0.49176337276716453
2026-07-01,12132,0.0
2026-07-01,12134,0.30313406405737653
2026-07-01,12136,0.6569361273710496
2026-07-01,12138,0.43130518918532423
2026-07-01,1297,0.0
2026-07-01,1298,0.0
2026-07-01,1299,0.0
2026-07-01,13014,0.04471629640630423
2026-07-01,13016,0.0
2026-07-01,1302,0.0
2026-07-01,1303,0.0
2026-07-01,1306,0.059604930595924366
2026-07-01,1307,0.15331708084101145
2026-07-01,1308,0.1536748294829228
2026-07-01,1309,0.01809061685043756
2026-07-01,14210,0.0
2026-07-01,14218,0.13525986610265603
2026-07-01,15026,0.131247033976748
2026-07-01,15030,0.18398905589156764
2026-07-01,15032,0.0
2026-07-01,15034,0.23451763192463856
2026-07-01,15041,0.059041673269733176
2026-07-01,15043,0.08156703000574472
2026-07-01,15045,0.05061794764404707
2026-07-01,17114,0.08920016031783407
2026-07-01,17115,0.0
2026-07-01,17143,0.0
2026-07-01,17222,0.4415117234283904
2026-07-01,17322,0.5416151866911408
2026-07-01,17323,0.0
2026-07-01,17400,0.5684749326083075
2026-07-01,17501,0.20128450455999705
2026-07-01,17504,0.6269044950047998
2026-07-01,17505,0.0
2026-07-01,17507,0.6502550074942248
2026-07-01,17508,0.0
2026-07-01,17521,0.07082079357526166
2026-07-01,17700,0.14111776888789196
2026-07-01,17704,0.12238262419061031
2026-07-01,17706,0.12814640227946286
2026-07-01,18100,0.0
2026-07-01,18101,0.12824217718956124
2026-07-01,18121,0.14435869989582537
2026-07-01,191070,0.053324983806717734
2026-07-01,20002,0.3424019849355702
2026-07-01,21008,0.0
2026-07-01,21010,0.024482636017180717
2026-07-01,210377,0.053324983806717734
2026-07-01,26001,0.2012317423000774
2026-07-01,26004,0.0
2026-07-01,26005,0.07409725290365411
2026-07-01,26006,0.0
2026-07-01,26007,0.0
2026-07-01,26008,0.05974923919866578
2026-07-01,26009,0.25897122634661296
2026-07-01,26010,0.0
2026-07-01,26020,0.0254615515949803
2026-07-01,26093,0.0
2026-07-01,26100,0.06836656471828279
2026-07-01,26101,0.19418272446499651
2026-07-01,26104,0.0
2026-07-01,26107,0.0
2026-07-01,26111,0.0
2026-07-01,26117,0.0
2026-07-01,26121,0.0
2026-07-01,26123,0.07829363067751335
2026-07-01,26124,0.0
2026-07-01,26127,0.0
2026-07-01,26141,0.0
2026-07-01,26142,0.0
2026-07-01,26151,0.0
2026-07-01,2621,0.07117166725246457
2026-07-01,2721,0.10651079311969495
2026-07-01,300675,0.053324983806717734
2026-07-01,3525,0.0
2026-07-01,3527,0.0
2026-07-01,4004,0.17679325756767025
2026-07-01,44016,0.026327737933249558
2026-07-01,44017,0.0
2026-07-01,44018,0.0
2026-07-01,44019,0.0
2026-07-01,44022,0.5171209763691664
2026-07-01,44031,0.0
2026-07-01,44033,0.0
2026-07-01,44052,0.0397770973256161
2026-07-01,44056,0.018411003214904836
2026-07-01,44060,0.0
2026-07-01,44068,0.053324983806717734
2026-07-01,44071,0.25873478512273507
2026-07-01,44072,0.20535225829104448
2026-07-01,4500,0.10564225024061681
2026-07-01,45002,0.0
2026-07-01,45003,0.05063920893966986
2026-07-01,45005,0.10241271203383434
2026-07-01,45006,0.163083870107609
2026-07-01,4502,0.08827838953766787
2026-07-01,45117,0.01840808843406239
2026-07-01,45120,0.0
2026-07-01,45203,0.15973882042342455
2026-07-01,45207,0.10753204646373807
2026-07-01,45212,0.03838899837456147
2026-07-01,45215,0.0
2026-07-01,45225,0.1366762132937955
2026-07-01,4614,0.02367186935108748
2026-07-01,4616,0.6351041696413054
2026-07-01,4620,0.6145583106368424
2026-07-01,4622,0.053324983806717734
2026-07-01,4700,0.08173950231996646
2026-07-01,4703,0.0
2026-07-01,4706,0.05305262316322228
2026-07-01,4708,0.0
2026-07-01,4710,0.0
2026-07-01,6153,0.10580001010214952
2026-07-01,6210,0.016932901043366654
2026-07-01,6304,0.0
2026-07-01,6307,0.0
2026-07-01,7002,0.06505826428180451
2026-07-01,7151,0.0
2026-07-01,7152,0.0
2026-07-01,7153,0.0
2026-07-01,7154,0.0
2026-07-01,7160,0.10059495283165233
2026-07-01,7161,0.05226314879092007
2026-07-01,7162,0.09058343893803676
2026-07-01,7706,0.0
2026-07-01,7707,0.0
2026-07-01,7715,0.06780025268909258
2026-07-01,7716,0.0
2026-07-01,8029,0.019104940389627824
2026-07-01,8050,0.0
2026-07-01,8118,0.0538400322621683
2026-07-01,8123,0.034562929709455105
2026-07-01,8143,0.07837274569673698
2026-07-01,8153,0.0
2026-07-01,8154,0.07369922345849761
2026-07-01,8166,0.0
2026-07-01,8168,0.0
2026-07-01,8169,0.0
2026-07-01,8170,0.0
2026-07-01,8202,0.1811400942912817
2026-07-01,8203,0.0
2026-07-01,8205,0.5423336020868665
2026-07-01,8206,0.26772948673988567
2026-07-01,8207,0.1954579425168342
2026-07-01,8208,0.0
2026-07-01,8210,0.2894079257100048
2026-07-01,8212,0.13781496630480516
2026-07-01,8213,0.22021761759494207
2026-07-01,8215,0.2989948512590023
2026-07-01,8216,0.23311504803587604
2026-07-01,8217,0.13699982136921451
2026-07-01,8222,0.1576063794788469
2026-07-01,8225,0.1271826647506264
2026-07-01,9302,0.05937187319167561
2026-07-02,050304,0.05336410442023897
2026-07-02,07011,0.026371883268991144
2026-07-02,07013,0.047465441674551634
2026-07-02,10750,0.074758028207636
2026-07-02,10752,0.0
2026-07-02,10755,0.0
2026-07-02,10757,0.0
2026-07-02,10762,0.06724222939035479
2026-07-02,12100,0.16167640919443751
2026-07-02,12105,0.06724222939035479
2026-07-02,12121,0.07810103768227197
2026-07-02,12125,0.07025941276465465
2026-07-02,12130,0.4260159746916845
2026-07-02,12132,0.0
2026-07-02,12134,0.26843528841362546
2026-07-02,12136,0.57894361744813
2026-07-02,12138,0.36788845735789744
2026-07-02,1297,0.0
2026-07-02,1298,0.0
2026-07-02,1299,0.0
2026-07-02,13014,0.043846707321510685
2026-07-02,13016,0.0
2026-07-02,1302,0.0
2026-07-02,1303,0.0
2026-07-02,1306,0.059649364810524026
2026-07-02,1307,0.14540921683348607
2026-07-02,1308,0.1475605875410035
2026-07-02,1309,0.01812095049917942
2026-07-02,14210,0.0
2026-07-02,14218,0.1272135246072486
2026-07-02,15026,0.12409065946464565
2026-07-02,15030,0.16420871633416584
2026-07-02,15032,0.0
2026-07-02,15034,0.20674546459120052
2026-07-02,15041,0.05908566326641854
2026-07-02,15043,0.08162914664894905
2026-07-02,15045,0.048955378965589776
2026-07-02,17114,0.08356963598419305
2026-07-02,17115,0.0
2026-07-02,17143,0.0
2026-07-02,17222,0.35935261311376865
2026-07-02,17322,0.4675206555790823
2026-07-02,17323,0.0
2026-07-02,17400,0.49404855128483754
2026-07-02,17501,0.18035498290889648
2026-07-02,17504,0.5425629333599015
2026-07-02,17505,0.0
2026-07-02,17507,0.5631452237414364
2026-07-02,17508,0.0
2026-07-02,17521,0.07087321510670429
2026-07-02,17700,0.12670354957978974
2026-07-02,17704,0.11393597454071863
2026-07-02,17706,0.11843242926757927
2026-07-02,18100,0.0
2026-07-02,18101,0.11713698076913752
2026-07-02,18121,0.13430910506577454
2026-07-02,191070,0.05336410442023897
2026-07-02,20002,0.2735658342987145
2026-07-02,21008,0.0
2026-07-02,21010,0.024523687557178483
2026-07-02,210377,0.05336410442023897
2026-07-02,26001,0.19136924338597514
2026-07-02,26004,0.0
2026-07-02,26005,0.07280083978025427
2026-07-02,26006,0.0
2026-07-02,26007,0.0
2026-07-02,26008,0.05899753097400836
2026-07-02,26009,0.23972161920697224
2026-07-02,26010,0.0
2026-07-02,26020,0.025504244542870924
2026-07-02,26093,0.0
2026-07-02,26100,0.067506441481911
2026-07-02,26101,0.18844178087804264
2026-07-02,26104,0.0
2026-07-02,26107,0.0
2026-07-02,26111,0.0
2026-07-02,26117,0.0
2026-07-02,26121,0.0
2026-07-02,26123,0.07730861451817966
2026-07-02,26124,0.0
2026-07-02,26127,0.0
2026-07-02,26141,0.0
2026-07-02,26142,0.0
2026-07-02,26151,0.0
2026-07-02,2621,0.07103177609895085
2026-07-02,2721,0.10450951740605173
2026-07-02,300675,0.05336410442023897
2026-07-02,3525,0.0
2026-07-02,3527,0.0
2026-07-02,4004,0.16529401690006193
2026-07-02,44016,0.026371883268991144
2026-07-02,44017,0.0
2026-07-02,44018,0.0
2026-07-02,44019,0.0
2026-07-02,44022,0.4290594112770717
2026-07-02,44031,0.0
2026-07-02,44033,0.0
2026-07-02,44052,0.03973980146655058
2026-07-02,44056,0.018409770830867637
2026-07-02,44060,0.0
2026-07-02,44068,0.05336410442023897
2026-07-02,44071,0.22589386731288538
2026-07-02,44072,0.19299173191497676
2026-07-02,4500,0.1037120710798714
2026-07-02,45002,0.0
2026-07-02,45003,0.05061821572914962
2026-07-02,45005,0.10249086560290263
2026-07-02,45006,0.15352017204355195
2026-07-02,4502,0.0839902021603468
2026-07-02,45117,0.01840808843406239
2026-07-02,45120,0.0
2026-07-02,45203,0.14995078256685065
2026-07-02,45207,0.10762110228073232
2026-07-02,45212,0.03845336756671634
2026-07-02,45215,0.0
2026-07-02,45225,0.13678236368702829
2026-07-02,4614,0.02367186935108748
2026-07-02,4616,0.517386190767086
2026-07-02,4620,0.5166558960529417
2026-07-02,4622,0.05336410442023897
2026-07-02,4700,0.0816647625599083
2026-07-02,4703,0.0
2026-07-02,4706,0.052999875313335255
2026-07-02,4708,0.0
2026-07-02,4710,0.0
2026-07-02,6153,0.10588042498780896
2026-07-02,6210,0.016961293478885944
2026-07-02,6304,0.0
2026-07-02,6307,0.0
2026-07-02,7002,0.06510644708097779
2026-07-02,7151,0.0
2026-07-02,7152,0.0
2026-07-02,7153,0.0
2026-07-02,7154,0.0
2026-07-02,7160,0.09350599657336461
2026-07-02,7161,0.05221458593001331
2026-07-02,7162,0.08487363046475593
2026-07-02,7706,0.0
2026-07-02,7707,0.0
2026-07-02,7715,0.06787387022211737
2026-07-02,7716,0.0
2026-07-02,8029,0.019103661555264863
2026-07-02,8050,0.0
2026-07-02,8118,0.058518329616571295
2026-07-02,8123,0.034562929709455105
2026-07-02,8143,0.07589278638732823
2026-07-02,8153,0.0
2026-07-02,8154,0.07366983425855184
2026-07-02,8166,0.0
2026-07-02,8168,0.0
2026-07-02,8169,0.0
2026-07-02,8170,0.0
2026-07-02,8202,0.16082181782777608
2026-07-02,8203,0.0
2026-07-02,8205,0.45578103079736615
2026-07-02,8206,0.2362253273048938
2026-07-02,8207,0.18137895367202173
2026-07-02,8208,0.0
2026-07-02,8210,0.2533447003064969
2026-07-02,8212,0.11967367571717637
2026-07-02,8213,0.1913250963921221
2026-07-02,8215,0.26478265631111436
2026-07-02,8216,0.20381831441222992
2026-07-02,8217,0.12754048867659148
2026-07-02,8222,0.14079943260660335
2026-07-02,8225,0.12036648065560498
2026-07-02,9302,0.05931672178272677
2026-07-03,050304,0.0516014770294958
2026-07-03,07011,0.026367992586111482
2026-07-03,07013,0.045890343234620434
2026-07-03,10750,0.05377947517996189
2026-07-03,10752,0.0
2026-07-03,10755,0.0
2026-07-03,10757,0.0
2026-07-03,10762,0.05927130729924778
2026-07-03,12100,0.12648112187972096
2026-07-03,12105,0.05927130729924778
2026-07-03,12121,0.07131512928554266
2026-07-03,12125,0.05906121789021961
2026-07-03,12130,0.42972413777085683
2026-07-03,12132,0.0
2026-07-03,12134,0.27260679816049377
2026-07-03,12136,0.5772636530461408
2026-07-03,12138,0.3683850906616512
2026-07-03,1297,0.0
2026-07-03,1298,0.0
2026-07-03,1299,0.0
2026-07-03,13014,0.04029225298665336
2026-07-03,13016,0.0
2026-07-03,1302,0.0
2026-07-03,1303,0.0
2026-07-03,1306,0.05364300794128847
2026-07-03,1307,0.14540921683348607
2026-07-03,1308,0.1350721375080472
2026-07-03,1309,0.018305821124695157
2026-07-03,14210,0.0
2026-07-03,14218,0.09876874511668166
2026-07-03,15026,0.11362286882257046
2026-07-03,15030,0.12573212899707345
2026-07-03,15032,0.0
2026-07-03,15034,0.19176932073970482
2026-07-03,15041,0.05716372676140043
2026-07-03,15043,0.07050209677321218
2026-07-03,15045,0.046578412942361785
2026-07-03,17114,0.06849986468286988
2026-07-03,17115,0.0
2026-07-03,17143,0.0
2026-07-03,17222,0.36209131423769725
2026-07-03,17322,0.4687737754370218
2026-07-03,17323,0.0
2026-07-03,17400,0.4955038612983917
2026-07-03,17501,0.16494287711338032
2026-07-03,17504,0.5490625396951845
2026-07-03,17505,0.0
2026-07-03,17507,0.5631452237414364
2026-07-03,17508,0.0
2026-07-03,17521,0.0672572463564676
2026-07-03,17700,0.09429138654093028
2026-07-03,17704,0.08798437045394236
2026-07-03,17706,0.11381861273202924
2026-07-03,18100,0.0
2026-07-03,18101,0.09192525033475894
2026-07-03,18121,0.10182123328846612
2026-07-03,191070,0.0516014770294958
2026-07-03,20002,0.2807606254138945
2026-07-03,21008,0.0
2026-07-03,21010,0.024773879149438138
2026-07-03,210377,0.0516014770294958
2026-07-03,26001,0.1670180607440963
2026-07-03,26004,0.0
2026-07-03,26005,0.07508067973733996
2026-07-03,26006,0.0
2026-07-03,26007,0.0
2026-07-03,26008,0.060538578066914414
2026-07-03,26009,0.18446784377062214
2026-07-03,26010,0.0
2026-07-03,26020,0.025764439814755832
2026-07-03,26093,0.0
2026-07-03,26100,0.0684477962512651
2026-07-03,26101,0.1677474284509365
2026-07-03,26104,0.0
2026-07-03,26107,0.0
2026-07-03,26111,0.0
2026-07-03,26117,0.0
2026-07-03,26121,0.0
2026-07-03,26123,0.0783865319531584
2026-07-03,26124,0.0
2026-07-03,26127,0.0
2026-07-03,26141,0.0
2026-07-03,26142,0.0
2026-07-03,26151,0.0
2026-07-03,2621,0.06117950774756518
2026-07-03,2721,0.08808661221698999
2026-07-03,300675,0.0516014770294958
2026-07-03,3525,0.0
2026-07-03,3527,0.0
2026-07-03,4004,0.13437899703269063
2026-07-03,44016,0.026367992586111482
2026-07-03,44017,0.0
2026-07-03,44018,0.0
2026-07-03,44019,0.0
2026-07-03,44022,0.43318458871977655
2026-07-03,44031,0.0
2026-07-03,44033,0.0
2026-07-03,44052,0.03915513227317989
2026-07-03,44056,0.018373074475156213
2026-07-03,44060,0.0
2026-07-03,44068,0.0516014770294958
2026-07-03,44071,0.20618511582500915
2026-07-03,44072,0.15722607459554638
2026-07-03,4500,0.0832976960580585
2026-07-03,45002,0.0
2026-07-03,45003,0.05268049805961135
2026-07-03,45005,0.09731568134131775
2026-07-03,45006,0.13213963347768382
2026-07-03,4502,0.06920998411306634
2026-07-03,45117,0.01821967152940703
2026-07-03,45120,0.0
2026-07-03,45203,0.12310275237562135
2026-07-03,45207,0.09138343080126982
2026-07-03,45212,0.03973417603282847
2026-07-03,45215,0.0
2026-07-03,45225,0.11699447810099055
2026-07-03,4614,0.023700132940368636
2026-07-03,4616,0.5552830684809249
2026-07-03,4620,0.5701598226721613
2026-07-03,4622,0.0516014770294958
2026-07-03,4700,0.07283196752564365
2026-07-03,4703,0.0
2026-07-03,4706,0.05062691186754523
2026-07-03,4708,0.0
2026-07-03,4710,0.0
2026-07-03,6153,0.09703182812716521
2026-07-03,6210,0.017134333239418355
2026-07-03,6304,0.0
2026-07-03,6307,0.0
2026-07-03,7002,0.057378765995924196
2026-07-03,7151,0.0
2026-07-03,7152,0.0
2026-07-03,7153,0.0
2026-07-03,7154,0.0
2026-07-03,7160,0.0739806320069809
2026-07-03,7161,0.05000811723551604
2026-07-03,7162,0.0711437716752217
2026-07-03,7706,0.0
2026-07-03,7707,0.0
2026-07-03,7715,0.06229747369963555
2026-07-03,7716,0.0
2026-07-03,8029,0.019112164661714053
2026-07-03,8050,0.0
2026-07-03,8118,0.05666786417487887
2026-07-03,8123,0.03365554417464931
2026-07-03,8143,0.06958097110390307
2026-07-03,8153,0.0
2026-07-03,8154,0.06424268182151907
2026-07-03,8166,0.0
2026-07-03,8168,0.0
2026-07-03,8169,0.0
2026-07-03,8170,0.0
2026-07-03,8202,0.14380415284630368
2026-07-03,8203,0.0
2026-07-03,8205,0.45329483211953725
2026-07-03,8206,0.22412821925203505
2026-07-03,8207,0.1420250678816136
2026-07-03,8208,0.0
2026-07-03,8210,0.24901662435591065
2026-07-03,8212,0.0982211715446513
2026-07-03,8213,0.17768939702143646
2026-07-03,8215,0.251430926744019
2026-07-03,8216,0.1909613075276929
2026-07-03,8217,0.09707813296794292
2026-07-03,8222,0.12574530025299552
2026-07-03,8225,0.09367984826382421
2026-07-03,9302,0.051788388985586305
2026-07-04,050304,0.016220926348798362
2026-07-04,07011,0.015375736806457525
2026-07-04,07013,0.016271934117831986
2026-07-04,10750,0.010064046478269454
2026-07-04,10752,0.0
2026-07-04,10755,0.0
2026-07-04,10757,0.0
2026-07-04,10762,0.015933476499422665
2026-07-04,12100,0.02327397223676081
2026-07-04,12105,0.015933476499422665
2026-07-04,12121,0.01552897337248893
2026-07-04,12125,0.01055076858703122
2026-07-04,12130,0.03728695755670854
2026-07-04,12132,0.0
2026-07-04,12134,0.03442583507360293
2026-07-04,12136,0.038078052147784515
2026-07-04,12138,0.014906966388851434
2026-07-04,1297,0.0
2026-07-04,1298,0.0
2026-07-04,1299,0.0
2026-07-04,13014,0.00980602204580017
2026-07-04,13016,0.0
2026-07-04,1302,0.0
2026-07-04,1303,0.0
2026-07-04,1306,0.012823664382857704
2026-07-04,1307,0.01024507590621574
2026-07-04,1308,0.01024507590621574
2026-07-04,1309,0.01805555931216127
2026-07-04,14210,0.0
2026-07-04,14218,0.011345408218356012
2026-07-04,15026,0.011565801666186268
2026-07-04,15030,0.014194482293917265
2026-07-04,15032,0.0
2026-07-04,15034,0.024233839173220566
2026-07-04,15041,0.01195794986622014
2026-07-04,15043,0.01195794986622014
2026-07-04,15045,0.01217060820037953
2026-07-04,17114,0.011976072891338686
2026-07-04,17115,0.0
2026-07-04,17143,0.0
2026-07-04,17222,0.04397681091879373
2026-07-04,17322,0.04213812199565956
2026-07-04,17323,0.0
2026-07-04,17400,0.04127579298214847
2026-07-04,17501,0.015245016856094834
2026-07-04,17504,0.04495282007352073
2026-07-04,17505,0.0
2026-07-04,17507,0.04532117572549607
2026-07-04,17508,0.0
2026-07-04,17521,0.0169284784792074
2026-07-04,17700,0.01972088885301354
2026-07-04,17704,0.016448127998090218
2026-07-04,17706,0.010357913890654968
2026-07-04,18100,0.0
2026-07-04,18101,0.015654545188895936
2026-07-04,18121,0.01350041987206323
2026-07-04,191070,0.016220926348798362
2026-07-04,20002,0.022216182555522147
2026-07-04,21008,0.0
2026-07-04,21010,0.015225304105461114
2026-07-04,210377,0.016220926348798362
2026-07-04,26001,0.02657067520843312
2026-07-04,26004,0.0
2026-07-04,26005,0.026854666107947584
2026-07-04,26006,0.0
2026-07-04,26007,0.0
2026-07-04,26008,0.025287151895173426
2026-07-04,26009,0.02749933381158064
2026-07-04,26010,0.0
2026-07-04,26020,0.014226387479524306
2026-07-04,26093,0.0
2026-07-04,26100,0.025744799649716623
2026-07-04,26101,0.02745765207942204
2026-07-04,26104,0.0
2026-07-04,26107,0.0
2026-07-04,26111,0.0
2026-07-04,26117,0.0
2026-07-04,26121,0.0
2026-07-04,26123,0.02935917564250252
2026-07-04,26124,0.0
2026-07-04,26127,0.0
2026-07-04,26141,0.0
2026-07-04,26142,0.0
2026-07-04,26151,0.0
2026-07-04,2621,0.015373929092529279
2026-07-04,2721,0.01951027507776358
2026-07-04,300675,0.016220926348798362
2026-07-04,3525,0.0
2026-07-04,3527,0.0
2026-07-04,4004,0.024994954433051317
2026-07-04,44016,0.015375736806457525
2026-07-04,44017,0.0
2026-07-04,44018,0.0
2026-07-04,44019,0.0
2026-07-04,44022,0.043348602921520964
2026-07-04,44031,0.0
2026-07-04,44033,0.0
2026-07-04,44052,0.010187412668525167
2026-07-04,44056,0.01153083313590422
2026-07-04,44060,0.0
2026-07-04,44068,0.016220926348798362
2026-07-04,44071,0.02429518489821975
2026-07-04,44072,0.01725371064775783
2026-07-04,4500,0.023992967569104608
2026-07-04,45002,0.0
2026-07-04,45003,0.013306888725782623
2026-07-04,45005,0.015399567444175173
2026-07-04,45006,0.021815024775061316
2026-07-04,4502,0.014698365967318832
2026-07-04,45117,0.009764838704031983
2026-07-04,45120,0.0
2026-07-04,45203,0.015102126230534925
2026-07-04,45207,0.021896957602873024
2026-07-04,45212,0.016061065062090454
2026-07-04,45215,0.0
2026-07-04,45225,0.02465282843438697
2026-07-04,4614,0.01120702185707834
2026-07-04,4616,0.05036666493289981
2026-07-04,4620,0.0667856908113397
2026-07-04,4622,0.016220926348798362
2026-07-04,4700,0.013108375124022595
2026-07-04,4703,0.0
2026-07-04,4706,0.012261596019992955
2026-07-04,4708,0.0
2026-07-04,4710,0.0
2026-07-04,6153,0.016872785087370692
2026-07-04,6210,0.015117962121536516
2026-07-04,6304,0.0
2026-07-04,6307,0.0
2026-07-04,7002,0.015947163047195376
2026-07-04,7151,0.0
2026-07-04,7152,0.0
2026-07-04,7153,0.0
2026-07-04,7154,0.0
2026-07-04,7160,0.010112860412119451
2026-07-04,7161,0.010811056188811148
2026-07-04,7162,0.010112860412119451
2026-07-04,7706,0.0
2026-07-04,7707,0.0
2026-07-04,7715,0.014340537972798795
2026-07-04,7716,0.0
2026-07-04,8029,0.011258340703221605
2026-07-04,8050,0.0
2026-07-04,8118,0.01311612207812758
2026-07-04,8123,0.01386034469005195
2026-07-04,8143,0.013511970437809441
2026-07-04,8153,0.0
2026-07-04,8154,0.013475589575337385
2026-07-04,8166,0.0
2026-07-04,8168,0.0
2026-07-04,8169,0.0
2026-07-04,8170,0.0
2026-07-04,8202,0.011765944137739539
2026-07-04,8203,0.0
2026-07-04,8205,0.02399517314708883
2026-07-04,8206,0.017361150332664256
2026-07-04,8207,0.01753482642743772
2026-07-04,8208,0.0
2026-07-04,8210,0.020150389020226683
2026-07-04,8212,0.02188893256087179
2026-07-04,8213,0.01670685543637211
2026-07-04,8215,0.02983862246208894
2026-07-04,8216,0.017744346975425998
2026-07-04,8217,0.014711875225221504
2026-07-04,8222,0.019297773274189387
2026-07-04,8225,0.014097429798863107
2026-07-04,9302,0.012366433318960273
2026-07-05,050304,0.01601685460215007
2026-07-05,07011,0.015182298195207639
2026-07-05,07013,0.016067220654163623
2026-07-05,10750,0.010064046478269454
2026-07-05,10752,0.0
2026-07-05,10755,0.0
2026-07-05,10757,0.0
2026-07-05,10762,0.015733021093270256
2026-07-05,12100,0.02306286757797905
2026-07-05,12105,0.015733021093270256
2026-07-05,12121,0.015344640847935697
2026-07-05,12125,0.010595572673981826
2026-07-05,12130,0.037707229786211716
2026-07-05,12132,0.0
2026-07-05,12134,0.034742237768937326
2026-07-05,12136,0.03799353945272855
2026-07-05,12138,0.014949910379761719
2026-07-05,1297,0.0
2026-07-05,1298,0.0
2026-07-05,1299,0.0
2026-07-05,13014,0.00980602204580017
2026-07-05,13016,0.0
2026-07-05,1302,0.0
2026-07-05,1303,0.0
2026-07-05,1306,0.012662332808275029
2026-07-05,1307,0.01024507590621574
2026-07-05,1308,0.01024507590621574
2026-07-05,1309,0.01790140044627786
2026-07-05,14210,0.0
2026-07-05,14218,0.011355932911450053
2026-07-05,15026,0.011525595196283694
2026-07-05,15030,0.01423537376054471
2026-07-05,15032,0.0
2026-07-05,15034,0.024402746625979032
2026-07-05,15041,0.011807509647020634
2026-07-05,15043,0.011807509647020634
2026-07-05,15045,0.01201749257554917
2026-07-05,17114,0.011976072891338686
2026-07-05,17115,0.0
2026-07-05,17143,0.0
2026-07-05,17222,0.04419489417514836
2026-07-05,17322,0.041924989054151235
2026-07-05,17323,0.0
2026-07-05,17400,0.041739093377556484
2026-07-05,17501,0.015332257628449692
2026-07-05,17504,0.04496626443397593
2026-07-05,17505,0.0
2026-07-05,17507,0.04554592575574013
2026-07-05,17508,0.0
2026-07-05,17521,0.01672753350364027
2026-07-05,17700,0.019801236886115306
2026-07-05,17704,0.016515349688725634
2026-07-05,17706,0.01029720097768005
2026-07-05,18100,0.0
2026-07-05,18101,0.015718570686077838
2026-07-05,18121,0.013546206275522098
2026-07-05,191070,0.01601685460215007
2026-07-05,20002,0.02207705355569294
2026-07-05,21008,0.0
2026-07-05,21010,0.015033758053451385
2026-07-05,210377,0.01601685460215007
2026-07-05,26001,0.026293223030368233
2026-07-05,26004,0.0
2026-07-05,26005,0.025665658861767793
2026-07-05,26006,0.0
2026-07-05,26007,0.0
2026-07-05,26008,0.024432663821076464
2026-07-05,26009,0.026326824843642634
2026-07-05,26010,0.0
2026-07-05,26020,0.014047408568023546
2026-07-05,26093,0.0
2026-07-05,26100,0.024885944486797738
2026-07-05,26101,0.026286920325619113
2026-07-05,26104,0.0
2026-07-05,26107,0.0
2026-07-05,26111,0.0
2026-07-05,26117,0.0
2026-07-05,26121,0.0
2026-07-05,26123,0.02816143414305087
2026-07-05,26124,0.0
2026-07-05,26127,0.0
2026-07-05,26141,0.0
2026-07-05,26142,0.0
2026-07-05,26151,0.0
2026-07-05,2621,0.015451440220922465
2026-07-05,2721,0.01964656235294255
2026-07-05,300675,0.01601685460215007
2026-07-05,3525,0.0
2026-07-05,3527,0.0
2026-07-05,4004,0.024691639820735255
2026-07-05,44016,0.015182298195207639
2026-07-05,44017,0.0
2026-07-05,44018,0.0
2026-07-05,44019,0.0
2026-07-05,44022,0.043635551053503197
2026-07-05,44031,0.0
2026-07-05,44033,0.0
2026-07-05,44052,0.010187412668525167
2026-07-05,44056,0.011369664898534729
2026-07-05,44060,0.0
2026-07-05,44068,0.01601685460215007
2026-07-05,44071,0.024204442747634915
2026-07-05,44072,0.017426252009378265
2026-07-05,4500,0.023771275911682828
2026-07-05,45002,0.0
2026-07-05,45003,0.013352018772237085
2026-07-05,45005,0.01526765745998975
2026-07-05,45006,0.021428958290792322
2026-07-05,4502,0.014758534506807724
2026-07-05,45117,0.009764838704031983
2026-07-05,45120,0.0
2026-07-05,45203,0.014939909963960387
2026-07-05,45207,0.021774073711757096
2026-07-05,45212,0.015859004493552365
2026-07-05,45215,0.0
2026-07-05,45225,0.024447446549662136
2026-07-05,4614,0.011281668940104683
2026-07-05,4616,0.048311090525802416
2026-07-05,4620,0.06405868888027923
2026-07-05,4622,0.01601685460215007
2026-07-05,4700,0.013149613383292654
2026-07-05,4703,0.0
2026-07-05,4706,0.012263291632093326
2026-07-05,4708,0.0
2026-07-05,4710,0.0
2026-07-05,6153,0.016672501205313862
2026-07-05,6210,0.014927766514358187
2026-07-05,6304,0.0
2026-07-05,6307,0.0
2026-07-05,7002,0.015746535453730757
2026-07-05,7151,0.0
2026-07-05,7152,0.0
2026-07-05,7153,0.0
2026-07-05,7154,0.0
2026-07-05,7160,0.010112860412119451
2026-07-05,7161,0.01082536269290104
2026-07-05,7162,0.010112860412119451
2026-07-05,7706,0.0
2026-07-05,7707,0.0
2026-07-05,7715,0.014193726093565383
2026-07-05,7716,0.0
2026-07-05,8029,0.011166236851752921
2026-07-05,8050,0.0
2026-07-05,8118,0.012948696601409727
2026-07-05,8123,0.013751559568076183
2026-07-05,8143,0.013583227685812079
2026-07-05,8153,0.0
2026-07-05,8154,0.01352129176734249
2026-07-05,8166,0.0
2026-07-05,8168,0.0
2026-07-05,8169,0.0
2026-07-05,8170,0.0
2026-07-05,8202,0.011861147218087648
2026-07-05,8203,0.0
2026-07-05,8205,0.0240169174788157
2026-07-05,8206,0.017309694143237252
2026-07-05,8207,0.017660137020631336
2026-07-05,8208,0.0
2026-07-05,8210,0.020168649223668247
2026-07-05,8212,0.022104207954516092
2026-07-05,8213,0.016873928111012224
2026-07-05,8215,0.029976702248355608
2026-07-05,8216,0.017592352022490196
2026-07-05,8217,0.014619742002937171
2026-07-05,8222,0.019376428739824352
2026-07-05,8225,0.01392007327430686
2026-07-05,9302,0.012366433318960273
2026-07-06,050304,0.05264382143602224
2026-07-06,07011,0.025749276996101817
2026-07-06,07013,0.04682285863106822
2026-07-06,10750,0.07788056578544089
2026-07-06,10752,0.0
2026-07-06,10755,0.0
2026-07-06,10757,0.0
2026-07-06,10762,0.06634101772056773
2026-07-06,12100,0.19352938559550475
2026-07-06,12105,0.06634101772056773
2026-07-06,12121,0.07535699062844853
2026-07-06,12125,0.06904456146999732
2026-07-06,12130,0.5439383630827499
2026-07-06,12132,0.0
2026-07-06,12134,0.31769319040430144
2026-07-06,12136,0.7355600968354836
2026-07-06,12138,0.48082038207038374
2026-07-06,1297,0.0
2026-07-06,1298,0.0
2026-07-06,1299,0.0
2026-07-06,13014,0.050608184300142994
2026-07-06,13016,0.0
2026-07-06,1302,0.0
2026-07-06,1303,0.0
2026-07-06,1306,0.05877989364625046
2026-07-06,1307,0.155943266744505
2026-07-06,1308,0.16150263743203278
2026-07-06,1309,0.018075351709727884
2026-07-06,14210,0.0
2026-07-06,14218,0.13898782077225075
2026-07-06,15026,0.1292625858436083
2026-07-06,15030,0.1835937196660137
2026-07-06,15032,0.0
2026-07-06,15034,0.2439848288495126
2026-07-06,15041,0.064293688699663
2026-07-06,15043,0.08629976255586845
2026-07-06,15045,0.05560736058840967
2026-07-06,17114,0.10645599094727505
2026-07-06,17115,0.0
2026-07-06,17143,0.0
2026-07-06,17222,0.4738618039283447
2026-07-06,17322,0.606745066256587
2026-07-06,17323,0.0
2026-07-06,17400,0.6410697632162363
2026-07-06,17501,0.23151772282845742
2026-07-06,17504,0.659768170433807
2026-07-06,17505,0.0
2026-07-06,17507,0.6976232387646499
2026-07-06,17508,0.0
2026-07-06,17521,0.06637230198907919
2026-07-06,17700,0.14303642764109384
2026-07-06,17704,0.1209173889796981
2026-07-06,17706,0.13732023665792178
2026-07-06,18100,0.0
2026-07-06,18101,0.13210137558077611
2026-07-06,18121,0.14553257448927157
2026-07-06,191070,0.05264382143602224
2026-07-06,20002,0.32677233543818285
2026-07-06,21008,0.0
2026-07-06,21010,0.022862822093294412
2026-07-06,210377,0.05264382143602224
2026-07-06,26001,0.2537517119181908
2026-07-06,26004,0.0
2026-07-06,26005,0.08334394447569078
2026-07-06,26006,0.0
2026-07-06,26007,0.0
2026-07-06,26008,0.06490640999903427
2026-07-06,26009,0.2892442200523192
2026-07-06,26010,0.0
2026-07-06,26020,0.026267825407450214
2026-07-06,26093,0.0
2026-07-06,26100,0.08046661212765287
2026-07-06,26101,0.21320237143130238
2026-07-06,26104,0.0
2026-07-06,26107,0.0
2026-07-06,26111,0.0
2026-07-06,26117,0.0
2026-07-06,26121,0.0
2026-07-06,26123,0.0931811256845808
2026-07-06,26124,0.0
2026-07-06,26127,0.0
2026-07-06,26141,0.0
2026-07-06,26142,0.0
2026-07-06,26151,0.0
2026-07-06,2621,0.08080285158185209
2026-07-06,2721,0.11001602581887322
2026-07-06,300675,0.05264382143602224
2026-07-06,3525,0.0
2026-07-06,3527,0.0
2026-07-06,4004,0.1835413715427175
2026-07-06,44016,0.025749276996101817
2026-07-06,44017,0.0
2026-07-06,44018,0.0
2026-07-06,44019,0.0
2026-07-06,44022,0.533382758460528
2026-07-06,44031,0.0
2026-07-06,44033,0.0
2026-07-06,44052,0.0413530193058963
2026-07-06,44056,0.016817854631365044
2026-07-06,44060,0.0
2026-07-06,44068,0.05264382143602224
2026-07-06,44071,0.266654663587144
2026-07-06,44072,0.22646843989814022
2026-07-06,4500,0.10709083415914036
2026-07-06,45002,0.0
2026-07-06,45003,0.056416815571385004
2026-07-06,45005,0.10859365445180186
2026-07-06,45006,0.16244739459910928
2026-07-06,4502,0.1034352448677859
2026-07-06,45117,0.018162561766707705
2026-07-06,45120,0.0
2026-07-06,45203,0.15501486240332407
2026-07-06,45207,0.12528929427277188
2026-07-06,45212,0.04067835329201786
2026-07-06,45215,0.0
2026-07-06,45225,0.135072095646179
2026-07-06,4614,0.02261884273024232
2026-07-06,4616,0.7132683750818162
2026-07-06,4620,0.7399328624291344
2026-07-06,4622,0.05264382143602224
2026-07-06,4700,0.09158702414201872
2026-07-06,4703,0.0
2026-07-06,4706,0.05105182295389907
2026-07-06,4708,0.0
2026-07-06,4710,0.0
2026-07-06,6153,0.10513632044967222
2026-07-06,6210,0.016918612801059222
2026-07-06,6304,0.0
2026-07-06,6307,0.0
2026-07-06,7002,0.06423290769196578
2026-07-06,7151,0.0
2026-07-06,7152,0.0
2026-07-06,7153,0.0
2026-07-06,7154,0.0
2026-07-06,7160,0.10706830188463203
2026-07-06,7161,0.06040273477731654
2026-07-06,7162,0.09082310394647544
2026-07-06,7706,0.0
2026-07-06,7707,0.0
2026-07-06,7715,0.06532067215086236
2026-07-06,7716,0.0
2026-07-06,8029,0.019325449527690868
2026-07-06,8050,0.0
2026-07-06,8118,0.058393494073403426
2026-07-06,8123,0.03389516481965046
2026-07-06,8143,0.07882202460452986
2026-07-06,8153,0.0
2026-07-06,8154,0.06979000918505976
2026-07-06,8166,0.0
2026-07-06,8168,0.0
2026-07-06,8169,0.0
2026-07-06,8170,0.0
2026-07-06,8202,0.2100454178020188
2026-07-06,8203,0.0
2026-07-06,8205,0.5784168027249338
2026-07-06,8206,0.2860585246103563
2026-07-06,8207,0.21320121154556343
2026-07-06,8208,0.0
2026-07-06,8210,0.3123518670643028
2026-07-06,8212,0.15189404845633503
2026-07-06,8213,0.261889750423454
2026-07-06,8215,0.33247537598285454
2026-07-06,8216,0.26593691755353416
2026-07-06,8217,0.15906067153303494
2026-07-06,8222,0.16439069066831502
2026-07-06,8225,0.12796018562782807
2026-07-06,9302,0.060910885116905976
2026-07-07,050304,0.0525721636722987
2026-07-07,07011,0.025708635861796333
2026-07-07,07013,0.05088677116473295
2026-07-07,10750,0.07692436174688091
2026-07-07,10752,0.0
2026-07-07,10755,0.0
2026-07-07,10757,0.0
2026-07-07,10762,0.06625805518532524
2026-07-07,12100,0.19329094061672797
2026-07-07,12105,0.06625805518532524
2026-07-07,12121,0.0734694598575798
2026-07-07,12125,0.06755020247638265
2026-07-07,12130,0.5095170295237716
2026-07-07,12132,0.0
2026-07-07,12134,0.3112550686888549
2026-07-07,12136,0.691024930651024
2026-07-07,12138,0.45028239994194813
2026-07-07,1297,0.0
2026-07-07,1298,0.0
2026-07-07,1299,0.0
2026-07-07,13014,0.04997016499312862
2026-07-07,13016,0.0
2026-07-07,1302,0.0
2026-07-07,1303,0.0
2026-07-07,1306,0.05870918050316103
2026-07-07,1307,0.15445495208086849
2026-07-07,1308,0.15774042299890512
2026-07-07,1309,0.018284742203154732
2026-07-07,14210,0.0
2026-07-07,14218,0.13926578909103943
2026-07-07,15026,0.12332219212661806
2026-07-07,15030,0.18008086639059662
2026-07-07,15032,0.0
2026-07-07,15034,0.24059234409780866
2026-07-07,15041,0.06421986159916485
2026-07-07,15043,0.08755682683567548
2026-07-07,15045,0.054868340477531315
2026-07-07,17114,0.10264839194519276
2026-07-07,17115,0.0
2026-07-07,17143,0.0
2026-07-07,17222,0.46343548372140175
2026-07-07,17322,0.570875748903946
2026-07-07,17323,0.0
2026-07-07,17400,0.5981373686934949
2026-07-07,17501,0.20978799338347534
2026-07-07,17504,0.6568516618282806
2026-07-07,17505,0.0
2026-07-07,17507,0.6773047509071688
2026-07-07,17508,0.0
2026-07-07,17521,0.0662383875787082
2026-07-07,17700,0.13810677757850842
2026-07-07,17704,0.11972007245468111
2026-07-07,17706,0.13653169367495996
2026-07-07,18100,0.0
2026-07-07,18101,0.1274969522147823
2026-07-07,18121,0.14236232466188178
2026-07-07,191070,0.0525721636722987
2026-07-07,20002,0.30794554663150436
2026-07-07,21008,0.0
2026-07-07,21010,0.02312767213196164
2026-07-07,210377,0.0525721636722987
2026-07-07,26001,0.22635538969453034
2026-07-07,26004,0.0
2026-07-07,26005,0.07412370229079894
2026-07-07,26006,0.0
2026-07-07,26007,0.0
2026-07-07,26008,0.05976874209544882
2026-07-07,26009,0.25470943038107224
2026-07-07,26010,0.0
2026-07-07,26020,0.02657212006304777
2026-07-07,26093,0.0
2026-07-07,26100,0.07142768392506055
2026-07-07,26101,0.19067512513129797
2026-07-07,26104,0.0
2026-07-07,26107,0.0
2026-07-07,26111,0.0
2026-07-07,26117,0.0
2026-07-07,26121,0.0
2026-07-07,26123,0.07967452120951919
2026-07-07,26124,0.0
2026-07-07,26127,0.0
2026-07-07,26141,0.0
2026-07-07,26142,0.0
2026-07-07,26151,0.0
2026-07-07,2621,0.0787866548188288
2026-07-07,2721,0.10665338774377614
2026-07-07,300675,0.0525721636722987
2026-07-07,3525,0.0
2026-07-07,3527,0.0
2026-07-07,4004,0.17364788802630482
2026-07-07,44016,0.025708635861796333
2026-07-07,44017,0.0
2026-07-07,44018,0.0
2026-07-07,44019,0.0
2026-07-07,44022,0.5286211450014269
2026-07-07,44031,0.0
2026-07-07,44033,0.0
2026-07-07,44052,0.04070765961764122
2026-07-07,44056,0.01708275640693121
2026-07-07,44060,0.0
2026-07-07,44068,0.0525721636722987
2026-07-07,44071,0.26407884427686557
2026-07-07,44072,0.2069024056959297
2026-07-07,4500,0.10703294806947015
2026-07-07,45002,0.0
2026-07-07,45003,0.054307887867694825
2026-07-07,45005,0.1077285226950883
2026-07-07,45006,0.15690241974194497
2026-07-07,4502,0.09972492978389341
2026-07-07,45117,0.01792647730682156
2026-07-07,45120,0.0
2026-07-07,45203,0.15490299558898804
2026-07-07,45207,0.12313767936110934
2026-07-07,45212,0.04061918506722804
2026-07-07,45215,0.0
2026-07-07,45225,0.13348110230137822
2026-07-07,4614,0.02213349268045639
2026-07-07,4616,0.6832543235464085
2026-07-07,4620,0.6652358573188957
2026-07-07,4622,0.0525721636722987
2026-07-07,4700,0.08943365596958949
2026-07-07,4703,0.0
2026-07-07,4706,0.051360261795032655
2026-07-07,4708,0.0
2026-07-07,4710,0.0
2026-07-07,6153,0.104955414571892
2026-07-07,6210,0.01711460327136387
2026-07-07,6304,0.0
2026-07-07,6307,0.0
2026-07-07,7002,0.06415148761723798
2026-07-07,7151,0.0
2026-07-07,7152,0.0
2026-07-07,7153,0.0
2026-07-07,7154,0.0
2026-07-07,7160,0.1044303051180434
2026-07-07,7161,0.06744129108739703
2026-07-07,7162,0.08854901633502846
2026-07-07,7706,0.0
2026-07-07,7707,0.0
2026-07-07,7715,0.06605498025528043
2026-07-07,7716,0.0
2026-07-07,8029,0.019564178586595395
2026-07-07,8050,0.0
2026-07-07,8118,0.05826408644695811
2026-07-07,8123,0.03368788468123974
2026-07-07,8143,0.07209470872442808
2026-07-07,8153,0.0
2026-07-07,8154,0.06348390354019656
2026-07-07,8166,0.0
2026-07-07,8168,0.0
2026-07-07,8169,0.0
2026-07-07,8170,0.0
2026-07-07,8202,0.20352645608987763
2026-07-07,8203,0.0
2026-07-07,8205,0.5779636973627488
2026-07-07,8206,0.2846205295795004
2026-07-07,8207,0.19903017341083803
2026-07-07,8208,0.0
2026-07-07,8210,0.308546598692642
2026-07-07,8212,0.13955864512988228
2026-07-07,8213,0.24196489112760236
2026-07-07,8215,0.2819035803708175
2026-07-07,8216,0.26241676327874663
2026-07-07,8217,0.15583537622787116
2026-07-07,8222,0.16057340457103972
2026-07-07,8225,0.12753057459108208
2026-07-07,9302,0.05975950480183532
2026-07-08,050304,0.06289563036021187
2026-07-08,07011,0.03114164582069867
2026-07-08,07013,0.06089186573634687
2026-07-08,10750,0.08861841032517195
2026-07-08,10752,0.0
2026-07-08,10755,0.0
2026-07-08,10757,0.0
2026-07-08,10762,0.07913618132203899
2026-07-08,12100,0.2141015199295171
2026-07-08,12105,0.07913618132203899
2026-07-08,12121,0.08761147167656044
2026-07-08,12125,0.08162048111794398
2026-07-08,12130,0.5516020583561355
2026-07-08,12132,0.0
2026-07-08,12134,0.3310346349130217
2026-07-08,12136,0.7328972341099669
2026-07-08,12138,0.47990682059332074
2026-07-08,1297,0.0
2026-07-08,1298,0.0
2026-07-08,1299,0.0
2026-07-08,13014,0.052103384617671326
2026-07-08,13016,0.0
2026-07-08,1302,0.0
2026-07-08,1303,0.0
2026-07-08,1306,0.07015535438132914
2026-07-08,1307,0.1756081110294538
2026-07-08,1308,0.17600801729704108
2026-07-08,1309,0.018284742203154732
2026-07-08,14210,0.0
2026-07-08,14218,0.15559311722868302
2026-07-08,15026,0.15096441359313215
2026-07-08,15030,0.21099732942377036
2026-07-08,15032,0.0
2026-07-08,15034,0.26711706298382165
2026-07-08,15041,0.06949745910912226
2026-07-08,15043,0.09573299624676845
2026-07-08,15045,0.06024787049078449
2026-07-08,17114,0.10320662005870349
2026-07-08,17115,0.0
2026-07-08,17143,0.0
2026-07-08,17222,0.454256168369302
2026-07-08,17322,0.607375856936364
2026-07-08,17323,0.0
2026-07-08,17400,0.6346506351164033
2026-07-08,17501,0.23039737897580354
2026-07-08,17504,0.7019055333018652
2026-07-08,17505,0.0
2026-07-08,17507,0.7192830170783738
2026-07-08,17508,0.0
2026-07-08,17521,0.07158075171522832
2026-07-08,17700,0.16194182700594711
2026-07-08,17704,0.14085952495496845
2026-07-08,17706,0.1473947349596664
2026-07-08,18100,0.0
2026-07-08,18101,0.1474663197040708
2026-07-08,18121,0.16636263742642418
2026-07-08,191070,0.06289563036021187
2026-07-08,20002,0.34751029021192137
2026-07-08,21008,0.0
2026-07-08,21010,0.02474535234087348
2026-07-08,210377,0.06289563036021187
2026-07-08,26001,0.233206403212773
2026-07-08,26004,0.0
2026-07-08,26005,0.07372842080138028
2026-07-08,26006,0.0
2026-07-08,26007,0.0
2026-07-08,26008,0.05974923919866578
2026-07-08,26009,0.2943334161795099
2026-07-08,26010,0.0
2026-07-08,26020,0.025734772388111105
2026-07-08,26093,0.0
2026-07-08,26100,0.07109937672533202
2026-07-08,26101,0.22114813658922772
2026-07-08,26104,0.0
2026-07-08,26107,0.0
2026-07-08,26111,0.0
2026-07-08,26117,0.0
2026-07-08,26121,0.0
2026-07-08,26123,0.08778642263393883
2026-07-08,26124,0.0
2026-07-08,26127,0.0
2026-07-08,26141,0.0
2026-07-08,26142,0.0
2026-07-08,26151,0.0
2026-07-08,2621,0.07909208277093988
2026-07-08,2721,0.12333424360503677
2026-07-08,300675,0.06289563036021187
2026-07-08,3525,0.0
2026-07-08,3527,0.0
2026-07-08,4004,0.2037598701849248
2026-07-08,44016,0.03114164582069867
2026-07-08,44017,0.0
2026-07-08,44018,0.0
2026-07-08,44019,0.0
2026-07-08,44022,0.5817915763317413
2026-07-08,44031,0.0
2026-07-08,44033,0.0
2026-07-08,44052,0.0396607163842101
2026-07-08,44056,0.01686013093175301
2026-07-08,44060,0.0
2026-07-08,44068,0.06289563036021187
2026-07-08,44071,0.2995669809931091
2026-07-08,44072,0.23832987461705488
2026-07-08,4500,0.12239236560968826
2026-07-08,45002,0.0
2026-07-08,45003,0.064180274876013
2026-07-08,45005,0.13043374115663023
2026-07-08,45006,0.18904830359440405
2026-07-08,4502,0.10215396499877771
2026-07-08,45117,0.021539318845400626
2026-07-08,45120,0.0
2026-07-08,45203,0.1861354855934218
2026-07-08,45207,0.12621531687108337
2026-07-08,45212,0.0400957362601977
2026-07-08,45215,0.0
2026-07-08,45225,0.15998680515744734
2026-07-08,4614,0.02367186935108748
2026-07-08,4616,0.7100621243587879
2026-07-08,4620,0.6659369771939775
2026-07-08,4622,0.06289563036021187
2026-07-08,4700,0.09492824375074281
2026-07-08,4703,0.0
2026-07-08,4706,0.06246124602178991
2026-07-08,4708,0.0
2026-07-08,4710,0.0
2026-07-08,6153,0.12420690695012805
2026-07-08,6210,0.01711460327136387
2026-07-08,6304,0.0
2026-07-08,6307,0.0
2026-07-08,7002,0.07663993837088275
2026-07-08,7151,0.0
2026-07-08,7152,0.0
2026-07-08,7153,0.0
2026-07-08,7154,0.0
2026-07-08,7160,0.11617939415567165
2026-07-08,7161,0.06961406111170279
2026-07-08,7162,0.10478243884770468
2026-07-08,7706,0.0
2026-07-08,7707,0.0
2026-07-08,7715,0.07911418594501733
2026-07-08,7716,0.0
2026-07-08,8029,0.019309950164719456
2026-07-08,8050,0.0
2026-07-08,8118,0.06821013672185132
2026-07-08,8123,0.04395304238027607
2026-07-08,8143,0.08832211502784532
2026-07-08,8153,0.0
2026-07-08,8154,0.07604119307884712
2026-07-08,8166,0.0
2026-07-08,8168,0.0
2026-07-08,8169,0.0
2026-07-08,8170,0.0
2026-07-08,8202,0.20692799312945048
2026-07-08,8203,0.0
2026-07-08,8205,0.6070508048361593
2026-07-08,8206,0.30890235900639335
2026-07-08,8207,0.22741852975689136
2026-07-08,8208,0.0
2026-07-08,8210,0.334256852609498
2026-07-08,8212,0.1749076792332747
2026-07-08,8213,0.2548547340853704
2026-07-08,8215,0.31107987896897255
2026-07-08,8216,0.26972954530163035
2026-07-08,8217,0.1595854764969061
2026-07-08,8222,0.1803967760458177
2026-07-08,8225,0.1482446961756769
2026-07-08,9302,0.06912922779376192
2026-07-09,050304,0.06294210553431294
2026-07-09,07011,0.031193862931556654
2026-07-09,07013,0.06093678842709049
2026-07-09,10750,0.08302209423783044
2026-07-09,10752,0.0
2026-07-09,10755,0.0
2026-07-09,10757,0.0
2026-07-09,10762,0.07919541389550624
2026-07-09,12100,0.18831076080936499
2026-07-09,12105,0.07919541389550624
2026-07-09,12121,0.09165900573175506
2026-07-09,12125,0.08156858526823378
2026-07-09,12130,0.48145259086658143
2026-07-09,12132,0.0
2026-07-09,12134,0.30465030360462486
2026-07-09,12136,0.650980049795594
2026-07-09,12138,0.4124885597843102
2026-07-09,1297,0.0
2026-07-09,1298,0.0
2026-07-09,1299,0.0
2026-07-09,13014,0.05109721565616281
2026-07-09,13016,0.0
2026-07-09,1302,0.0
2026-07-09,1303,0.0
2026-07-09,1306,0.07020815682368749
2026-07-09,1307,0.16675692166318662
2026-07-09,1308,0.1691671000655831
2026-07-09,1309,0.018315401353802357
2026-07-09,14210,0.0
2026-07-09,14218,0.14651112441325545
2026-07-09,15026,0.14288759586316752
2026-07-09,15030,0.18877593798478476
2026-07-09,15032,0.0
2026-07-09,15034,0.23630781871695095
2026-07-09,15041,0.06954973330222233
2026-07-09,15043,0.09580682155236717
2026-07-09,15045,0.05828309816718697
2026-07-09,17114,0.09677803317321004
2026-07-09,17115,0.0
2026-07-09,17143,0.0
2026-07-09,17222,0.41200739883707665
2026-07-09,17322,0.5282418573132623
2026-07-09,17323,0.0
2026-07-09,17400,0.555886858642372
2026-07-09,17501,0.20698473288018557
2026-07-09,17504,0.6121256128405523
2026-07-09,17505,0.0
2026-07-09,17507,0.6277558764360649
2026-07-09,17508,0.0
2026-07-09,17521,0.07163373576747192
2026-07-09,17700,0.14573022985568884
2026-07-09,17704,0.13131199676178057
2026-07-09,17706,0.13642742853966075
2026-07-09,18100,0.0
2026-07-09,18101,0.13493187207021184
2026-07-09,18121,0.15497530419020966
2026-07-09,191070,0.06294210553431294
2026-07-09,20002,0.3152310124735417
2026-07-09,21008,0.0
2026-07-09,21010,0.024786844393472205
2026-07-09,210377,0.06294210553431294
2026-07-09,26001,0.22191267339220758
2026-07-09,26004,0.0
2026-07-09,26005,0.07280083978025427
2026-07-09,26006,0.0
2026-07-09,26007,0.0
2026-07-09,26008,0.06423794755293145
2026-07-09,26009,0.2727216497902727
2026-07-09,26010,0.0
2026-07-09,26020,0.02577792346209197
2026-07-09,26093,0.0
2026-07-09,26100,0.07020487184176787
2026-07-09,26101,0.21465414453035964
2026-07-09,26104,0.0
2026-07-09,26107,0.0
2026-07-09,26111,0.0
2026-07-09,26117,0.0
2026-07-09,26121,0.0
2026-07-09,26123,0.08668197717501393
2026-07-09,26124,0.0
2026-07-09,26127,0.0
2026-07-09,26141,0.0
2026-07-09,26142,0.0
2026-07-09,26151,0.0
2026-07-09,2621,0.07520127995386713
2026-07-09,2721,0.12104700164035596
2026-07-09,300675,0.06294210553431294
2026-07-09,3525,0.0
2026-07-09,3527,0.0
2026-07-09,4004,0.19186813882403952
2026-07-09,44016,0.031193862931556654
2026-07-09,44017,0.0
2026-07-09,44018,0.0
2026-07-09,44019,0.0
2026-07-09,44022,0.4867956395658142
2026-07-09,44031,0.0
2026-07-09,44033,0.0
2026-07-09,44052,0.039623525512971776
2026-07-09,44056,0.016685395117930026
2026-07-09,44060,0.0
2026-07-09,44068,0.06294210553431294
2026-07-09,44071,0.2623429716091835
2026-07-09,44072,0.22429525885317164
2026-07-09,4500,0.1201850029475907
2026-07-09,45002,0.0
2026-07-09,45003,0.06415428317906952
2026-07-09,45005,0.1305353557434286
2026-07-09,45006,0.17806351977253207
2026-07-09,4502,0.09725768378904594
2026-07-09,45117,0.021539318845400626
2026-07-09,45120,0.0
2026-07-09,45203,0.17492034990193933
2026-07-09,45207,0.1263210530515345
2026-07-09,45212,0.04016296724462561
2026-07-09,45215,0.0
2026-07-09,45225,0.1601129514894954
2026-07-09,4614,0.02367186935108748
2026-07-09,4616,0.5850727869808641
2026-07-09,4620,0.5848625123609881
2026-07-09,4622,0.06294210553431294
2026-07-09,4700,0.09484234650877639
2026-07-09,4703,0.0
2026-07-09,4706,0.062399651602319285
2026-07-09,4708,0.0
2026-07-09,4710,0.0
2026-07-09,6153,0.12430247943899221
2026-07-09,6210,0.01714330037817244
2026-07-09,6304,0.0
2026-07-09,6307,0.0
2026-07-09,7002,0.07669718987179798
2026-07-09,7151,0.0
2026-07-09,7152,0.0
2026-07-09,7153,0.0
2026-07-09,7154,0.0
2026-07-09,7160,0.10811316065169263
2026-07-09,7161,0.0695503937264446
2026-07-09,7162,0.0982663111136143
2026-07-09,7706,0.0
2026-07-09,7707,0.0
2026-07-09,7715,0.0792000881498844
2026-07-09,7716,0.0
2026-07-09,8029,0.019308657607542405
2026-07-09,8050,0.0
2026-07-09,8118,0.08009561349909404
2026-07-09,8123,0.04395304238027607
2026-07-09,8143,0.0855466550574827
2026-07-09,8153,0.0
2026-07-09,8154,0.08264882314725695
2026-07-09,8166,0.0
2026-07-09,8168,0.0
2026-07-09,8169,0.0
2026-07-09,8170,0.0
2026-07-09,8202,0.18426616639098065
2026-07-09,8203,0.0
2026-07-09,8205,0.5141750538202515
2026-07-09,8206,0.27344879493930613
2026-07-09,8207,0.21133410675018668
2026-07-09,8208,0.0
2026-07-09,8210,0.29357441201395673
2026-07-09,8212,0.16727394291283623
2026-07-09,8213,0.2221320722910285
2026-07-09,8215,0.26583593073063033
2026-07-09,8216,0.23656871546743077
2026-07-09,8217,0.1487301261614424
2026-07-09,8222,0.1615845879124992
2026-07-09,8225,0.1552032951705381
2026-07-09,9302,0.06906551624477571
2026-07-10,050304,0.06023142598780366
2026-07-10,07011,0.03085901119975631
2026-07-10,07013,0.058309347559619765
2026-07-10,10750,0.06257348705511212
2026-07-10,10752,0.0
2026-07-10,10755,0.0
2026-07-10,10757,0.0
2026-07-10,10762,0.0691287037588576
2026-07-10,12100,0.1463505339737769
2026-07-10,12105,0.0691287037588576
2026-07-10,12121,0.08307138301401969
2026-07-10,12125,0.06868519198073084
2026-07-10,12130,0.4804588705159409
2026-07-10,12132,0.0
2026-07-10,12134,0.30508631124604285
2026-07-10,12136,0.6421997854500602
2026-07-10,12138,0.4130217768840695
2026-07-10,1297,0.0
2026-07-10,1298,0.0
2026-07-10,1299,0.0
2026-07-10,13014,0.046981590363843605
2026-07-10,13016,0.0
2026-07-10,1302,0.0
2026-07-10,1303,0.0
2026-07-10,1306,0.06252111074918909
2026-07-10,1307,0.16675692166318662
2026-07-10,1308,0.15515359969846143
2026-07-10,1309,0.018494801238309926
2026-07-10,14210,0.0
2026-07-10,14218,0.11422632965421824
2026-07-10,15026,0.13104228161655437
2026-07-10,15030,0.14523741319387243
2026-07-10,15032,0.0
2026-07-10,15034,0.21960493025601077
2026-07-10,15041,0.06659453292940798
2026-07-10,15043,0.08199363452798383
2026-07-10,15045,0.05488613525523665
2026-07-10,17114,0.07951586009927408
2026-07-10,17115,0.0
2026-07-10,17143,0.0
2026-07-10,17222,0.4107820728047709
2026-07-10,17322,0.5242196257670263
2026-07-10,17323,0.0
2026-07-10,17400,0.55180898296253
2026-07-10,17501,0.1896432308591048
2026-07-10,17504,0.6128448948769885
2026-07-10,17505,0.0
2026-07-10,17507,0.6277558764360649
2026-07-10,17508,0.0
2026-07-10,17521,0.0672572463564676
2026-07-10,17700,0.10900656648073943
2026-07-10,17704,0.10181854657149103
2026-07-10,17706,0.13120670617055738
2026-07-10,18100,0.0
2026-07-10,18101,0.1063120295637475
2026-07-10,18121,0.11796724495103056
2026-07-10,191070,0.06023142598780366
2026-07-10,20002,0.3199189672427001
2026-07-10,21008,0.0
2026-07-10,21010,0.024773879149438138
2026-07-10,210377,0.06023142598780366
2026-07-10,26001,0.19406457174570554
2026-07-10,26004,0.0
2026-07-10,26005,0.07527121292563706
2026-07-10,26006,0.0
2026-07-10,26007,0.0
2026-07-10,26008,0.06591403738026884
2026-07-10,26009,0.21405162026204183
2026-07-10,26010,0.0
2026-07-10,26020,0.025764439814755832
2026-07-10,26093,0.0
2026-07-10,26100,0.07118376501222769
2026-07-10,26101,0.19184107926578267
2026-07-10,26104,0.0
2026-07-10,26107,0.0
2026-07-10,26111,0.0
2026-07-10,26117,0.0
2026-07-10,26121,0.0
2026-07-10,26123,0.08800055599105701
2026-07-10,26124,0.0
2026-07-10,26127,0.0
2026-07-10,26141,0.0
2026-07-10,26142,0.0
2026-07-10,26151,0.0
2026-07-10,2621,0.06480638667020765
2026-07-10,2721,0.10223509950054543
2026-07-10,300675,0.06023142598780366
2026-07-10,3525,0.0
2026-07-10,3527,0.0
2026-07-10,4004,0.1563291439150227
2026-07-10,44016,0.03085901119975631
2026-07-10,44017,0.0
2026-07-10,44018,0.0
2026-07-10,44019,0.0
2026-07-10,44022,0.4874120541614853
2026-07-10,44031,0.0
2026-07-10,44033,0.0
2026-07-10,44052,0.0390405031773874
2026-07-10,44056,0.016515084415822792
2026-07-10,44060,0.0
2026-07-10,44068,0.06023142598780366
2026-07-10,44071,0.23739150607802775
2026-07-10,44072,0.18148945212254472
2026-07-10,4500,0.09676657671009041
2026-07-10,45002,0.0
2026-07-10,45003,0.06478001511799325
2026-07-10,45005,0.11304697937447324
2026-07-10,45006,0.1535462015303909
2026-07-10,4502,0.08033051208718951
2026-07-10,45117,0.02131949440688936
2026-07-10,45120,0.0
2026-07-10,45203,0.14251888754551248
2026-07-10,45207,0.10630019323422832
2026-07-10,45212,0.03973417603282847
2026-07-10,45215,0.0
2026-07-10,45225,0.13576934346138195
2026-07-10,4614,0.023700132940368636
2026-07-10,4616,0.627752548962625
2026-07-10,4620,0.6455799898243365
2026-07-10,4622,0.06023142598780366
2026-07-10,4700,0.08467943539488047
2026-07-10,4703,0.0
2026-07-10,4706,0.05615200761870032
2026-07-10,4708,0.0
2026-07-10,4710,0.0
2026-07-10,6153,0.11281226396967925
2026-07-10,6210,0.017134333239418355
2026-07-10,6304,0.0
2026-07-10,6307,0.0
2026-07-10,7002,0.0691287037588576
2026-07-10,7151,0.0
2026-07-10,7152,0.0
2026-07-10,7153,0.0
2026-07-10,7154,0.0
2026-07-10,7160,0.08580232863807336
2026-07-10,7161,0.06084242068196858
2026-07-10,7162,0.08254927051650503
2026-07-10,7706,0.0
2026-07-10,7707,0.0
2026-07-10,7715,0.07256674827565376
2026-07-10,7716,0.0
2026-07-10,8029,0.018738963900959967
2026-07-10,8050,0.0
2026-07-10,8118,0.06919729333040973
2026-07-10,8123,0.04280687696744304
2026-07-10,8143,0.08095994374876869
2026-07-10,8153,0.0
2026-07-10,8154,0.07479668130829459
2026-07-10,8166,0.0
2026-07-10,8168,0.0
2026-07-10,8169,0.0
2026-07-10,8170,0.0
2026-07-10,8202,0.1651816367126973
2026-07-10,8203,0.0
2026-07-10,8205,0.5102965363997363
2026-07-10,8206,0.25705491974857586
2026-07-10,8207,0.16437827853362705
2026-07-10,8208,0.0
2026-07-10,8210,0.28567678679383174
2026-07-10,8212,0.13823368062096233
2026-07-10,8213,0.20446220705649767
2026-07-10,8215,0.2497336586578514
2026-07-10,8216,0.21635245975803463
2026-07-10,8217,0.112676044560553
2026-07-10,8222,0.1446498855192392
2026-07-10,8225,0.12048967222574354
2026-07-10,9302,0.06035997010484535
2026-07-11,050304,0.016220926348798362
2026-07-11,07011,0.015375736806457525
2026-07-11,07013,0.016234857373979963
2026-07-11,10750,0.010064046478269454
2026-07-11,10752,0.0
2026-07-11,10755,0.0
2026-07-11,10757,0.0
2026-07-11,10762,0.015933476499422665
2026-07-11,12100,0.02327397223676081
2026-07-11,12105,0.015933476499422665
2026-07-11,12121,0.01552897337248893
2026-07-11,12125,0.01055076858703122
2026-07-11,12130,0.038801510762791216
2026-07-11,12132,0.0
2026-07-11,12134,0.035822110967280094
2026-07-11,12136,0.03963010458232369
2026-07-11,12138,0.014997270817617953
2026-07-11,1297,0.0
2026-07-11,1298,0.0
2026-07-11,1299,0.0
2026-07-11,13014,0.00980602204580017
2026-07-11,13016,0.0
2026-07-11,1302,0.0
2026-07-11,1303,0.0
2026-07-11,1306,0.012823664382857704
2026-07-11,1307,0.01024507590621574
2026-07-11,1308,0.01024507590621574
2026-07-11,1309,0.018827832794315425
2026-07-11,14210,0.0
2026-07-11,14218,0.011345408218356012
2026-07-11,15026,0.011565801666186268
2026-07-11,15030,0.014194482293917265
2026-07-11,15032,0.0
2026-07-11,15034,0.025223826477593515
2026-07-11,15041,0.01195794986622014
2026-07-11,15043,0.01195794986622014
2026-07-11,15045,0.01219161670083841
2026-07-11,17114,0.011976072891338686
2026-07-11,17115,0.0
2026-07-11,17143,0.0
2026-07-11,17222,0.04603767524637128
2026-07-11,17322,0.043847200187127504
2026-07-11,17323,0.0
2026-07-11,17400,0.04294989601001008
2026-07-11,17501,0.015245016856094834
2026-07-11,17504,0.04677605947751102
2026-07-11,17505,0.0
2026-07-11,17507,0.047159355249778385
2026-07-11,17508,0.0
2026-07-11,17521,0.0169284784792074
2026-07-11,17700,0.02052588186178795
2026-07-11,17704,0.017121686869405517
2026-07-11,17706,0.010357913890654968
2026-07-11,18100,0.0
2026-07-11,18101,0.016296095656160595
2026-07-11,18121,0.01350041987206323
2026-07-11,191070,0.016220926348798362
2026-07-11,20002,0.022216182555522147
2026-07-11,21008,0.0
2026-07-11,21010,0.015225304105461114
2026-07-11,210377,0.016220926348798362
2026-07-11,26001,0.02657067520843312
2026-07-11,26004,0.0
2026-07-11,26005,0.02698900864300797
2026-07-11,26006,0.0
2026-07-11,26007,0.0
2026-07-11,26008,0.025229506422699246
2026-07-11,26009,0.02749933381158064
2026-07-11,26010,0.0
2026-07-11,26020,0.014226387479524306
2026-07-11,26093,0.0
2026-07-11,26100,0.025686110907476568
2026-07-11,26101,0.02696870697019632
2026-07-11,26104,0.0
2026-07-11,26107,0.0
2026-07-11,26111,0.0
2026-07-11,26117,0.0
2026-07-11,26121,0.0
2026-07-11,26123,0.027269034139006124
2026-07-11,26124,0.0
2026-07-11,26127,0.0
2026-07-11,26141,0.0
2026-07-11,26142,0.0
2026-07-11,26151,0.0
2026-07-11,2621,0.016607915639081015
2026-07-11,2721,0.02031043214850431
2026-07-11,300675,0.016220926348798362
2026-07-11,3525,0.0
2026-07-11,3527,0.0
2026-07-11,4004,0.024994954433051317
2026-07-11,44016,0.015375736806457525
2026-07-11,44017,0.0
2026-07-11,44018,0.0
2026-07-11,44019,0.0
2026-07-11,44022,0.045106776954322095
2026-07-11,44031,0.0
2026-07-11,44033,0.0
2026-07-11,44052,0.009815405384481142
2026-07-11,44056,0.011517870931832217
2026-07-11,44060,0.0
2026-07-11,44068,0.016220926348798362
2026-07-11,44071,0.024293690975880005
2026-07-11,44072,0.01725371064775783
2026-07-11,4500,0.024974175466170756
2026-07-11,45002,0.0
2026-07-11,45003,0.013684859527923076
2026-07-11,45005,0.015399567444175173
2026-07-11,45006,0.021815024775061316
2026-07-11,4502,0.015301288610869561
2026-07-11,45117,0.009764838704031983
2026-07-11,45120,0.0
2026-07-11,45203,0.015102126230534925
2026-07-11,45207,0.021896957602873024
2026-07-11,45212,0.016061065062090454
2026-07-11,45215,0.0
2026-07-11,45225,0.02566389234337384
2026-07-11,4614,0.01120702185707834
2026-07-11,4616,0.05242039349141558
2026-07-11,4620,0.06949444863589435
2026-07-11,4622,0.016220926348798362
2026-07-11,4700,0.013108375124022595
2026-07-11,4703,0.0
2026-07-11,4706,0.011647399389038214
2026-07-11,4708,0.0
2026-07-11,4710,0.0
2026-07-11,6153,0.016872785087370692
2026-07-11,6210,0.015117962121536516
2026-07-11,6304,0.0
2026-07-11,6307,0.0
2026-07-11,7002,0.015933476499422665
2026-07-11,7151,0.0
2026-07-11,7152,0.0
2026-07-11,7153,0.0
2026-07-11,7154,0.0
2026-07-11,7160,0.010112860412119451
2026-07-11,7161,0.010811056188811148
2026-07-11,7162,0.010112860412119451
2026-07-11,7706,0.0
2026-07-11,7707,0.0
2026-07-11,7715,0.014340537972798795
2026-07-11,7716,0.0
2026-07-11,8029,0.010974365247882121
2026-07-11,8050,0.0
2026-07-11,8118,0.012952149969332206
2026-07-11,8123,0.013828762921956499
2026-07-11,8143,0.013511970437809441
2026-07-11,8153,0.0
2026-07-11,8154,0.013475589575337385
2026-07-11,8166,0.0
2026-07-11,8168,0.0
2026-07-11,8169,0.0
2026-07-11,8170,0.0
2026-07-11,8202,0.011765944137739539
2026-07-11,8203,0.0
2026-07-11,8205,0.02399517314708883
2026-07-11,8206,0.017361150332664256
2026-07-11,8207,0.01753482642743772
2026-07-11,8208,0.0
2026-07-11,8210,0.020150389020226683
2026-07-11,8212,0.02224398109193889
2026-07-11,8213,0.01670685543637211
2026-07-11,8215,0.031059877597359013
2026-07-11,8216,0.017744346975425998
2026-07-11,8217,0.014711875225221504
2026-07-11,8222,0.020085820229580425
2026-07-11,8225,0.014281739536206135
2026-07-11,9302,0.012366433318960273
2026-07-12,050304,0.01601685460215007
2026-07-12,07011,0.015182298195207639
2026-07-12,07013,0.016030610364305364
2026-07-12,10750,0.010064046478269454
2026-07-12,10752,0.0
2026-07-12,10755,0.0
2026-07-12,10757,0.0
2026-07-12,10762,0.015733021093270256
2026-07-12,12100,0.02306286757797905
2026-07-12,12105,0.015733021093270256
2026-07-12,12121,0.015344640847935697
2026-07-12,12125,0.010595572673981826
2026-07-12,12130,0.03908038476725637
2026-07-12,12132,0.0
2026-07-12,12134,0.03600555345114601
2026-07-12,12136,0.03938192077307177
2026-07-12,12138,0.015040474957539577
2026-07-12,1297,0.0
2026-07-12,1298,0.0
2026-07-12,1299,0.0
2026-07-12,13014,0.00980602204580017
2026-07-12,13016,0.0
2026-07-12,1302,0.0
2026-07-12,1303,0.0
2026-07-12,1306,0.012662332808275029
2026-07-12,1307,0.01024507590621574
2026-07-12,1308,0.01024507590621574
2026-07-12,1309,0.01859096415677164
2026-07-12,14210,0.0
2026-07-12,14218,0.011355932911450053
2026-07-12,15026,0.011525595196283694
2026-07-12,15030,0.01423537376054471
2026-07-12,15032,0.0
2026-07-12,15034,0.025296491280526627
2026-07-12,15041,0.011807509647020634
2026-07-12,15043,0.011807509647020634
2026-07-12,15045,0.012038236772891762
2026-07-12,17114,0.011976072891338686
2026-07-12,17115,0.0
2026-07-12,17143,0.0
2026-07-12,17222,0.04607939440698558
2026-07-12,17322,0.043449487749393355
2026-07-12,17323,0.0
2026-07-12,17400,0.04325683243557953
2026-07-12,17501,0.015332257628449692
2026-07-12,17504,0.04660135159812442
2026-07-12,17505,0.0
2026-07-12,17507,0.04720209087240927
2026-07-12,17508,0.0
2026-07-12,17521,0.01672753350364027
2026-07-12,17700,0.02052588186178795
2026-07-12,17704,0.017121686869405517
2026-07-12,17706,0.01029720097768005
2026-07-12,18100,0.0
2026-07-12,18101,0.016296095656160595
2026-07-12,18121,0.013546206275522098
2026-07-12,191070,0.01601685460215007
2026-07-12,20002,0.02207705355569294
2026-07-12,21008,0.0
2026-07-12,21010,0.015033758053451385
2026-07-12,210377,0.01601685460215007
2026-07-12,26001,0.027020547496328873
2026-07-12,26004,0.0
2026-07-12,26005,0.026318530423557723
2026-07-12,26006,0.0
2026-07-12,26007,0.0
2026-07-12,26008,0.02487262940103182
2026-07-12,26009,0.026452310367334166
2026-07-12,26010,0.0
2026-07-12,26020,0.014047408568023546
2026-07-12,26093,0.0
2026-07-12,26100,0.025219382159444314
2026-07-12,26101,0.026533024302982936
2026-07-12,26104,0.0
2026-07-12,26107,0.0
2026-07-12,26111,0.0
2026-07-12,26117,0.0
2026-07-12,26121,0.0
2026-07-12,26123,0.026688410495193438
2026-07-12,26124,0.0
2026-07-12,26127,0.0
2026-07-12,26141,0.0
2026-07-12,26142,0.0
2026-07-12,26151,0.0
2026-07-12,2621,0.016623598607497594
2026-07-12,2721,0.020368942444349725
2026-07-12,300675,0.01601685460215007
2026-07-12,3525,0.0
2026-07-12,3527,0.0
2026-07-12,4004,0.025193701290720925
2026-07-12,44016,0.015182298195207639
2026-07-12,44017,0.0
2026-07-12,44018,0.0
2026-07-12,44019,0.0
2026-07-12,44022,0.045222250111702465
2026-07-12,44031,0.0
2026-07-12,44033,0.0
2026-07-12,44052,0.009815405384481142
2026-07-12,44056,0.011356883869192954
2026-07-12,44060,0.0
2026-07-12,44068,0.01601685460215007
2026-07-12,44071,0.024202954405072665
2026-07-12,44072,0.017426252009378265
2026-07-12,4500,0.02464283513586422
2026-07-12,45002,0.0
2026-07-12,45003,0.013731271454778775
2026-07-12,45005,0.01526765745998975
2026-07-12,45006,0.02161305947766981
2026-07-12,4502,0.015301288610869561
2026-07-12,45117,0.009781289575228905
2026-07-12,45120,0.0
2026-07-12,45203,0.014939909963960387
2026-07-12,45207,0.021774073711757096
2026-07-12,45212,0.015859004493552365
2026-07-12,45215,0.0
2026-07-12,45225,0.025346349286739286
2026-07-12,4614,0.011281668940104683
2026-07-12,4616,0.05031587586170874
2026-07-12,4620,0.06670446018712496
2026-07-12,4622,0.01601685460215007
2026-07-12,4700,0.013149613383292654
2026-07-12,4703,0.0
2026-07-12,4706,0.011649010066091163
2026-07-12,4708,0.0
2026-07-12,4710,0.0
2026-07-12,6153,0.016672501205313862
2026-07-12,6210,0.014927766514358187
2026-07-12,6304,0.0
2026-07-12,6307,0.0
2026-07-12,7002,0.015733021093270256
2026-07-12,7151,0.0
2026-07-12,7152,0.0
2026-07-12,7153,0.0
2026-07-12,7154,0.0
2026-07-12,7160,0.010112860412119451
2026-07-12,7161,0.01082536269290104
2026-07-12,7162,0.010112860412119451
2026-07-12,7706,0.0
2026-07-12,7707,0.0
2026-07-12,7715,0.014193726093565383
2026-07-12,7716,0.0
2026-07-12,8029,0.010884584583626261
2026-07-12,8050,0.0
2026-07-12,8118,0.01278681757381015
2026-07-12,8123,0.013720225674515698
2026-07-12,8143,0.013583227685812079
2026-07-12,8153,0.0
2026-07-12,8154,0.01352129176734249
2026-07-12,8166,0.0
2026-07-12,8168,0.0
2026-07-12,8169,0.0
2026-07-12,8170,0.0
2026-07-12,8202,0.011861147218087648
2026-07-12,8203,0.0
2026-07-12,8205,0.0240169174788157
2026-07-12,8206,0.017309694143237252
2026-07-12,8207,0.017660137020631336
2026-07-12,8208,0.0
2026-07-12,8210,0.020168649223668247
2026-07-12,8212,0.02237127397124665
2026-07-12,8213,0.016873928111012224
2026-07-12,8215,0.03107666715699613
2026-07-12,8216,0.017592352022490196
2026-07-12,8217,0.014619742002937171
2026-07-12,8222,0.020085820229580425
2026-07-12,8225,0.014102064253200767
2026-07-12,9302,0.012366433318960273
2026-07-13,050304,0.05264382143602224
2026-07-13,07011,0.025749276996101817
2026-07-13,07013,0.050956826880328224
2026-07-13,10750,0.07788056578544089
2026-07-13,10752,0.0
2026-07-13,10755,0.0
2026-07-13,10757,0.0
2026-07-13,10762,0.06634101772056773
2026-07-13,12100,0.19352938559550475
2026-07-13,12105,0.06634101772056773
2026-07-13,12121,0.07535699062844853
2026-07-13,12125,0.06904456146999732
2026-07-13,12130,0.5439383630827499
2026-07-13,12132,0.0
2026-07-13,12134,0.32354781603878935
2026-07-13,12136,0.7355600968354836
2026-07-13,12138,0.48082038207038374
2026-07-13,1297,0.0
2026-07-13,1298,0.0
2026-07-13,1299,0.0
2026-07-13,13014,0.050608184300142994
2026-07-13,13016,0.0
2026-07-13,1302,0.0
2026-07-13,1303,0.0
2026-07-13,1306,0.05877989364625046
2026-07-13,1307,0.155943266744505
2026-07-13,1308,0.16150263743203278
2026-07-13,1309,0.018261952572724578
2026-07-13,14210,0.0
2026-07-13,14218,0.13898782077225075
2026-07-13,15026,0.15056837941150308
2026-07-13,15030,0.1835937196660137
2026-07-13,15032,0.0
2026-07-13,15034,0.2439848288495126
2026-07-13,15041,0.064293688699663
2026-07-13,15043,0.08629976255586845
2026-07-13,15045,0.056169086967633494
2026-07-13,17114,0.10645599094727505
2026-07-13,17115,0.0
2026-07-13,17143,0.0
2026-07-13,17222,0.4738618039283447
2026-07-13,17322,0.606745066256587
2026-07-13,17323,0.0
2026-07-13,17400,0.6410697632162363
2026-07-13,17501,0.23151772282845742
2026-07-13,17504,0.659768170433807
2026-07-13,17505,0.0
2026-07-13,17507,0.6976232387646499
2026-07-13,17508,0.0
2026-07-13,17521,0.06637230198907919
2026-07-13,17700,0.14303642764109384
2026-07-13,17704,0.1209173889796981
2026-07-13,17706,0.13732023665792178
2026-07-13,18100,0.0
2026-07-13,18101,0.13210137558077611
2026-07-13,18121,0.14553257448927157
2026-07-13,191070,0.05264382143602224
2026-07-13,20002,0.31136750771063526
2026-07-13,21008,0.0
2026-07-13,21010,0.022862822093294412
2026-07-13,210377,0.05264382143602224
2026-07-13,26001,0.26077100461366337
2026-07-13,26004,0.0
2026-07-13,26005,0.08525440188182462
2026-07-13,26006,0.0
2026-07-13,26007,0.0
2026-07-13,26008,0.07210465502426142
2026-07-13,26009,0.29062288848816664
2026-07-13,26010,0.0
2026-07-13,26020,0.026267825407450214
2026-07-13,26093,0.0
2026-07-13,26100,0.0815447548474453
2026-07-13,26101,0.2157275115467585
2026-07-13,26104,0.0
2026-07-13,26107,0.0
2026-07-13,26111,0.0
2026-07-13,26117,0.0
2026-07-13,26121,0.0
2026-07-13,26123,0.09138287178206514
2026-07-13,26124,0.0
2026-07-13,26127,0.0
2026-07-13,26141,0.0
2026-07-13,26142,0.0
2026-07-13,26151,0.0
2026-07-13,2621,0.08080285158185209
2026-07-13,2721,0.11001602581887322
2026-07-13,300675,0.05264382143602224
2026-07-13,3525,0.0
2026-07-13,3527,0.0
2026-07-13,4004,0.18727336550783844
2026-07-13,44016,0.025749276996101817
2026-07-13,44017,0.0
2026-07-13,44018,0.0
2026-07-13,44019,0.0
2026-07-13,44022,0.533382758460528
2026-07-13,44031,0.0
2026-07-13,44033,0.0
2026-07-13,44052,0.04123220923572338
2026-07-13,44056,0.0166447020236287
2026-07-13,44060,0.0
2026-07-13,44068,0.05264382143602224
2026-07-13,44071,0.2666382668665347
2026-07-13,44072,0.22646843989814022
2026-07-13,4500,0.10709083415914036
2026-07-13,45002,0.0
2026-07-13,45003,0.06401978675333281
2026-07-13,45005,0.10859365445180186
2026-07-13,45006,0.1638430181168284
2026-07-13,4502,0.1034352448677859
2026-07-13,45117,0.018349448446552584
2026-07-13,45120,0.0
2026-07-13,45203,0.15501486240332407
2026-07-13,45207,0.12528929427277188
2026-07-13,45212,0.04067835329201786
2026-07-13,45215,0.0
2026-07-13,45225,0.135072095646179
2026-07-13,4614,0.02261884273024232
2026-07-13,4616,0.7276311092880153
2026-07-13,4620,0.7548325262930802
2026-07-13,4622,0.05264382143602224
2026-07-13,4700,0.09158702414201872
2026-07-13,4703,0.0
2026-07-13,4706,0.05215782210903655
2026-07-13,4708,0.0
2026-07-13,4710,0.0
2026-07-13,6153,0.10513632044967222
2026-07-13,6210,0.016918612801059222
2026-07-13,6304,0.0
2026-07-13,6307,0.0
2026-07-13,7002,0.06634101772056773
2026-07-13,7151,0.0
2026-07-13,7152,0.0
2026-07-13,7153,0.0
2026-07-13,7154,0.0
2026-07-13,7160,0.10706830188463203
2026-07-13,7161,0.06910041078121062
2026-07-13,7162,0.09082310394647544
2026-07-13,7706,0.0
2026-07-13,7707,0.0
2026-07-13,7715,0.06532067215086236
2026-07-13,7716,0.0
2026-07-13,8029,0.01894820842214818
2026-07-13,8050,0.0
2026-07-13,8118,0.06946387497993255
2026-07-13,8123,0.03690192146917339
2026-07-13,8143,0.07882202460452986
2026-07-13,8153,0.0
2026-07-13,8154,0.06979000918505976
2026-07-13,8166,0.0
2026-07-13,8168,0.0
2026-07-13,8169,0.0
2026-07-13,8170,0.0
2026-07-13,8202,0.2100454178020188
2026-07-13,8203,0.0
2026-07-13,8205,0.5784168027249338
2026-07-13,8206,0.2860585246103563
2026-07-13,8207,0.21320121154556343
2026-07-13,8208,0.0
2026-07-13,8210,0.3123518670643028
2026-07-13,8212,0.1858602109246733
2026-07-13,8213,0.261889750423454
2026-07-13,8215,0.29948874925781843
2026-07-13,8216,0.26593691755353416
2026-07-13,8217,0.15906067153303494
2026-07-13,8222,0.16439069066831502
2026-07-13,8225,0.1415649934517586
2026-07-13,9302,0.060910885116905976
2026-07-14,050304,0.05228853148781063
2026-07-14,07011,0.025569935149473703
2026-07-14,07013,0.05061223184470487
2026-07-14,10750,0.07692436174688091
2026-07-14,10752,0.0
2026-07-14,10755,0.0
2026-07-14,10757,0.0
2026-07-14,10762,0.06590058622039376
2026-07-14,12100,0.1922481162796775
2026-07-14,12105,0.06590058622039376
2026-07-14,12121,0.07480829293172808
2026-07-14,12125,0.06755020247638265
2026-07-14,12130,0.506768133187328
2026-07-14,12132,0.0
2026-07-14,12134,0.3170060099122834
2026-07-14,12136,0.6872967806772474
2026-07-14,12138,0.45028239994194813
2026-07-14,1297,0.0
2026-07-14,1298,0.0
2026-07-14,1299,0.0
2026-07-14,13014,0.04997016499312862
2026-07-14,13016,0.0
2026-07-14,1302,0.0
2026-07-14,1303,0.0
2026-07-14,1306,0.05839243848699801
2026-07-14,1307,0.15445495208086849
2026-07-14,1308,0.15774042299890512
2026-07-14,1309,0.018373838266669117
2026-07-14,14210,0.0
2026-07-14,14218,0.13926578909103943
2026-07-14,15026,0.14367812618431813
2026-07-14,15030,0.18008086639059662
2026-07-14,15032,0.0
2026-07-14,15034,0.24059234409780866
2026-07-14,15041,0.06387338889649215
2026-07-14,15043,0.08708444882557408
2026-07-14,15045,0.05512418809236494
2026-07-14,17114,0.10264839194519276
2026-07-14,17115,0.0
2026-07-14,17143,0.0
2026-07-14,17222,0.46093520202410404
2026-07-14,17322,0.5677958160188894
2026-07-14,17323,0.0
2026-07-14,17400,0.5949103565894472
2026-07-14,17501,0.20978799338347534
2026-07-14,17504,0.6533078801249009
2026-07-14,17505,0.0
2026-07-14,17507,0.6773047509071688
2026-07-14,17508,0.0
2026-07-14,17521,0.06588102472252019
2026-07-14,17700,0.13810677757850842
2026-07-14,17704,0.11972007245468111
2026-07-14,17706,0.13653169367495996
2026-07-14,18100,0.0
2026-07-14,18101,0.1274969522147823
2026-07-14,18121,0.14236232466188178
2026-07-14,191070,0.05228853148781063
2026-07-14,20002,0.29181031197278995
2026-07-14,21008,0.0
2026-07-14,21010,0.02300289598217634
2026-07-14,210377,0.05228853148781063
2026-07-14,26001,0.23088094786437405
2026-07-14,26004,0.0
2026-07-14,26005,0.07569716008833613
2026-07-14,26006,0.0
2026-07-14,26007,0.0
2026-07-14,26008,0.06628903639426836
2026-07-14,26009,0.25401366922046537
2026-07-14,26010,0.0
2026-07-14,26020,0.026428760765398535
2026-07-14,26093,0.0
2026-07-14,26100,0.0753119455217323
2026-07-14,26101,0.19448732227618779
2026-07-14,26104,0.0
2026-07-14,26107,0.0
2026-07-14,26111,0.0
2026-07-14,26117,0.0
2026-07-14,26121,0.0
2026-07-14,26123,0.08115984841269519
2026-07-14,26124,0.0
2026-07-14,26127,0.0
2026-07-14,26141,0.0
2026-07-14,26142,0.0
2026-07-14,26151,0.0
2026-07-14,2621,0.0787866548188288
2026-07-14,2721,0.10665338774377614
2026-07-14,300675,0.05228853148781063
2026-07-14,3525,0.0
2026-07-14,3527,0.0
2026-07-14,4004,0.17805386059315076
2026-07-14,44016,0.025569935149473703
2026-07-14,44017,0.0
2026-07-14,44018,0.0
2026-07-14,44019,0.0
2026-07-14,44022,0.525769180013683
2026-07-14,44031,0.0
2026-07-14,44033,0.0
2026-07-14,44052,0.04070765961764122
2026-07-14,44056,0.016815662111311715
2026-07-14,44060,0.0
2026-07-14,44068,0.06590058622039376
2026-07-14,44071,0.2626379612555831
2026-07-14,44072,0.2057861461166365
2026-07-14,4500,0.10703294806947015
2026-07-14,45002,0.0
2026-07-14,45003,0.056700472111008565
2026-07-14,45005,0.10714731632865183
2026-07-14,45006,0.15825040508525742
2026-07-14,4502,0.09972492978389341
2026-07-14,45117,0.018110976105697264
2026-07-14,45120,0.0
2026-07-14,45203,0.15406727813028662
2026-07-14,45207,0.122473339022985
2026-07-14,45212,0.04040004042131701
2026-07-14,45215,0.0
2026-07-14,45225,0.13276095814163608
2026-07-14,4614,0.02213349268045639
2026-07-14,4616,0.6635725422684537
2026-07-14,4620,0.7132503839900664
2026-07-14,4622,0.05228853148781063
2026-07-14,4700,0.08943365596958949
2026-07-14,4703,0.0
2026-07-14,4706,0.05187306502584727
2026-07-14,4708,0.0
2026-07-14,4710,0.0
2026-07-14,6153,0.10438916940659053
2026-07-14,6210,0.017022268241313337
2026-07-14,6304,0.0
2026-07-14,6307,0.0
2026-07-14,7002,0.06590058622039376
2026-07-14,7151,0.0
2026-07-14,7152,0.0
2026-07-14,7153,0.0
2026-07-14,7154,0.0
2026-07-14,7160,0.1044303051180434
2026-07-14,7161,0.06744129108739703
2026-07-14,7162,0.08854901633502846
2026-07-14,7706,0.0
2026-07-14,7707,0.0
2026-07-14,7715,0.0658635382189042
2026-07-14,7716,0.0
2026-07-14,8029,0.01907880639762648
2026-07-14,8050,0.0
2026-07-14,8118,0.06931722227191141
2026-07-14,8123,0.03667730419799604
2026-07-14,8143,0.0752470528589124
2026-07-14,8153,0.0
2026-07-14,8154,0.06871198305971891
2026-07-14,8166,0.0
2026-07-14,8168,0.0
2026-07-14,8169,0.0
2026-07-14,8170,0.0
2026-07-14,8202,0.20352645608987763
2026-07-14,8203,0.0
2026-07-14,8205,0.5779636973627488
2026-07-14,8206,0.28308497279591455
2026-07-14,8207,0.19795638532755813
2026-07-14,8208,0.0
2026-07-14,8210,0.30688195832613435
2026-07-14,8212,0.17086892227614844
2026-07-14,8213,0.2406594658636218
2026-07-14,8215,0.2803826818052956
2026-07-14,8216,0.26100099807876387
2026-07-14,8217,0.1549946284805358
2026-07-14,8222,0.16057340457103972
2026-07-14,8225,0.1403458751993855
2026-07-14,9302,0.05975950480183532
2026-07-15,050304,0.06249693688834023
2026-07-15,07011,0.030944239882942055
2026-07-15,07013,0.06050587406697132
2026-07-15,10750,0.08861841032517195
2026-07-15,10752,0.0
2026-07-15,10755,0.0
2026-07-15,10757,0.0
2026-07-15,10762,0.078634539495711
2026-07-15,12100,0.2129464203947452
2026-07-15,12105,0.078634539495711
2026-07-15,12121,0.09100919580001088
2026-07-15,12125,0.08162048111794398
2026-07-15,12130,0.5486261089971767
2026-07-15,12132,0.0
2026-07-15,12134,0.33703451333162854
2026-07-15,12136,0.731029484360124
2026-07-15,12138,0.47990682059332074
2026-07-15,1297,0.0
2026-07-15,1298,0.0
2026-07-15,1299,0.0
2026-07-15,13014,0.052103384617671326
2026-07-15,13016,0.0
2026-07-15,1302,0.0
2026-07-15,1303,0.0
2026-07-15,1306,0.06971064174154024
2026-07-15,1307,0.1756081110294538
2026-07-15,1308,0.17600801729704108
2026-07-15,1309,0.01798176101800492
2026-07-15,14210,0.0
2026-07-15,14218,0.15559311722868302
2026-07-15,15026,0.155014000359268
2026-07-15,15030,0.21099732942377036
2026-07-15,15032,0.0
2026-07-15,15034,0.26711706298382165
2026-07-15,15041,0.06905691684728651
2026-07-15,15043,0.09512614771964974
2026-07-15,15045,0.05986596108751951
2026-07-15,17114,0.10320662005870349
2026-07-15,17115,0.0
2026-07-15,17143,0.0
2026-07-15,17222,0.5010646103856612
2026-07-15,17322,0.6058279917622906
2026-07-15,17323,0.0
2026-07-15,17400,0.6324249864022734
2026-07-15,17501,0.23039737897580354
2026-07-15,17504,0.7001167642586447
2026-07-15,17505,0.0
2026-07-15,17507,0.7213416743366973
2026-07-15,17508,0.0
2026-07-15,17521,0.07112700352545616
2026-07-15,17700,0.16194182700594711
2026-07-15,17704,0.14085952495496845
2026-07-15,17706,0.1473947349596664
2026-07-15,18100,0.0
2026-07-15,18101,0.1474663197040708
2026-07-15,18121,0.16636263742642418
2026-07-15,191070,0.06249693688834023
2026-07-15,20002,0.3307131947154321
2026-07-15,21008,0.0
2026-07-15,21010,0.024588492311313926
2026-07-15,210377,0.06249693688834023
2026-07-15,26001,0.23786893475109286
2026-07-15,26004,0.0
2026-07-15,26005,0.07583638648782359
2026-07-15,26006,0.0
2026-07-15,26007,0.0
2026-07-15,26008,0.06623007099568694
2026-07-15,26009,0.29492079340469224
2026-07-15,26010,0.0
2026-07-15,26020,0.0255716404552172
2026-07-15,26093,0.0
2026-07-15,26100,0.07559179889239208
2026-07-15,26101,0.22663882001963861
2026-07-15,26104,0.0
2026-07-15,26107,0.0
2026-07-15,26111,0.0
2026-07-15,26117,0.0
2026-07-15,26121,0.0
2026-07-15,26123,0.08811860311649619
2026-07-15,26124,0.0
2026-07-15,26127,0.0
2026-07-15,26141,0.0
2026-07-15,26142,0.0
2026-07-15,26151,0.0
2026-07-15,2621,0.07909208277093988
2026-07-15,2721,0.12333424360503677
2026-07-15,300675,0.06249693688834023
2026-07-15,3525,0.0
2026-07-15,3527,0.0
2026-07-15,4004,0.20992023476714622
2026-07-15,44016,0.030944239882942055
2026-07-15,44017,0.0
2026-07-15,44018,0.0
2026-07-15,44019,0.0
2026-07-15,44022,0.5792380313653035
2026-07-15,44031,0.0
2026-07-15,44033,0.0
2026-07-15,44052,0.0396607163842101
2026-07-15,44056,0.016583563481603017
2026-07-15,44060,0.0
2026-07-15,44068,0.078634539495711
2026-07-15,44071,0.29880355042225887
2026-07-15,44072,0.23943185203142725
2026-07-15,4500,0.12239236560968826
2026-07-15,45002,0.0
2026-07-15,45003,0.06698572697010192
2026-07-15,45005,0.13074168921144175
2026-07-15,45006,0.19222820605039925
2026-07-15,4502,0.10215396499877771
2026-07-15,45117,0.021760240633350747
2026-07-15,45120,0.0
2026-07-15,45203,0.18506495166394488
2026-07-15,45207,0.12651330542046643
2026-07-15,45212,0.03984157061776318
2026-07-15,45215,0.0
2026-07-15,45225,0.16036452663508693
2026-07-15,4614,0.02367186935108748
2026-07-15,4616,0.7086613081930656
2026-07-15,4620,0.7045191815745447
2026-07-15,4622,0.06249693688834023
2026-07-15,4700,0.09492824375074281
2026-07-15,4703,0.0
2026-07-15,4706,0.0630783733198944
2026-07-15,4708,0.0
2026-07-15,4710,0.0
2026-07-15,6153,0.1245001537361994
2026-07-15,6210,0.017006114326124172
2026-07-15,6304,0.0
2026-07-15,6307,0.0
2026-07-15,7002,0.078634539495711
2026-07-15,7151,0.0
2026-07-15,7152,0.0
2026-07-15,7153,0.0
2026-07-15,7154,0.0
2026-07-15,7160,0.11617939415567165
2026-07-15,7161,0.06961406111170279
2026-07-15,7162,0.10478243884770468
2026-07-15,7706,0.0
2026-07-15,7707,0.0
2026-07-15,7715,0.07885880512573847
2026-07-15,7716,0.0
2026-07-15,8029,0.01881293469304498
2026-07-15,8050,0.0
2026-07-15,8118,0.0793446086816176
2026-07-15,8123,0.043927066175318684
2026-07-15,8143,0.09134292831577047
2026-07-15,8153,0.0
2026-07-15,8154,0.08223523904397018
2026-07-15,8166,0.0
2026-07-15,8168,0.0
2026-07-15,8169,0.0
2026-07-15,8170,0.0
2026-07-15,8202,0.20692799312945048
2026-07-15,8203,0.0
2026-07-15,8205,0.6087882426956311
2026-07-15,8206,0.3072357992767114
2026-07-15,8207,0.22795545443025964
2026-07-15,8208,0.0
2026-07-15,8210,0.3334050167397627
2026-07-15,8212,0.19393000514622666
2026-07-15,8213,0.2537043770779058
2026-07-15,8215,0.3102871083879359
2026-07-15,8216,0.2709767068980896
2026-07-15,8217,0.15872449657617219
2026-07-15,8222,0.1803967760458177
2026-07-15,8225,0.16287358789816833
2026-07-15,9302,0.06912922779376192
2026-07-16,050304,0.0628633586296139
2026-07-16,07011,0.030522212886107597
2026-07-16,07013,0.06086055037578606
2026-07-16,10750,0.08302209423783044
2026-07-16,10752,0.0
2026-07-16,10755,0.0
2026-07-16,10757,0.0
2026-07-16,10762,0.07909633246730027
2026-07-16,12100,0.18729480505026974
2026-07-16,12105,0.07909633246730027
2026-07-16,12121,0.0910779821055635
2026-07-16,12125,0.08156858526823378
2026-07-16,12130,0.47885510503879386
2026-07-16,12132,0.0
2026-07-16,12134,0.3087867669448892
2026-07-16,12136,0.6493210616475013
2026-07-16,12138,0.40865256191050947
2026-07-16,1297,0.0
2026-07-16,1298,0.0
2026-07-16,1299,0.0
2026-07-16,13014,0.05109721565616281
2026-07-16,13016,0.0
2026-07-16,1302,0.0
2026-07-16,1303,0.0
2026-07-16,1306,0.07012031935801077
2026-07-16,1307,0.16675692166318662
2026-07-16,1308,0.1691671000655831
2026-07-16,1309,0.01810413900970569
2026-07-16,14210,0.0
2026-07-16,14218,0.14651112441325545
2026-07-16,15026,0.16612276942861057
2026-07-16,15030,0.18877593798478476
2026-07-16,15032,0.0
2026-07-16,15034,0.23630781871695095
2026-07-16,15041,0.06946271959059477
2026-07-16,15043,0.095686957582418
2026-07-16,15045,0.058210180149304104
2026-07-16,17114,0.09677803317321004
2026-07-16,17115,0.0
2026-07-16,17143,0.0
2026-07-16,17222,0.41095741982187967
2026-07-16,17322,0.5268956609422913
2026-07-16,17323,0.0
2026-07-16,17400,0.5539374256729839
2026-07-16,17501,0.20698473288018557
2026-07-16,17504,0.6105656431653442
2026-07-16,17505,0.0
2026-07-16,17507,0.6295525742042529
2026-07-16,17508,0.0
2026-07-16,17521,0.07154411475915275
2026-07-16,17700,0.14573022985568884
2026-07-16,17704,0.13131199676178057
2026-07-16,17706,0.13642742853966075
2026-07-16,18100,0.0
2026-07-16,18101,0.13493187207021184
2026-07-16,18121,0.15497530419020966
2026-07-16,191070,0.0628633586296139
2026-07-16,20002,0.3011967569541753
2026-07-16,21008,0.0
2026-07-16,21010,0.02475583355809145
2026-07-16,210377,0.0628633586296139
2026-07-16,26001,0.22634940765074346
2026-07-16,26004,0.0
2026-07-16,26005,0.07488228504292238
2026-07-16,26006,0.0
2026-07-16,26007,0.0
2026-07-16,26008,0.06573168019227768
2026-07-16,26009,0.2732658981735527
2026-07-16,26010,0.0
2026-07-16,26020,0.025745672687114297
2026-07-16,26093,0.0
2026-07-16,26100,0.07502295974101048
2026-07-16,26101,0.21998359461218905
2026-07-16,26104,0.0
2026-07-16,26107,0.0
2026-07-16,26111,0.0
2026-07-16,26117,0.0
2026-07-16,26121,0.0
2026-07-16,26123,0.08700997847798408
2026-07-16,26124,0.0
2026-07-16,26127,0.0
2026-07-16,26141,0.0
2026-07-16,26142,0.0
2026-07-16,26151,0.0
2026-07-16,2621,0.07520127995386713
2026-07-16,2721,0.11247576040346868
2026-07-16,300675,0.0628633586296139
2026-07-16,3525,0.0
2026-07-16,3527,0.0
2026-07-16,4004,0.19766897529785374
2026-07-16,44016,0.030522212886107597
2026-07-16,44017,0.0
2026-07-16,44018,0.0
2026-07-16,44019,0.0
2026-07-16,44022,0.4846590418465163
2026-07-16,44031,0.0
2026-07-16,44033,0.0
2026-07-16,44052,0.039623525512971776
2026-07-16,44056,0.016667360994647436
2026-07-16,44060,0.0
2026-07-16,44068,0.0766012339731154
2026-07-16,44071,0.261674404452983
2026-07-16,44072,0.22648611886861472
2026-07-16,4500,0.1201850029475907
2026-07-16,45002,0.0
2026-07-16,45003,0.06695873214391143
2026-07-16,45005,0.13084354370559892
2026-07-16,45006,0.18105865177362443
2026-07-16,4502,0.09725768378904594
2026-07-16,45117,0.021760240633350747
2026-07-16,45120,0.0
2026-07-16,45203,0.1739143183602964
2026-07-16,45207,0.1272676233315999
2026-07-16,45212,0.040112719333037734
2026-07-16,45215,0.0
2026-07-16,45225,0.16131273693833653
2026-07-16,4614,0.02367186935108748
2026-07-16,4616,0.5839185507668609
2026-07-16,4620,0.583264909085024
2026-07-16,4622,0.0628633586296139
2026-07-16,4700,0.09484234650877639
2026-07-16,4703,0.0
2026-07-16,4706,0.06301620398780075
2026-07-16,4708,0.0
2026-07-16,4710,0.0
2026-07-16,6153,0.12459595186730751
2026-07-16,6210,0.017121852385137463
2026-07-16,6304,0.0
2026-07-16,6307,0.0
2026-07-16,7002,0.07909633246730027
2026-07-16,7151,0.0
2026-07-16,7152,0.0
2026-07-16,7153,0.0
2026-07-16,7154,0.0
2026-07-16,7160,0.10811316065169263
2026-07-16,7161,0.0695503937264446
2026-07-16,7162,0.0982663111136143
2026-07-16,7706,0.0
2026-07-16,7707,0.0
2026-07-16,7715,0.0789444300380417
2026-07-16,7716,0.0
2026-07-16,8029,0.01890799732189994
2026-07-16,8050,0.0
2026-07-16,8118,0.07931322391771178
2026-07-16,8123,0.043927066175318684
2026-07-16,8143,0.08848010160070671
2026-07-16,8153,0.0
2026-07-16,8154,0.08220292431758836
2026-07-16,8166,0.0
2026-07-16,8168,0.0
2026-07-16,8169,0.0
2026-07-16,8170,0.0
2026-07-16,8202,0.18426616639098065
2026-07-16,8203,0.0
2026-07-16,8205,0.5156466723368343
2026-07-16,8206,0.27197351080343307
2026-07-16,8207,0.21183305684171935
2026-07-16,8208,0.0
2026-07-16,8210,0.2928262531874806
2026-07-16,8212,0.16727394291283623
2026-07-16,8213,0.22112941802659156
2026-07-16,8215,0.26515846195327253
2026-07-16,8216,0.2376625497247226
2026-07-16,8217,0.1479277119628314
2026-07-16,8222,0.1615845879124992
2026-07-16,8225,0.15436595756496874
2026-07-16,9302,0.06906551624477571
2026-07-17,050304,0.060156070415855675
2026-07-17,07011,0.03019445080108289
2026-07-17,07013,0.05823639670110682
2026-07-17,10750,0.06257348705511212
2026-07-17,10752,0.0
2026-07-17,10755,0.0
2026-07-17,10757,0.0
2026-07-17,10762,0.06904221679753567
2026-07-17,12100,0.1455609579176967
2026-07-17,12105,0.06904221679753567
2026-07-17,12121,0.08254479606485718
2026-07-17,12125,0.06868519198073084
2026-07-17,12130,0.4778667459107878
2026-07-17,12132,0.0
2026-07-17,12134,0.3092270540199167
2026-07-17,12136,0.6405631733402053
2026-07-17,12138,0.4091828331819277
2026-07-17,1297,0.0
2026-07-17,1298,0.0
2026-07-17,1299,0.0
2026-07-17,13014,0.046981590363843605
2026-07-17,13016,0.0
2026-07-17,1302,0.0
2026-07-17,1303,0.0
2026-07-17,1306,0.062442890551309624
2026-07-17,1307,0.16675692166318662
2026-07-17,1308,0.15515359969846143
2026-07-17,1309,0.01809466928550194
2026-07-17,14210,0.0
2026-07-17,14218,0.11422632965421824
2026-07-17,15026,0.15265141636909982
2026-07-17,15030,0.14523741319387243
2026-07-17,15032,0.0
2026-07-17,15034,0.21960493025601077
2026-07-17,15041,0.06651121647067892
2026-07-17,15043,0.08189105224432344
2026-07-17,15045,0.05481746717962094
2026-07-17,17114,0.07951586009927408
2026-07-17,17115,0.0
2026-07-17,17143,0.0
2026-07-17,17222,0.40973521646801203
2026-07-17,17322,0.5228836798399303
2026-07-17,17323,0.0
2026-07-17,17400,0.5498738506465424
2026-07-17,17501,0.1896432308591048
2026-07-17,17504,0.6112830921496402
2026-07-17,17505,0.0
2026-07-17,17507,0.6295525742042529
2026-07-17,17508,0.0
2026-07-17,17521,0.06717310077658602
2026-07-17,17700,0.10900656648073943
2026-07-17,17704,0.10181854657149103
2026-07-17,17706,0.13120670617055738
2026-07-17,18100,0.0
2026-07-17,18101,0.1063120295637475
2026-07-17,18121,0.11796724495103056
2026-07-17,191070,0.060156070415855675
2026-07-17,20002,0.30573091735052
2026-07-17,21008,0.0
2026-07-17,21010,0.024742884534881705
2026-07-17,210377,0.060156070415855675
2026-07-17,26001,0.19943279574942702
2026-07-17,26004,0.0
2026-07-17,26005,0.07716577390239197
2026-07-17,26006,0.0
2026-07-17,26007,0.0
2026-07-17,26008,0.06755869762316356
2026-07-17,26009,0.2160913608082737
2026-07-17,26010,0.0
2026-07-17,26020,0.02573220590917714
2026-07-17,26093,0.0
2026-07-17,26100,0.07619518109372596
2026-07-17,26101,0.19808230791498177
2026-07-17,26104,0.0
2026-07-17,26107,0.0
2026-07-17,26111,0.0
2026-07-17,26117,0.0
2026-07-17,26121,0.0
2026-07-17,26123,0.08848016955252014
2026-07-17,26124,0.0
2026-07-17,26127,0.0
2026-07-17,26141,0.0
2026-07-17,26142,0.0
2026-07-17,26151,0.0
2026-07-17,2621,0.06480638667020765
2026-07-17,2721,0.09489480132834809
2026-07-17,300675,0.060156070415855675
2026-07-17,3525,0.0
2026-07-17,3527,0.0
2026-07-17,4004,0.16132284614872136
2026-07-17,44016,0.03019445080108289
2026-07-17,44017,0.0
2026-07-17,44018,0.0
2026-07-17,44019,0.0
2026-07-17,44022,0.48527275093311495
2026-07-17,44031,0.0
2026-07-17,44033,0.0
2026-07-17,44052,0.0390405031773874
2026-07-17,44056,0.016497234369943013
2026-07-17,44060,0.0
2026-07-17,44068,0.06685086757509162
2026-07-17,44071,0.23678652640904252
2026-07-17,44072,0.1832621957191459
2026-07-17,4500,0.09676657671009041
2026-07-17,45002,0.0
2026-07-17,45003,0.05960430261684766
2026-07-17,45005,0.1133138780855888
2026-07-17,45006,0.15612893797431462
2026-07-17,4502,0.08033051208718951
2026-07-17,45117,0.021538207312570227
2026-07-17,45120,0.0
2026-07-17,45203,0.14169920878182932
2026-07-17,45207,0.1070967398212781
2026-07-17,45212,0.03968446458217408
2026-07-17,45215,0.0
2026-07-17,45225,0.13678671326918518
2026-07-17,4614,0.023700132940368636
2026-07-17,4616,0.6312246080836528
2026-07-17,4620,0.6486571152881557
2026-07-17,4622,0.060156070415855675
2026-07-17,4700,0.08467943539488047
2026-07-17,4703,0.0
2026-07-17,4706,0.05671012621559548
2026-07-17,4708,0.0
2026-07-17,4710,0.0
2026-07-17,6153,0.11307860852853559
2026-07-17,6210,0.017112896465175862
2026-07-17,6304,0.0
2026-07-17,6307,0.0
2026-07-17,7002,0.06904221679753567
2026-07-17,7151,0.0
2026-07-17,7152,0.0
2026-07-17,7153,0.0
2026-07-17,7154,0.0
2026-07-17,7160,0.08580232863807336
2026-07-17,7161,0.06084242068196858
2026-07-17,7162,0.08254927051650503
2026-07-17,7706,0.0
2026-07-17,7707,0.0
2026-07-17,7715,0.0723314936700953
2026-07-17,7716,0.0
2026-07-17,8029,0.01871551957236719
2026-07-17,8050,0.0
2026-07-17,8118,0.06851588552549087
2026-07-17,8123,0.042781578145121
2026-07-17,8143,0.0805231565956922
2026-07-17,8153,0.0
2026-07-17,8154,0.07439314558463352
2026-07-17,8166,0.0
2026-07-17,8168,0.0
2026-07-17,8169,0.0
2026-07-17,8170,0.0
2026-07-17,8202,0.1651816367126973
2026-07-17,8203,0.0
2026-07-17,8205,0.5117570542259791
2026-07-17,8206,0.2556680822412562
2026-07-17,8207,0.16476636807762707
2026-07-17,8208,0.0
2026-07-17,8210,0.2849487546465716
2026-07-17,8212,0.13823368062096233
2026-07-17,8213,0.20353931059356456
2026-07-17,8215,0.2490972256672808
2026-07-17,8216,0.21735281913211793
2026-07-17,8217,0.11206814580908839
2026-07-17,8222,0.1446498855192392
2026-07-17,8225,0.11983961815616667
2026-07-17,9302,0.06035997010484535
2026-07-18,050304,0.015939150309654974
2026-07-18,07011,0.015328895236020627
2026-07-18,07013,0.016240638504036037
2026-07-18,10750,0.010064046478269454
2026-07-18,10752,0.0
2026-07-18,10755,0.0
2026-07-18,10757,0.0
2026-07-18,10762,0.015939150309654974
2026-07-18,12100,0.02314840678298997
2026-07-18,12105,0.015939150309654974
2026-07-18,12121,0.015430535686547613
2026-07-18,12125,0.01055076858703122
2026-07-18,12130,0.0385921726551248
2026-07-18,12132,0.0
2026-07-18,12134,0.035822110967280094
2026-07-18,12136,0.039529109361609326
2026-07-18,12138,0.014997270817617953
2026-07-18,1297,0.0
2026-07-18,1298,0.0
2026-07-18,1299,0.0
2026-07-18,13014,0.00980602204580017
2026-07-18,13016,0.0
2026-07-18,1302,0.0
2026-07-18,1303,0.0
2026-07-18,1306,0.012828230808658988
2026-07-18,1307,0.01024507590621574
2026-07-18,1308,0.01024507590621574
2026-07-18,1309,0.018770775526854095
2026-07-18,14210,0.0
2026-07-18,14218,0.011345408218356012
2026-07-18,15026,0.011289319346948
2026-07-18,15030,0.014194482293917265
2026-07-18,15032,0.0
2026-07-18,15034,0.025223826477593515
2026-07-18,15041,0.011962208016556059
2026-07-18,15043,0.011962208016556059
2026-07-18,15045,0.012195958058456635
2026-07-18,17114,0.011976072891338686
2026-07-18,17115,0.0
2026-07-18,17143,0.0
2026-07-18,17222,0.04592035067148844
2026-07-18,17322,0.04373545792181486
2026-07-18,17323,0.0
2026-07-18,17400,0.042799275533897015
2026-07-18,17501,0.015245016856094834
2026-07-18,17504,0.046656853169557276
2026-07-18,17505,0.0
2026-07-18,17507,0.04729432986571907
2026-07-18,17508,0.0
2026-07-18,17521,0.016934506603353203
2026-07-18,17700,0.02052588186178795
2026-07-18,17704,0.017121686869405517
2026-07-18,17706,0.010357913890654968
2026-07-18,18100,0.0
2026-07-18,18101,0.016296095656160595
2026-07-18,18121,0.01350041987206323
2026-07-18,191070,0.015939150309654974
2026-07-18,20002,0.02215956579197148
2026-07-18,21008,0.0
2026-07-18,21010,0.015230725739981783
2026-07-18,210377,0.015939150309654974
2026-07-18,26001,0.02730567457058308
2026-07-18,26004,0.0
2026-07-18,26005,0.027668316449922948
2026-07-18,26006,0.0
2026-07-18,26007,0.0
2026-07-18,26008,0.026346207529209728
2026-07-18,26009,0.02685815243213795
2026-07-18,26010,0.0
2026-07-18,26020,0.014231453406150738
2026-07-18,26093,0.0
2026-07-18,26100,0.026309828379854218
2026-07-18,26101,0.027846088744832045
2026-07-18,26104,0.0
2026-07-18,26107,0.0
2026-07-18,26111,0.0
2026-07-18,26117,0.0
2026-07-18,26121,0.0
2026-07-18,26123,0.027080824556259014
2026-07-18,26124,0.0
2026-07-18,26127,0.0
2026-07-18,26141,0.0
2026-07-18,26142,0.0
2026-07-18,26151,0.0
2026-07-18,2621,0.016607915639081015
2026-07-18,2721,0.020049583841735597
2026-07-18,300675,0.015939150309654974
2026-07-18,3525,0.0
2026-07-18,3527,0.0
2026-07-18,4004,0.025793381115739304
2026-07-18,44016,0.015328895236020627
2026-07-18,44017,0.0
2026-07-18,44018,0.0
2026-07-18,44019,0.0
2026-07-18,44022,0.044908798523678295
2026-07-18,44031,0.0
2026-07-18,44033,0.0
2026-07-18,44052,0.009815405384481142
2026-07-18,44056,0.0115239366503389
2026-07-18,44060,0.0
2026-07-18,44068,0.015952841731120805
2026-07-18,44071,0.024231779792249924
2026-07-18,44072,0.01745027658084524
2026-07-18,4500,0.024974175466170756
2026-07-18,45002,0.0
2026-07-18,45003,0.013716119645573045
2026-07-18,45005,0.015435925113573598
2026-07-18,45006,0.02221766157106395
2026-07-18,4502,0.015301288610869561
2026-07-18,45117,0.009781289575228905
2026-07-18,45120,0.0
2026-07-18,45203,0.015015268324394737
2026-07-18,45207,0.022096540380304282
2026-07-18,45212,0.016066784305803168
2026-07-18,45215,0.0
2026-07-18,45225,0.025897809356252167
2026-07-18,4614,0.01120702185707834
2026-07-18,4616,0.05271032732864253
2026-07-18,4620,0.06982569052824263
2026-07-18,4622,0.015939150309654974
2026-07-18,4700,0.013108375124022595
2026-07-18,4703,0.0
2026-07-18,4706,0.011647399389038214
2026-07-18,4708,0.0
2026-07-18,4710,0.0
2026-07-18,6153,0.016912620955765116
2026-07-18,6210,0.015123345532255444
2026-07-18,6304,0.0
2026-07-18,6307,0.0
2026-07-18,7002,0.015939150309654974
2026-07-18,7151,0.0
2026-07-18,7152,0.0
2026-07-18,7153,0.0
2026-07-18,7154,0.0
2026-07-18,7160,0.010112860412119451
2026-07-18,7161,0.010811056188811148
2026-07-18,7162,0.010112860412119451
2026-07-18,7706,0.0
2026-07-18,7707,0.0
2026-07-18,7715,0.013812085023820404
2026-07-18,7716,0.0
2026-07-18,8029,0.010960635213162576
2026-07-18,8050,0.0
2026-07-18,8118,0.012973972339544884
2026-07-18,8123,0.01382059013662665
2026-07-18,8143,0.013439071979303854
2026-07-18,8153,0.0
2026-07-18,8154,0.013402887395295071
2026-07-18,8166,0.0
2026-07-18,8168,0.0
2026-07-18,8169,0.0
2026-07-18,8170,0.0
2026-07-18,8202,0.011765944137739539
2026-07-18,8203,0.0
2026-07-18,8205,0.024063849643253896
2026-07-18,8206,0.017267485156074347
2026-07-18,8207,0.017576225344940993
2026-07-18,8208,0.0
2026-07-18,8210,0.020099036821991864
2026-07-18,8212,0.02224398109193889
2026-07-18,8213,0.016631444444722678
2026-07-18,8215,0.030980723145803375
2026-07-18,8216,0.017826392374187382
2026-07-18,8217,0.01463250315801773
2026-07-18,8222,0.020085820229580425
2026-07-18,8225,0.014204688094911202
2026-07-18,9302,0.012366433318960273
2026-07-19,050304,0.015729533503635935
2026-07-19,07011,0.01512730393430433
2026-07-19,07013,0.016027056807095534
2026-07-19,10750,0.010065945645178459
2026-07-19,10752,0.0
2026-07-19,10755,0.0
2026-07-19,10757,0.0
2026-07-19,10762,0.015729533503635935
2026-07-19,12100,0.022954995200573945
2026-07-19,12105,0.015729533503635935
2026-07-19,12121,0.015238565349297918
2026-07-19,12125,0.010589453081858498
2026-07-19,12130,0.038897593360225295
2026-07-19,12132,0.0
2026-07-19,12134,0.036031537830750845
2026-07-19,12136,0.03928155803563892
2026-07-19,12138,0.015051329322304836
2026-07-19,1297,0.0
2026-07-19,1298,0.0
2026-07-19,1299,0.0
2026-07-19,13014,0.009807872521413392
2026-07-19,13016,0.0
2026-07-19,1302,0.0
2026-07-19,1303,0.0
2026-07-19,1306,0.0126595259080372
2026-07-19,1307,0.010247009234840896
2026-07-19,1308,0.010247009234840896
2026-07-19,1309,0.018523919832792658
2026-07-19,14210,0.0
2026-07-19,14218,0.011364128226984878
2026-07-19,15026,0.01125219699896308
2026-07-19,15030,0.014245647102297745
2026-07-19,15032,0.0
2026-07-19,15034,0.0253147471763288
2026-07-19,15041,0.01180489223819572
2026-07-19,15043,0.01180489223819572
2026-07-19,15045,0.012035568218039154
2026-07-19,17114,0.011969155975793934
2026-07-19,17115,0.0
2026-07-19,17143,0.0
2026-07-19,17222,0.04596196351303347
2026-07-19,17322,0.04333875903314532
2026-07-19,17323,0.0
2026-07-19,17400,0.0431362435524803
2026-07-19,17501,0.01534332256605598
2026-07-19,17504,0.04648259052393992
2026-07-19,17505,0.0
2026-07-19,17507,0.04733718780181716
2026-07-19,17508,0.0
2026-07-19,17521,0.016723825457225717
2026-07-19,17700,0.02052975526158735
2026-07-19,17704,0.01713404319692853
2026-07-19,17706,0.010299144142727468
2026-07-19,18100,0.0
2026-07-19,18101,0.016299170861117467
2026-07-19,18121,0.013555982260955739
2026-07-19,191070,0.015729533503635935
2026-07-19,20002,0.02203668325354764
2026-07-19,21008,0.0
2026-07-19,21010,0.015030425471715098
2026-07-19,210377,0.015729533503635935
2026-07-19,26001,0.027020547496328873
2026-07-19,26004,0.0
2026-07-19,26005,0.026443284322682392
2026-07-19,26006,0.0
2026-07-19,26007,0.0
2026-07-19,26008,0.025455932490537205
2026-07-19,26009,0.026577698404054755
2026-07-19,26010,0.0
2026-07-19,26020,0.014044294633565536
2026-07-19,26093,0.0
2026-07-19,26100,0.025490232089889802
2026-07-19,26101,0.026658794936224823
2026-07-19,26104,0.0
2026-07-19,26107,0.0
2026-07-19,26111,0.0
2026-07-19,26117,0.0
2026-07-19,26121,0.0
2026-07-19,26123,0.025976031022361405
2026-07-19,26124,0.0
2026-07-19,26127,0.0
2026-07-19,26141,0.0
2026-07-19,26142,0.0
2026-07-19,26151,0.0
2026-07-19,2621,0.016626735614908295
2026-07-19,2721,0.02009572946390752
2026-07-19,300675,0.015729533503635935
2026-07-19,3525,0.0
2026-07-19,3527,0.0
2026-07-19,4004,0.025480377568787616
2026-07-19,44016,0.01512730393430433
2026-07-19,44017,0.0
2026-07-19,44018,0.0
2026-07-19,44019,0.0
2026-07-19,44022,0.04502376485711727
2026-07-19,44031,0.0
2026-07-19,44033,0.0
2026-07-19,44052,0.009817257630806209
2026-07-19,44056,0.011365009070638988
2026-07-19,44060,0.0
2026-07-19,44068,0.015743044868324476
2026-07-19,44071,0.02414127445878329
2026-07-19,44072,0.017637503051169866
2026-07-19,4500,0.024647485438020034
2026-07-19,45002,0.0
2026-07-19,45003,0.013754688824418325
2026-07-19,45005,0.015294864869863211
2026-07-19,45006,0.021824469512844304
2026-07-19,4502,0.015312331198848316
2026-07-19,45117,0.00974985093487342
2026-07-19,45120,0.0
2026-07-19,45203,0.014864704802756312
2026-07-19,45207,0.02195984596190507
2026-07-19,45212,0.01585548897677053
2026-07-19,45215,0.0
2026-07-19,45225,0.025595830611504444
2026-07-19,4614,0.011283797882213174
2026-07-19,4616,0.05035415910884011
2026-07-19,4620,0.06670446018712496
2026-07-19,4622,0.015729533503635935
2026-07-19,4700,0.013142018676242716
2026-07-19,4703,0.0
2026-07-19,4706,0.011642282049358278
2026-07-19,4708,0.0
2026-07-19,4710,0.0
2026-07-19,6153,0.01670221208762161
2026-07-19,6210,0.014924457428108925
2026-07-19,6304,0.0
2026-07-19,6307,0.0
2026-07-19,7002,0.015729533503635935
2026-07-19,7151,0.0
2026-07-19,7152,0.0
2026-07-19,7153,0.0
2026-07-19,7154,0.0
2026-07-19,7160,0.010114768790612292
2026-07-19,7161,0.01081911038296877
2026-07-19,7162,0.010114768790612292
2026-07-19,7706,0.0
2026-07-19,7707,0.0
2026-07-19,7715,0.013662787547779769
2026-07-19,7716,0.0
2026-07-19,8029,0.010864688224408251
2026-07-19,8050,0.0
2026-07-19,8118,0.012810778425809438
2026-07-19,8123,0.013714704621899708
2026-07-19,8143,0.013502141966683033
2026-07-19,8153,0.0
2026-07-19,8154,0.013440575777603627
2026-07-19,8166,0.0
2026-07-19,8168,0.0
2026-07-19,8169,0.0
2026-07-19,8170,0.0
2026-07-19,8202,0.01186338551243059
2026-07-19,8203,0.0
2026-07-19,8205,0.02408565620935205
2026-07-19,8206,0.017216306578036973
2026-07-19,8207,0.017701831790673063
2026-07-19,8208,0.0
2026-07-19,8210,0.020117250490272943
2026-07-19,8212,0.022387418805012403
2026-07-19,8213,0.016809885549960144
2026-07-19,8215,0.030997469918137777
2026-07-19,8216,0.01768644933363511
2026-07-19,8217,0.014543610982987924
2026-07-19,8222,0.02008961058619321
2026-07-19,8225,0.014017881314680992
2026-07-19,9302,0.012359290946361743
2026-07-20,050304,0.06632631169275775
2026-07-20,07011,0.02548105541831734
2026-07-20,07013,0.05094553111582297
2026-07-20,10750,0.07789526247764254
2026-07-20,10752,0.0
2026-07-20,10755,0.0
2026-07-20,10757,0.0
2026-07-20,10762,0.06632631169275775
2026-07-20,12100,0.1926241870181227
2026-07-20,12105,0.06632631169275775
2026-07-20,12121,0.07483605759156807
2026-07-20,12125,0.06900468400725593
2026-07-20,12130,0.5318484030531262
2026-07-20,12132,0.0
2026-07-20,12134,0.3327021973046986
2026-07-20,12136,0.7215719878455487
2026-07-20,12138,0.4725907741031221
2026-07-20,1297,0.0
2026-07-20,1298,0.0
2026-07-20,1299,0.0
2026-07-20,13014,0.05061773447354046
2026-07-20,13016,0.0
2026-07-20,1302,0.0
2026-07-20,1303,0.0
2026-07-20,1306,0.05876686371725133
2026-07-20,1307,0.15597269449928763
2026-07-20,1308,0.16153311428499545
2026-07-20,1309,0.017885273934485524
2026-07-20,14210,0.0
2026-07-20,14218,0.1390881250850367
2026-07-20,15026,0.17051231634164593
2026-07-20,15030,0.1837262150298564
2026-07-20,15032,0.0
2026-07-20,15034,0.24416090708753357
2026-07-20,15041,0.06427943650989398
2026-07-20,15043,0.08628063220858487
2026-07-20,15045,0.05671937531897245
2026-07-20,17114,0.1063945060928243
2026-07-20,17115,0.0
2026-07-20,17143,0.0
2026-07-20,17222,0.4633388854764724
2026-07-20,17322,0.5947535115129613
2026-07-20,17323,0.0
2026-07-20,17400,0.6286544998791984
2026-07-20,17501,0.23168480384287332
2026-07-20,17504,0.6467981549716867
2026-07-20,17505,0.0
2026-07-20,17507,0.687889056310112
2026-07-20,17508,0.0
2026-07-20,17521,0.0663575890263843
2026-07-20,17700,0.14306341977102335
2026-07-20,17704,0.12100465227757624
2026-07-20,17706,0.13734615009641404
2026-07-20,18100,0.0
2026-07-20,18101,0.13212630417800375
2026-07-20,18121,0.14563760200025064
2026-07-20,191070,0.06632631169275775
2026-07-20,20002,0.3107981382369056
2026-07-20,21008,0.0
2026-07-20,21010,0.02285775401762915
2026-07-20,210377,0.06632631169275775
2026-07-20,26001,0.2625105987149406
2026-07-20,26004,0.0
2026-07-20,26005,0.0878777640336404
2026-07-20,26006,0.0
2026-07-20,26007,0.0
2026-07-20,26008,0.07643862892082046
2026-07-20,26009,0.2843846774308593
2026-07-20,26010,0.0
2026-07-20,26020,0.02626200253369545
2026-07-20,26093,0.0
2026-07-20,26100,0.0843777814855677
2026-07-20,26101,0.21819602543743563
2026-07-20,26104,0.0
2026-07-20,26107,0.0
2026-07-20,26111,0.0
2026-07-20,26117,0.0
2026-07-20,26121,0.0
2026-07-20,26123,0.09124799164820781
2026-07-20,26124,0.0
2026-07-20,26127,0.0
2026-07-20,26141,0.0
2026-07-20,26142,0.0
2026-07-20,26151,0.0
2026-07-20,2621,0.08481148597862438
2026-07-20,2721,0.10209851669244856
2026-07-20,300675,0.06632631169275775
2026-07-20,3525,0.0
2026-07-20,3527,0.0
2026-07-20,4004,0.19066783749536656
2026-07-20,44016,0.02548105541831734
2026-07-20,44017,0.0
2026-07-20,44018,0.0
2026-07-20,44019,0.0
2026-07-20,44022,0.521202284213674
2026-07-20,44031,0.0
2026-07-20,44033,0.0
2026-07-20,44052,0.04123999008684869
2026-07-20,44056,0.01665661035680432
2026-07-20,44060,0.0
2026-07-20,44068,0.06421866897571918
2026-07-20,44071,0.2659587533780668
2026-07-20,44072,0.22921382047886713
2026-07-20,4500,0.10711104306506423
2026-07-20,45002,0.0
2026-07-20,45003,0.05886542135026457
2026-07-20,45005,0.10878717150404577
2026-07-20,45006,0.16654934509158248
2026-07-20,4502,0.10350989170444157
2026-07-20,45117,0.017979544265385543
2026-07-20,45120,0.0
2026-07-20,45203,0.15423454192320124
2026-07-20,45207,0.12635823867080326
2026-07-20,45212,0.0406693359899726
2026-07-20,45215,0.0
2026-07-20,45225,0.13640159540882313
2026-07-20,4614,0.022623111088673105
2026-07-20,4616,0.761173488393612
2026-07-20,4620,0.7660063939285507
2026-07-20,4622,0.06632631169275775
2026-07-20,4700,0.09153412702651736
2026-07-20,4703,0.0
2026-07-20,4706,0.0521276977724698
2026-07-20,4708,0.0
2026-07-20,4710,0.0
2026-07-20,6153,0.10532367643211799
2026-07-20,6210,0.016914862397479243
2026-07-20,6304,0.0
2026-07-20,6307,0.0
2026-07-20,7002,0.06632631169275775
2026-07-20,7151,0.0
2026-07-20,7152,0.0
2026-07-20,7153,0.0
2026-07-20,7154,0.0
2026-07-20,7160,0.10708850653853359
2026-07-20,7161,0.06906050106207162
2026-07-20,7162,0.09084024300023087
2026-07-20,7706,0.0
2026-07-20,7707,0.0
2026-07-20,7715,0.06507039726212459
2026-07-20,7716,0.0
2026-07-20,8029,0.018913572248538766
2026-07-20,8050,0.0
2026-07-20,8118,0.06947698337455473
2026-07-20,8123,0.036887072045053426
2026-07-20,8143,0.07835149280633717
2026-07-20,8153,0.0
2026-07-20,8154,0.06937339442944433
2026-07-20,8166,0.0
2026-07-20,8168,0.0
2026-07-20,8169,0.0
2026-07-20,8170,0.0
2026-07-20,8202,0.21008505506996458
2026-07-20,8203,0.0
2026-07-20,8205,0.569433042842943
2026-07-20,8206,0.28451520969692773
2026-07-20,8207,0.21370456978551508
2026-07-20,8208,0.0
2026-07-20,8210,0.311555854889034
2026-07-20,8212,0.1859943419631159
2026-07-20,8213,0.26089578563825017
2026-07-20,8215,0.2987255180563986
2026-07-20,8216,0.2673593509407222
2026-07-20,8217,0.1582323770832978
2026-07-20,8222,0.16442171252026494
2026-07-20,8225,0.14071991453803884
2026-07-20,9302,0.06087570535038882
2026-07-21,050304,0.06624336754808857
2026-07-21,07011,0.02544078361764125
2026-07-21,07013,0.06413726694964249
2026-07-21,10750,0.07693887799565237
2026-07-21,10752,0.0
2026-07-21,10755,0.0
2026-07-21,10757,0.0
2026-07-21,10762,0.06624336754808857
2026-07-21,12100,0.1923868573224587
2026-07-21,12105,0.06624336754808857
2026-07-21,12121,0.07469413544867226
2026-07-21,12125,0.067511188097479
2026-07-21,12130,0.49820151456307843
2026-07-21,12132,0.0
2026-07-21,12134,0.3172347858567985
2026-07-21,12136,0.6778389271445425
2026-07-21,12138,0.44254804761915045
2026-07-21,1297,0.0
2026-07-21,1298,0.0
2026-07-21,1299,0.0
2026-07-21,13014,0.04997959476712633
2026-07-21,13016,0.0
2026-07-21,1302,0.0
2026-07-21,1303,0.0
2026-07-21,1306,0.058696166249372864
2026-07-21,1307,0.15448409897864537
2026-07-21,1308,0.15777018989159772
2026-07-21,1309,0.01809246250787305
2026-07-21,14210,0.0
2026-07-21,14218,0.13936629400716627
2026-07-21,15026,0.16274038658878068
2026-07-21,15030,0.18021082660904486
2026-07-21,15032,0.0
2026-07-21,15034,0.24076597405762964
2026-07-21,15041,0.0642056257748878
2026-07-21,15043,0.08753741783089021
2026-07-21,15045,0.05596679034887212
2026-07-21,17114,0.10258910621235431
2026-07-21,17115,0.0
2026-07-21,17143,0.0
2026-07-21,17222,0.4530843445880822
2026-07-21,17322,0.5595015694538779
2026-07-21,17323,0.0
2026-07-21,17400,0.5865149545519073
2026-07-21,17501,0.2099393925520511
2026-07-21,17504,0.6439015112656928
2026-07-21,17505,0.0
2026-07-21,17507,0.6677463623871136
2026-07-21,17508,0.0
2026-07-21,17521,0.06622370430125347
2026-07-21,17700,0.13813283944362928
2026-07-21,17704,0.11980647167676782
2026-07-21,17706,0.13655745830901822
2026-07-21,18100,0.0
2026-07-21,18101,0.1275210119201074
2026-07-21,18121,0.14246506427649322
2026-07-21,191070,0.06624336754808857
2026-07-21,20002,0.29285669671135484
2026-07-21,21008,0.0
2026-07-21,21010,0.02312254534613232
2026-07-21,210377,0.06624336754808857
2026-07-21,26001,0.23393236357819935
2026-07-21,26004,0.0
2026-07-21,26005,0.07953610403828862
2026-07-21,26006,0.0
2026-07-21,26007,0.0
2026-07-21,26008,0.07117035997899658
2026-07-21,26009,0.26741294314646424
2026-07-21,26010,0.0
2026-07-21,26020,0.026566229735313227
2026-07-21,26093,0.0
2026-07-21,26100,0.07892404701237088
2026-07-21,26101,0.20051881970412747
2026-07-21,26104,0.0
2026-07-21,26107,0.0
2026-07-21,26111,0.0
2026-07-21,26117,0.0
2026-07-21,26121,0.0
2026-07-21,26123,0.08363550488305414
2026-07-21,26124,0.0
2026-07-21,26127,0.0
2026-07-21,26141,0.0
2026-07-21,26142,0.0
2026-07-21,26151,0.0
2026-07-21,2621,0.08460506857408427
2026-07-21,2721,0.09896341733861187
2026-07-21,300675,0.06624336754808857
2026-07-21,3525,0.0
2026-07-21,3527,0.0
2026-07-21,4004,0.18357571872577116
2026-07-21,44016,0.02544078361764125
2026-07-21,44017,0.0
2026-07-21,44018,0.0
2026-07-21,44019,0.0
2026-07-21,44022,0.516518844561135
2026-07-21,44031,0.0
2026-07-21,44033,0.0
2026-07-21,44052,0.040715341482014146
2026-07-21,44056,0.016918972337874264
2026-07-21,44060,0.0
2026-07-21,44068,0.06624336754808857
2026-07-21,44071,0.26708740895571464
2026-07-21,44072,0.2094105955653824
2026-07-21,4500,0.10705314605182105
2026-07-21,45002,0.0
2026-07-21,45003,0.0566677241158604
2026-07-21,45005,0.10792049805736692
2026-07-21,45006,0.16397678279313835
2026-07-21,4502,0.09979689897151017
2026-07-21,45117,0.017745798330422724
2026-07-21,45120,0.0
2026-07-21,45203,0.1541232382288456
2026-07-21,45207,0.12418826659047841
2026-07-21,45212,0.0406101808811944
2026-07-21,45215,0.0
2026-07-21,45225,0.13479494209173745
2026-07-21,4614,0.02213766944941013
2026-07-21,4616,0.7027455424117338
2026-07-21,4620,0.708580788383632
2026-07-21,4622,0.06624336754808857
2026-07-21,4700,0.08938200255608633
2026-07-21,4703,0.0
2026-07-21,4706,0.051843105153935434
2026-07-21,4708,0.0
2026-07-21,4710,0.0
2026-07-21,6153,0.10426993730633562
2026-07-21,6210,0.01711080942194291
2026-07-21,6304,0.0
2026-07-21,6307,0.0
2026-07-21,7002,0.06624336754808857
2026-07-21,7151,0.0
2026-07-21,7152,0.0
2026-07-21,7153,0.0
2026-07-21,7154,0.0
2026-07-21,7160,0.10445001196063458
2026-07-21,7161,0.06740233961149059
2026-07-21,7162,0.08856572625007222
2026-07-21,7706,0.0
2026-07-21,7707,0.0
2026-07-21,7715,0.06599318223665548
2026-07-21,7716,0.0
2026-07-21,8029,0.019147232772356068
2026-07-21,8050,0.0
2026-07-21,8118,0.06933030299198233
2026-07-21,8123,0.03666254516041943
2026-07-21,8143,0.07520359307753505
2026-07-21,8153,0.0
2026-07-21,8154,0.06867229768137753
2026-07-21,8166,0.0
2026-07-21,8168,0.0
2026-07-21,8169,0.0
2026-07-21,8170,0.0
2026-07-21,8202,0.2035648631770615
2026-07-21,8203,0.0
2026-07-21,8205,0.5689972195897429
2026-07-21,8206,0.28308497279591455
2026-07-21,8207,0.19950007448250218
2026-07-21,8208,0.0
2026-07-21,8210,0.30776028404209904
2026-07-21,8212,0.17099223444645342
2026-07-21,8213,0.24104654827284133
2026-07-21,8215,0.2811851640401066
2026-07-21,8216,0.2638203681970835
2026-07-21,8217,0.15502387721961103
2026-07-21,8222,0.1606037060702514
2026-07-21,8225,0.14026481686126271
2026-07-21,9302,0.05972499002796403
2026-07-22,050304,0.07911863894895996
2026-07-22,07011,0.030818237124206466
2026-07-22,07013,0.07662294934804646
2026-07-22,10750,0.08863513333542251
2026-07-22,10752,0.0
2026-07-22,10755,0.0
2026-07-22,10757,0.0
2026-07-22,10762,0.07911863894895996
2026-07-22,12100,0.21310009892743426
2026-07-22,12105,0.07870638962231778
2026-07-22,12121,0.09095663241576495
2026-07-22,12125,0.08157334029141951
2026-07-22,12130,0.5397554632077928
2026-07-22,12132,0.0
2026-07-22,12134,0.33727774338629835
2026-07-22,12136,0.7193532564019515
2026-07-22,12138,0.47193599533630615
2026-07-22,1297,0.0
2026-07-22,1298,0.0
2026-07-22,1299,0.0
2026-07-22,13014,0.048480338322211255
2026-07-22,13016,0.0
2026-07-22,1302,0.0
2026-07-22,1303,0.0
2026-07-22,1306,0.07013980281718377
2026-07-22,1307,0.1756412496992861
2026-07-22,1308,0.17604123143241812
2026-07-22,1309,0.01809246250787305
2026-07-22,14210,0.0
2026-07-22,14218,0.1557054052019107
2026-07-22,15026,0.17531152260447083
2026-07-22,15030,0.21114960134234514
2026-07-22,15032,0.0
2026-07-22,15034,0.2673098352230519
2026-07-22,15041,0.06948205338274817
2026-07-22,15043,0.09571177480408471
2026-07-22,15045,0.078414231281049
2026-07-22,17114,0.10314701191494195
2026-07-22,17115,0.0
2026-07-22,17143,0.0
2026-07-22,17222,0.49140379932522615
2026-07-22,17322,0.5956267286623684
2026-07-22,17323,0.0
2026-07-22,17400,0.6226988782094119
2026-07-22,17501,0.23056365146383487
2026-07-22,17504,0.6885141281630939
2026-07-22,17505,0.0
2026-07-22,17507,0.7095613421740479
2026-07-22,17508,0.0
2026-07-22,17521,0.07156488417864912
2026-07-22,17700,0.161972386737532
2026-07-22,17704,0.14096118003360383
2026-07-22,17706,0.14742254953741118
2026-07-22,18100,0.0
2026-07-22,18101,0.1474941477904354
2026-07-22,18121,0.16648269751462183
2026-07-22,191070,0.07911863894895996
2026-07-22,20002,0.330951862819881
2026-07-22,21008,0.0
2026-07-22,21010,0.024739866958643962
2026-07-22,210377,0.07911863894895996
2026-07-22,26001,0.24554640401984387
2026-07-22,26004,0.0
2026-07-22,26005,0.07978006147778142
2026-07-22,26006,0.0
2026-07-22,26007,0.0
2026-07-22,26008,0.07117368476850977
2026-07-22,26009,0.31085849321602627
2026-07-22,26010,0.0
2026-07-22,26020,0.025729067677941947
2026-07-22,26093,0.0
2026-07-22,26100,0.07919302105875448
2026-07-22,26101,0.23395382556093605
2026-07-22,26104,0.0
2026-07-22,26107,0.0
2026-07-22,26111,0.0
2026-07-22,26117,0.0
2026-07-22,26121,0.0
2026-07-22,26123,0.0927009829918393
2026-07-22,26124,0.0
2026-07-22,26127,0.0
2026-07-22,26141,0.0
2026-07-22,26142,0.0
2026-07-22,26151,0.0
2026-07-22,2621,0.08670463868351579
2026-07-22,2721,0.11454963661274785
2026-07-22,300675,0.07911863894895996
2026-07-22,3525,0.0
2026-07-22,3527,0.0
2026-07-22,4004,0.21669563044039888
2026-07-22,44016,0.030818237124206466
2026-07-22,44017,0.0
2026-07-22,44018,0.0
2026-07-22,44019,0.0
2026-07-22,44022,0.5689327805863853
2026-07-22,44031,0.0
2026-07-22,44033,0.0
2026-07-22,44052,0.039668200681933385
2026-07-22,44056,0.016698450314948432
2026-07-22,44060,0.0
2026-07-22,44068,0.07911863894895996
2026-07-22,44071,0.3029984820301385
2026-07-22,44072,0.24121904632625646
2026-07-22,4500,0.12774219874301895
2026-07-22,45002,0.0
2026-07-22,45003,0.06694703861037332
2026-07-22,45005,0.13066617787891568
2026-07-22,45006,0.198751892139083
2026-07-22,4502,0.10222768716522822
2026-07-22,45117,0.021322969531725283
2026-07-22,45120,0.0
2026-07-22,45203,0.18519850878207425
2026-07-22,45207,0.12729216191756726
2026-07-22,45212,0.03879233885582297
2026-07-22,45215,0.0
2026-07-22,45225,0.16156153766208092
2026-07-22,4614,0.023676336424152268
2026-07-22,4616,0.7085794478156401
2026-07-22,4620,0.7042557336437822
2026-07-22,4622,0.07911863894895996
2026-07-22,4700,0.09487341687629128
2026-07-22,4703,0.0
2026-07-22,4706,0.06304194169619663
2026-07-22,4708,0.0
2026-07-22,4710,0.0
2026-07-22,6153,0.12340739368006202
2026-07-22,6210,0.01711080942194291
2026-07-22,6304,0.0
2026-07-22,6307,0.0
2026-07-22,7002,0.07911863894895996
2026-07-22,7151,0.0
2026-07-22,7152,0.0
2026-07-22,7153,0.0
2026-07-22,7154,0.0
2026-07-22,7160,0.11620131814632143
2026-07-22,7161,0.06957385472804047
2026-07-22,7162,0.1048022121407766
2026-07-22,7706,0.0
2026-07-22,7707,0.0
2026-07-22,7715,0.0790401703307876
2026-07-22,7716,0.0
2026-07-22,8029,0.018898341800662913
2026-07-22,8050,0.0
2026-07-22,8118,0.08614890956126484
2026-07-22,8123,0.04393535556772859
2026-07-22,8143,0.09129017218055793
2026-07-22,8153,0.0
2026-07-22,8154,0.08218774315709382
2026-07-22,8166,0.0
2026-07-22,8168,0.0
2026-07-22,8169,0.0
2026-07-22,8170,0.0
2026-07-22,8202,0.20696704211416525
2026-07-22,8203,0.0
2026-07-22,8205,0.597883490944635
2026-07-22,8206,0.3072357992767114
2026-07-22,8207,0.22795545443025964
2026-07-22,8208,0.0
2026-07-22,8210,0.3334050167397627
2026-07-22,8212,0.19406995996951037
2026-07-22,8213,0.2538874696902814
2026-07-22,8215,0.3102871083879359
2026-07-22,8216,0.27117226455354027
2026-07-22,8217,0.15875444917150222
2026-07-22,8222,0.180430818375441
2026-07-22,8225,0.1627795184262985
2026-07-22,9302,0.06908930143103333
2026-07-23,050304,0.07917785839215122
2026-07-23,07011,0.030869911955833152
2026-07-23,07013,0.07668018815783646
2026-07-23,10750,0.08303776117800536
2026-07-23,10752,0.0
2026-07-23,10755,0.0
2026-07-23,10757,0.0
2026-07-23,10762,0.07917785839215122
2026-07-23,12100,0.18742997140228942
2026-07-23,12105,0.07876530050135898
2026-07-23,12121,0.09102537899301344
2026-07-23,12125,0.08152147441474075
2026-07-23,12130,0.4705080369012005
2026-07-23,12132,0.0
2026-07-23,12134,0.31761474872672824
2026-07-23,12136,0.6380950998779779
2026-07-23,12138,0.40130800991471716
2026-07-23,1297,0.0
2026-07-23,1298,0.0
2026-07-23,1299,0.0
2026-07-23,13014,0.04754089679415162
2026-07-23,13016,0.0
2026-07-23,1302,0.0
2026-07-23,1303,0.0
2026-07-23,1306,0.07019259355465407
2026-07-23,1307,0.16678839004204934
2026-07-23,1308,0.16919902326458963
2026-07-23,1309,0.018122799251342133
2026-07-23,14210,0.0
2026-07-23,14218,0.1466168581212028
2026-07-23,15026,0.16615411813782135
2026-07-23,15030,0.18891217323636927
2026-07-23,15032,0.0
2026-07-23,15034,0.23647835663337163
2026-07-23,15041,0.06953431598805891
2026-07-23,15043,0.09578558374458936
2026-07-23,15045,0.07589376541209022
2026-07-23,17114,0.0967221379320805
2026-07-23,17115,0.0
2026-07-23,17143,0.0
2026-07-23,17222,0.40249989164346966
2026-07-23,17322,0.5173573914993183
2026-07-23,17323,0.0
2026-07-23,17400,0.5446921662656533
2026-07-23,17501,0.20713410900014612
2026-07-23,17504,0.5996646794343465
2026-07-23,17505,0.0
2026-07-23,17507,0.6184552581829401
2026-07-23,17508,0.0
2026-07-23,17521,0.07161785648574663
2026-07-23,17700,0.14575773032786782
2026-07-23,17704,0.13140676160896328
2026-07-23,17706,0.1364531734980453
2026-07-23,18100,0.0
2026-07-23,18101,0.13495733480500338
2026-07-23,18121,0.15508714630198045
2026-07-23,191070,0.07917785839215122
2026-07-23,20002,0.30141412372452825
2026-07-23,21008,0.0
2026-07-23,21010,0.02478134981356529
2026-07-23,210377,0.07917785839215122
2026-07-23,26001,0.23365507210439315
2026-07-23,26004,0.0
2026-07-23,26005,0.079781775169583
2026-07-23,26006,0.0
2026-07-23,26007,0.0
2026-07-23,26008,0.07117521359360486
2026-07-23,26009,0.2917095540061149
2026-07-23,26010,0.0
2026-07-23,26020,0.025772209186484783
2026-07-23,26093,0.0
2026-07-23,26100,0.07919472214080951
2026-07-23,26101,0.22998208998095443
2026-07-23,26104,0.0
2026-07-23,26107,0.0
2026-07-23,26111,0.0
2026-07-23,26117,0.0
2026-07-23,26121,0.0
2026-07-23,26123,0.09270297422763943
2026-07-23,26124,0.0
2026-07-23,26127,0.0
2026-07-23,26141,0.0
2026-07-23,26142,0.0
2026-07-23,26151,0.0
2026-07-23,2621,0.08246887335575866
2026-07-23,2721,0.11241079876348856
2026-07-23,300675,0.07917785839215122
2026-07-23,3525,0.0
2026-07-23,3527,0.0
2026-07-23,4004,0.20665324677295357
2026-07-23,44016,0.030869911955833152
2026-07-23,44017,0.0
2026-07-23,44018,0.0
2026-07-23,44019,0.0
2026-07-23,44022,0.4753480457507022
2026-07-23,44031,0.0
2026-07-23,44033,0.0
2026-07-23,44052,0.039747300688268074
2026-07-23,44056,0.016697332564689308
2026-07-23,44060,0.0
2026-07-23,44068,0.07917785839215122
2026-07-23,44071,0.26534807643131675
2026-07-23,44072,0.22701429488433592
2026-07-23,4500,0.12544793008350677
2026-07-23,45002,0.0
2026-07-23,45003,0.06692005937534817
2026-07-23,45005,0.13076797354586464
2026-07-23,45006,0.18959256946906822
2026-07-23,4502,0.0973278724219881
2026-07-23,45117,0.021322969531725283
2026-07-23,45120,0.0
2026-07-23,45203,0.17403982832289494
2026-07-23,45207,0.12739880021897307
2026-07-23,45212,0.038857384353743585
2026-07-23,45215,0.0
2026-07-23,45225,0.1616889256385835
2026-07-23,4614,0.023676336424152268
2026-07-23,4616,0.5830342565270565
2026-07-23,4620,0.5822752817015354
2026-07-23,4622,0.07054873367603759
2026-07-23,4700,0.0947875692452427
2026-07-23,4703,0.0
2026-07-23,4706,0.07925784378679243
2026-07-23,4708,0.0
2026-07-23,4710,0.0
2026-07-23,6153,0.12350228255287118
2026-07-23,6210,0.017139500167371067
2026-07-23,6304,0.0
2026-07-23,6307,0.0
2026-07-23,7002,0.07917785839215122
2026-07-23,7151,0.0
2026-07-23,7152,0.0
2026-07-23,7153,0.0
2026-07-23,7154,0.0
2026-07-23,7160,0.1081335624788882
2026-07-23,7161,0.06951022411459645
2026-07-23,7162,0.09828485476071887
2026-07-23,7706,0.0
2026-07-23,7707,0.0
2026-07-23,7715,0.0791259921694804
2026-07-23,7716,0.0
2026-07-23,8029,0.018897076795465054
2026-07-23,8050,0.0
2026-07-23,8118,0.08611523768366036
2026-07-23,8123,0.04393535556772859
2026-07-23,8143,0.08842899892325007
2026-07-23,8153,0.0
2026-07-23,8154,0.08215544709444556
2026-07-23,8166,0.0
2026-07-23,8168,0.0
2026-07-23,8169,0.0
2026-07-23,8170,0.0
2026-07-23,8202,0.18430093890583482
2026-07-23,8203,0.0
2026-07-23,8205,0.5057293486008089
2026-07-23,8206,0.27197351080343307
2026-07-23,8207,0.21183305684171935
2026-07-23,8208,0.0
2026-07-23,8210,0.28413065485319067
2026-07-23,8212,0.16739466066923855
2026-07-23,8213,0.22128900204041868
2026-07-23,8215,0.26515846195327253
2026-07-23,8216,0.2378340653193456
2026-07-23,8217,0.14795562711764426
2026-07-23,8222,0.1616150802301799
2026-07-23,8225,0.15427680177064865
2026-07-23,9302,0.06902562667936854
2026-07-24,050304,0.06911337977567382
2026-07-24,07011,0.030538476823716968
2026-07-24,07013,0.06911337977567382
2026-07-24,10750,0.06258529517784413
2026-07-24,10752,0.0
2026-07-24,10755,0.0
2026-07-24,10757,0.0
2026-07-24,10762,0.06911337977567382
2026-07-24,12100,0.1456660059123431
2026-07-24,12105,0.06875326306167338
2026-07-24,12121,0.0824971213898431
2026-07-24,12125,0.06864552207587833
2026-07-24,12130,0.46954167875993597
2026-07-24,12132,0.0
2026-07-24,12134,0.31806411540550256
2026-07-24,12136,0.6294886246775816
2026-07-24,12138,0.4018326847358451
2026-07-24,1297,0.0
2026-07-24,1298,0.0
2026-07-24,1299,0.0
2026-07-24,13014,0.04369954435870212
2026-07-24,13016,0.0
2026-07-24,1302,0.0
2026-07-24,1303,0.0
2026-07-24,1306,0.06250725149250327
2026-07-24,1307,0.16678839004204934
2026-07-24,1308,0.1551828784366903
2026-07-24,1309,0.018113319766533815
2026-07-24,14210,0.0
2026-07-24,14218,0.1143087641685114
2026-07-24,15026,0.15268022292511155
2026-07-24,15030,0.14534222769373492
2026-07-24,15032,0.0
2026-07-24,15034,0.21976341408208522
2026-07-24,15041,0.0665797707040623
2026-07-24,15043,0.08197545873401745
2026-07-24,15045,0.06376552266147913
2026-07-24,17114,0.0794699348202811
2026-07-24,17115,0.0
2026-07-24,17143,0.0
2026-07-24,17222,0.401295674899876
2026-07-24,17322,0.51338689791512
2026-07-24,17323,0.0
2026-07-24,17400,0.5406622428087985
2026-07-24,17501,0.18978009201600432
2026-07-24,17504,0.6003755307871708
2026-07-24,17505,0.0
2026-07-24,17507,0.6184552581829401
2026-07-24,17508,0.0
2026-07-24,17521,0.06800516648553641
2026-07-24,17700,0.1090271369008355
2026-07-24,17704,0.10189202667417897
2026-07-24,17706,0.13123146593643653
2026-07-24,18100,0.0
2026-07-24,18101,0.10633209150294985
2026-07-24,18121,0.11805237919783235
2026-07-24,191070,0.06911337977567382
2026-07-24,20002,0.30595155632012094
2026-07-24,21008,0.0
2026-07-24,21010,0.02476838744357877
2026-07-24,210377,0.06911337977567382
2026-07-24,26001,0.20586969833256388
2026-07-24,26004,0.0
2026-07-24,26005,0.08117858024395556
2026-07-24,26006,0.0
2026-07-24,26007,0.0
2026-07-24,26008,0.07339472184210456
2026-07-24,26009,0.22776906993358134
2026-07-24,26010,0.0
2026-07-24,26020,0.02575872852811232
2026-07-24,26093,0.0
2026-07-24,26100,0.07960176200421851
2026-07-24,26101,0.20447562208730907
2026-07-24,26104,0.0
2026-07-24,26107,0.0
2026-07-24,26111,0.0
2026-07-24,26117,0.0
2026-07-24,26121,0.0
2026-07-24,26123,0.09308135175451664
2026-07-24,26124,0.0
2026-07-24,26127,0.0
2026-07-24,26141,0.0
2026-07-24,26142,0.0
2026-07-24,26151,0.0
2026-07-24,2621,0.07113758471662286
2026-07-24,2721,0.09483999376894361
2026-07-24,300675,0.06911337977567382
2026-07-24,3525,0.0
2026-07-24,3527,0.0
2026-07-24,4004,0.16652971015116155
2026-07-24,44016,0.030538476823716968
2026-07-24,44017,0.0
2026-07-24,44018,0.0
2026-07-24,44019,0.0
2026-07-24,44022,0.4759544307901206
2026-07-24,44031,0.0
2026-07-24,44033,0.0
2026-07-24,44052,0.03916252116309525
2026-07-24,44056,0.01652690001500672
2026-07-24,44060,0.0
2026-07-24,44068,0.06911337977567382
2026-07-24,44071,0.2401107950884126
2026-07-24,44072,0.18368957156385896
2026-07-24,4500,0.10108341839435862
2026-07-24,45002,0.0
2026-07-24,45003,0.06474260069194351
2026-07-24,45005,0.11324843238131846
2026-07-24,45006,0.16142751616755313
2026-07-24,4502,0.08038848476973019
2026-07-24,45117,0.02110530834187749
2026-07-24,45120,0.0
2026-07-24,45203,0.14180146984096537
2026-07-24,45207,0.10720712623857577
2026-07-24,45212,0.03844221541227162
2026-07-24,45215,0.0
2026-07-24,45225,0.13710570615748674
2026-07-24,4614,0.023704605347001154
2026-07-24,4616,0.6302991066377158
2026-07-24,4620,0.6475303980231947
2026-07-24,4622,0.06153847976748487
2026-07-24,4700,0.0846305278349217
2026-07-24,4703,0.0
2026-07-24,4706,0.0714361836558722
2026-07-24,4708,0.0
2026-07-24,4710,0.0
2026-07-24,6153,0.11207973683368096
2026-07-24,6210,0.017130535016391606
2026-07-24,6304,0.0
2026-07-24,6307,0.0
2026-07-24,7002,0.06911337977567382
2026-07-24,7151,0.0
2026-07-24,7152,0.0
2026-07-24,7153,0.0
2026-07-24,7154,0.0
2026-07-24,7160,0.08581852023094971
2026-07-24,7161,0.06080728045785556
2026-07-24,7162,0.08256484823102235
2026-07-24,7706,0.0
2026-07-24,7707,0.0
2026-07-24,7715,0.07249885814467259
2026-07-24,7716,0.0
2026-07-24,8029,0.018704710213620558
2026-07-24,8050,0.0
2026-07-24,8118,0.07444349511057785
2026-07-24,8123,0.04278965137468166
2026-07-24,8143,0.08047664954128272
2026-07-24,8153,0.0
2026-07-24,8154,0.07435017898700286
2026-07-24,8166,0.0
2026-07-24,8168,0.0
2026-07-24,8169,0.0
2026-07-24,8170,0.0
2026-07-24,8202,0.16521280782255832
2026-07-24,8203,0.0
2026-07-24,8205,0.5018865670392901
2026-07-24,8206,0.2556680822412562
2026-07-24,8207,0.16476636807762707
2026-07-24,8208,0.0
2026-07-24,8210,0.27644628290811313
2026-07-24,8212,0.13833344068815037
2026-07-24,8213,0.20368620023152412
2026-07-24,8215,0.2490972256672808
2026-07-24,8216,0.21750967766140494
2026-07-24,8217,0.11208929397394769
2026-07-24,8222,0.14467718212171046
2026-07-24,8225,0.11977040343735003
2026-07-24,9302,0.06032510852548731
2026-07-25,050304,0.0159299444741906
2026-07-25,07011,0.015346480870389778
2026-07-25,07013,0.0159299444741906
2026-07-25,10750,0.010065945645178459
2026-07-25,10752,0.0
2026-07-25,10755,0.0
2026-07-25,10757,0.0
2026-07-25,10762,0.0159299444741906
2026-07-25,12100,0.02316511245562774
2026-07-25,12105,0.015846941164601707
2026-07-25,12121,0.015421623607177146
2026-07-25,12125,0.010544674872012041
2026-07-25,12130,0.03862002373830305
2026-07-25,12132,0.0
2026-07-25,12134,0.03584796296066448
2026-07-25,12136,0.039529109361609326
2026-07-25,12138,0.014917724403554083
2026-07-25,1297,0.0
2026-07-25,1298,0.0
2026-07-25,1299,0.0
2026-07-25,13014,0.01086507783613474
2026-07-25,13016,0.0
2026-07-25,1302,0.0
2026-07-25,1303,0.0
2026-07-25,1306,0.012820821719728322
2026-07-25,1307,0.010247009234840896
2026-07-25,1308,0.010247009234840896
2026-07-25,1309,0.018759934254409714
2026-07-25,14210,0.0
2026-07-25,14218,0.011353595938461955
2026-07-25,15026,0.011291449732750094
2026-07-25,15030,0.014204726125239557
2026-07-25,15032,0.0
2026-07-25,15034,0.025242029932879093
2026-07-25,15041,0.011955299108825618
2026-07-25,15043,0.011955299108825618
2026-07-25,15045,0.011992928359167165
2026-07-25,17114,0.011969155975793934
2026-07-25,17115,0.0
2026-07-25,17143,0.0
2026-07-25,17222,0.04592035067148844
2026-07-25,17322,0.04373545792181486
2026-07-25,17323,0.0
2026-07-25,17400,0.042830162786436934
2026-07-25,17501,0.015256018834042718
2026-07-25,17504,0.046656853169557276
2026-07-25,17505,0.0
2026-07-25,17507,0.04729432986571907
2026-07-25,17508,0.0
2026-07-25,17521,0.016965625586010592
2026-07-25,17700,0.02052975526158735
2026-07-25,17704,0.01713404319692853
2026-07-25,17706,0.010359868512719753
2026-07-25,18100,0.0
2026-07-25,18101,0.016299170861117467
2026-07-25,18121,0.013510162814502829
2026-07-25,191070,0.0159299444741906
2026-07-25,20002,0.022175557840814677
2026-07-25,21008,0.0
2026-07-25,21010,0.015221929063092405
2026-07-25,210377,0.0159299444741906
2026-07-25,26001,0.029749833466954416
2026-07-25,26004,0.0
2026-07-25,26005,0.03072099289730104
2026-07-25,26006,0.0
2026-07-25,26007,0.0
2026-07-25,26008,0.028856651544854294
2026-07-25,26009,0.029879220043203553
2026-07-25,26010,0.0
2026-07-25,26020,0.01422323387023253
2026-07-25,26093,0.0
2026-07-25,26100,0.02809355298711876
2026-07-25,26101,0.029739789236505505
2026-07-25,26104,0.0
2026-07-25,26107,0.0
2026-07-25,26111,0.0
2026-07-25,26117,0.0
2026-07-25,26121,0.0
2026-07-25,26123,0.03006868236278994
2026-07-25,26124,0.0
2026-07-25,26127,0.0
2026-07-25,26141,0.0
2026-07-25,26142,0.0
2026-07-25,26151,0.0
2026-07-25,2621,0.016007583326948065
2026-07-25,2721,0.020038003979171378
2026-07-25,300675,0.0159299444741906
2026-07-25,3525,0.0
2026-07-25,3527,0.0
2026-07-25,4004,0.028102173076127206
2026-07-25,44016,0.015346480870389778
2026-07-25,44017,0.0
2026-07-25,44018,0.0
2026-07-25,44019,0.0
2026-07-25,44022,0.044908798523678295
2026-07-25,44031,0.0
2026-07-25,44033,0.0
2026-07-25,44052,0.01018933511563133
2026-07-25,44056,0.011526111310322343
2026-07-25,44060,0.0
2026-07-25,44068,0.0159299444741906
2026-07-25,44071,0.02457197206513971
2026-07-25,44072,0.01746287004400368
2026-07-25,4500,0.024658981832640346
2026-07-25,45002,0.0
2026-07-25,45003,0.013676955683444562
2026-07-25,45005,0.015427009921478952
2026-07-25,45006,0.024090682671022646
2026-07-25,4502,0.015312331198848316
2026-07-25,45117,0.00974985093487342
2026-07-25,45120,0.0
2026-07-25,45203,0.015026104498112746
2026-07-25,45207,0.022083778274977386
2026-07-25,45212,0.016071295427632006
2026-07-25,45215,0.0
2026-07-25,45225,0.025916499209476057
2026-07-25,4614,0.011209136712678959
2026-07-25,4616,0.05668516836575226
2026-07-25,4620,0.07509118657469513
2026-07-25,4622,0.0159800460125026
2026-07-25,4700,0.013100804234592938
2026-07-25,4703,0.0
2026-07-25,4706,0.011614157173489816
2026-07-25,4708,0.0
2026-07-25,4710,0.0
2026-07-25,6153,0.016684716962645795
2026-07-25,6210,0.015114610874012308
2026-07-25,6304,0.0
2026-07-25,6307,0.0
2026-07-25,7002,0.0159299444741906
2026-07-25,7151,0.0
2026-07-25,7152,0.0
2026-07-25,7153,0.0
2026-07-25,7154,0.0
2026-07-25,7160,0.010114768790612292
2026-07-25,7161,0.01080481214176116
2026-07-25,7162,0.010114768790612292
2026-07-25,7706,0.0
2026-07-25,7707,0.0
2026-07-25,7715,0.01432712162130933
2026-07-25,7716,0.0
2026-07-25,8029,0.010954304775065364
2026-07-25,8050,0.0
2026-07-25,8118,0.012946826711277715
2026-07-25,8123,0.01382319819368472
2026-07-25,8143,0.013431310092187421
2026-07-25,8153,0.0
2026-07-25,8154,0.013395146406991956
2026-07-25,8166,0.0
2026-07-25,8168,0.0
2026-07-25,8169,0.0
2026-07-25,8170,0.0
2026-07-25,8202,0.011768164466491779
2026-07-25,8203,0.0
2026-07-25,8205,0.024063849643253896
2026-07-25,8206,0.017267485156074347
2026-07-25,8207,0.017576225344940993
2026-07-25,8208,0.0
2026-07-25,8210,0.020099036821991864
2026-07-25,8212,0.022260034061362066
2026-07-25,8213,0.01664344697556601
2026-07-25,8215,0.030980723145803375
2026-07-25,8216,0.017839257271461195
2026-07-25,8217,0.014635264429624895
2026-07-25,8222,0.02008961058619321
2026-07-25,8225,0.01419648401759942
2026-07-25,9302,0.012359290946361743
2026-07-26,050304,0.015627521237768036
2026-07-26,07011,0.015055134442909148
2026-07-26,07013,0.015627521237768036
2026-07-26,10750,0.010065945645178459
2026-07-26,10752,0.0
2026-07-26,10755,0.0
2026-07-26,10757,0.0
2026-07-26,10762,0.015627521237768036
2026-07-26,12100,0.02272086135089337
2026-07-26,12105,0.01554609371079159
2026-07-26,12121,0.015083136696942941
2026-07-26,12125,0.010589453081858498
2026-07-26,12130,0.03850084994132397
2026-07-26,12132,0.0
2026-07-26,12134,0.036031537830750845
2026-07-26,12136,0.038880898295831814
2026-07-26,12138,0.014960699386154668
2026-07-26,1297,0.0
2026-07-26,1298,0.0
2026-07-26,1299,0.0
2026-07-26,13014,0.01086507783613474
2026-07-26,13016,0.0
2026-07-26,1302,0.0
2026-07-26,1303,0.0
2026-07-26,1306,0.0125774238595312
2026-07-26,1307,0.010247009234840896
2026-07-26,1308,0.010247009234840896
2026-07-26,1309,0.018403784862835556
2026-07-26,14210,0.0
2026-07-26,14218,0.011364128226984878
2026-07-26,15026,0.01125219699896308
2026-07-26,15030,0.014245647102297745
2026-07-26,15032,0.0
2026-07-26,15034,0.0253147471763288
2026-07-26,15041,0.011728332828136522
2026-07-26,15043,0.011728332828136522
2026-07-26,15045,0.01176524770312724
2026-07-26,17114,0.011969155975793934
2026-07-26,17115,0.0
2026-07-26,17143,0.0
2026-07-26,17222,0.04549316570400949
2026-07-26,17322,0.04289671709830076
2026-07-26,17323,0.0
2026-07-26,17400,0.042696267212888266
2026-07-26,17501,0.01534332256605598
2026-07-26,17504,0.04600848248046606
2026-07-26,17505,0.0
2026-07-26,17507,0.04762461111315215
2026-07-26,17508,0.0
2026-07-26,17521,0.016593249607250064
2026-07-26,17700,0.02052975526158735
2026-07-26,17704,0.01713404319692853
2026-07-26,17706,0.010299144142727468
2026-07-26,18100,0.0
2026-07-26,18101,0.016299170861117467
2026-07-26,18121,0.013555982260955739
2026-07-26,191070,0.015627521237768036
2026-07-26,20002,0.021811915901637422
2026-07-26,21008,0.0
2026-07-26,21010,0.01493294719882329
2026-07-26,210377,0.015627521237768036
2026-07-26,26001,0.028026628980740997
2026-07-26,26004,0.0
2026-07-26,26005,0.027952007177534204
2026-07-26,26006,0.0
2026-07-26,26007,0.0
2026-07-26,26008,0.026193464839660247
2026-07-26,26009,0.028148521077100155
2026-07-26,26010,0.0
2026-07-26,26020,0.013953211810431892
2026-07-26,26093,0.0
2026-07-26,26100,0.025744998062550227
2026-07-26,26101,0.027651406946981427
2026-07-26,26104,0.0
2026-07-26,26107,0.0
2026-07-26,26111,0.0
2026-07-26,26117,0.0
2026-07-26,26121,0.0
2026-07-26,26123,0.02745809471776099
2026-07-26,26124,0.0
2026-07-26,26127,0.0
2026-07-26,26141,0.0
2026-07-26,26142,0.0
2026-07-26,26151,0.0
2026-07-26,2621,0.016022699397453117
2026-07-26,2721,0.02009572946390752
2026-07-26,300675,0.015627521237768036
2026-07-26,3525,0.0
2026-07-26,3527,0.0
2026-07-26,4004,0.026429112456238364
2026-07-26,44016,0.015055134442909148
2026-07-26,44017,0.0
2026-07-26,44018,0.0
2026-07-26,44019,0.0
2026-07-26,44022,0.04456453638414217
2026-07-26,44031,0.0
2026-07-26,44033,0.0
2026-07-26,44052,0.01018933511563133
2026-07-26,44056,0.011365009070638988
2026-07-26,44060,0.0
2026-07-26,44068,0.015627521237768036
2026-07-26,44071,0.024230505691436654
2026-07-26,44072,0.01745760597639199
2026-07-26,4500,0.02433182327653436
2026-07-26,45002,0.0
2026-07-26,45003,0.013723340804570099
2026-07-26,45005,0.015138861979815305
2026-07-26,45006,0.022528877148784605
2026-07-26,4502,0.015312331198848316
2026-07-26,45117,0.00974985093487342
2026-07-26,45120,0.0
2026-07-26,45203,0.014713089412318428
2026-07-26,45207,0.021735862326599194
2026-07-26,45212,0.015766188703336625
2026-07-26,45215,0.0
2026-07-26,45225,0.025334761057602125
2026-07-26,4614,0.011283797882213174
2026-07-26,4616,0.05155302650957332
2026-07-26,4620,0.06829260710918945
2026-07-26,4622,0.015676671619634347
2026-07-26,4700,0.013142018676242716
2026-07-26,4703,0.0
2026-07-26,4706,0.011615763253596098
2026-07-26,4708,0.0
2026-07-26,4710,0.0
2026-07-26,6153,0.01631850660524932
2026-07-26,6210,0.01482766640002545
2026-07-26,6304,0.0
2026-07-26,6307,0.0
2026-07-26,7002,0.015627521237768036
2026-07-26,7151,0.0
2026-07-26,7152,0.0
2026-07-26,7153,0.0
2026-07-26,7154,0.0
2026-07-26,7160,0.010114768790612292
2026-07-26,7161,0.01081911038296877
2026-07-26,7162,0.010114768790612292
2026-07-26,7706,0.0
2026-07-26,7707,0.0
2026-07-26,7715,0.014035810919079917
2026-07-26,7716,0.0
2026-07-26,8029,0.010864688224408251
2026-07-26,8050,0.0
2026-07-26,8118,0.012781562266405413
2026-07-26,8123,0.013714704621899708
2026-07-26,8143,0.013414575218707132
2026-07-26,8153,0.0
2026-07-26,8154,0.013440575777603627
2026-07-26,8166,0.0
2026-07-26,8168,0.0
2026-07-26,8169,0.0
2026-07-26,8170,0.0
2026-07-26,8202,0.01186338551243059
2026-07-26,8203,0.0
2026-07-26,8205,0.02383998996716362
2026-07-26,8206,0.01704070557698357
2026-07-26,8207,0.01752127858265302
2026-07-26,8208,0.0
2026-07-26,8210,0.019912060758751744
2026-07-26,8212,0.022387418805012403
2026-07-26,8213,0.01663842991766257
2026-07-26,8215,0.030681305314360818
2026-07-26,8216,0.017506053021918128
2026-07-26,8217,0.014395270650177983
2026-07-26,8222,0.02008961058619321
2026-07-26,8225,0.01392696979240048
2026-07-26,9302,0.012359290946361743
2026-07-27,050304,0.06539274343857195
2026-07-27,07011,0.025122399798630776
2026-07-27,07013,0.06539274343857195
2026-07-27,10750,0.07789526247764254
2026-07-27,10752,0.0
2026-07-27,10755,0.0
2026-07-27,10757,0.0
2026-07-27,10762,0.06539274343857195
2026-07-27,12100,0.19063468838891692
2026-07-27,12105,0.06495109662732221
2026-07-27,12121,0.0736816833633333
2026-07-27,12125,0.06900468400725593
2026-07-27,12130,0.5251064723416471
2026-07-27,12132,0.0
2026-07-27,12134,0.3327021973046986
2026-07-27,12136,0.7076564222127758
2026-07-27,12138,0.4725907741031221
2026-07-27,1297,0.0
2026-07-27,1298,0.0
2026-07-27,1299,0.0
2026-07-27,13014,0.04708434337384717
2026-07-27,13016,0.0
2026-07-27,1302,0.0
2026-07-27,1303,0.0
2026-07-27,1306,0.05793969759020012
2026-07-27,1307,0.15597269449928763
2026-07-27,1308,0.16153311428499545
2026-07-27,1309,0.017633531849986717
2026-07-27,14210,0.0
2026-07-27,14218,0.1390881250850367
2026-07-27,15026,0.17051231634164593
2026-07-27,15030,0.1837262150298564
2026-07-27,15032,0.0
2026-07-27,15034,0.24416090708753357
2026-07-27,15041,0.06337467880829634
2026-07-27,15043,0.08506619924638215
2026-07-27,15045,0.07213463856432993
2026-07-27,17114,0.1063945060928243
2026-07-27,17115,0.0
2026-07-27,17143,0.0
2026-07-27,17222,0.4565709727594509
2026-07-27,17322,0.5845995662720029
2026-07-27,17323,0.0
2026-07-27,17400,0.6211234303519555
2026-07-27,17501,0.23168480384287332
2026-07-27,17504,0.6359158255824257
2026-07-27,17505,0.0
2026-07-27,17507,0.6874334555718474
2026-07-27,17508,0.0
2026-07-27,17521,0.06607521567098157
2026-07-27,17700,0.14306341977102335
2026-07-27,17704,0.12100465227757624
2026-07-27,17706,0.13734615009641404
2026-07-27,18100,0.0
2026-07-27,18101,0.13212630417800375
2026-07-27,18121,0.14563760200025064
2026-07-27,191070,0.06539274343857195
2026-07-27,20002,0.3062185395386467
2026-07-27,21008,0.0
2026-07-27,21010,0.02253602237044068
2026-07-27,210377,0.06539274343857195
2026-07-27,26001,0.28411288430957177
2026-07-27,26004,0.0
2026-07-27,26005,0.09510932178927123
2026-07-27,26006,0.0
2026-07-27,26007,0.0
2026-07-27,26008,0.08691145962308693
2026-07-27,26009,0.31427640234428206
2026-07-27,26010,0.0
2026-07-27,26020,0.025892354784090785
2026-07-27,26093,0.0
2026-07-27,26100,0.09122000800554282
2026-07-27,26101,0.23149039529157875
2026-07-27,26104,0.0
2026-07-27,26107,0.0
2026-07-27,26111,0.0
2026-07-27,26117,0.0
2026-07-27,26121,0.0
2026-07-27,26123,0.09846992713016148
2026-07-27,26124,0.0
2026-07-27,26127,0.0
2026-07-27,26141,0.0
2026-07-27,26142,0.0
2026-07-27,26151,0.0
2026-07-27,2621,0.08675837473642328
2026-07-27,2721,0.10209851669244856
2026-07-27,300675,0.06539274343857195
2026-07-27,3525,0.0
2026-07-27,3527,0.0
2026-07-27,4004,0.20635810333395968
2026-07-27,44016,0.025122399798630776
2026-07-27,44017,0.0
2026-07-27,44018,0.0
2026-07-27,44019,0.0
2026-07-27,44022,0.5149584560999403
2026-07-27,44031,0.0
2026-07-27,44033,0.0
2026-07-27,44052,0.04136082295485826
2026-07-27,44056,0.016566652724881597
2026-07-27,44060,0.0
2026-07-27,44068,0.06539274343857195
2026-07-27,44071,0.26326202593797404
2026-07-27,44072,0.22318857416376323
2026-07-27,4500,0.11182461927459898
2026-07-27,45002,0.0
2026-07-27,45003,0.06398281140572232
2026-07-27,45005,0.1061794426218003
2026-07-27,45006,0.17763894327616683
2026-07-27,4502,0.10350989170444157
2026-07-27,45117,0.017979544265385543
2026-07-27,45120,0.0
2026-07-27,45203,0.15227940096763248
2026-07-27,45207,0.12332931509520254
2026-07-27,45212,0.038802892235802154
2026-07-27,45215,0.0
2026-07-27,45225,0.13313192330489565
2026-07-27,4614,0.022623111088673105
2026-07-27,4616,0.7799023844607069
2026-07-27,4620,0.7758998220363821
2026-07-27,4622,0.05821782066530663
2026-07-27,4700,0.09153412702651736
2026-07-27,4703,0.0
2026-07-27,4706,0.06578183970403118
2026-07-27,4708,0.0
2026-07-27,4710,0.0
2026-07-27,6153,0.10170469999485697
2026-07-27,6210,0.016676779227238193
2026-07-27,6304,0.0
2026-07-27,6307,0.0
2026-07-27,7002,0.06539274343857195
2026-07-27,7151,0.0
2026-07-27,7152,0.0
2026-07-27,7153,0.0
2026-07-27,7154,0.0
2026-07-27,7160,0.10708850653853359
2026-07-27,7161,0.06906050106207162
2026-07-27,7162,0.09084024300023087
2026-07-27,7706,0.0
2026-07-27,7707,0.0
2026-07-27,7715,0.06459393378264151
2026-07-27,7716,0.0
2026-07-27,8029,0.018811425405079532
2026-07-27,8050,0.0
2026-07-27,8118,0.07527647516299642
2026-07-27,8123,0.03677988774307881
2026-07-27,8143,0.07764856908530048
2026-07-27,8153,0.0
2026-07-27,8154,0.06919980514380027
2026-07-27,8166,0.0
2026-07-27,8168,0.0
2026-07-27,8169,0.0
2026-07-27,8170,0.0
2026-07-27,8202,0.21008505506996458
2026-07-27,8203,0.0
2026-07-27,8205,0.559852375536282
2026-07-27,8206,0.2797722345412492
2026-07-27,8207,0.2086089995494987
2026-07-27,8208,0.0
2026-07-27,8210,0.29732216814143114
2026-07-27,8212,0.19191272344570615
2026-07-27,8213,0.2582347293355507
2026-07-27,8215,0.293661294272345
2026-07-27,8216,0.2603313892728843
2026-07-27,8217,0.1562265579128646
2026-07-27,8222,0.16442171252026494
2026-07-27,8225,0.13978911087228707
2026-07-27,9302,0.06087570535038882
2026-07-28,050304,0.06364728825713212
2026-07-28,07011,0.02524642794135092
2026-07-28,07013,0.06573729923301397
2026-07-28,10750,0.07693887799565237
2026-07-28,10752,0.0
2026-07-28,10755,0.0
2026-07-28,10757,0.0
2026-07-28,10762,0.06573729923301397
2026-07-28,12100,0.1923618411991252
2026-07-28,12105,0.06529332537506283
2026-07-28,12121,0.07429978524677744
2026-07-28,12125,0.067511188097479
2026-07-28,12130,0.4969548919099551
2026-07-28,12132,0.0
2026-07-28,12134,0.3172347858567985
2026-07-28,12136,0.671617042672102
2026-07-28,12138,0.44254804761915045
2026-07-28,1297,0.0
2026-07-28,1298,0.0
2026-07-28,1299,0.0
2026-07-28,13014,0.04648874213401746
2026-07-28,13016,0.0
2026-07-28,1302,0.0
2026-07-28,1303,0.0
2026-07-28,1306,0.058247755018865956
2026-07-28,1307,0.15448409897864537
2026-07-28,1308,0.15777018989159772
2026-07-28,1309,0.017954244564616115
2026-07-28,14210,0.0
2026-07-28,14218,0.13936629400716627
2026-07-28,15026,0.16274038658878068
2026-07-28,15030,0.18021082660904486
2026-07-28,15032,0.0
2026-07-28,15034,0.24076597405762964
2026-07-28,15041,0.06371512485295594
2026-07-28,15043,0.0868686729408376
2026-07-28,15045,0.07166487620481331
2026-07-28,17114,0.10258910621235431
2026-07-28,17115,0.0
2026-07-28,17143,0.0
2026-07-28,17222,0.45106696168197924
2026-07-28,17322,0.5556165811793594
2026-07-28,17323,0.0
2026-07-28,17400,0.5854602156903822
2026-07-28,17501,0.2099393925520511
2026-07-28,17504,0.6395915536679458
2026-07-28,17505,0.0
2026-07-28,17507,0.6718733757524838
2026-07-28,17508,0.0
2026-07-28,17521,0.06662178703158109
2026-07-28,17700,0.13813283944362928
2026-07-28,17704,0.11980647167676782
2026-07-28,17706,0.13655745830901822
2026-07-28,18100,0.0
2026-07-28,18101,0.1275210119201074
2026-07-28,18121,0.14246506427649322
2026-07-28,191070,0.06364728825713212
2026-07-28,20002,0.29151482550586516
2026-07-28,21008,0.0
2026-07-28,21010,0.02318446564247608
2026-07-28,210377,0.06364728825713212
2026-07-28,26001,0.23947755556750908
2026-07-28,26004,0.0
2026-07-28,26005,0.08142144799082213
2026-07-28,26006,0.0
2026-07-28,26007,0.0
2026-07-28,26008,0.07706562304300626
2026-07-28,26009,0.2737517672727714
2026-07-28,26010,0.0
2026-07-28,26020,0.026363276177581198
2026-07-28,26093,0.0
2026-07-28,26100,0.08070524704055083
2026-07-28,26101,0.20527196858751187
2026-07-28,26104,0.0
2026-07-28,26107,0.0
2026-07-28,26111,0.0
2026-07-28,26117,0.0
2026-07-28,26121,0.0
2026-07-28,26123,0.08536923821775849
2026-07-28,26124,0.0
2026-07-28,26127,0.0
2026-07-28,26141,0.0
2026-07-28,26142,0.0
2026-07-28,26151,0.0
2026-07-28,2621,0.08460506857408427
2026-07-28,2721,0.09896341733861187
2026-07-28,300675,0.06364728825713212
2026-07-28,3525,0.0
2026-07-28,3527,0.0
2026-07-28,4004,0.18792724405274724
2026-07-28,44016,0.02524642794135092
2026-07-28,44017,0.0
2026-07-28,44018,0.0
2026-07-28,44019,0.0
2026-07-28,44022,0.5155899807805263
2026-07-28,44031,0.0
2026-07-28,44033,0.0
2026-07-28,44052,0.04083469721429556
2026-07-28,44056,0.016827597763247226
2026-07-28,44060,0.0
2026-07-28,44068,0.06573729923301397
2026-07-28,44071,0.26340563467007855
2026-07-28,44072,0.20600711707369623
2026-07-28,4500,0.11176915387560729
2026-07-28,45002,0.0
2026-07-28,45003,0.06160025347504999
2026-07-28,45005,0.10641898486111412
2026-07-28,45006,0.16542762477031053
2026-07-28,4502,0.09979689897151017
2026-07-28,45117,0.017745798330422724
2026-07-28,45120,0.0
2026-07-28,45203,0.153737584001525
2026-07-28,45207,0.12246041762330401
2026-07-28,45212,0.038998960260457946
2026-07-28,45215,0.0
2026-07-28,45225,0.1329195209439283
2026-07-28,4614,0.02213766944941013
2026-07-28,4616,0.7100921407617539
2026-07-28,4620,0.7159883891959116
2026-07-28,4622,0.058521126295168126
2026-07-28,4700,0.08938200255608633
2026-07-28,4703,0.0
2026-07-28,4706,0.06542021816983802
2026-07-28,4708,0.0
2026-07-28,4710,0.0
2026-07-28,6153,0.10257527382479854
2026-07-28,6210,0.016980090848684397
2026-07-28,6304,0.0
2026-07-28,6307,0.0
2026-07-28,7002,0.06573729923301397
2026-07-28,7151,0.0
2026-07-28,7152,0.0
2026-07-28,7153,0.0
2026-07-28,7154,0.0
2026-07-28,7160,0.10445001196063458
2026-07-28,7161,0.06740233961149059
2026-07-28,7162,0.08856572625007222
2026-07-28,7706,0.0
2026-07-28,7707,0.0
2026-07-28,7715,0.06599318223665548
2026-07-28,7716,0.0
2026-07-28,8029,0.019043823994628922
2026-07-28,8050,0.0
2026-07-28,8118,0.07442493471978978
2026-07-28,8123,0.03655601327556739
2026-07-28,8143,0.07501541520174329
2026-07-28,8153,0.0
2026-07-28,8154,0.06850046271213482
2026-07-28,8166,0.0
2026-07-28,8168,0.0
2026-07-28,8169,0.0
2026-07-28,8170,0.0
2026-07-28,8202,0.2035648631770615
2026-07-28,8203,0.0
2026-07-28,8205,0.5651886341977825
2026-07-28,8206,0.28123434352651316
2026-07-28,8207,0.19674998511256878
2026-07-28,8208,0.0
2026-07-28,8210,0.2908273594964756
2026-07-28,8212,0.17645169151013226
2026-07-28,8213,0.24104654827284133
2026-07-28,8215,0.2792667320447729
2026-07-28,8216,0.2595325863568033
2026-07-28,8217,0.15463596937214807
2026-07-28,8222,0.1606037060702514
2026-07-28,8225,0.14024657818318054
2026-07-28,9302,0.05972499002796403
2026-07-29,050304,0.07459997981119655
2026-07-29,07011,0.030004585921634012
2026-07-29,07013,0.0770297791784524
2026-07-29,10750,0.0884443694884413
2026-07-29,10752,0.0
2026-07-29,10755,0.0
2026-07-29,10757,0.0
2026-07-29,10762,0.0770297791784524
2026-07-29,12100,0.21182149201163736
2026-07-29,12105,0.07650953863559472
2026-07-29,12121,0.08923840408342863
2026-07-29,12125,0.08141715001870937
2026-07-29,12130,0.5352440151602005
2026-07-29,12132,0.0
2026-07-29,12134,0.3361949005636433
2026-07-29,12136,0.7027596783018966
2026-07-29,12138,0.4704208271542266
2026-07-29,1297,0.0
2026-07-29,1298,0.0
2026-07-29,1299,0.0
2026-07-29,13014,0.04837599712596915
2026-07-29,13016,0.0
2026-07-29,1302,0.0
2026-07-29,1303,0.0
2026-07-29,1306,0.06828799881293814
2026-07-29,1307,0.17526322803653946
2026-07-29,1308,0.17566234891403484
2026-07-29,1309,0.017614792295339535
2026-07-29,14210,0.0
2026-07-29,14218,0.1552055071689759
2026-07-29,15026,0.17493421059270223
2026-07-29,15030,0.210471697641898
2026-07-29,15032,0.0
2026-07-29,15034,0.2664516269891191
2026-07-29,15041,0.06764761502521892
2026-07-29,15043,0.09318482946467986
2026-07-29,15045,0.08286119128990052
2026-07-29,17114,0.10294951405764353
2026-07-29,17115,0.0
2026-07-29,17143,0.0
2026-07-29,17222,0.48235845059402105
2026-07-29,17322,0.5831999613441438
2026-07-29,17323,0.0
2026-07-29,17400,0.6108987541240258
2026-07-29,17501,0.22982341822862012
2026-07-29,17504,0.6730861050578926
2026-07-29,17505,0.0
2026-07-29,17507,0.7045172056625273
2026-07-29,17508,0.0
2026-07-29,17521,0.07087763292074772
2026-07-29,17700,0.1616237837125684
2026-07-29,17704,0.14050861888758848
2026-07-29,17706,0.14710526121591555
2026-07-29,18100,0.0
2026-07-29,18101,0.1471767053725034
2026-07-29,18121,0.16594819858122056
2026-07-29,191070,0.07459997981119655
2026-07-29,20002,0.3237748975272712
2026-07-29,21008,0.0
2026-07-29,21010,0.024336868334477513
2026-07-29,210377,0.07459997981119655
2026-07-29,26001,0.24554640401984387
2026-07-29,26004,0.0
2026-07-29,26005,0.07978006147778142
2026-07-29,26006,0.0
2026-07-29,26007,0.0
2026-07-29,26008,0.07507756746172693
2026-07-29,26009,0.31085849321602627
2026-07-29,26010,0.0
2026-07-29,26020,0.025137086946941743
2026-07-29,26093,0.0
2026-07-29,26100,0.07862821463596606
2026-07-29,26101,0.23395382556093605
2026-07-29,26104,0.0
2026-07-29,26107,0.0
2026-07-29,26111,0.0
2026-07-29,26117,0.0
2026-07-29,26121,0.0
2026-07-29,26123,0.092431617883592
2026-07-29,26124,0.0
2026-07-29,26127,0.0
2026-07-29,26141,0.0
2026-07-29,26142,0.0
2026-07-29,26151,0.0
2026-07-29,2621,0.0865180297192827
2026-07-29,2721,0.11433030589860184
2026-07-29,300675,0.07459997981119655
2026-07-29,3525,0.0
2026-07-29,3527,0.0
2026-07-29,4004,0.21669563044039888
2026-07-29,44016,0.030004585921634012
2026-07-29,44017,0.0
2026-07-29,44018,0.0
2026-07-29,44019,0.0
2026-07-29,44022,0.5632162064710026
2026-07-29,44031,0.0
2026-07-29,44033,0.0
2026-07-29,44052,0.03969897767445259
2026-07-29,44056,0.01642191471403054
2026-07-29,44060,0.0
2026-07-29,44068,0.0770297791784524
2026-07-29,44071,0.2940942897769575
2026-07-29,44072,0.23279470632001023
2026-07-29,4500,0.12746726720811802
2026-07-29,45002,0.0
2026-07-29,45003,0.07258565422511021
2026-07-29,45005,0.1270851269856869
2026-07-29,45006,0.19624397911012686
2026-07-29,4502,0.10189948134822976
2026-07-29,45117,0.021277077439686088
2026-07-29,45120,0.0
2026-07-29,45203,0.18249397633926726
2026-07-29,45207,0.12357717875270759
2026-07-29,45212,0.03789979516164296
2026-07-29,45215,0.0
2026-07-29,45225,0.15664277925325285
2026-07-29,4614,0.023625379327922708
2026-07-29,4616,0.7085794478156401
2026-07-29,4620,0.7042557336437822
2026-07-29,4622,0.07459997981119655
2026-07-29,4700,0.09469176065378143
2026-07-29,4703,0.0
2026-07-29,4706,0.07918301303459017
2026-07-29,4708,0.0
2026-07-29,4710,0.0
2026-07-29,6153,0.11952154419566094
2026-07-29,6210,0.016717119701180467
2026-07-29,6304,0.0
2026-07-29,6307,0.0
2026-07-29,7002,0.0770297791784524
2026-07-29,7151,0.0
2026-07-29,7152,0.0
2026-07-29,7153,0.0
2026-07-29,7154,0.0
2026-07-29,7160,0.11595122532601737
2026-07-29,7161,0.06944064013483334
2026-07-29,7162,0.1045766529024951
2026-07-29,7706,0.0
2026-07-29,7707,0.0
2026-07-29,7715,0.07837334459736858
2026-07-29,7716,0.0
2026-07-29,8029,0.01863399529820159
2026-07-29,8050,0.0
2026-07-29,8118,0.08676287456465774
2026-07-29,8123,0.043588074438308866
2026-07-29,8143,0.09064482414147057
2026-07-29,8153,0.0
2026-07-29,8154,0.0818251163077229
2026-07-29,8166,0.0
2026-07-29,8168,0.0
2026-07-29,8169,0.0
2026-07-29,8170,0.0
2026-07-29,8202,0.20652159991008334
2026-07-29,8203,0.0
2026-07-29,8205,0.5844862926371411
2026-07-29,8206,0.30441269866748316
2026-07-29,8207,0.22216229504513488
2026-07-29,8208,0.0
2026-07-29,8210,0.3103237623037207
2026-07-29,8212,0.19950061315100862
2026-07-29,8213,0.2516544480514909
2026-07-29,8215,0.3032948430097484
2026-07-29,8216,0.2621812912825074
2026-07-29,8217,0.15759467110943876
2026-07-29,8222,0.18004248842396436
2026-07-29,8225,0.16201317840386634
2026-07-29,9302,0.0689570146227046
2026-07-30,050304,0.07465570742402118
2026-07-30,07011,0.030054896454299443
2026-07-30,07013,0.07708743513275963
2026-07-30,10750,0.08285904420460072
2026-07-30,10752,0.0
2026-07-30,10755,0.0
2026-07-30,10757,0.0
2026-07-30,10762,0.07708743513275963
2026-07-30,12100,0.18630538601322216
2026-07-30,12105,0.07656680519549777
2026-07-30,12121,0.08930585199433866
2026-07-30,12125,0.08136538345076794
2026-07-30,12130,0.46657538089464673
2026-07-30,12132,0.0
2026-07-30,12134,0.3080175243247522
2026-07-30,12136,0.6233759326526178
2026-07-30,12138,0.40001959552411076
2026-07-30,1297,0.0
2026-07-30,1298,0.0
2026-07-30,1299,0.0
2026-07-30,13014,0.047438577499080786
2026-07-30,13016,0.0
2026-07-30,1302,0.0
2026-07-30,1303,0.0
2026-07-30,1306,0.06833939578973178
2026-07-30,1307,0.16642942183476045
2026-07-30,1308,0.1688348668023742
2026-07-30,1309,0.017644328099815695
2026-07-30,14210,0.0
2026-07-30,14218,0.14614613920894137
2026-07-30,15026,0.16579651503423268
2026-07-30,15030,0.18830566363141477
2026-07-30,15032,0.0
2026-07-30,15034,0.23571913401576647
2026-07-30,15041,0.06769849781339443
2026-07-30,15043,0.09325668973002305
2026-07-30,15045,0.08021209101822162
2026-07-30,17114,0.09653694192261528
2026-07-30,17115,0.0
2026-07-30,17143,0.0
2026-07-30,17222,0.387854921462171
2026-07-30,17322,0.5065635845474982
2026-07-30,17323,0.0
2026-07-30,17400,0.5343702669091702
2026-07-30,17501,0.20646909718820164
2026-07-30,17504,0.5862275687764013
2026-07-30,17505,0.0
2026-07-30,17507,0.6140719675861422
2026-07-30,17508,0.0
2026-07-30,17521,0.07093012725234514
2026-07-30,17700,0.14544402509250287
2026-07-30,17704,0.130984875281013
2026-07-30,17706,0.1361594938776765
2026-07-30,18100,0.0
2026-07-30,18101,0.13466687458458143
2026-07-30,18121,0.15458923321239124
2026-07-30,191070,0.07465570742402118
2026-07-30,20002,0.2948777087720896
2026-07-30,21008,0.0
2026-07-30,21010,0.024377675456845875
2026-07-30,210377,0.07465570742402118
2026-07-30,26001,0.23365507210439315
2026-07-30,26004,0.0
2026-07-30,26005,0.079781775169583
2026-07-30,26006,0.0
2026-07-30,26007,0.0
2026-07-30,26008,0.07507918014300916
2026-07-30,26009,0.2917095540061149
2026-07-30,26010,0.0
2026-07-30,26020,0.025179235845022224
2026-07-30,26093,0.0
2026-07-30,26100,0.07862990358586527
2026-07-30,26101,0.22998208998095443
2026-07-30,26104,0.0
2026-07-30,26107,0.0
2026-07-30,26111,0.0
2026-07-30,26117,0.0
2026-07-30,26121,0.0
2026-07-30,26123,0.0924336033333753
2026-07-30,26124,0.0
2026-07-30,26127,0.0
2026-07-30,26141,0.0
2026-07-30,26142,0.0
2026-07-30,26151,0.0
2026-07-30,2621,0.08229138076398902
2026-07-30,2721,0.1121955633293172
2026-07-30,300675,0.07465570742402118
2026-07-30,3525,0.0
2026-07-30,3527,0.0
2026-07-30,4004,0.20665324677295357
2026-07-30,44016,0.030054896454299443
2026-07-30,44017,0.0
2026-07-30,44018,0.0
2026-07-30,44019,0.0
2026-07-30,44022,0.47057180077614563
2026-07-30,44031,0.0
2026-07-30,44033,0.0
2026-07-30,44052,0.03966175506204647
2026-07-30,44056,0.016420815474335798
2026-07-30,44060,0.0
2026-07-30,44068,0.07708743513275963
2026-07-30,44071,0.2575503136480657
2026-07-30,44072,0.2190860419726763
2026-07-30,4500,0.12517793635937036
2026-07-30,45002,0.0
2026-07-30,45003,0.07255669969874949
2026-07-30,45005,0.128224446996164
2026-07-30,45006,0.18720023161483532
2026-07-30,4502,0.09701539764366947
2026-07-30,45117,0.021277077439686088
2026-07-30,45120,0.0
2026-07-30,45203,0.17149825082783143
2026-07-30,45207,0.12368070484760764
2026-07-30,45212,0.03796334407671459
2026-07-30,45215,0.0
2026-07-30,45225,0.15676628888909538
2026-07-30,4614,0.023625379327922708
2026-07-30,4616,0.5830342565270565
2026-07-30,4620,0.5822752817015354
2026-07-30,4622,0.07465570742402118
2026-07-30,4700,0.09460607739708429
2026-07-30,4703,0.0
2026-07-30,4706,0.07910608704627829
2026-07-30,4708,0.0
2026-07-30,4710,0.0
2026-07-30,6153,0.11961344520958674
2026-07-30,6210,0.016745150322865925
2026-07-30,6304,0.0
2026-07-30,6307,0.0
2026-07-30,7002,0.07708743513275963
2026-07-30,7151,0.0
2026-07-30,7152,0.0
2026-07-30,7153,0.0
2026-07-30,7154,0.0
2026-07-30,7160,0.1079008333838893
2026-07-30,7161,0.06937713135632745
2026-07-30,7162,0.09807332242259743
2026-07-30,7706,0.0
2026-07-30,7707,0.0
2026-07-30,7715,0.07845844239649652
2026-07-30,7716,0.0
2026-07-30,8029,0.018632747987661975
2026-07-30,8050,0.0
2026-07-30,8118,0.08672902384558605
2026-07-30,8123,0.043588074438308866
2026-07-30,8143,0.08780387707617208
2026-07-30,8153,0.0
2026-07-30,8154,0.08179296274101132
2026-07-30,8166,0.0
2026-07-30,8168,0.0
2026-07-30,8169,0.0
2026-07-30,8170,0.0
2026-07-30,8202,0.1839042795362948
2026-07-30,8203,0.0
2026-07-30,8205,0.49439711334805103
2026-07-30,8206,0.2694744251309603
2026-07-30,8207,0.20644962495854977
2026-07-30,8208,0.0
2026-07-30,8210,0.27369088393794216
2026-07-30,8212,0.1711104963510152
2026-07-30,8213,0.21934269436881348
2026-07-30,8215,0.25918316268002245
2026-07-30,8216,0.22994845162006863
2026-07-30,8217,0.14687473967552594
2026-07-30,8222,0.16126724621363683
2026-07-30,8225,0.15355049118272776
2026-07-30,9302,0.06889346179049034
2026-07-31,050304,0.06515298190208839
2026-07-31,07011,0.02973221174462743
2026-07-31,07013,0.06728867499643275
2026-07-31,10750,0.06245059676624023
2026-07-31,10752,0.0
2026-07-31,10755,0.0
2026-07-31,10757,0.0
2026-07-31,10762,0.06728867499643275
2026-07-31,12100,0.14479200555526467
2026-07-31,12105,0.06683422352089081
2026-07-31,12121,0.08093869857290899
2026-07-31,12125,0.06851408498166278
2026-07-31,12130,0.4656170998824653
2026-07-31,12132,0.0
2026-07-31,12134,0.30845671456656193
2026-07-31,12136,0.6149679860848969
2026-07-31,12138,0.40054258585708197
2026-07-31,1297,0.0
2026-07-31,1298,0.0
2026-07-31,1299,0.0
2026-07-31,13014,0.04360549256592548
2026-07-31,13016,0.0
2026-07-31,1302,0.0
2026-07-31,1303,0.0
2026-07-31,1306,0.060856959162627386
2026-07-31,1307,0.16642942183476045
2026-07-31,1308,0.15484888804527094
2026-07-31,1309,0.01763509888870678
2026-07-31,14210,0.0
2026-07-31,14218,0.11394177160148432
2026-07-31,15026,0.15235161884242884
2026-07-31,15030,0.1448756010301824
2026-07-31,15032,0.0
2026-07-31,15034,0.21905785541334022
2026-07-31,15041,0.06482195729370963
2026-07-31,15043,0.07981117431010494
2026-07-31,15045,0.06744862243352948
2026-07-31,17114,0.07931777198439018
2026-07-31,17115,0.0
2026-07-31,17143,0.0
2026-07-31,17222,0.39390896090055805
2026-07-31,17322,0.5026759287500128
2026-07-31,17323,0.0
2026-07-31,17400,0.5304167103746107
2026-07-31,17501,0.1891707959253133
2026-07-31,17504,0.5869224915801265
2026-07-31,17505,0.0
2026-07-31,17507,0.614058777479828
2026-07-31,17508,0.0
2026-07-31,17521,0.06659849337647147
2026-07-31,17700,0.10879248462156557
2026-07-31,17704,0.101564898507754
2026-07-31,17706,0.13094902467025954
2026-07-31,18100,0.0
2026-07-31,18101,0.106103239601121
2026-07-31,18121,0.11767336761459452
2026-07-31,191070,0.06515298190208839
2026-07-31,20002,0.29931674338321806
2026-07-31,21008,0.0
2026-07-31,21010,0.024364924236631478
2026-07-31,210377,0.06515298190208839
2026-07-31,26001,0.20685846479685482
2026-07-31,26004,0.0
2026-07-31,26005,0.08156847083209989
2026-07-31,26006,0.0
2026-07-31,26007,0.0
2026-07-31,26008,0.07665347886256099
2026-07-31,26009,0.22886301634617706
2026-07-31,26010,0.0
2026-07-31,26020,0.0251660653529604
2026-07-31,26093,0.0
2026-07-31,26100,0.07815946921235173
2026-07-31,26101,0.20545769297740363
2026-07-31,26104,0.0
2026-07-31,26107,0.0
2026-07-31,26111,0.0
2026-07-31,26117,0.0
2026-07-31,26121,0.0
2026-07-31,26123,0.09325664047152005
2026-07-31,26124,0.0
2026-07-31,26127,0.0
2026-07-31,26141,0.0
2026-07-31,26142,0.0
2026-07-31,26151,0.0
2026-07-31,2621,0.0709844797478049
2026-07-31,2721,0.0946584015423941
2026-07-31,300675,0.06515298190208839
2026-07-31,3525,0.0
2026-07-31,3527,0.0
2026-07-31,4004,0.16732953156266217
2026-07-31,44016,0.02973221174462743
2026-07-31,44017,0.0
2026-07-31,44018,0.0
2026-07-31,44019,0.0
2026-07-31,44022,0.47117209292526374
2026-07-31,44031,0.0
2026-07-31,44033,0.0
2026-07-31,44052,0.0390782341212257
2026-07-31,44056,0.01625320538222583
2026-07-31,44060,0.0
2026-07-31,44068,0.06728867499643275
2026-07-31,44071,0.23305467828146867
2026-07-31,44072,0.17727439237289797
2026-07-31,4500,0.09657653340062018
2026-07-31,45002,0.0
2026-07-31,45003,0.06461863660733067
2026-07-31,45005,0.11105609834407978
2026-07-31,45006,0.15939057369283527
2026-07-31,4502,0.08013039452967154
2026-07-31,45117,0.021059884708386857
2026-07-31,45120,0.0
2026-07-31,45203,0.13973068278039627
2026-07-31,45207,0.1040783187524777
2026-07-31,45212,0.03755772744458152
2026-07-31,45215,0.0
2026-07-31,45225,0.13293150817188085
2026-07-31,4614,0.0236535874093392
2026-07-31,4616,0.6333263545725196
2026-07-31,4620,0.6506404056997012
2026-07-31,4622,0.06515298190208839
2026-07-31,4700,0.08446848389783494
2026-07-31,4703,0.0
2026-07-31,4706,0.07129940322041718
2026-07-31,4708,0.0
2026-07-31,4710,0.0
2026-07-31,6153,0.10855057237603039
2026-07-31,6210,0.016736391444289997
2026-07-31,6304,0.0
2026-07-31,6307,0.0
2026-07-31,7002,0.06728867499643275
2026-07-31,7151,0.0
2026-07-31,7152,0.0
2026-07-31,7153,0.0
2026-07-31,7154,0.0
2026-07-31,7160,0.08563381840397172
2026-07-31,7161,0.06069085141763795
2026-07-31,7162,0.0823871490785388
2026-07-31,7706,0.0
2026-07-31,7707,0.0
2026-07-31,7715,0.07167984254698942
2026-07-31,7716,0.0
2026-07-31,8029,0.01844307219391082
2026-07-31,8050,0.0
2026-07-31,8118,0.07498189725688711
2026-07-31,8123,0.0424514263104969
2026-07-31,8143,0.0799077444035964
2026-07-31,8153,0.0
2026-07-31,8154,0.07402213285602824
2026-07-31,8166,0.0
2026-07-31,8168,0.0
2026-07-31,8169,0.0
2026-07-31,8170,0.0
2026-07-31,8202,0.16485723064221455
2026-07-31,8203,0.0
2026-07-31,8205,0.49064043971125637
2026-07-31,8206,0.25331882242051035
2026-07-31,8207,0.16057906826518126
2026-07-31,8208,0.0
2026-07-31,8210,0.2662700316495123
2026-07-31,8212,0.1414914141231717
2026-07-31,8213,0.20189471484158
2026-07-31,8215,0.24348386352701984
2026-07-31,8216,0.21029793828509213
2026-07-31,8217,0.1112704274488103
2026-07-31,8222,0.14436580248258365
2026-07-31,8225,0.11920654347177059
2026-07-31,9302,0.060209602710496725
2026-08-01,050304,0.015777855292293537
2026-08-01,07011,0.015186916967760996
2026-08-01,07013,0.015764314051787635
2026-08-01,10750,0.010064046478269454
2026-08-01,10752,0.0
2026-08-01,10755,0.0
2026-08-01,10757,0.0
2026-08-01,10762,0.015764314051787635
2026-08-01,12100,0.023026877253446727
2026-08-01,12105,0.015763344696706313
2026-08-01,12121,0.015401406288158875
2026-08-01,12125,0.01055076858703122
2026-08-01,12130,0.036891089586188426
2026-08-01,12132,0.0
2026-08-01,12134,0.03442583507360293
2026-08-01,12136,0.037673785288463074
2026-08-01,12138,0.014906966388851434
2026-08-01,1297,0.0
2026-08-01,1298,0.0
2026-08-01,1299,0.0
2026-08-01,13014,0.010177665231644716
2026-08-01,13016,0.0
2026-08-01,1302,0.0
2026-08-01,1303,0.0
2026-08-01,1306,0.012687518171782364
2026-08-01,1307,0.01024507590621574
2026-08-01,1308,0.01024507590621574
2026-08-01,1309,0.017833218767860273
2026-08-01,14210,0.0
2026-08-01,14218,0.011345408218356012
2026-08-01,15026,0.011289319346948
2026-08-01,15030,0.014194482293917265
2026-08-01,15032,0.0
2026-08-01,15034,0.024233839173220566
2026-08-01,15041,0.011830994768370648
2026-08-01,15043,0.011830994768370648
2026-08-01,15045,0.011841165031957037
2026-08-01,17114,0.011976072891338686
2026-08-01,17115,0.0
2026-08-01,17143,0.0
2026-08-01,17222,0.04377349547269027
2026-08-01,17322,0.04169075020860558
2026-08-01,17323,0.0
2026-08-01,17400,0.04083757636512895
2026-08-01,17501,0.015245016856094834
2026-08-01,17504,0.04447556521504653
2026-08-01,17505,0.0
2026-08-01,17507,0.04590758685612511
2026-08-01,17508,0.0
2026-08-01,17521,0.01678922674565718
2026-08-01,17700,0.01972088885301354
2026-08-01,17704,0.016448127998090218
2026-08-01,17706,0.010357913890654968
2026-08-01,18100,0.0
2026-08-01,18101,0.015654545188895936
2026-08-01,18121,0.01350041987206323
2026-08-01,191070,0.015777855292293537
2026-08-01,20002,0.021980317908008782
2026-08-01,21008,0.0
2026-08-01,21010,0.015089656730662794
2026-08-01,210377,0.015777855292293537
2026-08-01,26001,0.02657067520843312
2026-08-01,26004,0.0
2026-08-01,26005,0.02698900864300797
2026-08-01,26006,0.0
2026-08-01,26007,0.0
2026-08-01,26008,0.024788255173277953
2026-08-01,26009,0.026560335048740502
2026-08-01,26010,0.0
2026-08-01,26020,0.014075348845417812
2026-08-01,26093,0.0
2026-08-01,26100,0.024139529829341283
2026-08-01,26101,0.0264363917551518
2026-08-01,26104,0.0
2026-08-01,26107,0.0
2026-08-01,26111,0.0
2026-08-01,26117,0.0
2026-08-01,26121,0.0
2026-08-01,26123,0.026070622850171758
2026-08-01,26124,0.0
2026-08-01,26127,0.0
2026-08-01,26141,0.0
2026-08-01,26142,0.0
2026-08-01,26151,0.0
2026-08-01,2621,0.015373929092529279
2026-08-01,2721,0.019259562269084252
2026-08-01,300675,0.015777855292293537
2026-08-01,3525,0.0
2026-08-01,3527,0.0
2026-08-01,4004,0.025160106402752423
2026-08-01,44016,0.015186916967760996
2026-08-01,44017,0.0
2026-08-01,44018,0.0
2026-08-01,44019,0.0
2026-08-01,44022,0.04299250372862284
2026-08-01,44031,0.0
2026-08-01,44033,0.0
2026-08-01,44052,0.010187412668525167
2026-08-01,44056,0.011423254167592876
2026-08-01,44060,0.0
2026-08-01,44068,0.015764314051787635
2026-08-01,44071,0.024037247909811887
2026-08-01,44072,0.0170705315453148
2026-08-01,4500,0.023992967569104608
2026-08-01,45002,0.0
2026-08-01,45003,0.013684859527923076
2026-08-01,45005,0.015435269758269062
2026-08-01,45006,0.021815024775061316
2026-08-01,4502,0.014698365967318832
2026-08-01,45117,0.009748011406336712
2026-08-01,45120,0.0
2026-08-01,45203,0.014941790057964985
2026-08-01,45207,0.021664482101120673
2026-08-01,45212,0.01590419531911912
2026-08-01,45215,0.0
2026-08-01,45225,0.02439109441800715
2026-08-01,4614,0.01092764646367829
2026-08-01,4616,0.05036666493289981
2026-08-01,4620,0.0667856908113397
2026-08-01,4622,0.015777855292293537
2026-08-01,4700,0.013108375124022595
2026-08-01,4703,0.0
2026-08-01,4706,0.011620868936997202
2026-08-01,4708,0.0
2026-08-01,4710,0.0
2026-08-01,6153,0.01647821409228107
2026-08-01,6210,0.01495745782256413
2026-08-01,6304,0.0
2026-08-01,6307,0.0
2026-08-01,7002,0.015764314051787635
2026-08-01,7151,0.0
2026-08-01,7152,0.0
2026-08-01,7153,0.0
2026-08-01,7154,0.0
2026-08-01,7160,0.010112860412119451
2026-08-01,7161,0.010811056188811148
2026-08-01,7162,0.010112860412119451
2026-08-01,7706,0.0
2026-08-01,7707,0.0
2026-08-01,7715,0.01378357065565065
2026-08-01,7716,0.0
2026-08-01,8029,0.010857852665920499
2026-08-01,8050,0.0
2026-08-01,8118,0.012944384001398941
2026-08-01,8123,0.013828762921956499
2026-08-01,8143,0.013400972586827292
2026-08-01,8153,0.0
2026-08-01,8154,0.013364890585100223
2026-08-01,8166,0.0
2026-08-01,8168,0.0
2026-08-01,8169,0.0
2026-08-01,8170,0.0
2026-08-01,8202,0.011765944137739539
2026-08-01,8203,0.0
2026-08-01,8205,0.02393705897115174
2026-08-01,8206,0.017176830565152148
2026-08-01,8207,0.017348662776496365
2026-08-01,8208,0.0
2026-08-01,8210,0.0199364564784124
2026-08-01,8212,0.021368171136426303
2026-08-01,8213,0.016529482183397233
2026-08-01,8215,0.02952183193555648
2026-08-01,8216,0.017555958887857215
2026-08-01,8217,0.014591020421591407
2026-08-01,8222,0.019297773274189387
2026-08-01,8225,0.014164418202200709
2026-08-01,9302,0.012366433318960273
2026-08-02,050304,0.015579357720784566
2026-08-02,07011,0.014995853855508891
2026-08-02,07013,0.015565986839513544
2026-08-02,10750,0.010064046478269454
2026-08-02,10752,0.0
2026-08-02,10755,0.0
2026-08-02,10757,0.0
2026-08-02,10762,0.015565986839513544
2026-08-02,12100,0.022818013849471346
2026-08-02,12105,0.015565029679665733
2026-08-02,12121,0.015218588014557098
2026-08-02,12125,0.010595572673981826
2026-08-02,12130,0.037156233022094254
2026-08-02,12132,0.0
2026-08-02,12134,0.03460212732787093
2026-08-02,12136,0.037437852942576705
2026-08-02,12138,0.014949910379761719
2026-08-02,1297,0.0
2026-08-02,1298,0.0
2026-08-02,1299,0.0
2026-08-02,13014,0.010177665231644716
2026-08-02,13016,0.0
2026-08-02,1302,0.0
2026-08-02,1303,0.0
2026-08-02,1306,0.01252789942139334
2026-08-02,1307,0.01024507590621574
2026-08-02,1308,0.01024507590621574
2026-08-02,1309,0.01760886314081016
2026-08-02,14210,0.0
2026-08-02,14218,0.011355932911450053
2026-08-02,15026,0.011250074019071538
2026-08-02,15030,0.01423537376054471
2026-08-02,15032,0.0
2026-08-02,15034,0.0243036520205853
2026-08-02,15041,0.01168215174208152
2026-08-02,15043,0.01168215174208152
2026-08-02,15045,0.011692194055918965
2026-08-02,17114,0.011976072891338686
2026-08-02,17115,0.0
2026-08-02,17143,0.0
2026-08-02,17222,0.043813162842480366
2026-08-02,17322,0.041312597673764884
2026-08-02,17323,0.0
2026-08-02,17400,0.04112941734456953
2026-08-02,17501,0.015332257628449692
2026-08-02,17504,0.04430944964716769
2026-08-02,17505,0.0
2026-08-02,17507,0.04594918813115075
2026-08-02,17508,0.0
2026-08-02,17521,0.016589934720544534
2026-08-02,17700,0.01972088885301354
2026-08-02,17704,0.016448127998090218
2026-08-02,17706,0.01029720097768005
2026-08-02,18100,0.0
2026-08-02,18101,0.015654545188895936
2026-08-02,18121,0.013546206275522098
2026-08-02,191070,0.015579357720784566
2026-08-02,20002,0.021842666012196952
2026-08-02,21008,0.0
2026-08-02,21010,0.014899817227102157
2026-08-02,210377,0.015579357720784566
2026-08-02,26001,0.026293223030368233
2026-08-02,26004,0.0
2026-08-02,26005,0.025665658861767793
2026-08-02,26006,0.0
2026-08-02,26007,0.0
2026-08-02,26008,0.023950625514111742
2026-08-02,26009,0.026282990843085274
2026-08-02,26010,0.0
2026-08-02,26020,0.013898270116262419
2026-08-02,26093,0.0
2026-08-02,26100,0.02338754206248976
2026-08-02,26101,0.02581882272234844
2026-08-02,26104,0.0
2026-08-02,26107,0.0
2026-08-02,26111,0.0
2026-08-02,26117,0.0
2026-08-02,26121,0.0
2026-08-02,26123,0.025007041662319915
2026-08-02,26124,0.0
2026-08-02,26127,0.0
2026-08-02,26141,0.0
2026-08-02,26142,0.0
2026-08-02,26151,0.0
2026-08-02,2621,0.015388446799003508
2026-08-02,2721,0.019315045218830366
2026-08-02,300675,0.015579357720784566
2026-08-02,3525,0.0
2026-08-02,3527,0.0
2026-08-02,4004,0.024854787665732025
2026-08-02,44016,0.014995853855508891
2026-08-02,44017,0.0
2026-08-02,44018,0.0
2026-08-02,44019,0.0
2026-08-02,44022,0.04310256435552728
2026-08-02,44031,0.0
2026-08-02,44033,0.0
2026-08-02,44052,0.010187412668525167
2026-08-02,44056,0.011263589578094828
2026-08-02,44060,0.0
2026-08-02,44068,0.015565986839513544
2026-08-02,44071,0.023947469150003522
2026-08-02,44072,0.017241241070734832
2026-08-02,4500,0.023674645236095065
2026-08-02,45002,0.0
2026-08-02,45003,0.013731271454778775
2026-08-02,45005,0.015303053954345225
2026-08-02,45006,0.021428958290792322
2026-08-02,4502,0.014698365967318832
2026-08-02,45117,0.009748011406336712
2026-08-02,45120,0.0
2026-08-02,45203,0.01478129600817728
2026-08-02,45207,0.021542902843039283
2026-08-02,45212,0.01570410829276697
2026-08-02,45215,0.0
2026-08-02,45225,0.024089299874430994
2026-08-02,4614,0.011000432699241978
2026-08-02,4616,0.04811525915974975
2026-08-02,4620,0.06380034941427119
2026-08-02,4622,0.015579357720784566
2026-08-02,4700,0.013149613383292654
2026-08-02,4703,0.0
2026-08-02,4706,0.011622475945249169
2026-08-02,4708,0.0
2026-08-02,4710,0.0
2026-08-02,6153,0.016282613859677157
2026-08-02,6210,0.014769281483085532
2026-08-02,6304,0.0
2026-08-02,6307,0.0
2026-08-02,7002,0.015565986839513544
2026-08-02,7151,0.0
2026-08-02,7152,0.0
2026-08-02,7153,0.0
2026-08-02,7154,0.0
2026-08-02,7160,0.010112860412119451
2026-08-02,7161,0.01082536269290104
2026-08-02,7162,0.010112860412119451
2026-08-02,7706,0.0
2026-08-02,7707,0.0
2026-08-02,7715,0.013642460753473971
2026-08-02,7716,0.0
2026-08-02,8029,0.010769025184538218
2026-08-02,8050,0.0
2026-08-02,8118,0.012779150737378989
2026-08-02,8123,0.013720225674515698
2026-08-02,8143,0.01347164447228554
2026-08-02,8153,0.0
2026-08-02,8154,0.01341021734369825
2026-08-02,8166,0.0
2026-08-02,8168,0.0
2026-08-02,8169,0.0
2026-08-02,8170,0.0
2026-08-02,8202,0.011861147218087648
2026-08-02,8203,0.0
2026-08-02,8205,0.023958750640040476
2026-08-02,8206,0.017125920675520406
2026-08-02,8207,0.017472642972857878
2026-08-02,8208,0.0
2026-08-02,8210,0.019954522817024242
2026-08-02,8212,0.021490452126427792
2026-08-02,8213,0.016694781081763466
2026-08-02,8215,0.029537790097539745
2026-08-02,8216,0.017405577634120567
2026-08-02,8217,0.01449964405336657
2026-08-02,8222,0.019297773274189387
2026-08-02,8225,0.01398621891193674
2026-08-02,9302,0.012366433318960273
2026-08-03,050304,0.06423290769196578
2026-08-03,07011,0.025486705138617564
2026-08-03,07013,0.06634101772056773
2026-08-03,10750,0.07788056578544089
2026-08-03,10752,0.0
2026-08-03,10755,0.0
2026-08-03,10757,0.0
2026-08-03,10762,0.06634101772056773
2026-08-03,12100,0.19352938559550475
2026-08-03,12105,0.0663369383802034
2026-08-03,12121,0.07535699062844853
2026-08-03,12125,0.06904456146999732
2026-08-03,12130,0.5343477175228157
2026-08-03,12132,0.0
2026-08-03,12134,0.32354781603878935
2026-08-03,12136,0.7234155740874523
2026-08-03,12138,0.4722499621697063
2026-08-03,1297,0.0
2026-08-03,1298,0.0
2026-08-03,1299,0.0
2026-08-03,13014,0.048154750395233606
2026-08-03,13016,0.0
2026-08-03,1302,0.0
2026-08-03,1303,0.0
2026-08-03,1306,0.05877989364625046
2026-08-03,1307,0.155943266744505
2026-08-03,1308,0.16150263743203278
2026-08-03,1309,0.017889239500022896
2026-08-03,14210,0.0
2026-08-03,14218,0.13898782077225075
2026-08-03,15026,0.1704801453603801
2026-08-03,15030,0.1835937196660137
2026-08-03,15032,0.0
2026-08-03,15034,0.2439848288495126
2026-08-03,15041,0.064293688699663
2026-08-03,15043,0.08629976255586845
2026-08-03,15045,0.07945142049161426
2026-08-03,17114,0.10645599094727505
2026-08-03,17115,0.0
2026-08-03,17143,0.0
2026-08-03,17222,0.4645226969450327
2026-08-03,17322,0.5962730818532997
2026-08-03,17323,0.0
2026-08-03,17400,0.6304119256018047
2026-08-03,17501,0.23151772282845742
2026-08-03,17504,0.6484506971987688
2026-08-03,17505,0.0
2026-08-03,17507,0.6948010718827696
2026-08-03,17508,0.0
2026-08-03,17521,0.06712529891168195
2026-08-03,17700,0.14303642764109384
2026-08-03,17704,0.1209173889796981
2026-08-03,17706,0.13732023665792178
2026-08-03,18100,0.0
2026-08-03,18101,0.13210137558077611
2026-08-03,18121,0.14553257448927157
2026-08-03,191070,0.06423290769196578
2026-08-03,20002,0.31136750771063526
2026-08-03,21008,0.0
2026-08-03,21010,0.023100524060794686
2026-08-03,210377,0.06423290769196578
2026-08-03,26001,0.2537517119181908
2026-08-03,26004,0.0
2026-08-03,26005,0.08334394447569078
2026-08-03,26006,0.0
2026-08-03,26007,0.0
2026-08-03,26008,0.07538677406008207
2026-08-03,26009,0.2793676184353954
2026-08-03,26010,0.0
2026-08-03,26020,0.026267825407450214
2026-08-03,26093,0.0
2026-08-03,26100,0.07846831525455504
2026-08-03,26101,0.20577720739093616
2026-08-03,26104,0.0
2026-08-03,26107,0.0
2026-08-03,26111,0.0
2026-08-03,26117,0.0
2026-08-03,26121,0.0
2026-08-03,26123,0.08562575438084288
2026-08-03,26124,0.0
2026-08-03,26127,0.0
2026-08-03,26141,0.0
2026-08-03,26142,0.0
2026-08-03,26151,0.0
2026-08-03,2621,0.08674200581886833
2026-08-03,2721,0.10215751891605018
2026-08-03,300675,0.06423290769196578
2026-08-03,3525,0.0
2026-08-03,3527,0.0
2026-08-03,4004,0.18475410506112072
2026-08-03,44016,0.025486705138617564
2026-08-03,44017,0.0
2026-08-03,44018,0.0
2026-08-03,44019,0.0
2026-08-03,44022,0.523499981183282
2026-08-03,44031,0.0
2026-08-03,44033,0.0
2026-08-03,44052,0.0413530193058963
2026-08-03,44056,0.0166447020236287
2026-08-03,44060,0.0
2026-08-03,44068,0.06634101772056773
2026-08-03,44071,0.266654663587144
2026-08-03,44072,0.22646843989814022
2026-08-03,4500,0.10709083415914036
2026-08-03,45002,0.0
2026-08-03,45003,0.06401978675333281
2026-08-03,45005,0.10949445393795043
2026-08-03,45006,0.16244739459910928
2026-08-03,4502,0.1034352448677859
2026-08-03,45117,0.017976152020214405
2026-08-03,45120,0.0
2026-08-03,45203,0.15501486240332407
2026-08-03,45207,0.12528929427277188
2026-08-03,45212,0.039365581348376706
2026-08-03,45215,0.0
2026-08-03,45225,0.135072095646179
2026-08-03,4614,0.022250703574191084
2026-08-03,4616,0.6996122425210072
2026-08-03,4620,0.725550526919808
2026-08-03,4622,0.06423290769196578
2026-08-03,4700,0.09158702414201872
2026-08-03,4703,0.0
2026-08-03,4706,0.065819854701123
2026-08-03,4708,0.0
2026-08-03,4710,0.0
2026-08-03,6153,0.1042645393086091
2026-08-03,6210,0.016918612801059222
2026-08-03,6304,0.0
2026-08-03,6307,0.0
2026-08-03,7002,0.06634101772056773
2026-08-03,7151,0.0
2026-08-03,7152,0.0
2026-08-03,7153,0.0
2026-08-03,7154,0.0
2026-08-03,7160,0.10706830188463203
2026-08-03,7161,0.06910041078121062
2026-08-03,7162,0.09082310394647544
2026-08-03,7706,0.0
2026-08-03,7707,0.0
2026-08-03,7715,0.06513133115689446
2026-08-03,7716,0.0
2026-08-03,8029,0.01894820842214818
2026-08-03,8050,0.0
2026-08-03,8118,0.0747516236044473
2026-08-03,8123,0.03690192146917339
2026-08-03,8143,0.07882202460452986
2026-08-03,8153,0.0
2026-08-03,8154,0.06979000918505976
2026-08-03,8166,0.0
2026-08-03,8168,0.0
2026-08-03,8169,0.0
2026-08-03,8170,0.0
2026-08-03,8202,0.2100454178020188
2026-08-03,8203,0.0
2026-08-03,8205,0.5678079218933518
2026-08-03,8206,0.2860585246103563
2026-08-03,8207,0.21320121154556343
2026-08-03,8208,0.0
2026-08-03,8210,0.29718703140275465
2026-08-03,8212,0.19177432432767694
2026-08-03,8213,0.261889750423454
2026-08-03,8215,0.29948874925781843
2026-08-03,8216,0.26593691755353416
2026-08-03,8217,0.15906067153303494
2026-08-03,8222,0.16439069066831502
2026-08-03,8225,0.1415649934517586
2026-08-03,9302,0.060910885116905976
2026-08-04,050304,0.06415148761723798
2026-08-04,07011,0.0254464244087819
2026-08-04,07013,0.06625805518532524
2026-08-04,10750,0.07692436174688091
2026-08-04,10752,0.0
2026-08-04,10755,0.0
2026-08-04,10757,0.0
2026-08-04,10762,0.06625805518532524
2026-08-04,12100,0.19329094061672797
2026-08-04,12105,0.0662539809463662
2026-08-04,12121,0.07521408056695734
2026-08-04,12125,0.06755020247638265
2026-08-04,12130,0.5005427122559188
2026-08-04,12132,0.0
2026-08-04,12134,0.3170060099122834
2026-08-04,12136,0.6795707772459323
2026-08-04,12138,0.4422289011947949
2026-08-04,1297,0.0
2026-08-04,1298,0.0
2026-08-04,1299,0.0
2026-08-04,13014,0.04754623598787333
2026-08-04,13016,0.0
2026-08-04,1302,0.0
2026-08-04,1303,0.0
2026-08-04,1306,0.05870918050316103
2026-08-04,1307,0.15445495208086849
2026-08-04,1308,0.15774042299890512
2026-08-04,1309,0.01809647401175441
2026-08-04,14210,0.0
2026-08-04,14218,0.13926578909103943
2026-08-04,15026,0.1627096819567607
2026-08-04,15030,0.18008086639059662
2026-08-04,15032,0.0
2026-08-04,15034,0.24059234409780866
2026-08-04,15041,0.06421986159916485
2026-08-04,15043,0.08755682683567548
2026-08-04,15045,0.07843157865390983
2026-08-04,17114,0.10264839194519276
2026-08-04,17115,0.0
2026-08-04,17143,0.0
2026-08-04,17222,0.45424195613367246
2026-08-04,17322,0.5609310725570242
2026-08-04,17323,0.0
2026-08-04,17400,0.5881545776962906
2026-08-04,17501,0.20978799338347534
2026-08-04,17504,0.6455466526892876
2026-08-04,17505,0.0
2026-08-04,17507,0.665970615972904
2026-08-04,17508,0.0
2026-08-04,17521,0.06699023577719536
2026-08-04,17700,0.13810677757850842
2026-08-04,17704,0.11972007245468111
2026-08-04,17706,0.13653169367495996
2026-08-04,18100,0.0
2026-08-04,18101,0.1274969522147823
2026-08-04,18121,0.14236232466188178
2026-08-04,191070,0.06415148761723798
2026-08-04,20002,0.29339319819823845
2026-08-04,21008,0.0
2026-08-04,21010,0.023368127712949646
2026-08-04,210377,0.06415148761723798
2026-08-04,26001,0.22635538969453034
2026-08-04,26004,0.0
2026-08-04,26005,0.07412370229079894
2026-08-04,26006,0.0
2026-08-04,26007,0.0
2026-08-04,26008,0.06851111583394397
2026-08-04,26009,0.2542853407546324
2026-08-04,26010,0.0
2026-08-04,26020,0.02657212006304777
2026-08-04,26093,0.0
2026-08-04,26100,0.07349476082727611
2026-08-04,26101,0.19067512513129797
2026-08-04,26104,0.0
2026-08-04,26107,0.0
2026-08-04,26111,0.0
2026-08-04,26117,0.0
2026-08-04,26121,0.0
2026-08-04,26123,0.07818814940949413
2026-08-04,26124,0.0
2026-08-04,26127,0.0
2026-08-04,26141,0.0
2026-08-04,26142,0.0
2026-08-04,26151,0.0
2026-08-04,2621,0.08458910592613902
2026-08-04,2721,0.09902060780393254
2026-08-04,300675,0.06415148761723798
2026-08-04,3525,0.0
2026-08-04,3527,0.0
2026-08-04,4004,0.17479525121989645
2026-08-04,44016,0.0254464244087819
2026-08-04,44017,0.0
2026-08-04,44018,0.0
2026-08-04,44019,0.0
2026-08-04,44022,0.5187958947964079
2026-08-04,44031,0.0
2026-08-04,44033,0.0
2026-08-04,44052,0.04082699283078085
2026-08-04,44056,0.016906876433889436
2026-08-04,44060,0.0
2026-08-04,44068,0.06625805518532524
2026-08-04,44071,0.26407884427686557
2026-08-04,44072,0.2069024056959297
2026-08-04,4500,0.10703294806947015
2026-08-04,45002,0.0
2026-08-04,45003,0.06163585195431486
2026-08-04,45005,0.10862293548533558
2026-08-04,45006,0.15690241974194497
2026-08-04,4502,0.09972492978389341
2026-08-04,45117,0.017742450186676372
2026-08-04,45120,0.0
2026-08-04,45203,0.15490299558898804
2026-08-04,45207,0.12313767936110934
2026-08-04,45212,0.04061918506722804
2026-08-04,45215,0.0
2026-08-04,45225,0.13348110230137822
2026-08-04,4614,0.021773158571431573
2026-08-04,4616,0.6857200386490677
2026-08-04,4620,0.6919399813411745
2026-08-04,4622,0.06415148761723798
2026-08-04,4700,0.08943365596958949
2026-08-04,4703,0.0
2026-08-04,4706,0.06545802418764875
2026-08-04,4708,0.0
2026-08-04,4710,0.0
2026-08-04,6153,0.10408445577734458
2026-08-04,6210,0.01711460327136387
2026-08-04,6304,0.0
2026-08-04,6307,0.0
2026-08-04,7002,0.06625805518532524
2026-08-04,7151,0.0
2026-08-04,7152,0.0
2026-08-04,7153,0.0
2026-08-04,7154,0.0
2026-08-04,7160,0.1044303051180434
2026-08-04,7161,0.06202188851744211
2026-08-04,7162,0.08854901633502846
2026-08-04,7706,0.0
2026-08-04,7707,0.0
2026-08-04,7715,0.0658635382189042
2026-08-04,7716,0.0
2026-08-04,8029,0.01996348941186419
2026-08-04,8050,0.0
2026-08-04,8118,0.07459755420047591
2026-08-04,8123,0.03789793908632494
2026-08-04,8143,0.07565522048900998
2026-08-04,8153,0.0
2026-08-04,8154,0.06908470207287914
2026-08-04,8166,0.0
2026-08-04,8168,0.0
2026-08-04,8169,0.0
2026-08-04,8170,0.0
2026-08-04,8202,0.20352645608987763
2026-08-04,8203,0.0
2026-08-04,8205,0.567373342448371
2026-08-04,8206,0.2846205295795004
2026-08-04,8207,0.19903017341083803
2026-08-04,8208,0.0
2026-08-04,8210,0.2935351903206706
2026-08-04,8212,0.1763244422165925
2026-08-04,8213,0.24196489112760236
2026-08-04,8215,0.2819035803708175
2026-08-04,8216,0.26241676327874663
2026-08-04,8217,0.15583537622787116
2026-08-04,8222,0.16057340457103972
2026-08-04,8225,0.14110716273288543
2026-08-04,9302,0.05975950480183532
2026-08-05,050304,0.07663993837088275
2026-08-05,07011,0.030825070217147057
2026-08-05,07013,0.07913618132203899
2026-08-05,10750,0.08861841032517195
2026-08-05,10752,0.0
2026-08-05,10755,0.0
2026-08-05,10757,0.0
2026-08-05,10762,0.07913618132203899
2026-08-05,12100,0.2141015199295171
2026-08-05,12105,0.07913131520105023
2026-08-05,12121,0.09158978061028052
2026-08-05,12125,0.08162048111794398
2026-08-05,12130,0.5422919353144027
2026-08-05,12132,0.0
2026-08-05,12134,0.3310346349130217
2026-08-05,12136,0.7211911738778375
2026-08-05,12138,0.4715956556008886
2026-08-05,1297,0.0
2026-08-05,1298,0.0
2026-08-05,1299,0.0
2026-08-05,13014,0.049580948859889666
2026-08-05,13016,0.0
2026-08-05,1302,0.0
2026-08-05,1303,0.0
2026-08-05,1306,0.07015535438132914
2026-08-05,1307,0.1756081110294538
2026-08-05,1308,0.17600801729704108
2026-08-05,1309,0.01809647401175441
2026-08-05,14210,0.0
2026-08-05,14218,0.15559311722868302
2026-08-05,15026,0.1752784461450666
2026-08-05,15030,0.21099732942377036
2026-08-05,15032,0.0
2026-08-05,15034,0.26711706298382165
2026-08-05,15041,0.06949745910912226
2026-08-05,15043,0.09573299624676845
2026-08-05,15045,0.08512705512612984
2026-08-05,17114,0.10320662005870349
2026-08-05,17115,0.0
2026-08-05,17143,0.0
2026-08-05,17222,0.4926593154745713
2026-08-05,17322,0.5971485300359926
2026-08-05,17323,0.0
2026-08-05,17400,0.624439654782575
2026-08-05,17501,0.23039737897580354
2026-08-05,17504,0.6902732529564879
2026-08-05,17505,0.0
2026-08-05,17507,0.7166911242251988
2026-08-05,17508,0.0
2026-08-05,17521,0.07239073580135849
2026-08-05,17700,0.16194182700594711
2026-08-05,17704,0.14085952495496845
2026-08-05,17706,0.1473947349596664
2026-08-05,18100,0.0
2026-08-05,18101,0.1474663197040708
2026-08-05,18121,0.16636263742642418
2026-08-05,191070,0.07663993837088275
2026-08-05,20002,0.3315581530925079
2026-08-05,21008,0.0
2026-08-05,21010,0.025002367212634338
2026-08-05,210377,0.07663993837088275
2026-08-05,26001,0.233206403212773
2026-08-05,26004,0.0
2026-08-05,26005,0.07372842080138028
2026-08-05,26006,0.0
2026-08-05,26007,0.0
2026-08-05,26008,0.06838596623424964
2026-08-05,26009,0.2938433528617537
2026-08-05,26010,0.0
2026-08-05,26020,0.025734772388111105
2026-08-05,26093,0.0
2026-08-05,26100,0.07330746097778074
2026-08-05,26101,0.22114813658922772
2026-08-05,26104,0.0
2026-08-05,26107,0.0
2026-08-05,26111,0.0
2026-08-05,26117,0.0
2026-08-05,26121,0.0
2026-08-05,26123,0.08614871887309616
2026-08-05,26124,0.0
2026-08-05,26127,0.0
2026-08-05,26141,0.0
2026-08-05,26142,0.0
2026-08-05,26151,0.0
2026-08-05,2621,0.08668827990447511
2026-08-05,2721,0.11461583427645404
2026-08-05,300675,0.07663993837088275
2026-08-05,3525,0.0
2026-08-05,3527,0.0
2026-08-05,4004,0.2051061956602209
2026-08-05,44016,0.030825070217147057
2026-08-05,44017,0.0
2026-08-05,44018,0.0
2026-08-05,44019,0.0
2026-08-05,44022,0.5714408953154605
2026-08-05,44031,0.0
2026-08-05,44033,0.0
2026-08-05,44052,0.0397770973256161
2026-08-05,44056,0.016686512069074427
2026-08-05,44060,0.0
2026-08-05,44068,0.07913618132203899
2026-08-05,44071,0.29958540264034245
2026-08-05,44072,0.23832987461705488
2026-08-05,4500,0.12239236560968826
2026-08-05,45002,0.0
2026-08-05,45003,0.07276692955664495
2026-08-05,45005,0.13150055285611062
2026-08-05,45006,0.18904830359440405
2026-08-05,4502,0.10215396499877771
2026-08-05,45117,0.021318946474223898
2026-08-05,45120,0.0
2026-08-05,45203,0.1861354855934218
2026-08-05,45207,0.12621531687108337
2026-08-05,45212,0.0400957362601977
2026-08-05,45215,0.0
2026-08-05,45225,0.15998680515744734
2026-08-05,4614,0.023287025090517027
2026-08-05,4616,0.6968001379292066
2026-08-05,4620,0.693075231539618
2026-08-05,4622,0.07663993837088275
2026-08-05,4700,0.09492824375074281
2026-08-05,4703,0.0
2026-08-05,4706,0.07938076460262383
2026-08-05,4708,0.0
2026-08-05,4710,0.0
2026-08-05,6153,0.12318786931225381
2026-08-05,6210,0.01711460327136387
2026-08-05,6304,0.0
2026-08-05,6307,0.0
2026-08-05,7002,0.07913618132203899
2026-08-05,7151,0.0
2026-08-05,7152,0.0
2026-08-05,7153,0.0
2026-08-05,7154,0.0
2026-08-05,7160,0.11617939415567165
2026-08-05,7161,0.06403035100962762
2026-08-05,7162,0.10478243884770468
2026-08-05,7706,0.0
2026-08-05,7707,0.0
2026-08-05,7715,0.07888706246412074
2026-08-05,7716,0.0
2026-08-05,8029,0.0197041599703586
2026-08-05,8050,0.0
2026-08-05,8118,0.09469534106891529
2026-08-05,8123,0.045816165711170836
2026-08-05,8143,0.09183840588147298
2026-08-05,8153,0.0
2026-08-05,8154,0.08268131316057405
2026-08-05,8166,0.0
2026-08-05,8168,0.0
2026-08-05,8169,0.0
2026-08-05,8170,0.0
2026-08-05,8202,0.20692799312945048
2026-08-05,8203,0.0
2026-08-05,8205,0.5961771744623705
2026-08-05,8206,0.30890235900639335
2026-08-05,8207,0.22741852975689136
2026-08-05,8208,0.0
2026-08-05,8210,0.31824783079820235
2026-08-05,8212,0.19999884575876573
2026-08-05,8213,0.2548547340853704
2026-08-05,8215,0.31107987896897255
2026-08-05,8216,0.26972954530163035
2026-08-05,8217,0.1595854764969061
2026-08-05,8222,0.1803967760458177
2026-08-05,8225,0.16375707401293396
2026-08-05,9302,0.06912922779376192
2026-08-06,050304,0.07669718987179798
2026-08-06,07011,0.03087675650624049
2026-08-06,07013,0.07669718987179798
2026-08-06,10750,0.08302209423783044
2026-08-06,10752,0.0
2026-08-06,10755,0.0
2026-08-06,10757,0.0
2026-08-06,10762,0.07919541389550624
2026-08-06,12100,0.18831076080936499
2026-08-06,12105,0.07919054413227869
2026-08-06,12121,0.09165900573175506
2026-08-06,12125,0.08156858526823378
2026-08-06,12130,0.4727190946725163
2026-08-06,12132,0.0
2026-08-06,12134,0.3087867669448892
2026-08-06,12136,0.6397254061633888
2026-08-06,12138,0.40101860401377926
2026-08-06,1297,0.0
2026-08-06,1298,0.0
2026-08-06,1299,0.0
2026-08-06,13014,0.04862119143363145
2026-08-06,13016,0.0
2026-08-06,1302,0.0
2026-08-06,1303,0.0
2026-08-06,1306,0.07020815682368749
2026-08-06,1307,0.16675692166318662
2026-08-06,1308,0.1691671000655831
2026-08-06,1309,0.018126817481558512
2026-08-06,14210,0.0
2026-08-06,14218,0.14651112441325545
2026-08-06,15026,0.16612276942861057
2026-08-06,15030,0.18877593798478476
2026-08-06,15032,0.0
2026-08-06,15034,0.23630781871695095
2026-08-06,15041,0.06954973330222233
2026-08-06,15043,0.09580682155236717
2026-08-06,15045,0.08240551442231739
2026-08-06,17114,0.09677803317321004
2026-08-06,17115,0.0
2026-08-06,17143,0.0
2026-08-06,17222,0.40352826202799236
2026-08-06,17322,0.5186792179908968
2026-08-06,17323,0.0
2026-08-06,17400,0.5462148723372415
2026-08-06,17501,0.20698473288018557
2026-08-06,17504,0.6011967976032649
2026-08-06,17505,0.0
2026-08-06,17507,0.6168105922305245
2026-08-06,17508,0.0
2026-08-06,17521,0.07244435078725942
2026-08-06,17700,0.14573022985568884
2026-08-06,17704,0.13131199676178057
2026-08-06,17706,0.13642742853966075
2026-08-06,18100,0.0
2026-08-06,18101,0.13493187207021184
2026-08-06,18121,0.15497530419020966
2026-08-06,191070,0.07669718987179798
2026-08-06,20002,0.3019663020675945
2026-08-06,21008,0.0
2026-08-06,21010,0.025044290217859273
2026-08-06,210377,0.07669718987179798
2026-08-06,26001,0.22191267339220758
2026-08-06,26004,0.0
2026-08-06,26005,0.07280083978025427
2026-08-06,26006,0.0
2026-08-06,26007,0.0
2026-08-06,26008,0.06431492288351076
2026-08-06,26009,0.2722675699299056
2026-08-06,26010,0.0
2026-08-06,26020,0.022717061509504723
2026-08-06,26093,0.0
2026-08-06,26100,0.07238517607365794
2026-08-06,26101,0.21465414453035964
2026-08-06,26104,0.0
2026-08-06,26107,0.0
2026-08-06,26111,0.0
2026-08-06,26117,0.0
2026-08-06,26121,0.0
2026-08-06,26123,0.08506487744868432
2026-08-06,26124,0.0
2026-08-06,26127,0.0
2026-08-06,26141,0.0
2026-08-06,26142,0.0
2026-08-06,26151,0.0
2026-08-06,2621,0.08245331374905888
2026-08-06,2721,0.11247576040346868
2026-08-06,300675,0.07669718987179798
2026-08-06,3525,0.0
2026-08-06,3527,0.0
2026-08-06,4004,0.19313589072711063
2026-08-06,44016,0.03087675650624049
2026-08-06,44017,0.0
2026-08-06,44018,0.0
2026-08-06,44019,0.0
2026-08-06,44022,0.4774435963599598
2026-08-06,44031,0.0
2026-08-06,44033,0.0
2026-08-06,44052,0.03973980146655058
2026-08-06,44056,0.016685395117930026
2026-08-06,44060,0.0
2026-08-06,44068,0.07919541389550624
2026-08-06,44071,0.26235910419382663
2026-08-06,44072,0.22429525885317164
2026-08-06,4500,0.1201850029475907
2026-08-06,45002,0.0
2026-08-06,45003,0.07273790271928254
2026-08-06,45005,0.13160308154181843
2026-08-06,45006,0.17806351977253207
2026-08-06,4502,0.09725768378904594
2026-08-06,45117,0.021318946474223898
2026-08-06,45120,0.0
2026-08-06,45203,0.17492034990193933
2026-08-06,45207,0.1263210530515345
2026-08-06,45212,0.035690589201188325
2026-08-06,45215,0.0
2026-08-06,45225,0.1601129514894954
2026-08-06,4614,0.023287025090517027
2026-08-06,4616,0.5733419895509116
2026-08-06,4620,0.573031295886065
2026-08-06,4622,0.07669718987179798
2026-08-06,4700,0.09484234650877639
2026-08-06,4703,0.0
2026-08-06,4706,0.07930364649943493
2026-08-06,4708,0.0
2026-08-06,4710,0.0
2026-08-06,6153,0.12328258939112612
2026-08-06,6210,0.01714330037817244
2026-08-06,6304,0.0
2026-08-06,6307,0.0
2026-08-06,7002,0.07919541389550624
2026-08-06,7151,0.0
2026-08-06,7152,0.0
2026-08-06,7153,0.0
2026-08-06,7154,0.0
2026-08-06,7160,0.10811316065169263
2026-08-06,7161,0.0695503937264446
2026-08-06,7162,0.0982663111136143
2026-08-06,7706,0.0
2026-08-06,7707,0.0
2026-08-06,7715,0.07897271805824976
2026-08-06,7716,0.0
2026-08-06,8029,0.019702841025816015
2026-08-06,8050,0.0
2026-08-06,8118,0.09465888939902183
2026-08-06,8123,0.045816165711170836
2026-08-06,8143,0.08896005014365985
2026-08-06,8153,0.0
2026-08-06,8154,0.08264882314725695
2026-08-06,8166,0.0
2026-08-06,8168,0.0
2026-08-06,8169,0.0
2026-08-06,8170,0.0
2026-08-06,8202,0.18426616639098065
2026-08-06,8203,0.0
2026-08-06,8205,0.5042860334128966
2026-08-06,8206,0.27344879493930613
2026-08-06,8207,0.21133410675018668
2026-08-06,8208,0.0
2026-08-06,8210,0.2806795376412215
2026-08-06,8212,0.1715378275128851
2026-08-06,8213,0.2221320722910285
2026-08-06,8215,0.26583593073063033
2026-08-06,8216,0.23656871546743077
2026-08-06,8217,0.1487301261614424
2026-08-06,8222,0.1615845879124992
2026-08-06,8225,0.1552032951705381
2026-08-06,9302,0.06906551624477571
2026-08-07,050304,0.06693460950381994
2026-08-07,07011,0.03054524788753737
2026-08-07,07013,0.06693460950381994
2026-08-07,10750,0.06257348705511212
2026-08-07,10752,0.0
2026-08-07,10755,0.0
2026-08-07,10757,0.0
2026-08-07,10762,0.0691287037588576
2026-08-07,12100,0.1463505339737769
2026-08-07,12105,0.06912445300236839
2026-08-07,12121,0.08307138301401969
2026-08-07,12125,0.06868519198073084
2026-08-07,12130,0.4717481953257662
2026-08-07,12132,0.0
2026-08-07,12134,0.3092270540199167
2026-08-07,12136,0.6310969417789084
2026-08-07,12138,0.401542900462222
2026-08-07,1297,0.0
2026-08-07,1298,0.0
2026-08-07,1299,0.0
2026-08-07,13014,0.044696352290389735
2026-08-07,13016,0.0
2026-08-07,1302,0.0
2026-08-07,1303,0.0
2026-08-07,1306,0.06252111074918909
2026-08-07,1307,0.16675692166318662
2026-08-07,1308,0.15515359969846143
2026-08-07,1309,0.018305821124695157
2026-08-07,14210,0.0
2026-08-07,14218,0.11422632965421824
2026-08-07,15026,0.15265141636909982
2026-08-07,15030,0.14523741319387243
2026-08-07,15032,0.0
2026-08-07,15034,0.21960493025601077
2026-08-07,15041,0.06659453292940798
2026-08-07,15043,0.08199363452798383
2026-08-07,15045,0.06929302500603082
2026-08-07,17114,0.07951586009927408
2026-08-07,17115,0.0
2026-08-07,17143,0.0
2026-08-07,17222,0.4023209685609974
2026-08-07,17322,0.5146985799616971
2026-08-07,17323,0.0
2026-08-07,17400,0.5421736830878974
2026-08-07,17501,0.1896432308591048
2026-08-07,17504,0.6019094651515571
2026-08-07,17505,0.0
2026-08-07,17507,0.6246695922188422
2026-08-07,17508,0.0
2026-08-07,17521,0.06802024475302988
2026-08-07,17700,0.10900656648073943
2026-08-07,17704,0.10181854657149103
2026-08-07,17706,0.13120670617055738
2026-08-07,18100,0.0
2026-08-07,18101,0.1063120295637475
2026-08-07,18121,0.11796724495103056
2026-08-07,191070,0.06693460950381994
2026-08-07,20002,0.3065120470540647
2026-08-07,21008,0.0
2026-08-07,21010,0.025031190311748587
2026-08-07,210377,0.06693460950381994
2026-08-07,26001,0.19406457174570554
2026-08-07,26004,0.0
2026-08-07,26005,0.07508067973733996
2026-08-07,26006,0.0
2026-08-07,26007,0.0
2026-08-07,26008,0.06609518980756171
2026-08-07,26009,0.21369522563801877
2026-08-07,26010,0.0
2026-08-07,26020,0.022705178905913396
2026-08-07,26093,0.0
2026-08-07,26100,0.07356371792295127
2026-08-07,26101,0.19184107926578267
2026-08-07,26104,0.0
2026-08-07,26107,0.0
2026-08-07,26111,0.0
2026-08-07,26117,0.0
2026-08-07,26121,0.0
2026-08-07,26123,0.08635885745523944
2026-08-07,26124,0.0
2026-08-07,26127,0.0
2026-08-07,26141,0.0
2026-08-07,26142,0.0
2026-08-07,26151,0.0
2026-08-07,2621,0.07112416301223039
2026-08-07,2721,0.09489480132834809
2026-08-07,300675,0.06693460950381994
2026-08-07,3525,0.0
2026-08-07,3527,0.0
2026-08-07,4004,0.15736207502551575
2026-08-07,44016,0.03054524788753737
2026-08-07,44017,0.0
2026-08-07,44018,0.0
2026-08-07,44019,0.0
2026-08-07,44022,0.47805265462071606
2026-08-07,44031,0.0
2026-08-07,44033,0.0
2026-08-07,44052,0.0390405031773874
2026-08-07,44056,0.016515084415822792
2026-08-07,44060,0.0
2026-08-07,44068,0.0691287037588576
2026-08-07,44071,0.23740610429097728
2026-08-07,44072,0.18148945212254472
2026-08-07,4500,0.09676657671009041
2026-08-07,45002,0.0
2026-08-07,45003,0.06478001511799325
2026-08-07,45005,0.11398235756500769
2026-08-07,45006,0.1535462015303909
2026-08-07,4502,0.08033051208718951
2026-08-07,45117,0.021101326351052174
2026-08-07,45120,0.0
2026-08-07,45203,0.14251888754551248
2026-08-07,45207,0.10630019323422832
2026-08-07,45212,0.03845073891183765
2026-08-07,45215,0.0
2026-08-07,45225,0.13576934346138195
2026-08-07,4614,0.023314839021152705
2026-08-07,4616,0.6151957203550908
2026-08-07,4620,0.6324949843110959
2026-08-07,4622,0.06693460950381994
2026-08-07,4700,0.08467943539488047
2026-08-07,4703,0.0
2026-08-07,4706,0.07147746627013395
2026-08-07,4708,0.0
2026-08-07,4710,0.0
2026-08-07,6153,0.11188036277156997
2026-08-07,6210,0.017134333239418355
2026-08-07,6304,0.0
2026-08-07,6307,0.0
2026-08-07,7002,0.0691287037588576
2026-08-07,7151,0.0
2026-08-07,7152,0.0
2026-08-07,7153,0.0
2026-08-07,7154,0.0
2026-08-07,7160,0.08580232863807336
2026-08-07,7161,0.06084242068196858
2026-08-07,7162,0.08254927051650503
2026-08-07,7706,0.0
2026-08-07,7707,0.0
2026-08-07,7715,0.07235741208832483
2026-08-07,7716,0.0
2026-08-07,8029,0.0195024043590356
2026-08-07,8050,0.0
2026-08-07,8118,0.08190081973337708
2026-08-07,8123,0.04462301673215818
2026-08-07,8143,0.08095994374876869
2026-08-07,8153,0.0
2026-08-07,8154,0.07479668130829459
2026-08-07,8166,0.0
2026-08-07,8168,0.0
2026-08-07,8169,0.0
2026-08-07,8170,0.0
2026-08-07,8202,0.1651816367126973
2026-08-07,8203,0.0
2026-08-07,8205,0.5004542188735744
2026-08-07,8206,0.25705491974857586
2026-08-07,8207,0.16437827853362705
2026-08-07,8208,0.0
2026-08-07,8210,0.2730691950559983
2026-08-07,8212,0.14184477462227188
2026-08-07,8213,0.20446220705649767
2026-08-07,8215,0.2497336586578514
2026-08-07,8216,0.21635245975803463
2026-08-07,8217,0.112676044560553
2026-08-07,8222,0.1446498855192392
2026-08-07,8225,0.12048967222574354
2026-08-07,9302,0.06035997010484535
2026-08-08,050304,0.015947163047195376
2026-08-08,07011,0.015349883528681869
2026-08-08,07013,0.015947163047195376
2026-08-08,10750,0.010064046478269454
2026-08-08,10752,0.0
2026-08-08,10755,0.0
2026-08-08,10757,0.0
2026-08-08,10762,0.015933476499422665
2026-08-08,12100,0.02327397223676081
2026-08-08,12105,0.015932496742462925
2026-08-08,12121,0.01552897337248893
2026-08-08,12125,0.01055076858703122
2026-08-08,12130,0.03743815448845315
2026-08-08,12132,0.0
2026-08-08,12134,0.03456523167458464
2026-08-08,12136,0.03823297372010915
2026-08-08,12138,0.014906966388851434
2026-08-08,1297,0.0
2026-08-08,1298,0.0
2026-08-08,1299,0.0
2026-08-08,13014,0.010177665231644716
2026-08-08,13016,0.0
2026-08-08,1302,0.0
2026-08-08,1303,0.0
2026-08-08,1306,0.012823664382857704
2026-08-08,1307,0.01024507590621574
2026-08-08,1308,0.01024507590621574
2026-08-08,1309,0.018129483309440773
2026-08-08,14210,0.0
2026-08-08,14218,0.011345408218356012
2026-08-08,15026,0.011289319346948
2026-08-08,15030,0.014194482293917265
2026-08-08,15032,0.0
2026-08-08,15034,0.024332649126885614
2026-08-08,15041,0.01195794986622014
2026-08-08,15043,0.01195794986622014
2026-08-08,15045,0.011968229264062272
2026-08-08,17114,0.011976072891338686
2026-08-08,17115,0.0
2026-08-08,17143,0.0
2026-08-08,17222,0.044422365619480375
2026-08-08,17322,0.04230874707898403
2026-08-08,17323,0.0
2026-08-08,17400,0.04144292633511536
2026-08-08,17501,0.015245016856094834
2026-08-08,17504,0.045134842392206505
2026-08-08,17505,0.0
2026-08-08,17507,0.04609347520286629
2026-08-08,17508,0.0
2026-08-08,17521,0.01696938724492564
2026-08-08,17700,0.019801236886115306
2026-08-08,17704,0.016515349688725634
2026-08-08,17706,0.010357913890654968
2026-08-08,18100,0.0
2026-08-08,18101,0.015718570686077838
2026-08-08,18121,0.01350041987206323
2026-08-08,191070,0.015947163047195376
2026-08-08,20002,0.022216182555522147
2026-08-08,21008,0.0
2026-08-08,21010,0.015251579619165631
2026-08-08,210377,0.015947163047195376
2026-08-08,26001,0.02657067520843312
2026-08-08,26004,0.0
2026-08-08,26005,0.026854666107947584
2026-08-08,26006,0.0
2026-08-08,26007,0.0
2026-08-08,26008,0.02416195717333368
2026-08-08,26009,0.026560335048740502
2026-08-08,26010,0.0
2026-08-08,26020,0.014247163801374911
2026-08-08,26093,0.0
2026-08-08,26100,0.024139529829341283
2026-08-08,26101,0.0264363917551518
2026-08-08,26104,0.0
2026-08-08,26107,0.0
2026-08-08,26111,0.0
2026-08-08,26117,0.0
2026-08-08,26121,0.0
2026-08-08,26123,0.026070622850171758
2026-08-08,26124,0.0
2026-08-08,26127,0.0
2026-08-08,26141,0.0
2026-08-08,26142,0.0
2026-08-08,26151,0.0
2026-08-08,2621,0.015436863085447953
2026-08-08,2721,0.019338402307188002
2026-08-08,300675,0.015947163047195376
2026-08-08,3525,0.0
2026-08-08,3527,0.0
2026-08-08,4004,0.025160106402752423
2026-08-08,44016,0.015349883528681869
2026-08-08,44017,0.0
2026-08-08,44018,0.0
2026-08-08,44019,0.0
2026-08-08,44022,0.04352412946696704
2026-08-08,44031,0.0
2026-08-08,44033,0.0
2026-08-08,44052,0.009815405384481142
2026-08-08,44056,0.011517870931832217
2026-08-08,44060,0.0
2026-08-08,44068,0.015933476499422665
2026-08-08,44071,0.02429518489821975
2026-08-08,44072,0.01725371064775783
2026-08-08,4500,0.02409089751240205
2026-08-08,45002,0.0
2026-08-08,45003,0.013684859527923076
2026-08-08,45005,0.015600901323565093
2026-08-08,45006,0.021815024775061316
2026-08-08,4502,0.014758534506807724
2026-08-08,45117,0.009748011406336712
2026-08-08,45120,0.0
2026-08-08,45203,0.015102126230534925
2026-08-08,45207,0.021896957602873024
2026-08-08,45212,0.016074858793534156
2026-08-08,45215,0.0
2026-08-08,45225,0.024753728011203863
2026-08-08,4614,0.01092764646367829
2026-08-08,4616,0.0505716596262585
2026-08-08,4620,0.06705611847920634
2026-08-08,4622,0.015947163047195376
2026-08-08,4700,0.013108375124022595
2026-08-08,4703,0.0
2026-08-08,4706,0.01161090051071918
2026-08-08,4708,0.0
2026-08-08,4710,0.0
2026-08-08,6153,0.01665503720170068
2026-08-08,6210,0.015117962121536516
2026-08-08,6304,0.0
2026-08-08,6307,0.0
2026-08-08,7002,0.015933476499422665
2026-08-08,7151,0.0
2026-08-08,7152,0.0
2026-08-08,7153,0.0
2026-08-08,7154,0.0
2026-08-08,7160,0.010112860412119451
2026-08-08,7161,0.010811056188811148
2026-08-08,7162,0.010112860412119451
2026-08-08,7706,0.0
2026-08-08,7707,0.0
2026-08-08,7715,0.013817034284206234
2026-08-08,7716,0.0
2026-08-08,8029,0.011546237693384951
2026-08-08,8050,0.0
2026-08-08,8118,0.012933266662285363
2026-08-08,8123,0.013728245504592899
2026-08-08,8143,0.013511970437809441
2026-08-08,8153,0.0
2026-08-08,8154,0.013475589575337385
2026-08-08,8166,0.0
2026-08-08,8168,0.0
2026-08-08,8169,0.0
2026-08-08,8170,0.0
2026-08-08,8202,0.011765944137739539
2026-08-08,8203,0.0
2026-08-08,8205,0.02399517314708883
2026-08-08,8206,0.017361150332664256
2026-08-08,8207,0.01753482642743772
2026-08-08,8208,0.0
2026-08-08,8210,0.020150389020226683
2026-08-08,8212,0.021455574905956672
2026-08-08,8213,0.01670685543637211
2026-08-08,8215,0.029960506958571786
2026-08-08,8216,0.017744346975425998
2026-08-08,8217,0.014711875225221504
2026-08-08,8222,0.019376428739824352
2026-08-08,8225,0.014281739536206135
2026-08-08,9302,0.012366433318960273
2026-08-09,050304,0.015746535453730757
2026-08-09,07011,0.015182298195207639
2026-08-09,07013,0.015746535453730757
2026-08-09,10750,0.010064046478269454
2026-08-09,10752,0.0
2026-08-09,10755,0.0
2026-08-09,10757,0.0
2026-08-09,10762,0.015733021093270256
2026-08-09,12100,0.02306286757797905
2026-08-09,12105,0.015732053662407666
2026-08-09,12121,0.015344640847935697
2026-08-09,12125,0.010595572673981826
2026-08-09,12130,0.03908038476725637
2026-08-09,12132,0.0
2026-08-09,12134,0.03600555345114601
2026-08-09,12136,0.03938192077307177
2026-08-09,12138,0.014949910379761719
2026-08-09,1297,0.0
2026-08-09,1298,0.0
2026-08-09,1299,0.0
2026-08-09,13014,0.010177665231644716
2026-08-09,13016,0.0
2026-08-09,1302,0.0
2026-08-09,1303,0.0
2026-08-09,1306,0.012662332808275029
2026-08-09,1307,0.01024507590621574
2026-08-09,1308,0.01024507590621574
2026-08-09,1309,0.01855985180210175
2026-08-09,14210,0.0
2026-08-09,14218,0.011355932911450053
2026-08-09,15026,0.011250074019071538
2026-08-09,15030,0.01423537376054471
2026-08-09,15032,0.0
2026-08-09,15034,0.025296491280526627
2026-08-09,15041,0.011807509647020634
2026-08-09,15043,0.011807509647020634
2026-08-09,15045,0.011817659722120831
2026-08-09,17114,0.011976072891338686
2026-08-09,17115,0.0
2026-08-09,17143,0.0
2026-08-09,17222,0.04607939440698558
2026-08-09,17322,0.043449487749393355
2026-08-09,17323,0.0
2026-08-09,17400,0.04325683243557953
2026-08-09,17501,0.015332257628449692
2026-08-09,17504,0.04660135159812442
2026-08-09,17505,0.0
2026-08-09,17507,0.047812839182298596
2026-08-09,17508,0.0
2026-08-09,17521,0.016767956672797794
2026-08-09,17700,0.02052588186178795
2026-08-09,17704,0.017121686869405517
2026-08-09,17706,0.01029720097768005
2026-08-09,18100,0.0
2026-08-09,18101,0.016296095656160595
2026-08-09,18121,0.013546206275522098
2026-08-09,191070,0.015746535453730757
2026-08-09,20002,0.02207705355569294
2026-08-09,21008,0.0
2026-08-09,21010,0.015059703000956388
2026-08-09,210377,0.015746535453730757
2026-08-09,26001,0.026293223030368233
2026-08-09,26004,0.0
2026-08-09,26005,0.025665658861767793
2026-08-09,26006,0.0
2026-08-09,26007,0.0
2026-08-09,26008,0.023345490995685735
2026-08-09,26009,0.026282990843085274
2026-08-09,26010,0.0
2026-08-09,26020,0.014067923507743576
2026-08-09,26093,0.0
2026-08-09,26100,0.02338754206248976
2026-08-09,26101,0.02581882272234844
2026-08-09,26104,0.0
2026-08-09,26107,0.0
2026-08-09,26111,0.0
2026-08-09,26117,0.0
2026-08-09,26121,0.0
2026-08-09,26123,0.025007041662319915
2026-08-09,26124,0.0
2026-08-09,26127,0.0
2026-08-09,26141,0.0
2026-08-09,26142,0.0
2026-08-09,26151,0.0
2026-08-09,2621,0.01601967635505241
2026-08-09,2721,0.02010734268574147
2026-08-09,300675,0.015746535453730757
2026-08-09,3525,0.0
2026-08-09,3527,0.0
2026-08-09,4004,0.024854787665732025
2026-08-09,44016,0.015182298195207639
2026-08-09,44017,0.0
2026-08-09,44018,0.0
2026-08-09,44019,0.0
2026-08-09,44022,0.045222250111702465
2026-08-09,44031,0.0
2026-08-09,44033,0.0
2026-08-09,44052,0.009815405384481142
2026-08-09,44056,0.011356883869192954
2026-08-09,44060,0.0
2026-08-09,44068,0.015733021093270256
2026-08-09,44071,0.024204442747634915
2026-08-09,44072,0.017426252009378265
2026-08-09,4500,0.02464283513586422
2026-08-09,45002,0.0
2026-08-09,45003,0.013731271454778775
2026-08-09,45005,0.015467266748806422
2026-08-09,45006,0.021428958290792322
2026-08-09,4502,0.015301288610869561
2026-08-09,45117,0.009748011406336712
2026-08-09,45120,0.0
2026-08-09,45203,0.014939909963960387
2026-08-09,45207,0.021774073711757096
2026-08-09,45212,0.015872624689230723
2026-08-09,45215,0.0
2026-08-09,45225,0.025346349286739286
2026-08-09,4614,0.011000432699241978
2026-08-09,4616,0.050077185405380885
2026-08-09,4620,0.06638802491160818
2026-08-09,4622,0.015746535453730757
2026-08-09,4700,0.013149613383292654
2026-08-09,4703,0.0
2026-08-09,4706,0.011612506140473258
2026-08-09,4708,0.0
2026-08-09,4710,0.0
2026-08-09,6153,0.016457338037675042
2026-08-09,6210,0.014927766514358187
2026-08-09,6304,0.0
2026-08-09,6307,0.0
2026-08-09,7002,0.015733021093270256
2026-08-09,7151,0.0
2026-08-09,7152,0.0
2026-08-09,7153,0.0
2026-08-09,7154,0.0
2026-08-09,7160,0.010112860412119451
2026-08-09,7161,0.01082536269290104
2026-08-09,7162,0.010112860412119451
2026-08-09,7706,0.0
2026-08-09,7707,0.0
2026-08-09,7715,0.013675581796681395
2026-08-09,7716,0.0
2026-08-09,8029,0.011166236851752921
2026-08-09,8050,0.0
2026-08-09,8118,0.012768175309555185
2026-08-09,8123,0.01362049718410544
2026-08-09,8143,0.013583227685812079
2026-08-09,8153,0.0
2026-08-09,8154,0.01352129176734249
2026-08-09,8166,0.0
2026-08-09,8168,0.0
2026-08-09,8169,0.0
2026-08-09,8170,0.0
2026-08-09,8202,0.011861147218087648
2026-08-09,8203,0.0
2026-08-09,8205,0.0240169174788157
2026-08-09,8206,0.017309694143237252
2026-08-09,8207,0.017660137020631336
2026-08-09,8208,0.0
2026-08-09,8210,0.020168649223668247
2026-08-09,8212,0.02237127397124665
2026-08-09,8213,0.016873928111012224
2026-08-09,8215,0.03107666715699613
2026-08-09,8216,0.017592352022490196
2026-08-09,8217,0.014619742002937171
2026-08-09,8222,0.020085820229580425
2026-08-09,8225,0.014102064253200767
2026-08-09,9302,0.012366433318960273
2026-08-10,050304,0.06423290769196578
2026-08-10,07011,0.025749276996101817
2026-08-10,07013,0.06423290769196578
2026-08-10,10750,0.07788056578544089
2026-08-10,10752,0.0
2026-08-10,10755,0.0
2026-08-10,10757,0.0
2026-08-10,10762,0.06634101772056773
2026-08-10,12100,0.19352938559550475
2026-08-10,12105,0.0663369383802034
2026-08-10,12121,0.07535699062844853
2026-08-10,12125,0.06904456146999732
2026-08-10,12130,0.5343477175228157
2026-08-10,12132,0.0
2026-08-10,12134,0.32354781603878935
2026-08-10,12136,0.7234155740874523
2026-08-10,12138,0.4722499621697063
2026-08-10,1297,0.0
2026-08-10,1298,0.0
2026-08-10,1299,0.0
2026-08-10,13014,0.048154750395233606
2026-08-10,13016,0.0
2026-08-10,1302,0.0
2026-08-10,1303,0.0
2026-08-10,1306,0.05877989364625046
2026-08-10,1307,0.155943266744505
2026-08-10,1308,0.16150263743203278
2026-08-10,1309,0.018075351709727884
2026-08-10,14210,0.0
2026-08-10,14218,0.13898782077225075
2026-08-10,15026,0.1704801453603801
2026-08-10,15030,0.1835937196660137
2026-08-10,15032,0.0
2026-08-10,15034,0.2439848288495126
2026-08-10,15041,0.064293688699663
2026-08-10,15043,0.08629976255586845
2026-08-10,15045,0.07945142049161426
2026-08-10,17114,0.10645599094727505
2026-08-10,17115,0.0
2026-08-10,17143,0.0
2026-08-10,17222,0.4645226969450327
2026-08-10,17322,0.5962730818532997
2026-08-10,17323,0.0
2026-08-10,17400,0.6304119256018047
2026-08-10,17501,0.23151772282845742
2026-08-10,17504,0.6484506971987688
2026-08-10,17505,0.0
2026-08-10,17507,0.6948010718827696
2026-08-10,17508,0.0
2026-08-10,17521,0.06712529891168195
2026-08-10,17700,0.14303642764109384
2026-08-10,17704,0.1209173889796981
2026-08-10,17706,0.13732023665792178
2026-08-10,18100,0.0
2026-08-10,18101,0.13210137558077611
2026-08-10,18121,0.14553257448927157
2026-08-10,191070,0.06423290769196578
2026-08-10,20002,0.31136750771063526
2026-08-10,21008,0.0
2026-08-10,21010,0.023100524060794686
2026-08-10,210377,0.06423290769196578
2026-08-10,26001,0.256724287848097
2026-08-10,26004,0.0
2026-08-10,26005,0.08453425823852086
2026-08-10,26006,0.0
2026-08-10,26007,0.0
2026-08-10,26008,0.07099546804329078
2026-08-10,26009,0.282640272053685
2026-08-10,26010,0.0
2026-08-10,26020,0.023150220591712588
2026-08-10,26093,0.0
2026-08-10,26100,0.07846831525455504
2026-08-10,26101,0.20818778570384552
2026-08-10,26104,0.0
2026-08-10,26107,0.0
2026-08-10,26111,0.0
2026-08-10,26117,0.0
2026-08-10,26121,0.0
2026-08-10,26123,0.08662881778691207
2026-08-10,26124,0.0
2026-08-10,26127,0.0
2026-08-10,26141,0.0
2026-08-10,26142,0.0
2026-08-10,26151,0.0
2026-08-10,2621,0.08674200581886833
2026-08-10,2721,0.10215751891605018
2026-08-10,300675,0.06423290769196578
2026-08-10,3525,0.0
2026-08-10,3527,0.0
2026-08-10,4004,0.18475410506112072
2026-08-10,44016,0.025749276996101817
2026-08-10,44017,0.0
2026-08-10,44018,0.0
2026-08-10,44019,0.0
2026-08-10,44022,0.523499981183282
2026-08-10,44031,0.0
2026-08-10,44033,0.0
2026-08-10,44052,0.04123220923572338
2026-08-10,44056,0.0166447020236287
2026-08-10,44060,0.0
2026-08-10,44068,0.06634101772056773
2026-08-10,44071,0.266654663587144
2026-08-10,44072,0.22646843989814022
2026-08-10,4500,0.10709083415914036
2026-08-10,45002,0.0
2026-08-10,45003,0.06401978675333281
2026-08-10,45005,0.10949445393795043
2026-08-10,45006,0.16244739459910928
2026-08-10,4502,0.1034352448677859
2026-08-10,45117,0.017976152020214405
2026-08-10,45120,0.0
2026-08-10,45203,0.15501486240332407
2026-08-10,45207,0.12528929427277188
2026-08-10,45212,0.039365581348376706
2026-08-10,45215,0.0
2026-08-10,45225,0.135072095646179
2026-08-10,4614,0.022250703574191084
2026-08-10,4616,0.7136999899072272
2026-08-10,4620,0.7401605807724294
2026-08-10,4622,0.06423290769196578
2026-08-10,4700,0.09158702414201872
2026-08-10,4703,0.0
2026-08-10,4706,0.07154291297875799
2026-08-10,4708,0.0
2026-08-10,4710,0.0
2026-08-10,6153,0.1042645393086091
2026-08-10,6210,0.016918612801059222
2026-08-10,6304,0.0
2026-08-10,6307,0.0
2026-08-10,7002,0.06634101772056773
2026-08-10,7151,0.0
2026-08-10,7152,0.0
2026-08-10,7153,0.0
2026-08-10,7154,0.0
2026-08-10,7160,0.10706830188463203
2026-08-10,7161,0.06910041078121062
2026-08-10,7162,0.09082310394647544
2026-08-10,7706,0.0
2026-08-10,7707,0.0
2026-08-10,7715,0.06513133115689446
2026-08-10,7716,0.0
2026-08-10,8029,0.019325449527690868
2026-08-10,8050,0.0
2026-08-10,8118,0.08128383711902265
2026-08-10,8123,0.039320352272736156
2026-08-10,8143,0.07882202460452986
2026-08-10,8153,0.0
2026-08-10,8154,0.06979000918505976
2026-08-10,8166,0.0
2026-08-10,8168,0.0
2026-08-10,8169,0.0
2026-08-10,8170,0.0
2026-08-10,8202,0.2100454178020188
2026-08-10,8203,0.0
2026-08-10,8205,0.5678079218933518
2026-08-10,8206,0.2860585246103563
2026-08-10,8207,0.21320121154556343
2026-08-10,8208,0.0
2026-08-10,8210,0.29718703140275465
2026-08-10,8212,0.19177432432767694
2026-08-10,8213,0.261889750423454
2026-08-10,8215,0.29948874925781843
2026-08-10,8216,0.26593691755353416
2026-08-10,8217,0.15906067153303494
2026-08-10,8222,0.16439069066831502
2026-08-10,8225,0.1415649934517586
2026-08-10,9302,0.060910885116905976
2026-08-11,050304,0.06415148761723798
2026-08-11,07011,0.025708635861796333
2026-08-11,07013,0.06415148761723798
2026-08-11,10750,0.07692436174688091
2026-08-11,10752,0.0
2026-08-11,10755,0.0
2026-08-11,10757,0.0
2026-08-11,10762,0.06625805518532524
2026-08-11,12100,0.19329094061672797
2026-08-11,12105,0.0662539809463662
2026-08-11,12121,0.07521408056695734
2026-08-11,12125,0.06755020247638265
2026-08-11,12130,0.5005427122559188
2026-08-11,12132,0.0
2026-08-11,12134,0.3170060099122834
2026-08-11,12136,0.6795707772459323
2026-08-11,12138,0.4422289011947949
2026-08-11,1297,0.0
2026-08-11,1298,0.0
2026-08-11,1299,0.0
2026-08-11,13014,0.04754623598787333
2026-08-11,13016,0.0
2026-08-11,1302,0.0
2026-08-11,1303,0.0
2026-08-11,1306,0.05870918050316103
2026-08-11,1307,0.15445495208086849
2026-08-11,1308,0.15774042299890512
2026-08-11,1309,0.018284742203154732
2026-08-11,14210,0.0
2026-08-11,14218,0.13926578909103943
2026-08-11,15026,0.1627096819567607
2026-08-11,15030,0.18008086639059662
2026-08-11,15032,0.0
2026-08-11,15034,0.24059234409780866
2026-08-11,15041,0.06421986159916485
2026-08-11,15043,0.08755682683567548
2026-08-11,15045,0.07843157865390983
2026-08-11,17114,0.10264839194519276
2026-08-11,17115,0.0
2026-08-11,17143,0.0
2026-08-11,17222,0.45424195613367246
2026-08-11,17322,0.5609310725570242
2026-08-11,17323,0.0
2026-08-11,17400,0.5881545776962906
2026-08-11,17501,0.20978799338347534
2026-08-11,17504,0.6455466526892876
2026-08-11,17505,0.0
2026-08-11,17507,0.665970615972904
2026-08-11,17508,0.0
2026-08-11,17521,0.06699023577719536
2026-08-11,17700,0.13810677757850842
2026-08-11,17704,0.11972007245468111
2026-08-11,17706,0.13653169367495996
2026-08-11,18100,0.0
2026-08-11,18101,0.1274969522147823
2026-08-11,18121,0.14236232466188178
2026-08-11,191070,0.06415148761723798
2026-08-11,20002,0.29339319819823845
2026-08-11,21008,0.0
2026-08-11,21010,0.023368127712949646
2026-08-11,210377,0.06415148761723798
2026-08-11,26001,0.22900703124573063
2026-08-11,26004,0.0
2026-08-11,26005,0.0751823330472829
2026-08-11,26006,0.0
2026-08-11,26007,0.0
2026-08-11,26008,0.06619156842019368
2026-08-11,26009,0.25726416788269874
2026-08-11,26010,0.0
2026-08-11,26020,0.023418399943931235
2026-08-11,26093,0.0
2026-08-11,26100,0.07349476082727611
2026-08-11,26101,0.19290879001226582
2026-08-11,26104,0.0
2026-08-11,26107,0.0
2026-08-11,26111,0.0
2026-08-11,26117,0.0
2026-08-11,26121,0.0
2026-08-11,26123,0.07910408494814185
2026-08-11,26124,0.0
2026-08-11,26127,0.0
2026-08-11,26141,0.0
2026-08-11,26142,0.0
2026-08-11,26151,0.0
2026-08-11,2621,0.08458910592613902
2026-08-11,2721,0.09902060780393254
2026-08-11,300675,0.06415148761723798
2026-08-11,3525,0.0
2026-08-11,3527,0.0
2026-08-11,4004,0.17479525121989645
2026-08-11,44016,0.025708635861796333
2026-08-11,44017,0.0
2026-08-11,44018,0.0
2026-08-11,44019,0.0
2026-08-11,44022,0.5187958947964079
2026-08-11,44031,0.0
2026-08-11,44033,0.0
2026-08-11,44052,0.04070765961764122
2026-08-11,44056,0.016906876433889436
2026-08-11,44060,0.0
2026-08-11,44068,0.06625805518532524
2026-08-11,44071,0.26407884427686557
2026-08-11,44072,0.2069024056959297
2026-08-11,4500,0.10703294806947015
2026-08-11,45002,0.0
2026-08-11,45003,0.06364664074873592
2026-08-11,45005,0.10862293548533558
2026-08-11,45006,0.15690241974194497
2026-08-11,4502,0.09972492978389341
2026-08-11,45117,0.01792647730682156
2026-08-11,45120,0.0
2026-08-11,45203,0.15490299558898804
2026-08-11,45207,0.12313767936110934
2026-08-11,45212,0.03930790116503628
2026-08-11,45215,0.0
2026-08-11,45225,0.13348110230137822
2026-08-11,4614,0.021773158571431573
2026-08-11,4616,0.6875622802906822
2026-08-11,4620,0.6937989333555213
2026-08-11,4622,0.06415148761723798
2026-08-11,4700,0.08943365596958949
2026-08-11,4703,0.0
2026-08-11,4706,0.071148489674098
2026-08-11,4708,0.0
2026-08-11,4710,0.0
2026-08-11,6153,0.10408445577734458
2026-08-11,6210,0.01711460327136387
2026-08-11,6304,0.0
2026-08-11,6307,0.0
2026-08-11,7002,0.06625805518532524
2026-08-11,7151,0.0
2026-08-11,7152,0.0
2026-08-11,7153,0.0
2026-08-11,7154,0.0
2026-08-11,7160,0.1044303051180434
2026-08-11,7161,0.06744129108739703
2026-08-11,7162,0.08854901633502846
2026-08-11,7706,0.0
2026-08-11,7707,0.0
2026-08-11,7715,0.0658635382189042
2026-08-11,7716,0.0
2026-08-11,8029,0.019564178586595395
2026-08-11,8050,0.0
2026-08-11,8118,0.08112133797222007
2026-08-11,8123,0.03908191441972246
2026-08-11,8143,0.07565522048900998
2026-08-11,8153,0.0
2026-08-11,8154,0.06908470207287914
2026-08-11,8166,0.0
2026-08-11,8168,0.0
2026-08-11,8169,0.0
2026-08-11,8170,0.0
2026-08-11,8202,0.20352645608987763
2026-08-11,8203,0.0
2026-08-11,8205,0.567373342448371
2026-08-11,8206,0.2846205295795004
2026-08-11,8207,0.19903017341083803
2026-08-11,8208,0.0
2026-08-11,8210,0.2935351903206706
2026-08-11,8212,0.1763244422165925
2026-08-11,8213,0.24196489112760236
2026-08-11,8215,0.2819035803708175
2026-08-11,8216,0.26241676327874663
2026-08-11,8217,0.15583537622787116
2026-08-11,8222,0.16057340457103972
2026-08-11,8225,0.14110716273288543
2026-08-11,9302,0.05975950480183532
2026-08-12,050304,0.07663993837088275
2026-08-12,07011,0.03114164582069867
2026-08-12,07013,0.07913618132203899
2026-08-12,10750,0.08861841032517195
2026-08-12,10752,0.0
2026-08-12,10755,0.0
2026-08-12,10757,0.0
2026-08-12,10762,0.07913618132203899
2026-08-12,12100,0.2141015199295171
2026-08-12,12105,0.07913131520105023
2026-08-12,12121,0.09158978061028052
2026-08-12,12125,0.08162048111794398
2026-08-12,12130,0.5422919353144027
2026-08-12,12132,0.0
2026-08-12,12134,0.33703451333162854
2026-08-12,12136,0.7211911738778375
2026-08-12,12138,0.4715956556008886
2026-08-12,1297,0.0
2026-08-12,1298,0.0
2026-08-12,1299,0.0
2026-08-12,13014,0.049580948859889666
2026-08-12,13016,0.0
2026-08-12,1302,0.0
2026-08-12,1303,0.0
2026-08-12,1306,0.07015535438132914
2026-08-12,1307,0.1756081110294538
2026-08-12,1308,0.17600801729704108
2026-08-12,1309,0.018284742203154732
2026-08-12,14210,0.0
2026-08-12,14218,0.15559311722868302
2026-08-12,15026,0.1752784461450666
2026-08-12,15030,0.21099732942377036
2026-08-12,15032,0.0
2026-08-12,15034,0.26711706298382165
2026-08-12,15041,0.06949745910912226
2026-08-12,15043,0.09573299624676845
2026-08-12,15045,0.08512705512612984
2026-08-12,17114,0.10320662005870349
2026-08-12,17115,0.0
2026-08-12,17143,0.0
2026-08-12,17222,0.4926593154745713
2026-08-12,17322,0.5971485300359926
2026-08-12,17323,0.0
2026-08-12,17400,0.624439654782575
2026-08-12,17501,0.23039737897580354
2026-08-12,17504,0.6902732529564879
2026-08-12,17505,0.0
2026-08-12,17507,0.7166911242251988
2026-08-12,17508,0.0
2026-08-12,17521,0.07239073580135849
2026-08-12,17700,0.16194182700594711
2026-08-12,17704,0.14085952495496845
2026-08-12,17706,0.1473947349596664
2026-08-12,18100,0.0
2026-08-12,18101,0.1474663197040708
2026-08-12,18121,0.16636263742642418
2026-08-12,191070,0.07663993837088275
2026-08-12,20002,0.3315581530925079
2026-08-12,21008,0.0
2026-08-12,21010,0.025002367212634338
2026-08-12,210377,0.07663993837088275
2026-08-12,26001,0.24065545179394723
2026-08-12,26004,0.0
2026-08-12,26005,0.07636280081565876
2026-08-12,26006,0.0
2026-08-12,26007,0.0
2026-08-12,26008,0.06730119868634485
2026-08-12,26009,0.3032292589971236
2026-08-12,26010,0.0
2026-08-12,26020,0.022679034179519587
2026-08-12,26093,0.0
2026-08-12,26100,0.07416657347255674
2026-08-12,26101,0.22821202158721512
2026-08-12,26104,0.0
2026-08-12,26107,0.0
2026-08-12,26111,0.0
2026-08-12,26117,0.0
2026-08-12,26121,0.0
2026-08-12,26123,0.08878274432635548
2026-08-12,26124,0.0
2026-08-12,26127,0.0
2026-08-12,26141,0.0
2026-08-12,26142,0.0
2026-08-12,26151,0.0
2026-08-12,2621,0.08668827990447511
2026-08-12,2721,0.11461583427645404
2026-08-12,300675,0.07663993837088275
2026-08-12,3525,0.0
2026-08-12,3527,0.0
2026-08-12,4004,0.20892987489078607
2026-08-12,44016,0.03114164582069867
2026-08-12,44017,0.0
2026-08-12,44018,0.0
2026-08-12,44019,0.0
2026-08-12,44022,0.5714408953154605
2026-08-12,44031,0.0
2026-08-12,44033,0.0
2026-08-12,44052,0.0396607163842101
2026-08-12,44056,0.016686512069074427
2026-08-12,44060,0.0
2026-08-12,44068,0.07913618132203899
2026-08-12,44071,0.29958540264034245
2026-08-12,44072,0.23832987461705488
2026-08-12,4500,0.12239236560968826
2026-08-12,45002,0.0
2026-08-12,45003,0.07512007621367327
2026-08-12,45005,0.13150055285611062
2026-08-12,45006,0.19067246173576644
2026-08-12,4502,0.10215396499877771
2026-08-12,45117,0.021539318845400626
2026-08-12,45120,0.0
2026-08-12,45203,0.1861354855934218
2026-08-12,45207,0.12621531687108337
2026-08-12,45212,0.038800939985592864
2026-08-12,45215,0.0
2026-08-12,45225,0.15998680515744734
2026-08-12,4614,0.023287025090517027
2026-08-12,4616,0.696763662861824
2026-08-12,4620,0.6930389514581491
2026-08-12,4622,0.07663993837088275
2026-08-12,4700,0.09492824375074281
2026-08-12,4703,0.0
2026-08-12,4706,0.0861831098380431
2026-08-12,4708,0.0
2026-08-12,4710,0.0
2026-08-12,6153,0.12318786931225381
2026-08-12,6210,0.01711460327136387
2026-08-12,6304,0.0
2026-08-12,6307,0.0
2026-08-12,7002,0.07913618132203899
2026-08-12,7151,0.0
2026-08-12,7152,0.0
2026-08-12,7153,0.0
2026-08-12,7154,0.0
2026-08-12,7160,0.11617939415567165
2026-08-12,7161,0.06961406111170279
2026-08-12,7162,0.10478243884770468
2026-08-12,7706,0.0
2026-08-12,7707,0.0
2026-08-12,7715,0.07888706246412074
2026-08-12,7716,0.0
2026-08-12,8029,0.019309950164719456
2026-08-12,8050,0.0
2026-08-12,8118,0.09469534106891529
2026-08-12,8123,0.045816165711170836
2026-08-12,8143,0.09183840588147298
2026-08-12,8153,0.0
2026-08-12,8154,0.08268131316057405
2026-08-12,8166,0.0
2026-08-12,8168,0.0
2026-08-12,8169,0.0
2026-08-12,8170,0.0
2026-08-12,8202,0.20692799312945048
2026-08-12,8203,0.0
2026-08-12,8205,0.5961771744623705
2026-08-12,8206,0.30890235900639335
2026-08-12,8207,0.22741852975689136
2026-08-12,8208,0.0
2026-08-12,8210,0.31824783079820235
2026-08-12,8212,0.19999884575876573
2026-08-12,8213,0.2548547340853704
2026-08-12,8215,0.31107987896897255
2026-08-12,8216,0.26972954530163035
2026-08-12,8217,0.1595854764969061
2026-08-12,8222,0.1803967760458177
2026-08-12,8225,0.16375707401293396
2026-08-12,9302,0.06912922779376192
2026-08-13,050304,0.07919541389550624
2026-08-13,07011,0.031193862931556654
2026-08-13,07013,0.07919541389550624
2026-08-13,10750,0.08302209423783044
2026-08-13,10752,0.0
2026-08-13,10755,0.0
2026-08-13,10757,0.0
2026-08-13,10762,0.07919541389550624
2026-08-13,12100,0.18831076080936499
2026-08-13,12105,0.07919054413227869
2026-08-13,12121,0.09165900573175506
2026-08-13,12125,0.08156858526823378
2026-08-13,12130,0.4727190946725163
2026-08-13,12132,0.0
2026-08-13,12134,0.3087867669448892
2026-08-13,12136,0.6397254061633888
2026-08-13,12138,0.40101860401377926
2026-08-13,1297,0.0
2026-08-13,1298,0.0
2026-08-13,1299,0.0
2026-08-13,13014,0.04862119143363145
2026-08-13,13016,0.0
2026-08-13,1302,0.0
2026-08-13,1303,0.0
2026-08-13,1306,0.07020815682368749
2026-08-13,1307,0.16675692166318662
2026-08-13,1308,0.1691671000655831
2026-08-13,1309,0.018315401353802357
2026-08-13,14210,0.0
2026-08-13,14218,0.14651112441325545
2026-08-13,15026,0.16612276942861057
2026-08-13,15030,0.18877593798478476
2026-08-13,15032,0.0
2026-08-13,15034,0.23630781871695095
2026-08-13,15041,0.06954973330222233
2026-08-13,15043,0.09580682155236717
2026-08-13,15045,0.08504661932285837
2026-08-13,17114,0.09677803317321004
2026-08-13,17115,0.0
2026-08-13,17143,0.0
2026-08-13,17222,0.40352826202799236
2026-08-13,17322,0.5186792179908968
2026-08-13,17323,0.0
2026-08-13,17400,0.5462148723372415
2026-08-13,17501,0.20698473288018557
2026-08-13,17504,0.6011967976032649
2026-08-13,17505,0.0
2026-08-13,17507,0.6168105922305245
2026-08-13,17508,0.0
2026-08-13,17521,0.07244435078725942
2026-08-13,17700,0.14573022985568884
2026-08-13,17704,0.13131199676178057
2026-08-13,17706,0.13642742853966075
2026-08-13,18100,0.0
2026-08-13,18101,0.13493187207021184
2026-08-13,18121,0.15497530419020966
2026-08-13,191070,0.07919541389550624
2026-08-13,20002,0.3019663020675945
2026-08-13,21008,0.0
2026-08-13,21010,0.025044290217859273
2026-08-13,210377,0.07919541389550624
2026-08-13,26001,0.22900097912525644
2026-08-13,26004,0.0
2026-08-13,26005,0.07540207652525992
2026-08-13,26006,0.0
2026-08-13,26007,0.0
2026-08-13,26008,0.06645447887433828
2026-08-13,26009,0.2809643052148097
2026-08-13,26010,0.0
2026-08-13,26020,0.022717061509504723
2026-08-13,26093,0.0
2026-08-13,26100,0.07323348003033556
2026-08-13,26101,0.2215105992791522
2026-08-13,26104,0.0
2026-08-13,26107,0.0
2026-08-13,26111,0.0
2026-08-13,26117,0.0
2026-08-13,26121,0.0
2026-08-13,26123,0.0876657640934211
2026-08-13,26124,0.0
2026-08-13,26127,0.0
2026-08-13,26141,0.0
2026-08-13,26142,0.0
2026-08-13,26151,0.0
2026-08-13,2621,0.08245331374905888
2026-08-13,2721,0.11247576040346868
2026-08-13,300675,0.07919541389550624
2026-08-13,3525,0.0
2026-08-13,3527,0.0
2026-08-13,4004,0.1967364143079455
2026-08-13,44016,0.031193862931556654
2026-08-13,44017,0.0
2026-08-13,44018,0.0
2026-08-13,44019,0.0
2026-08-13,44022,0.4774435963599598
2026-08-13,44031,0.0
2026-08-13,44033,0.0
2026-08-13,44052,0.039623525512971776
2026-08-13,44056,0.016685395117930026
2026-08-13,44060,0.0
2026-08-13,44068,0.07919541389550624
2026-08-13,44071,0.26235910419382663
2026-08-13,44072,0.22429525885317164
2026-08-13,4500,0.1201850029475907
2026-08-13,45002,0.0
2026-08-13,45003,0.07509023582828177
2026-08-13,45005,0.13160308154181843
2026-08-13,45006,0.17959330506983193
2026-08-13,4502,0.09725768378904594
2026-08-13,45117,0.021539318845400626
2026-08-13,45120,0.0
2026-08-13,45203,0.17492034990193933
2026-08-13,45207,0.1263210530515345
2026-08-13,45212,0.03886599990555621
2026-08-13,45215,0.0
2026-08-13,45225,0.1601129514894954
2026-08-13,4614,0.023287025090517027
2026-08-13,4616,0.5733119770888528
2026-08-13,4620,0.5730012996877407
2026-08-13,4622,0.07669718987179798
2026-08-13,4700,0.09484234650877639
2026-08-13,4703,0.0
2026-08-13,4706,0.08609989007458886
2026-08-13,4708,0.0
2026-08-13,4710,0.0
2026-08-13,6153,0.12328258939112612
2026-08-13,6210,0.017322198917699
2026-08-13,6304,0.0
2026-08-13,6307,0.0
2026-08-13,7002,0.07919541389550624
2026-08-13,7151,0.0
2026-08-13,7152,0.0
2026-08-13,7153,0.0
2026-08-13,7154,0.0
2026-08-13,7160,0.10811316065169263
2026-08-13,7161,0.0695503937264446
2026-08-13,7162,0.0982663111136143
2026-08-13,7706,0.0
2026-08-13,7707,0.0
2026-08-13,7715,0.07897271805824976
2026-08-13,7716,0.0
2026-08-13,8029,0.019308657607542405
2026-08-13,8050,0.0
2026-08-13,8118,0.09465888939902183
2026-08-13,8123,0.044348812991924474
2026-08-13,8143,0.08896005014365985
2026-08-13,8153,0.0
2026-08-13,8154,0.08264882314725695
2026-08-13,8166,0.0
2026-08-13,8168,0.0
2026-08-13,8169,0.0
2026-08-13,8170,0.0
2026-08-13,8202,0.18426616639098065
2026-08-13,8203,0.0
2026-08-13,8205,0.5042860334128966
2026-08-13,8206,0.27344879493930613
2026-08-13,8207,0.21133410675018668
2026-08-13,8208,0.0
2026-08-13,8210,0.2806795376412215
2026-08-13,8212,0.1715378275128851
2026-08-13,8213,0.2221320722910285
2026-08-13,8215,0.26583593073063033
2026-08-13,8216,0.23656871546743077
2026-08-13,8217,0.1487301261614424
2026-08-13,8222,0.1615845879124992
2026-08-13,8225,0.1552032951705381
2026-08-13,9302,0.06906551624477571
2026-08-14,050304,0.06875574735211407
2026-08-14,07011,0.030692523687233773
2026-08-14,07013,0.06875574735211407
2026-08-14,10750,0.06257348705511212
2026-08-14,10752,0.0
2026-08-14,10755,0.0
2026-08-14,10757,0.0
2026-08-14,10762,0.06875574735211407
2026-08-14,12100,0.1455609579176967
2026-08-14,12105,0.06875151952888962
2026-08-14,12121,0.08262320443077589
2026-08-14,12125,0.06868519198073084
2026-08-14,12130,0.4692030657016063
2026-08-14,12132,0.0
2026-08-14,12134,0.3092270540199167
2026-08-14,12136,0.6276921094167432
2026-08-14,12138,0.401542900462222
2026-08-14,1297,0.0
2026-08-14,1298,0.0
2026-08-14,1299,0.0
2026-08-14,13014,0.044696352290389735
2026-08-14,13016,0.0
2026-08-14,1302,0.0
2026-08-14,1303,0.0
2026-08-14,1306,0.06218380298059602
2026-08-14,1307,0.16675692166318662
2026-08-14,1308,0.15515359969846143
2026-08-14,1309,0.01820705935284172
2026-08-14,14210,0.0
2026-08-14,14218,0.11422632965421824
2026-08-14,15026,0.15265141636909982
2026-08-14,15030,0.14523741319387243
2026-08-14,15032,0.0
2026-08-14,15034,0.21960493025601077
2026-08-14,15041,0.0662352486327321
2026-08-14,15043,0.08155127050773442
2026-08-14,15045,0.07115160370622851
2026-08-14,17114,0.07951586009927408
2026-08-14,17115,0.0
2026-08-14,17143,0.0
2026-08-14,17222,0.40015040590564227
2026-08-14,17322,0.5119217286322099
2026-08-14,17323,0.0
2026-08-14,17400,0.5392486007750461
2026-08-14,17501,0.1896432308591048
2026-08-14,17504,0.5986621022024278
2026-08-14,17505,0.0
2026-08-14,17507,0.6246695922188422
2026-08-14,17508,0.0
2026-08-14,17521,0.06765326859566696
2026-08-14,17700,0.10900656648073943
2026-08-14,17704,0.10181854657149103
2026-08-14,17706,0.13120670617055738
2026-08-14,18100,0.0
2026-08-14,18101,0.1063120295637475
2026-08-14,18121,0.11796724495103056
2026-08-14,191070,0.06875574735211407
2026-08-14,20002,0.30485838330113724
2026-08-14,21008,0.0
2026-08-14,21010,0.02489614448725652
2026-08-14,210377,0.06875574735211407
2026-08-14,26001,0.20176905241464224
2026-08-14,26004,0.0
2026-08-14,26005,0.0777014161037412
2026-08-14,26006,0.0
2026-08-14,26007,0.0
2026-08-14,26008,0.06840732927858563
2026-08-14,26009,0.22217905511890704
2026-08-14,26010,0.0
2026-08-14,26020,0.022749125914949653
2026-08-14,26093,0.0
2026-08-14,26100,0.07454937128677963
2026-08-14,26101,0.1994572859407853
2026-08-14,26104,0.0
2026-08-14,26107,0.0
2026-08-14,26111,0.0
2026-08-14,26117,0.0
2026-08-14,26121,0.0
2026-08-14,26123,0.08914703585290262
2026-08-14,26124,0.0
2026-08-14,26127,0.0
2026-08-14,26141,0.0
2026-08-14,26142,0.0
2026-08-14,26151,0.0
2026-08-14,2621,0.07112416301223039
2026-08-14,2721,0.09489480132834809
2026-08-14,300675,0.06875574735211407
2026-08-14,3525,0.0
2026-08-14,3527,0.0
2026-08-14,4004,0.1605617586140054
2026-08-14,44016,0.030692523687233773
2026-08-14,44017,0.0
2026-08-14,44018,0.0
2026-08-14,44019,0.0
2026-08-14,44022,0.4754735117957112
2026-08-14,44031,0.0
2026-08-14,44033,0.0
2026-08-14,44052,0.03915513227317989
2026-08-14,44056,0.016425983851138727
2026-08-14,44060,0.0
2026-08-14,44068,0.06875574735211407
2026-08-14,44071,0.23612527414689988
2026-08-14,44072,0.18051029801947358
2026-08-14,4500,0.09676657671009041
2026-08-14,45002,0.0
2026-08-14,45003,0.06688815192957721
2026-08-14,45005,0.1133674111216621
2026-08-14,45006,0.15486535281897318
2026-08-14,4502,0.08033051208718951
2026-08-14,45117,0.02131949440688936
2026-08-14,45120,0.0
2026-08-14,45203,0.1417499836126762
2026-08-14,45207,0.10572669285089875
2026-08-14,45212,0.03824329325407997
2026-08-14,45215,0.0
2026-08-14,45225,0.13503685400721946
2026-08-14,4614,0.023314839021152705
2026-08-14,4616,0.6197886709715779
2026-08-14,4620,0.6372170884025219
2026-08-14,4622,0.06875574735211407
2026-08-14,4700,0.08467943539488047
2026-08-14,4703,0.0
2026-08-14,4706,0.07765286225465992
2026-08-14,4708,0.0
2026-08-14,4710,0.0
2026-08-14,6153,0.11127675680450305
2026-08-14,6210,0.01721973205631122
2026-08-14,6304,0.0
2026-08-14,6307,0.0
2026-08-14,7002,0.06875574735211407
2026-08-14,7151,0.0
2026-08-14,7152,0.0
2026-08-14,7153,0.0
2026-08-14,7154,0.0
2026-08-14,7160,0.08580232863807336
2026-08-14,7161,0.06084242068196858
2026-08-14,7162,0.08254927051650503
2026-08-14,7706,0.0
2026-08-14,7707,0.0
2026-08-14,7715,0.07235741208832483
2026-08-14,7716,0.0
2026-08-14,8029,0.01900905258424493
2026-08-14,8050,0.0
2026-08-14,8118,0.08190081973337708
2026-08-14,8123,0.043192656277243266
2026-08-14,8143,0.0805231565956922
2026-08-14,8153,0.0
2026-08-14,8154,0.07439314558463352
2026-08-14,8166,0.0
2026-08-14,8168,0.0
2026-08-14,8169,0.0
2026-08-14,8170,0.0
2026-08-14,8202,0.1651816367126973
2026-08-14,8203,0.0
2026-08-14,8205,0.5004542188735744
2026-08-14,8206,0.2556680822412562
2026-08-14,8207,0.16349144095711987
2026-08-14,8208,0.0
2026-08-14,8210,0.27159595890020855
2026-08-14,8212,0.14184477462227188
2026-08-14,8213,0.20335911259772343
2026-08-14,8215,0.24838632010076164
2026-08-14,8216,0.2151852161733299
2026-08-14,8217,0.11206814580908839
2026-08-14,8222,0.1446498855192392
2026-08-14,8225,0.11983961815616667
2026-08-14,9302,0.06035997010484535
2026-08-15,050304,0.01583247468056565
2026-08-15,07011,0.015278270482408584
2026-08-15,07013,0.01583247468056565
2026-08-15,10750,0.010064046478269454
2026-08-15,10752,0.0
2026-08-15,10755,0.0
2026-08-15,10757,0.0
2026-08-15,10762,0.01583247468056565
2026-08-15,12100,0.02314840678298997
2026-08-15,12105,0.015856099032867433
2026-08-15,12121,0.015430535686547613
2026-08-15,12125,0.01055076858703122
2026-08-15,12130,0.0385921726551248
2026-08-15,12132,0.0
2026-08-15,12134,0.035822110967280094
2026-08-15,12136,0.039529109361609326
2026-08-15,12138,0.014906966388851434
2026-08-15,1297,0.0
2026-08-15,1298,0.0
2026-08-15,1299,0.0
2026-08-15,13014,0.010177665231644716
2026-08-15,13016,0.0
2026-08-15,1302,0.0
2026-08-15,1303,0.0
2026-08-15,1306,0.012742375567631007
2026-08-15,1307,0.01024507590621574
2026-08-15,1308,0.01024507590621574
2026-08-15,1309,0.018677174713604073
2026-08-15,14210,0.0
2026-08-15,14218,0.011345408218356012
2026-08-15,15026,0.011289319346948
2026-08-15,15030,0.014194482293917265
2026-08-15,15032,0.0
2026-08-15,15034,0.025223826477593515
2026-08-15,15041,0.011882148788763315
2026-08-15,15043,0.011882148788763315
2026-08-15,15045,0.011882148788763315
2026-08-15,17114,0.011976072891338686
2026-08-15,17115,0.0
2026-08-15,17143,0.0
2026-08-15,17222,0.04592035067148844
2026-08-15,17322,0.04373545792181486
2026-08-15,17323,0.0
2026-08-15,17400,0.042799275533897015
2026-08-15,17501,0.015245016856094834
2026-08-15,17504,0.046656853169557276
2026-08-15,17505,0.0
2026-08-15,17507,0.047906271656834094
2026-08-15,17508,0.0
2026-08-15,17521,0.01686181881962382
2026-08-15,17700,0.02052588186178795
2026-08-15,17704,0.017121686869405517
2026-08-15,17706,0.010357913890654968
2026-08-15,18100,0.0
2026-08-15,18101,0.016296095656160595
2026-08-15,18121,0.01350041987206323
2026-08-15,191070,0.01583247468056565
2026-08-15,20002,0.02215956579197148
2026-08-15,21008,0.0
2026-08-15,21010,0.015154900323719087
2026-08-15,210377,0.01583247468056565
2026-08-15,26001,0.027625547056820868
2026-08-15,26004,0.0
2026-08-15,26005,0.027992437106600855
2026-08-15,26006,0.0
2026-08-15,26007,0.0
2026-08-15,26008,0.024992410635624393
2026-08-15,26009,0.02774569478654385
2026-08-15,26010,0.0
2026-08-15,26020,0.014180709306585333
2026-08-15,26093,0.0
2026-08-15,26100,0.024224827122614603
2026-08-15,26101,0.027616220034495705
2026-08-15,26104,0.0
2026-08-15,26107,0.0
2026-08-15,26111,0.0
2026-08-15,26117,0.0
2026-08-15,26121,0.0
2026-08-15,26123,0.027023925950236498
2026-08-15,26124,0.0
2026-08-15,26127,0.0
2026-08-15,26141,0.0
2026-08-15,26142,0.0
2026-08-15,26151,0.0
2026-08-15,2621,0.01600456313653384
2026-08-15,2721,0.020049583841735597
2026-08-15,300675,0.01583247468056565
2026-08-15,3525,0.0
2026-08-15,3527,0.0
2026-08-15,4004,0.025793381115739304
2026-08-15,44016,0.015278270482408584
2026-08-15,44017,0.0
2026-08-15,44018,0.0
2026-08-15,44019,0.0
2026-08-15,44022,0.044908798523678295
2026-08-15,44031,0.0
2026-08-15,44033,0.0
2026-08-15,44052,0.010187412668525167
2026-08-15,44056,0.011446810632459784
2026-08-15,44060,0.0
2026-08-15,44068,0.01583247468056565
2026-08-15,44071,0.024407519724388135
2026-08-15,44072,0.01733348746750607
2026-08-15,4500,0.024974175466170756
2026-08-15,45002,0.0
2026-08-15,45003,0.013673114020214074
2026-08-15,45005,0.015637734332978884
2026-08-15,45006,0.02218196618390169
2026-08-15,4502,0.015301288610869561
2026-08-15,45117,0.009764838704031983
2026-08-15,45120,0.0
2026-08-15,45203,0.015015268324394737
2026-08-15,45207,0.021948655311152334
2026-08-15,45212,0.0159729607566509
2026-08-15,45215,0.0
2026-08-15,45225,0.02572448361106234
2026-08-15,4614,0.01092764646367829
2026-08-15,4616,0.05285193783216414
2026-08-15,4620,0.07001328282173756
2026-08-15,4622,0.01583247468056565
2026-08-15,4700,0.013108375124022595
2026-08-15,4703,0.0
2026-08-15,4706,0.01161090051071918
2026-08-15,4708,0.0
2026-08-15,4710,0.0
2026-08-15,6153,0.016694358977366975
2026-08-15,6210,0.01504805557091304
2026-08-15,6304,0.0
2026-08-15,6307,0.0
2026-08-15,7002,0.01583247468056565
2026-08-15,7151,0.0
2026-08-15,7152,0.0
2026-08-15,7153,0.0
2026-08-15,7154,0.0
2026-08-15,7160,0.010112860412119451
2026-08-15,7161,0.010811056188811148
2026-08-15,7162,0.010112860412119451
2026-08-15,7706,0.0
2026-08-15,7707,0.0
2026-08-15,7715,0.013812085023820404
2026-08-15,7716,0.0
2026-08-15,8029,0.011186974426792319
2026-08-15,8050,0.0
2026-08-15,8118,0.012933266662285363
2026-08-15,8123,0.013731916138106605
2026-08-15,8143,0.013439071979303854
2026-08-15,8153,0.0
2026-08-15,8154,0.013402887395295071
2026-08-15,8166,0.0
2026-08-15,8168,0.0
2026-08-15,8169,0.0
2026-08-15,8170,0.0
2026-08-15,8202,0.011765944137739539
2026-08-15,8203,0.0
2026-08-15,8205,0.024063849643253896
2026-08-15,8206,0.017267485156074347
2026-08-15,8207,0.017576225344940993
2026-08-15,8208,0.0
2026-08-15,8210,0.020099036821991864
2026-08-15,8212,0.02224398109193889
2026-08-15,8213,0.016631444444722678
2026-08-15,8215,0.030980723145803375
2026-08-15,8216,0.017826392374187382
2026-08-15,8217,0.01463250315801773
2026-08-15,8222,0.020085820229580425
2026-08-15,8225,0.014204688094911202
2026-08-15,9302,0.012366433318960273
2026-08-16,050304,0.01571333750146565
2026-08-16,07011,0.01516330361313986
2026-08-16,07013,0.01571333750146565
2026-08-16,10750,0.010064046478269454
2026-08-16,10752,0.0
2026-08-16,10755,0.0
2026-08-16,10757,0.0
2026-08-16,10762,0.01571333750146565
2026-08-16,12100,0.02293844105537146
2026-08-16,12105,0.015656617094839568
2026-08-16,12121,0.015247371640214124
2026-08-16,12125,0.010595572673981826
2026-08-16,12130,0.03886954210589542
2026-08-16,12132,0.0
2026-08-16,12134,0.03600555345114601
2026-08-16,12136,0.03928155803563892
2026-08-16,12138,0.014949910379761719
2026-08-16,1297,0.0
2026-08-16,1298,0.0
2026-08-16,1299,0.0
2026-08-16,13014,0.010177665231644716
2026-08-16,13016,0.0
2026-08-16,1302,0.0
2026-08-16,1303,0.0
2026-08-16,1306,0.012646490956362761
2026-08-16,1307,0.01024507590621574
2026-08-16,1308,0.01024507590621574
2026-08-16,1309,0.01853663156075962
2026-08-16,14210,0.0
2026-08-16,14218,0.011355932911450053
2026-08-16,15026,0.011250074019071538
2026-08-16,15030,0.01423537376054471
2026-08-16,15032,0.0
2026-08-16,15034,0.025296491280526627
2026-08-16,15041,0.01179273726486065
2026-08-16,15043,0.01179273726486065
2026-08-16,15045,0.01179273726486065
2026-08-16,17114,0.011976072891338686
2026-08-16,17115,0.0
2026-08-16,17143,0.0
2026-08-16,17222,0.04596196351303347
2026-08-16,17322,0.04333875903314532
2026-08-16,17323,0.0
2026-08-16,17400,0.04310513556779034
2026-08-16,17501,0.015332257628449692
2026-08-16,17504,0.04648259052393992
2026-08-16,17505,0.0
2026-08-16,17507,0.047949684132181467
2026-08-16,17508,0.0
2026-08-16,17521,0.016746978272490064
2026-08-16,17700,0.02052588186178795
2026-08-16,17704,0.017121686869405517
2026-08-16,17706,0.01029720097768005
2026-08-16,18100,0.0
2026-08-16,18101,0.016296095656160595
2026-08-16,18121,0.013546206275522098
2026-08-16,191070,0.01571333750146565
2026-08-16,20002,0.02202079135502303
2026-08-16,21008,0.0
2026-08-16,21010,0.015040861797807161
2026-08-16,210377,0.01571333750146565
2026-08-16,26001,0.02733707985976912
2026-08-16,26004,0.0
2026-08-16,26005,0.02675305433326114
2026-08-16,26006,0.0
2026-08-16,26007,0.0
2026-08-16,26008,0.024271527316860515
2026-08-16,26009,0.0274559730015285
2026-08-16,26010,0.0
2026-08-16,26020,0.014074001433147363
2026-08-16,26093,0.0
2026-08-16,26100,0.023590357190926614
2026-08-16,26101,0.026971089547160387
2026-08-16,26104,0.0
2026-08-16,26107,0.0
2026-08-16,26111,0.0
2026-08-16,26117,0.0
2026-08-16,26121,0.0
2026-08-16,26123,0.025921453660726818
2026-08-16,26124,0.0
2026-08-16,26127,0.0
2026-08-16,26141,0.0
2026-08-16,26142,0.0
2026-08-16,26151,0.0
2026-08-16,2621,0.01601967635505241
2026-08-16,2721,0.02010734268574147
2026-08-16,300675,0.01571333750146565
2026-08-16,3525,0.0
2026-08-16,3527,0.0
2026-08-16,4004,0.025480377568787616
2026-08-16,44016,0.01516330361313986
2026-08-16,44017,0.0
2026-08-16,44018,0.0
2026-08-16,44019,0.0
2026-08-16,44022,0.04502376485711727
2026-08-16,44031,0.0
2026-08-16,44033,0.0
2026-08-16,44052,0.010187412668525167
2026-08-16,44056,0.011344608975949163
2026-08-16,44060,0.0
2026-08-16,44068,0.01571333750146565
2026-08-16,44071,0.024440865693367304
2026-08-16,44072,0.017596467282503477
2026-08-16,4500,0.02464283513586422
2026-08-16,45002,0.0
2026-08-16,45003,0.01371948611241575
2026-08-16,45005,0.015503784253144704
2026-08-16,45006,0.02178940583675129
2026-08-16,4502,0.015301288610869561
2026-08-16,45117,0.009764838704031983
2026-08-16,45120,0.0
2026-08-16,45203,0.01485398502348619
2026-08-16,45207,0.021937234883656884
2026-08-16,45212,0.015852766439286334
2026-08-16,45215,0.0
2026-08-16,45225,0.02553627883817516
2026-08-16,4614,0.011000432699241978
2026-08-16,4616,0.05048943957828874
2026-08-16,4620,0.0668836670460644
2026-08-16,4622,0.01571333750146565
2026-08-16,4700,0.013149613383292654
2026-08-16,4703,0.0
2026-08-16,4706,0.011612506140473258
2026-08-16,4708,0.0
2026-08-16,4710,0.0
2026-08-16,6153,0.01649619305472152
2026-08-16,6210,0.014934821036967487
2026-08-16,6304,0.0
2026-08-16,6307,0.0
2026-08-16,7002,0.01571333750146565
2026-08-16,7151,0.0
2026-08-16,7152,0.0
2026-08-16,7153,0.0
2026-08-16,7154,0.0
2026-08-16,7160,0.010112860412119451
2026-08-16,7161,0.01082536269290104
2026-08-16,7162,0.010112860412119451
2026-08-16,7706,0.0
2026-08-16,7707,0.0
2026-08-16,7715,0.013670683204563341
2026-08-16,7716,0.0
2026-08-16,8029,0.011152266766358615
2026-08-16,8050,0.0
2026-08-16,8118,0.012768175309555185
2026-08-16,8123,0.01362413900806762
2026-08-16,8143,0.013509944787186475
2026-08-16,8153,0.0
2026-08-16,8154,0.013448343019313452
2026-08-16,8166,0.0
2026-08-16,8168,0.0
2026-08-16,8169,0.0
2026-08-16,8170,0.0
2026-08-16,8202,0.011861147218087648
2026-08-16,8203,0.0
2026-08-16,8205,0.02408565620935205
2026-08-16,8206,0.017216306578036973
2026-08-16,8207,0.017701831790673063
2026-08-16,8208,0.0
2026-08-16,8210,0.020117250490272943
2026-08-16,8212,0.02237127397124665
2026-08-16,8213,0.01679776299084829
2026-08-16,8215,0.030997469918137777
2026-08-16,8216,0.017673694634806936
2026-08-16,8217,0.01454086700386366
2026-08-16,8222,0.020085820229580425
2026-08-16,8225,0.014025982178381502
2026-08-16,9302,0.012366433318960273
2026-08-17,050304,0.07297721354620229
2026-08-17,07011,0.028325017471389432
2026-08-17,07013,0.07297721354620229
2026-08-17,10750,0.07788056578544089
2026-08-17,10752,0.0
2026-08-17,10755,0.0
2026-08-17,10757,0.0
2026-08-17,10762,0.07297721354620229
2026-08-17,12100,0.1985794521117654
2026-08-17,12105,0.0727137878273572
2026-08-17,12121,0.08363708099254366
2026-08-17,12125,0.06976924538708834
2026-08-17,12130,0.543594467577031
2026-08-17,12132,0.0
2026-08-17,12134,0.3226659783338655
2026-08-17,12136,0.7505451712520969
2026-08-17,12138,0.479641996316318
2026-08-17,1297,0.0
2026-08-17,1298,0.0
2026-08-17,1299,0.0
2026-08-17,13014,0.048154750395233606
2026-08-17,13016,0.0
2026-08-17,1302,0.0
2026-08-17,1303,0.0
2026-08-17,1306,0.06465973839764559
2026-08-17,1307,0.155943266744505
2026-08-17,1308,0.16150263743203278
2026-08-17,1309,0.01988345742900123
2026-08-17,14210,0.0
2026-08-17,14218,0.14499382086245421
2026-08-17,15026,0.17314863695757027
2026-08-17,15030,0.18646747541739464
2026-08-17,15032,0.0
2026-08-17,15034,0.24780387454688987
2026-08-17,15041,0.07072508699928651
2026-08-17,15043,0.09493246286261929
2026-08-17,15045,0.09020455595634631
2026-08-17,17114,0.10645599094727505
2026-08-17,17115,0.0
2026-08-17,17143,0.0
2026-08-17,17222,0.4679558581364866
2026-08-17,17322,0.6158142911494628
2026-08-17,17323,0.0
2026-08-17,17400,0.6513906539283253
2026-08-17,17501,0.23392793844376672
2026-08-17,17504,0.6645800965665112
2026-08-17,17505,0.0
2026-08-17,17507,0.7211765405276149
2026-08-17,17508,0.0
2026-08-17,17521,0.07401555128392336
2026-08-17,17700,0.14303642764109384
2026-08-17,17704,0.1209173889796981
2026-08-17,17706,0.14058247715980432
2026-08-17,18100,0.0
2026-08-17,18101,0.13210137558077611
2026-08-17,18121,0.14781056675236548
2026-08-17,191070,0.07297721354620229
2026-08-17,20002,0.32229732950954293
2026-08-17,21008,0.0
2026-08-17,21010,0.025411305634691
2026-08-17,210377,0.07297721354620229
2026-08-17,26001,0.27139101944879535
2026-08-17,26004,0.0
2026-08-17,26005,0.08760670683119869
2026-08-17,26006,0.0
2026-08-17,26007,0.0
2026-08-17,26008,0.07434406944620259
2026-08-17,26009,0.29701483834982145
2026-08-17,26010,0.0
2026-08-17,26020,0.02565358164651659
2026-08-17,26093,0.0
2026-08-17,26100,0.0811589259571739
2026-08-17,26101,0.21877583497899386
2026-08-17,26104,0.0
2026-08-17,26107,0.0
2026-08-17,26111,0.0
2026-08-17,26117,0.0
2026-08-17,26121,0.0
2026-08-17,26123,0.08981073136153592
2026-08-17,26124,0.0
2026-08-17,26127,0.0
2026-08-17,26141,0.0
2026-08-17,26142,0.0
2026-08-17,26151,0.0
2026-08-17,2621,0.08972504896833729
2026-08-17,2721,0.10694472662245547
2026-08-17,300675,0.07297721354620229
2026-08-17,3525,0.0
2026-08-17,3527,0.0
2026-08-17,4004,0.1927657729793615
2026-08-17,44016,0.028325017471389432
2026-08-17,44017,0.0
2026-08-17,44018,0.0
2026-08-17,44019,0.0
2026-08-17,44022,0.5274398942129559
2026-08-17,44031,0.0
2026-08-17,44033,0.0
2026-08-17,44052,0.0413530193058963
2026-08-17,44056,0.01756811975340692
2026-08-17,44060,0.0
2026-08-17,44068,0.07297721354620229
2026-08-17,44071,0.2766618251993676
2026-08-17,44072,0.2423108870575187
2026-08-17,4500,0.1124642641707995
2026-08-17,45002,0.0
2026-08-17,45003,0.06896222514762304
2026-08-17,45005,0.12237081112017661
2026-08-17,45006,0.16852514342114694
2026-08-17,4502,0.1034352448677859
2026-08-17,45117,0.018162561766707705
2026-08-17,45120,0.0
2026-08-17,45203,0.1590533504395955
2026-08-17,45207,0.13832546744838695
2026-08-17,45212,0.043303382057405984
2026-08-17,45215,0.0
2026-08-17,45225,0.15065743918491514
2026-08-17,4614,0.022518971044007654
2026-08-17,4616,0.7720251643924151
2026-08-17,4620,0.8150854794811113
2026-08-17,4622,0.07297721354620229
2026-08-17,4700,0.09490437345295251
2026-08-17,4703,0.0
2026-08-17,4706,0.07854664794347511
2026-08-17,4708,0.0
2026-08-17,4710,0.0
2026-08-17,6153,0.11620086910568243
2026-08-17,6210,0.01880522288883695
2026-08-17,6304,0.0
2026-08-17,6307,0.0
2026-08-17,7002,0.07297721354620229
2026-08-17,7151,0.0
2026-08-17,7152,0.0
2026-08-17,7153,0.0
2026-08-17,7154,0.0
2026-08-17,7160,0.10706830188463203
2026-08-17,7161,0.06985113306589472
2026-08-17,7162,0.09082310394647544
2026-08-17,7706,0.0
2026-08-17,7707,0.0
2026-08-17,7715,0.06861402492216304
2026-08-17,7716,0.0
2026-08-17,8029,0.01978514591150603
2026-08-17,8050,0.0
2026-08-17,8118,0.08532415097990835
2026-08-17,8123,0.038803268468603866
2026-08-17,8143,0.0833904713383634
2026-08-17,8153,0.0
2026-08-17,8154,0.07383496922148818
2026-08-17,8166,0.0
2026-08-17,8168,0.0
2026-08-17,8169,0.0
2026-08-17,8170,0.0
2026-08-17,8202,0.2133332166905529
2026-08-17,8203,0.0
2026-08-17,8205,0.5850880428335347
2026-08-17,8206,0.2884158541601649
2026-08-17,8207,0.22214153703975278
2026-08-17,8208,0.0
2026-08-17,8210,0.3068043822688824
2026-08-17,8212,0.19477612944664516
2026-08-17,8213,0.27015976980209
2026-08-17,8215,0.31473292725747765
2026-08-17,8216,0.27706298716676137
2026-08-17,8217,0.16827967103212557
2026-08-17,8222,0.16439069066831502
2026-08-17,8225,0.1503208136902352
2026-08-17,9302,0.060910885116905976
2026-08-18,050304,0.07940652173965111
2026-08-18,07011,0.030810342180231078
2026-08-18,07013,0.07940652173965111
2026-08-18,10750,0.07692436174688091
2026-08-18,10752,0.0
2026-08-18,10755,0.0
2026-08-18,10757,0.0
2026-08-18,10762,0.07940652173965111
2026-08-18,12100,0.2059940045193544
2026-08-18,12105,0.07871840824328252
2026-08-18,12121,0.0897745869309299
2026-08-18,12125,0.06899289751327359
2026-08-18,12130,0.521588469310114
2026-08-18,12132,0.0
2026-08-18,12134,0.3232447486232062
2026-08-18,12136,0.7711835525219023
2026-08-18,12138,0.4592637498331821
2026-08-18,1297,0.0
2026-08-18,1298,0.0
2026-08-18,1299,0.0
2026-08-18,13014,0.04754623598787333
2026-08-18,13016,0.0
2026-08-18,1302,0.0
2026-08-18,1303,0.0
2026-08-18,1306,0.07035962351901127
2026-08-18,1307,0.15445495208086849
2026-08-18,1308,0.15774042299890512
2026-08-18,1309,0.02191322662878722
2026-08-18,14210,0.0
2026-08-18,14218,0.14973000561165414
2026-08-18,15026,0.1674976484342999
2026-08-18,15030,0.1870176592898065
2026-08-18,15032,0.0
2026-08-18,15034,0.2498600653032475
2026-08-18,15041,0.07696386230969385
2026-08-18,15043,0.10493189173958406
2026-08-18,15045,0.0970178118068932
2026-08-18,17114,0.10264839194519276
2026-08-18,17115,0.0
2026-08-18,17143,0.0
2026-08-18,17222,0.47894676082923904
2026-08-18,17322,0.6103376489158576
2026-08-18,17323,0.0
2026-08-18,17400,0.6293613024194658
2026-08-18,17501,0.21740875224070888
2026-08-18,17504,0.6982651834829039
2026-08-18,17505,0.0
2026-08-18,17507,0.7234994814567814
2026-08-18,17508,0.0
2026-08-18,17521,0.08047492735449731
2026-08-18,17700,0.13810677757850842
2026-08-18,17704,0.11972007245468111
2026-08-18,17706,0.14122871923681182
2026-08-18,18100,0.0
2026-08-18,18101,0.1274969522147823
2026-08-18,18121,0.14784618301187205
2026-08-18,191070,0.07940652173965111
2026-08-18,20002,0.32123022103848803
2026-08-18,21008,0.0
2026-08-18,21010,0.028005375890722668
2026-08-18,210377,0.07940652173965111
2026-08-18,26001,0.2402836768798243
2026-08-18,26004,0.0
2026-08-18,26005,0.07758886724313101
2026-08-18,26006,0.0
2026-08-18,26007,0.0
2026-08-18,26008,0.07246266900002764
2026-08-18,26009,0.2683306872175926
2026-08-18,26010,0.0
2026-08-18,26020,0.028272384240392745
2026-08-18,26093,0.0
2026-08-18,26100,0.07786501733000828
2026-08-18,26101,0.20120698743366144
2026-08-18,26104,0.0
2026-08-18,26107,0.0
2026-08-18,26111,0.0
2026-08-18,26117,0.0
2026-08-18,26121,0.0
2026-08-18,26123,0.08202231397860024
2026-08-18,26124,0.0
2026-08-18,26127,0.0
2026-08-18,26141,0.0
2026-08-18,26142,0.0
2026-08-18,26151,0.0
2026-08-18,2621,0.08895758607906588
2026-08-18,2721,0.10693717636296017
2026-08-18,300675,0.07940652173965111
2026-08-18,3525,0.0
2026-08-18,3527,0.0
2026-08-18,4004,0.1820728453952166
2026-08-18,44016,0.030810342180231078
2026-08-18,44017,0.0
2026-08-18,44018,0.0
2026-08-18,44019,0.0
2026-08-18,44022,0.5275827931007613
2026-08-18,44031,0.0
2026-08-18,44033,0.0
2026-08-18,44052,0.04082699283078085
2026-08-18,44056,0.01850656820798201
2026-08-18,44060,0.0
2026-08-18,44068,0.07940652173965111
2026-08-18,44071,0.28963721214731075
2026-08-18,44072,0.23447729138166104
2026-08-18,4500,0.11681314588795541
2026-08-18,45002,0.0
2026-08-18,45003,0.06782590105018647
2026-08-18,45005,0.1305962030566287
2026-08-18,45006,0.16498196852830355
2026-08-18,4502,0.09972492978389341
2026-08-18,45117,0.01792647730682156
2026-08-18,45120,0.0
2026-08-18,45203,0.16641464201623166
2026-08-18,45207,0.14773953853966854
2026-08-18,45212,0.047108290451193524
2026-08-18,45215,0.0
2026-08-18,45225,0.16220232275548635
2026-08-18,4614,0.022475080399453617
2026-08-18,4616,0.7081597401276706
2026-08-18,4620,0.7225228923397528
2026-08-18,4622,0.07940652173965111
2026-08-18,4700,0.09296928433460881
2026-08-18,4703,0.0
2026-08-18,4706,0.07966516604090956
2026-08-18,4708,0.0
2026-08-18,4710,0.0
2026-08-18,6153,0.1261748091826571
2026-08-18,6210,0.02072492233503075
2026-08-18,6304,0.0
2026-08-18,6307,0.0
2026-08-18,7002,0.07940652173965111
2026-08-18,7151,0.0
2026-08-18,7152,0.0
2026-08-18,7153,0.0
2026-08-18,7154,0.0
2026-08-18,7160,0.1044303051180434
2026-08-18,7161,0.06900002340845472
2026-08-18,7162,0.08854901633502846
2026-08-18,7706,0.0
2026-08-18,7707,0.0
2026-08-18,7715,0.07271979972141501
2026-08-18,7716,0.0
2026-08-18,8029,0.02092351470364242
2026-08-18,8050,0.0
2026-08-18,8118,0.0884942130197451
2026-08-18,8123,0.03955234035845746
2026-08-18,8143,0.08176267287225775
2026-08-18,8153,0.0
2026-08-18,8154,0.07466173331532011
2026-08-18,8166,0.0
2026-08-18,8168,0.0
2026-08-18,8169,0.0
2026-08-18,8170,0.0
2026-08-18,8202,0.21136638324984236
2026-08-18,8203,0.0
2026-08-18,8205,0.6119145047208723
2026-08-18,8206,0.29369096957853424
2026-08-18,8207,0.22006863984314837
2026-08-18,8208,0.0
2026-08-18,8210,0.3171713305533493
2026-08-18,8212,0.18311653603111377
2026-08-18,8213,0.2552256427413003
2026-08-18,8215,0.319340303285833
2026-08-18,8216,0.2880365225122559
2026-08-18,8217,0.17133531378194958
2026-08-18,8222,0.16057340457103972
2026-08-18,8225,0.15688251399811345
2026-08-18,9302,0.05975950480183532
2026-08-19,050304,0.09179087461533428
2026-08-19,07011,0.036121516847146866
2026-08-19,07013,0.09179087461533428
2026-08-19,10750,0.08863513333542251
2026-08-19,10752,0.0
2026-08-19,10755,0.0
2026-08-19,10757,0.0
2026-08-19,10762,0.09179087461533428
2026-08-19,12100,0.22833691997102368
2026-08-19,12105,0.0909954419697214
2026-08-19,12121,0.1070146663960419
2026-08-19,12125,0.08331553274779582
2026-08-19,12130,0.5655008897166823
2026-08-19,12132,0.0
2026-08-19,12134,0.3440343349124011
2026-08-19,12136,0.792558449055397
2026-08-19,12138,0.4901151740960846
2026-08-19,1297,0.0
2026-08-19,1298,0.0
2026-08-19,1299,0.0
2026-08-19,13014,0.04959030518565735
2026-08-19,13016,0.0
2026-08-19,1302,0.0
2026-08-19,1303,0.0
2026-08-19,1306,0.08137392062684135
2026-08-19,1307,0.1756412496992861
2026-08-19,1308,0.17604123143241812
2026-08-19,1309,0.02120866146059627
2026-08-19,14210,0.0
2026-08-19,14218,0.16740486911258967
2026-08-19,15026,0.18047031637299177
2026-08-19,15030,0.21928317535617534
2026-08-19,15032,0.0
2026-08-19,15034,0.2776067257480136
2026-08-19,15041,0.0806108211010326
2026-08-19,15043,0.1110416917803708
2026-08-19,15045,0.10189698073622337
2026-08-19,17114,0.10314701191494195
2026-08-19,17115,0.0
2026-08-19,17143,0.0
2026-08-19,17222,0.5000286593358825
2026-08-19,17322,0.6409127549051297
2026-08-19,17323,0.0
2026-08-19,17400,0.6595811286759604
2026-08-19,17501,0.23893910689725112
2026-08-19,17504,0.7230554993844118
2026-08-19,17505,0.0
2026-08-19,17507,0.7540029000934289
2026-08-19,17508,0.0
2026-08-19,17521,0.08416644956080953
2026-08-19,17700,0.161972386737532
2026-08-19,17704,0.14096118003360383
2026-08-19,17706,0.1524942472870861
2026-08-19,18100,0.0
2026-08-19,18101,0.1474941477904354
2026-08-19,18121,0.17289568306443504
2026-08-19,191070,0.09179087461533428
2026-08-19,20002,0.3583399751685495
2026-08-19,21008,0.0
2026-08-19,21010,0.029000504138077757
2026-08-19,210377,0.09179087461533428
2026-08-19,26001,0.24458645507781002
2026-08-19,26004,0.0
2026-08-19,26005,0.07714968130454064
2026-08-19,26006,0.0
2026-08-19,26007,0.0
2026-08-19,26008,0.07005049526405645
2026-08-19,26009,0.3063538849277381
2026-08-19,26010,0.0
2026-08-19,26020,0.026499529699140587
2026-08-19,26093,0.0
2026-08-19,26100,0.07678901422865002
2026-08-19,26101,0.230563632387201
2026-08-19,26104,0.0
2026-08-19,26107,0.0
2026-08-19,26111,0.0
2026-08-19,26117,0.0
2026-08-19,26121,0.0
2026-08-19,26123,0.08960271098950398
2026-08-19,26124,0.0
2026-08-19,26127,0.0
2026-08-19,26141,0.0
2026-08-19,26142,0.0
2026-08-19,26151,0.0
2026-08-19,2621,0.09118237241894932
2026-08-19,2721,0.12370773078898357
2026-08-19,300675,0.09179087461533428
2026-08-19,3525,0.0
2026-08-19,3527,0.0
2026-08-19,4004,0.21108279280814954
2026-08-19,44016,0.036121516847146866
2026-08-19,44017,0.0
2026-08-19,44018,0.0
2026-08-19,44019,0.0
2026-08-19,44022,0.5800666150192814
2026-08-19,44031,0.0
2026-08-19,44033,0.0
2026-08-19,44052,0.03978460358536363
2026-08-19,44056,0.017816878975754888
2026-08-19,44060,0.0
2026-08-19,44068,0.09179087461533428
2026-08-19,44071,0.31819930742964236
2026-08-19,44072,0.2633908841308603
2026-08-19,4500,0.13360124600824827
2026-08-19,45002,0.0
2026-08-19,45003,0.08000648693394925
2026-08-19,45005,0.15380227032421584
2026-08-19,45006,0.19511552630157333
2026-08-19,4502,0.102094964827781
2026-08-19,45117,0.021543383488949523
2026-08-19,45120,0.0
2026-08-19,45203,0.20011249306225987
2026-08-19,45207,0.14656314140522406
2026-08-19,45212,0.04500561131047128
2026-08-19,45215,0.0
2026-08-19,45225,0.18840507257584585
2026-08-19,4614,0.024042286977776165
2026-08-19,4616,0.706277983661072
2026-08-19,4620,0.7095053558139414
2026-08-19,4622,0.09179087461533428
2026-08-19,4700,0.09862409820713365
2026-08-19,4703,0.0
2026-08-19,4706,0.09556734647652261
2026-08-19,4708,0.0
2026-08-19,4710,0.0
2026-08-19,6153,0.1457268097123959
2026-08-19,6210,0.02005856412872522
2026-08-19,6304,0.0
2026-08-19,6307,0.0
2026-08-19,7002,0.09179087461533428
2026-08-19,7151,0.0
2026-08-19,7152,0.0
2026-08-19,7153,0.0
2026-08-19,7154,0.0
2026-08-19,7160,0.11620131814632143
2026-08-19,7161,0.07118187578334075
2026-08-19,7162,0.1048022121407766
2026-08-19,7706,0.0
2026-08-19,7707,0.0
2026-08-19,7715,0.08704874154259913
2026-08-19,7716,0.0
2026-08-19,8029,0.02012908642913336
2026-08-19,8050,0.0
2026-08-19,8118,0.10332141044297852
2026-08-19,8123,0.0457532762716196
2026-08-19,8143,0.09919496114281341
2026-08-19,8153,0.0
2026-08-19,8154,0.0933322792140183
2026-08-19,8166,0.0
2026-08-19,8168,0.0
2026-08-19,8169,0.0
2026-08-19,8170,0.0
2026-08-19,8202,0.21493950213661978
2026-08-19,8203,0.0
2026-08-19,8205,0.6226657801387178
2026-08-19,8206,0.32008674343550825
2026-08-19,8207,0.2435134306057504
2026-08-19,8208,0.0
2026-08-19,8210,0.3330098166118366
2026-08-19,8212,0.20785278223815926
2026-08-19,8213,0.2611063652118022
2026-08-19,8215,0.34125804357425715
2026-08-19,8216,0.29401082989412564
2026-08-19,8217,0.17549152270458004
2026-08-19,8222,0.180430818375441
2026-08-19,8225,0.1819594629470932
2026-08-19,9302,0.06908930143103333
2026-08-20,050304,0.09181153013897003
2026-08-20,07011,0.03616315826659279
2026-08-20,07013,0.09181153013897003
2026-08-20,10750,0.08303776117800536
2026-08-20,10752,0.0
2026-08-20,10755,0.0
2026-08-20,10757,0.0
2026-08-20,10762,0.09181153013897003
2026-08-20,12100,0.2008448025977075
2026-08-20,12105,0.09149264283192644
2026-08-20,12121,0.10703953148658714
2026-08-20,12125,0.08423768603528739
2026-08-20,12130,0.49134623511237235
2026-08-20,12132,0.0
2026-08-20,12134,0.3166350880320342
2026-08-20,12136,0.6935487170349389
2026-08-20,12138,0.4167944672366932
2026-08-20,1297,0.0
2026-08-20,1298,0.0
2026-08-20,1299,0.0
2026-08-20,13014,0.04863036664541595
2026-08-20,13016,0.0
2026-08-20,1302,0.0
2026-08-20,1303,0.0
2026-08-20,1306,0.08139257046783711
2026-08-20,1307,0.16678839004204934
2026-08-20,1308,0.16919902326458963
2026-08-20,1309,0.02123311111954898
2026-08-20,14210,0.0
2026-08-20,14218,0.15755096938029625
2026-08-20,15026,0.17105489206910313
2026-08-20,15030,0.19620228516074503
2026-08-20,15032,0.0
2026-08-20,15034,0.24560404534900937
2026-08-20,15041,0.08062925769489088
2026-08-20,15043,0.11106919519456164
2026-08-20,15045,0.09859485378131452
2026-08-20,17114,0.0967221379320805
2026-08-20,17115,0.0
2026-08-20,17143,0.0
2026-08-20,17222,0.4095643572102726
2026-08-20,17322,0.5564013419867682
2026-08-20,17323,0.0
2026-08-20,17400,0.5766523176151254
2026-08-20,17501,0.21401702312260049
2026-08-20,17504,0.6297486522293795
2026-08-20,17505,0.0
2026-08-20,17507,0.6593625346506862
2026-08-20,17508,0.0
2026-08-20,17521,0.08418472851698298
2026-08-20,17700,0.14575773032786782
2026-08-20,17704,0.13140676160896328
2026-08-20,17706,0.14114749777297866
2026-08-20,18100,0.0
2026-08-20,18101,0.13495733480500338
2026-08-20,18121,0.16107195201992036
2026-08-20,191070,0.09181153013897003
2026-08-20,20002,0.3254008648688522
2026-08-20,21008,0.0
2026-08-20,21010,0.02933316765362241
2026-08-20,210377,0.09181153013897003
2026-08-20,26001,0.2358176186076568
2026-08-20,26004,0.0
2026-08-20,26005,0.07966481681921794
2026-08-20,26006,0.0
2026-08-20,26007,0.0
2026-08-20,26008,0.07256092532138465
2026-08-20,26009,0.29128191413285126
2026-08-20,26010,0.0
2026-08-20,26020,0.026530078749336657
2026-08-20,26093,0.0
2026-08-20,26100,0.07937596611187366
2026-08-20,26101,0.2296449412298706
2026-08-20,26104,0.0
2026-08-20,26107,0.0
2026-08-20,26111,0.0
2026-08-20,26117,0.0
2026-08-20,26121,0.0
2026-08-20,26123,0.09214585043581576
2026-08-20,26124,0.0
2026-08-20,26127,0.0
2026-08-20,26141,0.0
2026-08-20,26142,0.0
2026-08-20,26151,0.0
2026-08-20,2621,0.08673366293406813
2026-08-20,2721,0.12140602224001114
2026-08-20,300675,0.09181153013897003
2026-08-20,3525,0.0
2026-08-20,3527,0.0
2026-08-20,4004,0.2039609953137613
2026-08-20,44016,0.03616315826659279
2026-08-20,44017,0.0
2026-08-20,44018,0.0
2026-08-20,44019,0.0
2026-08-20,44022,0.48465045654505695
2026-08-20,44031,0.0
2026-08-20,44033,0.0
2026-08-20,44052,0.039747300688268074
2026-08-20,44056,0.017816878975754888
2026-08-20,44060,0.0
2026-08-20,44068,0.09181153013897003
2026-08-20,44071,0.27866005658679965
2026-08-20,44072,0.24707379726294473
2026-08-20,4500,0.13112310728934465
2026-08-20,45002,0.0
2026-08-20,45003,0.07993287315637009
2026-08-20,45005,0.15384167525747425
2026-08-20,45006,0.18858366962460182
2026-08-20,4502,0.09720151152031052
2026-08-20,45117,0.021543383488949523
2026-08-20,45120,0.0
2026-08-20,45203,0.18795684122034387
2026-08-20,45207,0.1465993832862453
2026-08-20,45212,0.045057494445554735
2026-08-20,45215,0.0
2026-08-20,45225,0.18845499946789634
2026-08-20,4614,0.024042286977776165
2026-08-20,4616,0.588821150852064
2026-08-20,4620,0.5943685931922149
2026-08-20,4622,0.09181153013897003
2026-08-20,4700,0.09853485671595362
2026-08-20,4703,0.0
2026-08-20,4706,0.09548173561985328
2026-08-20,4708,0.0
2026-08-20,4710,0.0
2026-08-20,6153,0.14576265703550575
2026-08-20,6210,0.02008168793844511
2026-08-20,6304,0.0
2026-08-20,6307,0.0
2026-08-20,7002,0.09181153013897003
2026-08-20,7151,0.0
2026-08-20,7152,0.0
2026-08-20,7153,0.0
2026-08-20,7154,0.0
2026-08-20,7160,0.1081335624788882
2026-08-20,7161,0.07111677451160735
2026-08-20,7162,0.09828485476071887
2026-08-20,7706,0.0
2026-08-20,7707,0.0
2026-08-20,7715,0.08714909262071567
2026-08-20,7716,0.0
2026-08-20,8029,0.02012908642913336
2026-08-20,8050,0.0
2026-08-20,8118,0.10322761480414204
2026-08-20,8123,0.0457532762716196
2026-08-20,8143,0.09603578005737225
2026-08-20,8153,0.0
2026-08-20,8154,0.0932470455001164
2026-08-20,8166,0.0
2026-08-20,8168,0.0
2026-08-20,8169,0.0
2026-08-20,8170,0.0
2026-08-20,8202,0.19141310351319435
2026-08-20,8203,0.0
2026-08-20,8205,0.526691845744121
2026-08-20,8206,0.2825941158854774
2026-08-20,8207,0.22617231245342168
2026-08-20,8208,0.0
2026-08-20,8210,0.29369891107244034
2026-08-20,8212,0.17828603639225696
2026-08-20,8213,0.22742591703185888
2026-08-20,8215,0.29162493547814783
2026-08-20,8216,0.2577299525204906
2026-08-20,8217,0.16346865836802574
2026-08-20,8222,0.1616150802301799
2026-08-20,8225,0.1723646844075396
2026-08-20,9302,0.06902562667936854
2026-08-21,050304,0.08416036868323169
2026-08-21,07011,0.037569137254923494
2026-08-21,07013,0.08416036868323169
2026-08-21,10750,0.06258529517784413
2026-08-21,10752,0.0
2026-08-21,10755,0.0
2026-08-21,10757,0.0
2026-08-21,10762,0.08416036868323169
2026-08-21,12100,0.15608123741806196
2026-08-21,12105,0.08386805601521963
2026-08-21,12121,0.10072503631952393
2026-08-21,12125,0.07096215352506235
2026-08-21,12130,0.4919380260086173
2026-08-21,12132,0.0
2026-08-21,12134,0.3170670229354946
2026-08-21,12136,0.7279503687330116
2026-08-21,12138,0.41731145363570205
2026-08-21,1297,0.0
2026-08-21,1298,0.0
2026-08-21,1299,0.0
2026-08-21,13014,0.044704786853306984
2026-08-21,13016,0.0
2026-08-21,1302,0.0
2026-08-21,1303,0.0
2026-08-21,1306,0.07611599010292029
2026-08-21,1307,0.16678839004204934
2026-08-21,1308,0.1551828784366903
2026-08-21,1309,0.02228632349707891
2026-08-21,14210,0.0
2026-08-21,14218,0.12289774834237234
2026-08-21,15026,0.15717305814153654
2026-08-21,15030,0.15094087319799654
2026-08-21,15032,0.0
2026-08-21,15034,0.2282287958900791
2026-08-21,15041,0.08107515603326292
2026-08-21,15043,0.09982270947282279
2026-08-21,15045,0.08709301303428076
2026-08-21,17114,0.0794699348202811
2026-08-21,17115,0.0
2026-08-21,17143,0.0
2026-08-21,17222,0.4285935821540395
2026-08-21,17322,0.5658308635490455
2026-08-21,17323,0.0
2026-08-21,17400,0.5865881635034319
2026-08-21,17501,0.19667404382817452
2026-08-21,17504,0.6617692124371026
2026-08-21,17505,0.0
2026-08-21,17507,0.6897888241434543
2026-08-21,17508,0.0
2026-08-21,17521,0.08710167706202712
2026-08-21,17700,0.1090271369008355
2026-08-21,17704,0.10189202667417897
2026-08-21,17706,0.13574615064759368
2026-08-21,18100,0.0
2026-08-21,18101,0.10633209150294985
2026-08-21,18121,0.12259980792897886
2026-08-21,191070,0.08416036868323169
2026-08-21,20002,0.33931277542413935
2026-08-21,21008,0.0
2026-08-21,21010,0.030788161934536432
2026-08-21,210377,0.08416036868323169
2026-08-21,26001,0.21029791255663688
2026-08-21,26004,0.0
2026-08-21,26005,0.08149192883431973
2026-08-21,26006,0.0
2026-08-21,26007,0.0
2026-08-21,26008,0.07693922346713672
2026-08-21,26009,0.23019670999650865
2026-08-21,26010,0.0
2026-08-21,26020,0.027846033211135685
2026-08-21,26093,0.0
2026-08-21,26100,0.08069573006462133
2026-08-21,26101,0.20665499267619494
2026-08-21,26104,0.0
2026-08-21,26107,0.0
2026-08-21,26111,0.0
2026-08-21,26117,0.0
2026-08-21,26121,0.0
2026-08-21,26123,0.09428368610556519
2026-08-21,26124,0.0
2026-08-21,26127,0.0
2026-08-21,26141,0.0
2026-08-21,26142,0.0
2026-08-21,26151,0.0
2026-08-21,2621,0.07481138081080395
2026-08-21,2721,0.10242232768368026
2026-08-21,300675,0.08416036868323169
2026-08-21,3525,0.0
2026-08-21,3527,0.0
2026-08-21,4004,0.16635586358226584
2026-08-21,44016,0.037569137254923494
2026-08-21,44017,0.0
2026-08-21,44018,0.0
2026-08-21,44019,0.0
2026-08-21,44022,0.49118243351338403
2026-08-21,44031,0.0
2026-08-21,44033,0.0
2026-08-21,44052,0.03916252116309525
2026-08-21,44056,0.018268365539378432
2026-08-21,44060,0.0
2026-08-21,44068,0.08416036868323169
2026-08-21,44071,0.261000032582903
2026-08-21,44072,0.20921006601715808
2026-08-21,4500,0.1056286080918552
2026-08-21,45002,0.0
2026-08-21,45003,0.07123909243872226
2026-08-21,45005,0.13921254657535242
2026-08-21,45006,0.16358675184682642
2026-08-21,4502,0.08028411629678182
2026-08-21,45117,0.02132351756779007
2026-08-21,45120,0.0
2026-08-21,45203,0.15322070267401106
2026-08-21,45207,0.12956018358129984
2026-08-21,45212,0.04681164533695311
2026-08-21,45215,0.0
2026-08-21,45225,0.1678166089632684
2026-08-21,4614,0.024071002990221885
2026-08-21,4616,0.6399503776768319
2026-08-21,4620,0.6652561135967162
2026-08-21,4622,0.08416036868323169
2026-08-21,4700,0.0879762715766452
2026-08-21,4703,0.0
2026-08-21,4706,0.08613600248771787
2026-08-21,4708,0.0
2026-08-21,4710,0.0
2026-08-21,6153,0.13892321425452256
2026-08-21,6210,0.021077787011227294
2026-08-21,6304,0.0
2026-08-21,6307,0.0
2026-08-21,7002,0.08416036868323169
2026-08-21,7151,0.0
2026-08-21,7152,0.0
2026-08-21,7153,0.0
2026-08-21,7154,0.0
2026-08-21,7160,0.08581852023094971
2026-08-21,7161,0.06221268465277897
2026-08-21,7162,0.08256484823102235
2026-08-21,7706,0.0
2026-08-21,7707,0.0
2026-08-21,7715,0.08348074984315078
2026-08-21,7716,0.0
2026-08-21,8029,0.02063977671563878
2026-08-21,8050,0.0
2026-08-21,8118,0.08936139957646153
2026-08-21,8123,0.04564226904213732
2026-08-21,8143,0.08744509878196358
2026-08-21,8153,0.0
2026-08-21,8154,0.08445475108679852
2026-08-21,8166,0.0
2026-08-21,8168,0.0
2026-08-21,8169,0.0
2026-08-21,8170,0.0
2026-08-21,8202,0.1715768766719177
2026-08-21,8203,0.0
2026-08-21,8205,0.5486164263553532
2026-08-21,8206,0.2696080915205352
2026-08-21,8207,0.18474227913640112
2026-08-21,8208,0.0
2026-08-21,8210,0.2999087188899954
2026-08-21,8212,0.14741500601831176
2026-08-21,8213,0.20608522207853128
2026-08-21,8215,0.2875496562354484
2026-08-21,8216,0.24155373678146655
2026-08-21,8217,0.12390658013697073
2026-08-21,8222,0.14467718212171046
2026-08-21,8225,0.13388268067818526
2026-08-21,9302,0.06032510852548731
2026-08-22,050304,0.017770134261912686
2026-08-22,07011,0.0171481037070901
2026-08-22,07013,0.017770134261912686
2026-08-22,10750,0.010065945645178459
2026-08-22,10752,0.0
2026-08-22,10755,0.0
2026-08-22,10757,0.0
2026-08-22,10762,0.017770134261912686
2026-08-22,12100,0.023971373434879595
2026-08-22,12105,0.017708413579858837
2026-08-22,12121,0.017404565148637637
2026-08-22,12125,0.010681220679148746
2026-08-22,12130,0.039386372003552
2026-08-22,12132,0.0
2026-08-22,12134,0.03678770089974267
2026-08-22,12136,0.048106583499059795
2026-08-22,12138,0.01540152431705951
2026-08-22,1297,0.0
2026-08-22,1298,0.0
2026-08-22,1299,0.0
2026-08-22,13014,0.01017958583933076
2026-08-22,13016,0.0
2026-08-22,1302,0.0
2026-08-22,1303,0.0
2026-08-22,1306,0.014301852945987402
2026-08-22,1307,0.010247009234840896
2026-08-22,1308,0.010247009234840896
2026-08-22,1309,0.020962983297951956
2026-08-22,14210,0.0
2026-08-22,14218,0.011967379895966882
2026-08-22,15026,0.011587449918665896
2026-08-22,15030,0.014577096518189081
2026-08-22,15032,0.0
2026-08-22,15034,0.02590373819265671
2026-08-22,15041,0.013336347195017499
2026-08-22,15043,0.013336347195017499
2026-08-22,15045,0.013336347195017499
2026-08-22,17114,0.011969155975793934
2026-08-22,17115,0.0
2026-08-22,17143,0.0
2026-08-22,17222,0.04672632041923089
2026-08-22,17322,0.04553021833255718
2026-08-22,17323,0.0
2026-08-22,17400,0.04428278750299525
2026-08-22,17501,0.015575140108162413
2026-08-22,17504,0.04899753380257174
2026-08-22,17505,0.0
2026-08-22,17507,0.050256489125334
2026-08-22,17508,0.0
2026-08-22,17521,0.018925454824353212
2026-08-22,17700,0.02052975526158735
2026-08-22,17704,0.01713404319692853
2026-08-22,17706,0.010716273431694208
2026-08-22,18100,0.0
2026-08-22,18101,0.016299170861117467
2026-08-22,18121,0.013864325548208024
2026-08-22,191070,0.017770134261912686
2026-08-22,20002,0.023082766980956345
2026-08-22,21008,0.0
2026-08-22,21010,0.017038283614185357
2026-08-22,210377,0.017770134261912686
2026-08-22,26001,0.030813415642086426
2026-08-22,26004,0.0
2026-08-22,26005,0.03126951628496707
2026-08-22,26006,0.0
2026-08-22,26007,0.0
2026-08-22,26008,0.028829236100996622
2026-08-22,26009,0.03061867479013643
2026-08-22,26010,0.0
2026-08-22,26020,0.01591621735650065
2026-08-22,26093,0.0
2026-08-22,26100,0.027814573287508366
2026-08-22,26101,0.03047579333205817
2026-08-22,26104,0.0
2026-08-22,26107,0.0
2026-08-22,26111,0.0
2026-08-22,26117,0.0
2026-08-22,26121,0.0
2026-08-22,26123,0.03009324918424619
2026-08-22,26124,0.0
2026-08-22,26127,0.0
2026-08-22,26141,0.0
2026-08-22,26142,0.0
2026-08-22,26151,0.0
2026-08-22,2621,0.0166870315201266
2026-08-22,2721,0.02119514494993588
2026-08-22,300675,0.017770134261912686
2026-08-22,3525,0.0
2026-08-22,3527,0.0
2026-08-22,4004,0.028464205138733337
2026-08-22,44016,0.0171481037070901
2026-08-22,44017,0.0
2026-08-22,44018,0.0
2026-08-22,44019,0.0
2026-08-22,44022,0.04578764949589258
2026-08-22,44031,0.0
2026-08-22,44033,0.0
2026-08-22,44052,0.01018933511563133
2026-08-22,44056,0.012030531667610136
2026-08-22,44060,0.0
2026-08-22,44068,0.017770134261912686
2026-08-22,44071,0.025447439525174195
2026-08-22,44072,0.01856102528634822
2026-08-22,4500,0.02654966768022201
2026-08-22,45002,0.0
2026-08-22,45003,0.014403968892443032
2026-08-22,45005,0.01747552652548506
2026-08-22,45006,0.02457857690768263
2026-08-22,4502,0.015292451179600767
2026-08-22,45117,0.009766681408015766
2026-08-22,45120,0.0
2026-08-22,45203,0.01561129277884447
2026-08-22,45207,0.02438886318787162
2026-08-22,45212,0.017927813745653057
2026-08-22,45215,0.0
2026-08-22,45225,0.02899045948828812
2026-08-22,4614,0.011147627524806449
2026-08-22,4616,0.05760019017029966
2026-08-22,4620,0.07720982152949563
2026-08-22,4622,0.017770134261912686
2026-08-22,4700,0.013575324990206908
2026-08-22,4703,0.0
2026-08-22,4706,0.012242584468594692
2026-08-22,4708,0.0
2026-08-22,4710,0.0
2026-08-22,6153,0.01903427028533241
2026-08-22,6210,0.016889713912133293
2026-08-22,6304,0.0
2026-08-22,6307,0.0
2026-08-22,7002,0.017770134261912686
2026-08-22,7151,0.0
2026-08-22,7152,0.0
2026-08-22,7153,0.0
2026-08-22,7154,0.0
2026-08-22,7160,0.010114768790612292
2026-08-22,7161,0.010922198032307139
2026-08-22,7162,0.010114768790612292
2026-08-22,7706,0.0
2026-08-22,7707,0.0
2026-08-22,7715,0.014834088294630534
2026-08-22,7716,0.0
2026-08-22,8029,0.011664102858734276
2026-08-22,8050,0.0
2026-08-22,8118,0.013749159901935266
2026-08-22,8123,0.014129990146763374
2026-08-22,8143,0.01415741684352346
2026-08-22,8153,0.0
2026-08-22,8154,0.014119298122237443
2026-08-22,8166,0.0
2026-08-22,8168,0.0
2026-08-22,8169,0.0
2026-08-22,8170,0.0
2026-08-22,8202,0.012076661510929397
2026-08-22,8203,0.0
2026-08-22,8205,0.02506129695533776
2026-08-22,8206,0.01770539705131688
2026-08-22,8207,0.01832709497721308
2026-08-22,8208,0.0
2026-08-22,8210,0.02108506862545678
2026-08-22,8212,0.022843570664420606
2026-08-22,8213,0.017426215979357722
2026-08-22,8215,0.03285253789082507
2026-08-22,8216,0.01871268674463274
2026-08-22,8217,0.015555592483980247
2026-08-22,8222,0.02008961058619321
2026-08-22,8225,0.015222284457913375
2026-08-22,9302,0.012359290946361743
2026-08-23,050304,0.017941287465882694
2026-08-23,07011,0.017313265818316742
2026-08-23,07013,0.017941287465882694
2026-08-23,10750,0.010065945645178459
2026-08-23,10752,0.0
2026-08-23,10755,0.0
2026-08-23,10757,0.0
2026-08-23,10762,0.017941287465882694
2026-08-23,12100,0.02331430514647283
2026-08-23,12105,0.017878972320538415
2026-08-23,12121,0.017386148524752416
2026-08-23,12125,0.010726578733976658
2026-08-23,12130,0.03926117377565523
2026-08-23,12132,0.0
2026-08-23,12134,0.03659553228143568
2026-08-23,12136,0.04924790420962407
2026-08-23,12138,0.01528692476796925
2026-08-23,1297,0.0
2026-08-23,1298,0.0
2026-08-23,1299,0.0
2026-08-23,13014,0.01017958583933076
2026-08-23,13016,0.0
2026-08-23,1302,0.0
2026-08-23,1303,0.0
2026-08-23,1306,0.014439601368049698
2026-08-23,1307,0.010247009234840896
2026-08-23,1308,0.010247009234840896
2026-08-23,1309,0.021164888455410685
2026-08-23,14210,0.0
2026-08-23,14218,0.01185519970919911
2026-08-23,15026,0.011428325386689335
2026-08-23,15030,0.014468631365413306
2026-08-23,15032,0.0
2026-08-23,15034,0.025710993847647783
2026-08-23,15041,0.013464796339972804
2026-08-23,15043,0.013464796339972804
2026-08-23,15045,0.013464796339972804
2026-08-23,17114,0.011969155975793934
2026-08-23,17115,0.0
2026-08-23,17143,0.0
2026-08-23,17222,0.04872249391408229
2026-08-23,17322,0.0453572178013186
2026-08-23,17323,0.0
2026-08-23,17400,0.0452117970480729
2026-08-23,17501,0.015503054249607637
2026-08-23,17504,0.05043166544870529
2026-08-23,17505,0.0
2026-08-23,17507,0.052403473322595776
2026-08-23,17508,0.0
2026-08-23,17521,0.019121485256942405
2026-08-23,17700,0.02052975526158735
2026-08-23,17704,0.01713404319692853
2026-08-23,17706,0.010543815183025983
2026-08-23,18100,0.0
2026-08-23,18101,0.016299170861117467
2026-08-23,18121,0.013768171338332176
2026-08-23,191070,0.017941287465882694
2026-08-23,20002,0.023060218817770574
2026-08-23,21008,0.0
2026-08-23,21010,0.017202387992224174
2026-08-23,210377,0.017941287465882694
2026-08-23,26001,0.02902860511099616
2026-08-23,26004,0.0
2026-08-23,26005,0.028451090319812234
2026-08-23,26006,0.0
2026-08-23,26007,0.0
2026-08-23,26008,0.026953625614266993
2026-08-23,26009,0.02884514426537299
2026-08-23,26010,0.0
2026-08-23,26020,0.016069514543539172
2026-08-23,26093,0.0
2026-08-23,26100,0.02578063952601336
2026-08-23,26101,0.028335727491384972
2026-08-23,26104,0.0
2026-08-23,26107,0.0
2026-08-23,26111,0.0
2026-08-23,26117,0.0
2026-08-23,26121,0.0
2026-08-23,26123,0.0278154199794145
2026-08-23,26124,0.0
2026-08-23,26127,0.0
2026-08-23,26141,0.0
2026-08-23,26142,0.0
2026-08-23,26151,0.0
2026-08-23,2621,0.01657371736415059
2026-08-23,2721,0.021037436270966037
2026-08-23,300675,0.017941287465882694
2026-08-23,3525,0.0
2026-08-23,3527,0.0
2026-08-23,4004,0.026769590969037405
2026-08-23,44016,0.017313265818316742
2026-08-23,44017,0.0
2026-08-23,44018,0.0
2026-08-23,44019,0.0
2026-08-23,44022,0.04611784568153368
2026-08-23,44031,0.0
2026-08-23,44033,0.0
2026-08-23,44052,0.01018933511563133
2026-08-23,44056,0.012257451389245645
2026-08-23,44060,0.0
2026-08-23,44068,0.017941287465882694
2026-08-23,44071,0.026192272489281583
2026-08-23,44072,0.01935260707357915
2026-08-23,4500,0.02571256293144018
2026-08-23,45002,0.0
2026-08-23,45003,0.014304072056991978
2026-08-23,45005,0.017757691031757197
2026-08-23,45006,0.023259680780809026
2026-08-23,4502,0.015292451179600767
2026-08-23,45117,0.009766681408015766
2026-08-23,45120,0.0
2026-08-23,45203,0.015044760208604645
2026-08-23,45207,0.02486180218613296
2026-08-23,45212,0.018100485640953404
2026-08-23,45215,0.0
2026-08-23,45225,0.02927583591050507
2026-08-23,4614,0.01113516123517697
2026-08-23,4616,0.052385204391489436
2026-08-23,4620,0.07021942583687144
2026-08-23,4622,0.017941287465882694
2026-08-23,4700,0.013618032249216877
2026-08-23,4703,0.0
2026-08-23,4706,0.012149659042198757
2026-08-23,4708,0.0
2026-08-23,4710,0.0
2026-08-23,6153,0.019231427831752475
2026-08-23,6210,0.017052387339783995
2026-08-23,6304,0.0
2026-08-23,6307,0.0
2026-08-23,7002,0.017941287465882694
2026-08-23,7151,0.0
2026-08-23,7152,0.0
2026-08-23,7153,0.0
2026-08-23,7154,0.0
2026-08-23,7160,0.010114768790612292
2026-08-23,7161,0.010936651612798335
2026-08-23,7162,0.010114768790612292
2026-08-23,7706,0.0
2026-08-23,7707,0.0
2026-08-23,7715,0.014303039998443321
2026-08-23,7716,0.0
2026-08-23,8029,0.011763126274207874
2026-08-23,8050,0.0
2026-08-23,8118,0.013322432640422925
2026-08-23,8123,0.014240215382422766
2026-08-23,8143,0.014085602196646067
2026-08-23,8153,0.0
2026-08-23,8154,0.014021375583544543
2026-08-23,8166,0.0
2026-08-23,8168,0.0
2026-08-23,8169,0.0
2026-08-23,8170,0.0
2026-08-23,8202,0.012049080711641194
2026-08-23,8203,0.0
2026-08-23,8205,0.026131929016240545
2026-08-23,8206,0.017537346027989138
2026-08-23,8207,0.01917423877038294
2026-08-23,8208,0.0
2026-08-23,8210,0.0219858340773398
2026-08-23,8212,0.02273784459118044
2026-08-23,8213,0.017419339261268978
2026-08-23,8215,0.033949939705934226
2026-08-23,8216,0.018651076946411348
2026-08-23,8217,0.015172075609531299
2026-08-23,8222,0.02008961058619321
2026-08-23,8225,0.014642590985213515
2026-08-23,9302,0.012359290946361743
2026-08-24,050304,0.06413737676026483
2026-08-24,07011,0.02597422052493316
2026-08-24,07013,0.06413737676026483
2026-08-24,10750,0.07290804981578894
2026-08-24,10752,0.0
2026-08-24,10755,0.0
2026-08-24,10757,0.0
2026-08-24,10762,0.06413737676026483
2026-08-24,12100,0.18383071241837526
2026-08-24,12105,0.06391460958358272
2026-08-24,12121,0.07283550965614084
2026-08-24,12125,0.06693119162662896
2026-08-24,12130,0.5222130976762978
2026-08-24,12132,0.0
2026-08-24,12134,0.32143658129093206
2026-08-24,12136,0.708348162915367
2026-08-24,12138,0.4683093757377218
2026-08-24,1297,0.0
2026-08-24,1298,0.0
2026-08-24,1299,0.0
2026-08-24,13014,0.04738941592325065
2026-08-24,13016,0.0
2026-08-24,1302,0.0
2026-08-24,1303,0.0
2026-08-24,1306,0.05683627535579417
2026-08-24,1307,0.15597269449928763
2026-08-24,1308,0.15655093584817112
2026-08-24,1309,0.018233256469503054
2026-08-24,14210,0.0
2026-08-24,14218,0.1286863700362121
2026-08-24,15026,0.16607590628672148
2026-08-24,15030,0.1711632519918241
2026-08-24,15032,0.0
2026-08-24,15034,0.24379615093899865
2026-08-24,15041,0.06624054363892602
2026-08-24,15043,0.08457314607448957
2026-08-24,15045,0.07935035076478728
2026-08-24,17114,0.10213313286512841
2026-08-24,17115,0.0
2026-08-24,17143,0.0
2026-08-24,17222,0.4574474060496537
2026-08-24,17322,0.5846698502454147
2026-08-24,17323,0.0
2026-08-24,17400,0.6213980315842372
2026-08-24,17501,0.22481146662900298
2026-08-24,17504,0.6474842806472544
2026-08-24,17505,0.0
2026-08-24,17507,0.7027586519062266
2026-08-24,17508,0.0
2026-08-24,17521,0.06943013294497889
2026-08-24,17700,0.13145213113163878
2026-08-24,17704,0.11493333803654693
2026-08-24,17706,0.13853177351282972
2026-08-24,18100,0.0
2026-08-24,18101,0.12557068755983994
2026-08-24,18121,0.1382432838980197
2026-08-24,191070,0.06413737676026483
2026-08-24,20002,0.3194545546631364
2026-08-24,21008,0.0
2026-08-24,21010,0.02354273318082893
2026-08-24,210377,0.06413737676026483
2026-08-24,26001,0.2758823804016902
2026-08-24,26004,0.0
2026-08-24,26005,0.09680749891397779
2026-08-24,26006,0.0
2026-08-24,26007,0.0
2026-08-24,26008,0.0870226066716537
2026-08-24,26009,0.3018906593268751
2026-08-24,26010,0.0
2026-08-24,26020,0.023524496943878283
2026-08-24,26093,0.0
2026-08-24,26100,0.08881099059217984
2026-08-24,26101,0.22765118279455798
2026-08-24,26104,0.0
2026-08-24,26107,0.0
2026-08-24,26111,0.0
2026-08-24,26117,0.0
2026-08-24,26121,0.0
2026-08-24,26123,0.09883757584083916
2026-08-24,26124,0.0
2026-08-24,26127,0.0
2026-08-24,26141,0.0
2026-08-24,26142,0.0
2026-08-24,26151,0.0
2026-08-24,2621,0.08325226296076851
2026-08-24,2721,0.09808312920532083
2026-08-24,300675,0.06413737676026483
2026-08-24,3525,0.0
2026-08-24,3527,0.0
2026-08-24,4004,0.19556745029937647
2026-08-24,44016,0.02597422052493316
2026-08-24,44017,0.0
2026-08-24,44018,0.0
2026-08-24,44019,0.0
2026-08-24,44022,0.5221322776260624
2026-08-24,44031,0.0
2026-08-24,44033,0.0
2026-08-24,44052,0.0422539168408064
2026-08-24,44056,0.016989325828727395
2026-08-24,44060,0.0
2026-08-24,44068,0.06413737676026483
2026-08-24,44071,0.270816051070987
2026-08-24,44072,0.22085458496250965
2026-08-24,4500,0.09988115008354967
2026-08-24,45002,0.0
2026-08-24,45003,0.06310065548790118
2026-08-24,45005,0.10666281153016453
2026-08-24,45006,0.17308112777085533
2026-08-24,4502,0.10052388259373098
2026-08-24,45117,0.01816598918890459
2026-08-24,45120,0.0
2026-08-24,45203,0.1445598097629638
2026-08-24,45207,0.12300257597581055
2026-08-24,45212,0.03970947577245477
2026-08-24,45215,0.0
2026-08-24,45225,0.13493965462513932
2026-08-24,4614,0.022256837986164804
2026-08-24,4616,0.8022333938464653
2026-08-24,4620,0.8444730538264787
2026-08-24,4622,0.06413737676026483
2026-08-24,4700,0.08782095516770327
2026-08-24,4703,0.0
2026-08-24,4706,0.07192843890248099
2026-08-24,4708,0.0
2026-08-24,4710,0.0
2026-08-24,6153,0.10209878437112442
2026-08-24,6210,0.017244508563094323
2026-08-24,6304,0.0
2026-08-24,6307,0.0
2026-08-24,7002,0.06413737676026483
2026-08-24,7151,0.0
2026-08-24,7152,0.0
2026-08-24,7153,0.0
2026-08-24,7154,0.0
2026-08-24,7160,0.10041906317341827
2026-08-24,7161,0.06614353391804256
2026-08-24,7162,0.08722616551141711
2026-08-24,7706,0.0
2026-08-24,7707,0.0
2026-08-24,7715,0.06431672307588343
2026-08-24,7716,0.0
2026-08-24,8029,0.01935179121394503
2026-08-24,8050,0.0
2026-08-24,8118,0.07915973545604092
2026-08-24,8123,0.03823819806442351
2026-08-24,8143,0.07509350983391141
2026-08-24,8153,0.0
2026-08-24,8154,0.06753499913849682
2026-08-24,8166,0.0
2026-08-24,8168,0.0
2026-08-24,8169,0.0
2026-08-24,8170,0.0
2026-08-24,8202,0.20731418589483527
2026-08-24,8203,0.0
2026-08-24,8205,0.5755360685971428
2026-08-24,8206,0.28406825679167463
2026-08-24,8207,0.20141141955078334
2026-08-24,8208,0.0
2026-08-24,8210,0.30769119120887
2026-08-24,8212,0.18569888925819042
2026-08-24,8213,0.25044124321967554
2026-08-24,8215,0.3052113435247902
2026-08-24,8216,0.26933477838064857
2026-08-24,8217,0.14834941360531664
2026-08-24,8222,0.16222584315596408
2026-08-24,8225,0.1323421913109823
2026-08-24,9302,0.058358833516708404
2026-08-25,050304,0.06547995838965917
2026-08-25,07011,0.026509824690764967
2026-08-25,07013,0.06547995838965917
2026-08-25,10750,0.07200850788920364
2026-08-25,10752,0.0
2026-08-25,10755,0.0
2026-08-25,10757,0.0
2026-08-25,10762,0.06547995838965917
2026-08-25,12100,0.18303620163712936
2026-08-25,12105,0.06525252804877933
2026-08-25,12121,0.07347220555120527
2026-08-25,12125,0.06566186315323566
2026-08-25,12130,0.4898445862614287
2026-08-25,12132,0.0
2026-08-25,12134,0.31480371584339095
2026-08-25,12136,0.6902114826392104
2026-08-25,12138,0.4383473984354136
2026-08-25,1297,0.0
2026-08-25,1298,0.0
2026-08-25,1299,0.0
2026-08-25,13014,0.04917736598066847
2026-08-25,13016,0.0
2026-08-25,1302,0.0
2026-08-25,1303,0.0
2026-08-25,1306,0.058028675352923574
2026-08-25,1307,0.15448409897864537
2026-08-25,1308,0.15288480246096736
2026-08-25,1309,0.018854571394889812
2026-08-25,14210,0.0
2026-08-25,14218,0.12862120181870285
2026-08-25,15026,0.15829865510869706
2026-08-25,15030,0.16780278151924422
2026-08-25,15032,0.0
2026-08-25,15034,0.24030797097005124
2026-08-25,15041,0.06763650783022915
2026-08-25,15043,0.08771336407357375
2026-08-25,15045,0.08007222096434205
2026-08-25,17114,0.09846477916158096
2026-08-25,17115,0.0
2026-08-25,17143,0.0
2026-08-25,17222,0.4583566262686471
2026-08-25,17322,0.5563471812731111
2026-08-25,17323,0.0
2026-08-25,17400,0.5870749918255365
2026-08-25,17501,0.20422128321552838
2026-08-25,17504,0.6605677062133005
2026-08-25,17505,0.0
2026-08-25,17507,0.6990194331848282
2026-08-25,17508,0.0
2026-08-25,17521,0.07083183986861821
2026-08-25,17700,0.12686763223879774
2026-08-25,17704,0.11378816813980075
2026-08-25,17706,0.13713445130736124
2026-08-25,18100,0.0
2026-08-25,18101,0.12116475740955579
2026-08-25,18121,0.13516732184887167
2026-08-25,191070,0.06547995838965917
2026-08-25,20002,0.3057383940258551
2026-08-25,21008,0.0
2026-08-25,21010,0.02434497339140859
2026-08-25,210377,0.06547995838965917
2026-08-25,26001,0.23362636777766252
2026-08-25,26004,0.0
2026-08-25,26005,0.08327326747838508
2026-08-25,26006,0.0
2026-08-25,26007,0.0
2026-08-25,26008,0.08053518397088258
2026-08-25,26009,0.26418365050275955
2026-08-25,26010,0.0
2026-08-25,26020,0.024326115737969927
2026-08-25,26093,0.0
2026-08-25,26100,0.0819660785925872
2026-08-25,26101,0.2028294710097423
2026-08-25,26104,0.0
2026-08-25,26107,0.0
2026-08-25,26111,0.0
2026-08-25,26117,0.0
2026-08-25,26121,0.0
2026-08-25,26123,0.08835531934992993
2026-08-25,26124,0.0
2026-08-25,26127,0.0
2026-08-25,26141,0.0
2026-08-25,26142,0.0
2026-08-25,26151,0.0
2026-08-25,2621,0.08107267257533488
2026-08-25,2721,0.09491601668167078
2026-08-25,300675,0.06547995838965917
2026-08-25,3525,0.0
2026-08-25,3527,0.0
2026-08-25,4004,0.17894554435781282
2026-08-25,44016,0.026509824690764967
2026-08-25,44017,0.0
2026-08-25,44018,0.0
2026-08-25,44019,0.0
2026-08-25,44022,0.5229264467500663
2026-08-25,44031,0.0
2026-08-25,44033,0.0
2026-08-25,44052,0.04171688425962294
2026-08-25,44056,0.017610398624067995
2026-08-25,44060,0.0
2026-08-25,44068,0.06547995838965917
2026-08-25,44071,0.27486256810587884
2026-08-25,44072,0.20605390215093383
2026-08-25,4500,0.09957650863042647
2026-08-25,45002,0.0
2026-08-25,45003,0.060666443386142
2026-08-25,45005,0.10794899607811534
2026-08-25,45006,0.16147750024635452
2026-08-25,4502,0.09690787199330272
2026-08-25,45117,0.01792986017797281
2026-08-25,45120,0.0
2026-08-25,45203,0.14386400328655885
2026-08-25,45207,0.12410924342483295
2026-08-25,45212,0.04053290009041411
2026-08-25,45215,0.0
2026-08-25,45225,0.13630715340434957
2026-08-25,4614,0.021865476229714367
2026-08-25,4616,0.7400161170342001
2026-08-25,4620,0.7528013113234344
2026-08-25,4622,0.06547995838965917
2026-08-25,4700,0.08602720541900354
2026-08-25,4703,0.0
2026-08-25,4706,0.07181048812345409
2026-08-25,4708,0.0
2026-08-25,4710,0.0
2026-08-25,6153,0.10418592891106564
2026-08-25,6210,0.017832130997360574
2026-08-25,6304,0.0
2026-08-25,6307,0.0
2026-08-25,7002,0.06547995838965917
2026-08-25,7151,0.0
2026-08-25,7152,0.0
2026-08-25,7153,0.0
2026-08-25,7154,0.0
2026-08-25,7160,0.09792839348693626
2026-08-25,7161,0.06468317165701522
2026-08-25,7162,0.08503437977042029
2026-08-25,7706,0.0
2026-08-25,7707,0.0
2026-08-25,7715,0.06484194138194213
2026-08-25,7716,0.0
2026-08-25,8029,0.020005801095783253
2026-08-25,8050,0.0
2026-08-25,8118,0.07880638590131468
2026-08-25,8123,0.03866721227827936
2026-08-25,8143,0.0719726983874832
2026-08-25,8153,0.0
2026-08-25,8154,0.06676060355944893
2026-08-25,8166,0.0
2026-08-25,8168,0.0
2026-08-25,8169,0.0
2026-08-25,8170,0.0
2026-08-25,8202,0.20078726188497328
2026-08-25,8203,0.0
2026-08-25,8205,0.5893239780021147
2026-08-25,8206,0.28561528137361397
2026-08-25,8207,0.19270080335034984
2026-08-25,8208,0.0
2026-08-25,8210,0.311443088521979
2026-08-25,8212,0.17065047702953232
2026-08-25,8213,0.23127354897030764
2026-08-25,8215,0.2957177432966906
2026-08-25,8216,0.2688599520253684
2026-08-25,8217,0.14495976124682272
2026-08-25,8222,0.15845001776428083
2026-08-25,8225,0.13137434290868255
2026-08-25,9302,0.05725423902706493
2026-08-26,050304,0.07612441290443688
2026-08-26,07011,0.031246540222080614
2026-08-26,07013,0.07612441290443688
2026-08-26,10750,0.08301713415810621
2026-08-26,10752,0.0
2026-08-26,10755,0.0
2026-08-26,10757,0.0
2026-08-26,10762,0.07612441290443688
2026-08-26,12100,0.20388444544903944
2026-08-26,12105,0.07586001137453506
2026-08-26,12121,0.08808968106638661
2026-08-26,12125,0.07936957264772022
2026-08-26,12130,0.5334850182540953
2026-08-26,12132,0.0
2026-08-26,12134,0.33473762034873883
2026-08-26,12136,0.7173733589319032
2026-08-26,12138,0.4675870954773353
2026-08-26,1297,0.0
2026-08-26,1298,0.0
2026-08-26,1299,0.0
2026-08-26,13014,0.051278442152724917
2026-08-26,13016,0.0
2026-08-26,1302,0.0
2026-08-26,1303,0.0
2026-08-26,1306,0.06749788230159234
2026-08-26,1307,0.1756412496992861
2026-08-26,1308,0.1706945255866007
2026-08-26,1309,0.01834633069783051
2026-08-26,14210,0.0
2026-08-26,14218,0.14386416264050167
2026-08-26,15026,0.1705842426035275
2026-08-26,15030,0.19696658251577268
2026-08-26,15032,0.0
2026-08-26,15034,0.26680917762545353
2026-08-26,15041,0.07121559027090363
2026-08-26,15043,0.09333624928980896
2026-08-26,15045,0.08456952167591889
2026-08-26,17114,0.09900252103463852
2026-08-26,17115,0.0
2026-08-26,17143,0.0
2026-08-26,17222,0.4845144303590742
2026-08-26,17322,0.5870678200098123
2026-08-26,17323,0.0
2026-08-26,17400,0.6148252669862446
2026-08-26,17501,0.22438043808806327
2026-08-26,17504,0.6884161771274172
2026-08-26,17505,0.0
2026-08-26,17507,0.723917941389619
2026-08-26,17508,0.0
2026-08-26,17521,0.07447351323746922
2026-08-26,17700,0.1490701673573007
2026-08-26,17704,0.13402799118716996
2026-08-26,17706,0.1480311832500325
2026-08-26,18100,0.0
2026-08-26,18101,0.14028860584818337
2026-08-26,18121,0.1581114430366623
2026-08-26,191070,0.07612441290443688
2026-08-26,20002,0.34207776300066783
2026-08-26,21008,0.0
2026-08-26,21010,0.025345131533399748
2026-08-26,210377,0.07612441290443688
2026-08-26,26001,0.23675083622642804
2026-08-26,26004,0.0
2026-08-26,26005,0.08116165079220582
2026-08-26,26006,0.0
2026-08-26,26007,0.0
2026-08-26,26008,0.07648494706490422
2026-08-26,26009,0.29668292339796054
2026-08-26,26010,0.0
2026-08-26,26020,0.022923140911116496
2026-08-26,26093,0.0
2026-08-26,26100,0.07943321222835362
2026-08-26,26101,0.22850627766378848
2026-08-26,26104,0.0
2026-08-26,26107,0.0
2026-08-26,26111,0.0
2026-08-26,26117,0.0
2026-08-26,26121,0.0
2026-08-26,26123,0.09211687741777497
2026-08-26,26124,0.0
2026-08-26,26127,0.0
2026-08-26,26141,0.0
2026-08-26,26142,0.0
2026-08-26,26151,0.0
2026-08-26,2621,0.08309133416114366
2026-08-26,2721,0.10991903684725607
2026-08-26,300675,0.07612441290443688
2026-08-26,3525,0.0
2026-08-26,3527,0.0
2026-08-26,4004,0.2040194586152458
2026-08-26,44016,0.031246540222080614
2026-08-26,44017,0.0
2026-08-26,44018,0.0
2026-08-26,44019,0.0
2026-08-26,44022,0.5690284553072676
2026-08-26,44031,0.0
2026-08-26,44033,0.0
2026-08-26,44052,0.04064498676072589
2026-08-26,44056,0.016923747077123494
2026-08-26,44060,0.0
2026-08-26,44068,0.07612441290443688
2026-08-26,44071,0.30375478660128513
2026-08-26,44072,0.23403559179927838
2026-08-26,4500,0.11394996729070965
2026-08-26,45002,0.0
2026-08-26,45003,0.07162857117686719
2026-08-26,45005,0.1278905300764746
2026-08-26,45006,0.19057774238488043
2026-08-26,4502,0.09927508336899862
2026-08-26,45117,0.021543383488949523
2026-08-26,45120,0.0
2026-08-26,45203,0.17288226310686627
2026-08-26,45207,0.12379134319994789
2026-08-26,45212,0.03893163318646859
2026-08-26,45215,0.0
2026-08-26,45225,0.15904154584492342
2026-08-26,4614,0.023385761505708067
2026-08-26,4616,0.7343491892505161
2026-08-26,4620,0.7452193282844659
2026-08-26,4622,0.07612441290443688
2026-08-26,4700,0.09132864073196971
2026-08-26,4703,0.0
2026-08-26,4706,0.08624428924779429
2026-08-26,4708,0.0
2026-08-26,4710,0.0
2026-08-26,6153,0.12002871736769666
2026-08-26,6210,0.01735145103395352
2026-08-26,6304,0.0
2026-08-26,6307,0.0
2026-08-26,7002,0.07612441290443688
2026-08-26,7151,0.0
2026-08-26,7152,0.0
2026-08-26,7153,0.0
2026-08-26,7154,0.0
2026-08-26,7160,0.10902777735916794
2026-08-26,7161,0.06677253752349807
2026-08-26,7162,0.10068906594036754
2026-08-26,7706,0.0
2026-08-26,7707,0.0
2026-08-26,7715,0.07799874565945197
2026-08-26,7716,0.0
2026-08-26,8029,0.019226482003038347
2026-08-26,8050,0.0
2026-08-26,8118,0.0918991562700403
2026-08-26,8123,0.04470617080432233
2026-08-26,8143,0.08729705881629397
2026-08-26,8153,0.0
2026-08-26,8154,0.08015163239097922
2026-08-26,8166,0.0
2026-08-26,8168,0.0
2026-08-26,8169,0.0
2026-08-26,8170,0.0
2026-08-26,8202,0.2041525210774657
2026-08-26,8203,0.0
2026-08-26,8205,0.6033277903338959
2026-08-26,8206,0.3077512303647494
2026-08-26,8207,0.21475945462384646
2026-08-26,8208,0.0
2026-08-26,8210,0.32888762847719494
2026-08-26,8212,0.19368698776797982
2026-08-26,8213,0.24369232349452952
2026-08-26,8215,0.3040563329204513
2026-08-26,8216,0.2738347185691241
2026-08-26,8217,0.14827843676834607
2026-08-26,8222,0.1780626534201322
2026-08-26,8225,0.15242416217973984
2026-08-26,9302,0.06625182623478257
2026-08-27,050304,0.07476794601103581
2026-08-27,07011,0.030718281870159892
2026-08-27,07013,0.07476794601103581
2026-08-27,10750,0.07774678582939894
2026-08-27,10752,0.0
2026-08-27,10755,0.0
2026-08-27,10757,0.0
2026-08-27,10762,0.07476794601103581
2026-08-27,12100,0.17555899167981853
2026-08-27,12105,0.07450825587276505
2026-08-27,12121,0.0865206129588164
2026-08-27,12125,0.0792977704386427
2026-08-27,12130,0.46397443789377746
2026-08-27,12132,0.0
2026-08-27,12134,0.3046822563861321
2026-08-27,12136,0.6203642471728161
2026-08-27,12138,0.40106066423719855
2026-08-27,1297,0.0
2026-08-27,1298,0.0
2026-08-27,1299,0.0
2026-08-27,13014,0.05028741682310397
2026-08-27,13016,0.0
2026-08-27,1302,0.0
2026-08-27,1303,0.0
2026-08-27,1306,0.06629539710207046
2026-08-27,1307,0.16678839004204934
2026-08-27,1308,0.1640225199294353
2026-08-27,1309,0.01803616508111433
2026-08-27,14210,0.0
2026-08-27,14218,0.13530952678464833
2026-08-27,15026,0.16164489329518617
2026-08-27,15030,0.17377117470122752
2026-08-27,15032,0.0
2026-08-27,15034,0.23320694921649954
2026-08-27,15041,0.06994706092222992
2026-08-27,15043,0.0916751565553061
2026-08-27,15045,0.08034524705174435
2026-08-27,17114,0.09281134459712058
2026-08-27,17115,0.0
2026-08-27,17143,0.0
2026-08-27,17222,0.3944849481715088
2026-08-27,17322,0.5081026002273191
2026-08-27,17323,0.0
2026-08-27,17400,0.5411021999153574
2026-08-27,17501,0.19837456861394512
2026-08-27,17504,0.5970945956671705
2026-08-27,17505,0.0
2026-08-27,17507,0.6282923712453055
2026-08-27,17508,0.0
2026-08-27,17521,0.07314609509874112
2026-08-27,17700,0.13395897808094975
2026-08-27,17704,0.12488124544886423
2026-08-27,17706,0.13702985262692385
2026-08-27,18100,0.0
2026-08-27,18101,0.12828021528616076
2026-08-27,18121,0.14722947904763717
2026-08-27,191070,0.07476794601103581
2026-08-27,20002,0.30370359005913217
2026-08-27,21008,0.0
2026-08-27,21010,0.024916643217000916
2026-08-27,210377,0.07476794601103581
2026-08-27,26001,0.2252227595749903
2026-08-27,26004,0.0
2026-08-27,26005,0.08116339416082435
2026-08-27,26006,0.0
2026-08-27,26007,0.0
2026-08-27,26008,0.0762999887484739
2026-08-27,26009,0.2782819844027055
2026-08-27,26010,0.0
2026-08-27,26020,0.02253559910480811
2026-08-27,26093,0.0
2026-08-27,26100,0.07934679167343889
2026-08-27,26101,0.224613609771474
2026-08-27,26104,0.0
2026-08-27,26107,0.0
2026-08-27,26111,0.0
2026-08-27,26117,0.0
2026-08-27,26121,0.0
2026-08-27,26123,0.09189411747329133
2026-08-27,26124,0.0
2026-08-27,26127,0.0
2026-08-27,26141,0.0
2026-08-27,26142,0.0
2026-08-27,26151,0.0
2026-08-27,2621,0.07902444049910412
2026-08-27,2721,0.10786659824489564
2026-08-27,300675,0.07476794601103581
2026-08-27,3525,0.0
2026-08-27,3527,0.0
2026-08-27,4004,0.19451644573192273
2026-08-27,44016,0.030718281870159892
2026-08-27,44017,0.0
2026-08-27,44018,0.0
2026-08-27,44019,0.0
2026-08-27,44022,0.4742851478808643
2026-08-27,44031,0.0
2026-08-27,44033,0.0
2026-08-27,44052,0.040606908460159165
2026-08-27,44056,0.016758055985823597
2026-08-27,44060,0.0
2026-08-27,44068,0.07476794601103581
2026-08-27,44071,0.2595106453488103
2026-08-27,44072,0.21091928146275998
2026-08-27,4500,0.11182413471659468
2026-08-27,45002,0.0
2026-08-27,45003,0.07156250980632758
2026-08-27,45005,0.12452513504078017
2026-08-27,45006,0.1799868578173867
2026-08-27,4502,0.09450375396031602
2026-08-27,45117,0.021543383488949523
2026-08-27,45120,0.0
2026-08-27,45203,0.16110351414598836
2026-08-27,45207,0.12053278094686479
2026-08-27,45212,0.038273449584748334
2026-08-27,45215,0.0
2026-08-27,45225,0.1548578925456815
2026-08-27,4614,0.022931282770850516
2026-08-27,4616,0.6038505110212238
2026-08-27,4620,0.6079372171333954
2026-08-27,4622,0.07476794601103581
2026-08-27,4700,0.09124574864232052
2026-08-27,4703,0.0
2026-08-27,4706,0.08616676326804823
2026-08-27,4708,0.0
2026-08-27,4710,0.0
2026-08-27,6153,0.11686905390012858
2026-08-27,6210,0.017058104991112204
2026-08-27,6304,0.0
2026-08-27,6307,0.0
2026-08-27,7002,0.07476794601103581
2026-08-27,7151,0.0
2026-08-27,7152,0.0
2026-08-27,7153,0.0
2026-08-27,7154,0.0
2026-08-27,7160,0.10140580063949794
2026-08-27,7161,0.06671130922531195
2026-08-27,7162,0.09440279283489747
2026-08-27,7706,0.0
2026-08-27,7707,0.0
2026-08-27,7715,0.07469318605143775
2026-08-27,7716,0.0
2026-08-27,8029,0.019038246101708466
2026-08-27,8050,0.0
2026-08-27,8118,0.09113899138129494
2026-08-27,8123,0.0445971029743069
2026-08-27,8143,0.08388642741554155
2026-08-27,8153,0.0
2026-08-27,8154,0.07948805185209869
2026-08-27,8166,0.0
2026-08-27,8168,0.0
2026-08-27,8169,0.0
2026-08-27,8170,0.0
2026-08-27,8202,0.17951956981534214
2026-08-27,8203,0.0
2026-08-27,8205,0.5035211256973694
2026-08-27,8206,0.26383004396418397
2026-08-27,8207,0.1954898430687624
2026-08-27,8208,0.0
2026-08-27,8210,0.2831000422006537
2026-08-27,8212,0.16388243940975133
2026-08-27,8213,0.2106883541847379
2026-08-27,8215,0.25263713332492055
2026-08-27,8216,0.2308085173823709
2026-08-27,8217,0.13703276871178866
2026-08-27,8222,0.1574688633544766
2026-08-27,8225,0.14326454147615855
2026-08-27,9302,0.06619062614666812
2026-08-28,050304,0.06906360908801094
2026-08-28,07011,0.030829952978388402
2026-08-28,07013,0.06906360908801094
2026-08-28,10750,0.06258529517784413
2026-08-28,10752,0.0
2026-08-28,10755,0.0
2026-08-28,10757,0.0
2026-08-28,10762,0.06906360908801094
2026-08-28,12100,0.14525984603703165
2026-08-28,12105,0.06882373171875839
2026-08-28,12121,0.08201525849755008
2026-08-28,12125,0.06960026747273923
2026-08-28,12130,0.464533261445917
2026-08-28,12132,0.0
2026-08-28,12134,0.3050978859419598
2026-08-28,12136,0.6290463251461145
2026-08-28,12138,0.40155813463300954
2026-08-28,1297,0.0
2026-08-28,1298,0.0
2026-08-28,1299,0.0
2026-08-28,13014,0.04699045616965483
2026-08-28,13016,0.0
2026-08-28,1302,0.0
2026-08-28,1303,0.0
2026-08-28,1306,0.06246223808264261
2026-08-28,1307,0.16678839004204934
2026-08-28,1308,0.1551828784366903
2026-08-28,1309,0.01828858354701908
2026-08-28,14210,0.0
2026-08-28,14218,0.11359092818606649
2026-08-28,15026,0.15244450565288262
2026-08-28,15030,0.14541521373937438
2026-08-28,15032,0.0
2026-08-28,15034,0.21961326186643013
2026-08-28,15041,0.0665318245468474
2026-08-28,15043,0.08191642566450305
2026-08-28,15045,0.07147019316343659
2026-08-28,17114,0.0794699348202811
2026-08-28,17115,0.0
2026-08-28,17143,0.0
2026-08-28,17222,0.40412088685807895
2026-08-28,17322,0.5054075833429995
2026-08-28,17323,0.0
2026-08-28,17400,0.5383818690303425
2026-08-28,17501,0.18924968745122392
2026-08-28,17504,0.606168722410934
2026-08-28,17505,0.0
2026-08-28,17507,0.637071719912695
2026-08-28,17508,0.0
2026-08-28,17521,0.06811780498365844
2026-08-28,17700,0.1090271369008355
2026-08-28,17704,0.10189202667417897
2026-08-28,17706,0.1306740529015605
2026-08-28,18100,0.0
2026-08-28,18101,0.10633209150294985
2026-08-28,18121,0.11797172052052725
2026-08-28,191070,0.06906360908801094
2026-08-28,20002,0.3042101028320026
2026-08-28,21008,0.0
2026-08-28,21010,0.02526535486540543
2026-08-28,210377,0.06906360908801094
2026-08-28,26001,0.21528286753353904
2026-08-28,26004,0.0
2026-08-28,26005,0.0834236341531283
2026-08-28,26006,0.0
2026-08-28,26007,0.0
2026-08-28,26008,0.07951234053191902
2026-08-28,26009,0.23565335110726882
2026-08-28,26010,0.0
2026-08-28,26020,0.022850987732528995
2026-08-28,26093,0.0
2026-08-28,26100,0.0810534996182935
2026-08-28,26101,0.21155359495768658
2026-08-28,26104,0.0
2026-08-28,26107,0.0
2026-08-28,26111,0.0
2026-08-28,26117,0.0
2026-08-28,26121,0.0
2026-08-28,26123,0.09334021828446744
2026-08-28,26124,0.0
2026-08-28,26127,0.0
2026-08-28,26141,0.0
2026-08-28,26142,0.0
2026-08-28,26151,0.0
2026-08-28,2621,0.07101810665061728
2026-08-28,2721,0.09477836841858171
2026-08-28,300675,0.06906360908801094
2026-08-28,3525,0.0
2026-08-28,3527,0.0
2026-08-28,4004,0.17029920510201546
2026-08-28,44016,0.030829952978388402
2026-08-28,44017,0.0
2026-08-28,44018,0.0
2026-08-28,44019,0.0
2026-08-28,44022,0.474890177018281
2026-08-28,44031,0.0
2026-08-28,44033,0.0
2026-08-28,44052,0.03916252116309525
2026-08-28,44056,0.01680674352758845
2026-08-28,44060,0.0
2026-08-28,44068,0.06906360908801094
2026-08-28,44071,0.2390713459112869
2026-08-28,44072,0.1813968000369952
2026-08-28,4500,0.0960647697700445
2026-08-28,45002,0.0
2026-08-28,45003,0.06650629183719427
2026-08-28,45005,0.11339184628478131
2026-08-28,45006,0.16116250314615518
2026-08-28,4502,0.08028411629678182
2026-08-28,45117,0.02132351756779007
2026-08-28,45120,0.0
2026-08-28,45203,0.1399188901956827
2026-08-28,45207,0.10723529575520148
2026-08-28,45212,0.03841453198103784
2026-08-28,45215,0.0
2026-08-28,45225,0.1370278989668985
2026-08-28,4614,0.022958683193445916
2026-08-28,4616,0.6550073945213689
2026-08-28,4620,0.6722107923125961
2026-08-28,4622,0.06906360908801094
2026-08-28,4700,0.0848941149791821
2026-08-28,4703,0.0
2026-08-28,4706,0.08096889092286183
2026-08-28,4708,0.0
2026-08-28,4710,0.0
2026-08-28,6153,0.11213628539302443
2026-08-28,6210,0.017296835379403408
2026-08-28,6304,0.0
2026-08-28,6307,0.0
2026-08-28,7002,0.06906360908801094
2026-08-28,7151,0.0
2026-08-28,7152,0.0
2026-08-28,7153,0.0
2026-08-28,7154,0.0
2026-08-28,7160,0.08581852023094971
2026-08-28,7161,0.06083922816448289
2026-08-28,7162,0.08256484823102235
2026-08-28,7706,0.0
2026-08-28,7707,0.0
2026-08-28,7715,0.07195984535444441
2026-08-28,7716,0.0
2026-08-28,8029,0.019094124032803406
2026-08-28,8050,0.0
2026-08-28,8118,0.0812047386645327
2026-08-28,8123,0.043143620600716304
2026-08-28,8143,0.07961823661827813
2026-08-28,8153,0.0
2026-08-28,8154,0.07355711472756936
2026-08-28,8166,0.0
2026-08-28,8168,0.0
2026-08-28,8169,0.0
2026-08-28,8170,0.0
2026-08-28,8202,0.16509992702639495
2026-08-28,8203,0.0
2026-08-28,8205,0.5066884212636571
2026-08-28,8206,0.25206232580168164
2026-08-28,8207,0.16370403404601783
2026-08-28,8208,0.0
2026-08-28,8210,0.2769881979420519
2026-08-28,8212,0.1418501560834294
2026-08-28,8213,0.19458291036207834
2026-08-28,8215,0.2415125558658042
2026-08-28,8216,0.21243435519582166
2026-08-28,8217,0.11077496226970877
2026-08-28,8222,0.14467718212171046
2026-08-28,8225,0.11861497829503637
2026-08-28,9302,0.06032510852548731
2026-08-29,050304,0.01542035362428327
2026-08-29,07011,0.014846650556000922
2026-08-29,07013,0.01542035362428327
2026-08-29,10750,0.010044281340714546
2026-08-29,10752,0.0
2026-08-29,10755,0.0
2026-08-29,10757,0.0
2026-08-29,10762,0.01542035362428327
2026-08-29,12100,0.02287183380915323
2026-08-29,12105,0.01542035362428327
2026-08-29,12121,0.015065667029133726
2026-08-29,12125,0.010539456332534537
2026-08-29,12130,0.03784638398796483
2026-08-29,12132,0.0
2026-08-29,12134,0.03556638767370988
2026-08-29,12136,0.037957136107626875
2026-08-29,12138,0.014800550032049359
2026-08-29,1297,0.0
2026-08-29,1298,0.0
2026-08-29,1299,0.0
2026-08-29,13014,0.00978676365157274
2026-08-29,13016,0.0
2026-08-29,1302,0.0
2026-08-29,1303,0.0
2026-08-29,1306,0.012410690130930133
2026-08-29,1307,0.010224955238551492
2026-08-29,1308,0.010224955238551492
2026-08-29,1309,0.018191005802764792
2026-08-29,14210,0.0
2026-08-29,14218,0.01122515692268981
2026-08-29,15026,0.011214652757024655
2026-08-29,15030,0.01410986975616201
2026-08-29,15032,0.0
2026-08-29,15034,0.02504376115455363
2026-08-29,15041,0.01157285514967476
2026-08-29,15043,0.01157285514967476
2026-08-29,15045,0.01157285514967476
2026-08-29,17114,0.011946238369020803
2026-08-29,17115,0.0
2026-08-29,17143,0.0
2026-08-29,17222,0.04485292532445756
2026-08-29,17322,0.04242379290688098
2026-08-29,17323,0.0
2026-08-29,17400,0.04162982251109045
2026-08-29,17501,0.01505806173288548
2026-08-29,17504,0.045606822651648234
2026-08-29,17505,0.0
2026-08-29,17507,0.047456056660685295
2026-08-29,17508,0.0
2026-08-29,17521,0.016480144004760177
2026-08-29,17700,0.020485570354949224
2026-08-29,17704,0.017079033709754617
2026-08-29,17706,0.010293662199423258
2026-08-29,18100,0.0
2026-08-29,18101,0.016264091176357423
2026-08-29,18121,0.013404044428488221
2026-08-29,191070,0.01542035362428327
2026-08-29,20002,0.021464260538799473
2026-08-29,21008,0.0
2026-08-29,21010,0.014785277061451411
2026-08-29,210377,0.01542035362428327
2026-08-29,26001,0.03096140863126319
2026-08-29,26004,0.0
2026-08-29,26005,0.03141969986860078
2026-08-29,26006,0.0
2026-08-29,26007,0.0
2026-08-29,26008,0.028459372306982998
2026-08-29,26009,0.030765732463308975
2026-08-29,26010,0.0
2026-08-29,26020,0.013859722605380416
2026-08-29,26093,0.0
2026-08-29,26100,0.02737027556623352
2026-08-29,26101,0.030622164763422118
2026-08-29,26104,0.0
2026-08-29,26107,0.0
2026-08-29,26111,0.0
2026-08-29,26117,0.0
2026-08-29,26121,0.0
2026-08-29,26123,0.0295984003696061
2026-08-29,26124,0.0
2026-08-29,26127,0.0
2026-08-29,26141,0.0
2026-08-29,26142,0.0
2026-08-29,26151,0.0
2026-08-29,2621,0.01596575375449662
2026-08-29,2721,0.01993006936176665
2026-08-29,300675,0.01542035362428327
2026-08-29,3525,0.0
2026-08-29,3527,0.0
2026-08-29,4004,0.028600915163092596
2026-08-29,44016,0.014846650556000922
2026-08-29,44017,0.0
2026-08-29,44018,0.0
2026-08-29,44019,0.0
2026-08-29,44022,0.04428503874790197
2026-08-29,44031,0.0
2026-08-29,44033,0.0
2026-08-29,44052,0.010167405247737038
2026-08-29,44056,0.011386972631008255
2026-08-29,44060,0.0
2026-08-29,44068,0.01542035362428327
2026-08-29,44071,0.023686434220129005
2026-08-29,44072,0.01674358023265656
2026-08-29,4500,0.024724531684363768
2026-08-29,45002,0.0
2026-08-29,45003,0.013528191101172498
2026-08-29,45005,0.015132186342996817
2026-08-29,45006,0.023959784556496336
2026-08-29,4502,0.015263170386248241
2026-08-29,45117,0.009745661191229016
2026-08-29,45120,0.0
2026-08-29,45203,0.014650628058426674
2026-08-29,45207,0.021420558651720937
2026-08-29,45212,0.0156114056418181
2026-08-29,45215,0.0
2026-08-29,45225,0.025022721708020387
2026-08-29,4614,0.010631034763812112
2026-08-29,4616,0.05862570564321117
2026-08-29,4620,0.08966967766499022
2026-08-29,4622,0.01542035362428327
2026-08-29,4700,0.013074645349954965
2026-08-29,4703,0.0
2026-08-29,4706,0.011577633198943461
2026-08-29,4708,0.0
2026-08-29,4710,0.0
2026-08-29,6153,0.016303491112480015
2026-08-29,6210,0.014707436098866421
2026-08-29,6304,0.0
2026-08-29,6307,0.0
2026-08-29,7002,0.01542035362428327
2026-08-29,7151,0.0
2026-08-29,7152,0.0
2026-08-29,7153,0.0
2026-08-29,7154,0.0
2026-08-29,7160,0.010092999407149859
2026-08-29,7161,0.010767802534097214
2026-08-29,7162,0.010092999407149859
2026-08-29,7706,0.0
2026-08-29,7707,0.0
2026-08-29,7715,0.013556758425941137
2026-08-29,7716,0.0
2026-08-29,8029,0.01104268721409336
2026-08-29,8050,0.0
2026-08-29,8118,0.01280398473243488
2026-08-29,8123,0.013599407450255976
2026-08-29,8143,0.013215477994838225
2026-08-29,8153,0.0
2026-08-29,8154,0.013260828639547102
2026-08-29,8166,0.0
2026-08-29,8168,0.0
2026-08-29,8169,0.0
2026-08-29,8170,0.0
2026-08-29,8202,0.011688125192328
2026-08-29,8203,0.0
2026-08-29,8205,0.023520380664939344
2026-08-29,8206,0.01696931181488563
2026-08-29,8207,0.016933855734145086
2026-08-29,8208,0.0
2026-08-29,8210,0.019788634295380542
2026-08-29,8212,0.022085187990322403
2026-08-29,8213,0.01638218112068389
2026-08-29,8215,0.030378094281568287
2026-08-29,8216,0.01711217520000439
2026-08-29,8217,0.014397823448443824
2026-08-29,8222,0.020046372975377254
2026-08-29,8225,0.01396565713232539
2026-08-29,9302,0.012335626339561041
2026-08-30,050304,0.015454316273343347
2026-08-30,07011,0.014879349649344474
2026-08-30,07013,0.015454316273343347
2026-08-30,10750,0.010044281340714546
2026-08-30,10752,0.0
2026-08-30,10755,0.0
2026-08-30,10757,0.0
2026-08-30,10762,0.015454316273343347
2026-08-30,12100,0.022608005679472357
2026-08-30,12105,0.015454316273343347
2026-08-30,12121,0.014883136687382574
2026-08-30,12125,0.010584212381730365
2026-08-30,12130,0.038026660923237116
2026-08-30,12132,0.0
2026-08-30,12134,0.03590591410602885
2026-08-30,12136,0.03808118613128489
2026-08-30,12138,0.01490853900404267
2026-08-30,1297,0.0
2026-08-30,1298,0.0
2026-08-30,1299,0.0
2026-08-30,13014,0.00978676365157274
2026-08-30,13016,0.0
2026-08-30,1302,0.0
2026-08-30,1303,0.0
2026-08-30,1306,0.01243802412882538
2026-08-30,1307,0.010224955238551492
2026-08-30,1308,0.010224955238551492
2026-08-30,1309,0.01823107069110537
2026-08-30,14210,0.0
2026-08-30,14218,0.011285038000633693
2026-08-30,15026,0.011224871190602753
2026-08-30,15030,0.01421281933078106
2026-08-30,15032,0.0
2026-08-30,15034,0.02522648747324246
2026-08-30,15041,0.011598343852959266
2026-08-30,15043,0.011598343852959266
2026-08-30,15045,0.011598343852959266
2026-08-30,17114,0.011946238369020803
2026-08-30,17115,0.0
2026-08-30,17143,0.0
2026-08-30,17222,0.04520001525009365
2026-08-30,17322,0.041934431623916794
2026-08-30,17323,0.0
2026-08-30,17400,0.041826426556071564
2026-08-30,17501,0.015210909626525571
2026-08-30,17504,0.045742931668737274
2026-08-30,17505,0.0
2026-08-30,17507,0.04782329066065716
2026-08-30,17508,0.0
2026-08-30,17521,0.016466534068631706
2026-08-30,17700,0.020485570354949224
2026-08-30,17704,0.017079033709754617
2026-08-30,17706,0.01027838115714759
2026-08-30,18100,0.0
2026-08-30,18101,0.016264091176357423
2026-08-30,18121,0.013508719416058976
2026-08-30,191070,0.015454316273343347
2026-08-30,20002,0.021276788691501746
2026-08-30,21008,0.0
2026-08-30,21010,0.014817840982378832
2026-08-30,210377,0.015454316273343347
2026-08-30,26001,0.029168025877973385
2026-08-30,26004,0.0
2026-08-30,26005,0.028587737355333216
2026-08-30,26006,0.0
2026-08-30,26007,0.0
2026-08-30,26008,0.026035747821725207
2026-08-30,26009,0.0289836838928084
2026-08-30,26010,0.0
2026-08-30,26020,0.013890248033420876
2026-08-30,26093,0.0
2026-08-30,26100,0.0249681866480948
2026-08-30,26101,0.02847182045364068
2026-08-30,26104,0.0
2026-08-30,26107,0.0
2026-08-30,26111,0.0
2026-08-30,26117,0.0
2026-08-30,26121,0.0
2026-08-30,26123,0.027028642992637204
2026-08-30,26124,0.0
2026-08-30,26127,0.0
2026-08-30,26141,0.0
2026-08-30,26142,0.0
2026-08-30,26151,0.0
2026-08-30,2621,0.01598239848814717
2026-08-30,2721,0.020075484748186215
2026-08-30,300675,0.015454316273343347
2026-08-30,3525,0.0
2026-08-30,3527,0.0
2026-08-30,4004,0.02689816197306255
2026-08-30,44016,0.014879349649344474
2026-08-30,44017,0.0
2026-08-30,44018,0.0
2026-08-30,44019,0.0
2026-08-30,44022,0.04416669987267183
2026-08-30,44031,0.0
2026-08-30,44033,0.0
2026-08-30,44052,0.010167405247737038
2026-08-30,44056,0.011405009269113796
2026-08-30,44060,0.0
2026-08-30,44068,0.015454316273343347
2026-08-30,44071,0.023757124022500697
2026-08-30,44072,0.01696814735865527
2026-08-30,4500,0.024501934172230923
2026-08-30,45002,0.0
2026-08-30,45003,0.013633835576086384
2026-08-30,45005,0.015069252071885069
2026-08-30,45006,0.02240646519469258
2026-08-30,4502,0.015263170386248241
2026-08-30,45117,0.009745661191229016
2026-08-30,45120,0.0
2026-08-30,45203,0.014479929869472085
2026-08-30,45207,0.021446114346470722
2026-08-30,45212,0.01564578907452438
2026-08-30,45215,0.0
2026-08-30,45225,0.024989332093309197
2026-08-30,4614,0.010702895493441111
2026-08-30,4616,0.053317872104847175
2026-08-30,4620,0.08155119589555772
2026-08-30,4622,0.015454316273343347
2026-08-30,4700,0.013115777497128374
2026-08-30,4703,0.0
2026-08-30,4706,0.011580370472608138
2026-08-30,4708,0.0
2026-08-30,4710,0.0
2026-08-30,6153,0.01629002706309745
2026-08-30,6210,0.014739828578505325
2026-08-30,6304,0.0
2026-08-30,6307,0.0
2026-08-30,7002,0.015454316273343347
2026-08-30,7151,0.0
2026-08-30,7152,0.0
2026-08-30,7153,0.0
2026-08-30,7154,0.0
2026-08-30,7160,0.010092999407149859
2026-08-30,7161,0.01078205179969188
2026-08-30,7162,0.010092999407149859
2026-08-30,7706,0.0
2026-08-30,7707,0.0
2026-08-30,7715,0.01340562803406955
2026-08-30,7716,0.0
2026-08-30,8029,0.011125386052866625
2026-08-30,8050,0.0
2026-08-30,8118,0.01269517038966523
2026-08-30,8123,0.01349157890124891
2026-08-30,8143,0.013302934267084409
2026-08-30,8153,0.0
2026-08-30,8154,0.013364385225055904
2026-08-30,8166,0.0
2026-08-30,8168,0.0
2026-08-30,8169,0.0
2026-08-30,8170,0.0
2026-08-30,8202,0.011834575441024339
2026-08-30,8203,0.0
2026-08-30,8205,0.02370239080400768
2026-08-30,8206,0.016876935857856993
2026-08-30,8207,0.017219833154112952
2026-08-30,8208,0.0
2026-08-30,8210,0.01994176668432371
2026-08-30,8212,0.022309365213450266
2026-08-30,8213,0.016506188800657254
2026-08-30,8215,0.03055450673651256
2026-08-30,8216,0.016923398343228507
2026-08-30,8217,0.01427207084895096
2026-08-30,8222,0.020046372975377254
2026-08-30,8225,0.013828973916534404
2026-08-30,9302,0.012335626339561041
2026-08-31,050304,0.061365280749831115
2026-08-31,07011,0.02485158288790556
2026-08-31,07013,0.061365280749831115
2026-08-31,10750,0.07275113438580787
2026-08-31,10752,0.0
2026-08-31,10755,0.0
2026-08-31,10757,0.0
2026-08-31,10762,0.061365280749831115
2026-08-31,12100,0.19081613050205162
2026-08-31,12105,0.061365280749831115
2026-08-31,12121,0.07418380992306088
2026-08-31,12125,0.06680303699871215
2026-08-31,12130,0.5347252682470247
2026-08-31,12132,0.0
2026-08-31,12134,0.3363879561181208
2026-08-31,12136,0.6817136382465282
2026-08-31,12138,0.4872253772084075
2026-08-31,1297,0.0
2026-08-31,1298,0.0
2026-08-31,1299,0.0
2026-08-31,13014,0.049698563160111106
2026-08-31,13016,0.0
2026-08-31,1302,0.0
2026-08-31,1303,0.0
2026-08-31,1306,0.054379741894024655
2026-08-31,1307,0.16433974931781928
2026-08-31,1308,0.16494325316223576
2026-08-31,1309,0.01744519278387321
2026-08-31,14210,0.0
2026-08-31,14218,0.13573991901098165
2026-08-31,15026,0.17500357025080956
2026-08-31,15030,0.18039446865183453
2026-08-31,15032,0.0
2026-08-31,15034,0.2559894114222849
2026-08-31,15041,0.06337754617900826
2026-08-31,15043,0.08091779107456125
2026-08-31,15045,0.07592073137758061
2026-08-31,17114,0.10798882453104272
2026-08-31,17115,0.0
2026-08-31,17143,0.0
2026-08-31,17222,0.46668648692418896
2026-08-31,17322,0.5914187190984194
2026-08-31,17323,0.0
2026-08-31,17400,0.6042475371328321
2026-08-31,17501,0.2364801296583645
2026-08-31,17504,0.6235726305240495
2026-08-31,17505,0.0
2026-08-31,17507,0.6809617455680596
2026-08-31,17508,0.0
2026-08-31,17521,0.06328698882409711
2026-08-31,17700,0.13870831294889518
2026-08-31,17704,0.12127172290938668
2026-08-31,17706,0.14612505502686593
2026-08-31,18100,0.0
2026-08-31,18101,0.13255008149377984
2026-08-31,18121,0.1459242086178394
2026-08-31,191070,0.061365280749831115
2026-08-31,20002,0.3253799484718122
2026-08-31,21008,0.0
2026-08-31,21010,0.022525187406089452
2026-08-31,210377,0.061365280749831115
2026-08-31,26001,0.294006888266148
2026-08-31,26004,0.0
2026-08-31,26005,0.10350227401724192
2026-08-31,26006,0.0
2026-08-31,26007,0.0
2026-08-31,26008,0.0916081014572837
2026-08-31,26009,0.32148120978361877
2026-08-31,26010,0.0
2026-08-31,26020,0.022586187553439087
2026-08-31,26093,0.0
2026-08-31,26100,0.09315578036019859
2026-08-31,26101,0.24274398117672394
2026-08-31,26104,0.0
2026-08-31,26107,0.0
2026-08-31,26111,0.0
2026-08-31,26117,0.0
2026-08-31,26121,0.0
2026-08-31,26123,0.10539815442716494
2026-08-31,26124,0.0
2026-08-31,26127,0.0
2026-08-31,26141,0.0
2026-08-31,26142,0.0
2026-08-31,26151,0.0
2026-08-31,2621,0.08812094415334937
2026-08-31,2721,0.10386557092235678
2026-08-31,300675,0.061365280749831115
2026-08-31,3525,0.0
2026-08-31,3527,0.0
2026-08-31,4004,0.20860422079042892
2026-08-31,44016,0.02485158288790556
2026-08-31,44017,0.0
2026-08-31,44018,0.0
2026-08-31,44019,0.0
2026-08-31,44022,0.535053074474357
2026-08-31,44031,0.0
2026-08-31,44033,0.0
2026-08-31,44052,0.04216297638160865
2026-08-31,44056,0.01662780849065572
2026-08-31,44060,0.0
2026-08-31,44068,0.061365280749831115
2026-08-31,44071,0.2753847531941202
2026-08-31,44072,0.22199433844789707
2026-08-31,4500,0.1057392941710808
2026-08-31,45002,0.0
2026-08-31,45003,0.06297983527196256
2026-08-31,45005,0.10755330580348063
2026-08-31,45006,0.18153665688806137
2026-08-31,4502,0.10629720242075132
2026-08-31,45117,0.01812689166796128
2026-08-31,45120,0.0
2026-08-31,45203,0.14844367431560695
2026-08-31,45207,0.12377244327975123
2026-08-31,45212,0.038125604538327994
2026-08-31,45215,0.0
2026-08-31,45225,0.13555331780554877
2026-08-31,4614,0.02177685071465249
2026-08-31,4616,0.8042009026626135
2026-08-31,4620,0.841250123205256
2026-08-31,4622,0.061365280749831115
2026-08-31,4700,0.09303877256672714
2026-08-31,4703,0.0
2026-08-31,4706,0.07620651948673136
2026-08-31,4708,0.0
2026-08-31,4710,0.0
2026-08-31,6153,0.10281121048415301
2026-08-31,6210,0.016556685807229986
2026-08-31,6304,0.0
2026-08-31,6307,0.0
2026-08-31,7002,0.061365280749831115
2026-08-31,7151,0.0
2026-08-31,7152,0.0
2026-08-31,7153,0.0
2026-08-31,7154,0.0
2026-08-31,7160,0.10616195916825599
2026-08-31,7161,0.0660168874357021
2026-08-31,7162,0.09228830664784574
2026-08-31,7706,0.0
2026-08-31,7707,0.0
2026-08-31,7715,0.06061084218587626
2026-08-31,7716,0.0
2026-08-31,8029,0.01898955102126212
2026-08-31,8050,0.0
2026-08-31,8118,0.07830428330589966
2026-08-31,8123,0.03798894486276633
2026-08-31,8143,0.07820236119661524
2026-08-31,8153,0.0
2026-08-31,8154,0.06416885426479714
2026-08-31,8166,0.0
2026-08-31,8168,0.0
2026-08-31,8169,0.0
2026-08-31,8170,0.0
2026-08-31,8202,0.21795369919461344
2026-08-31,8203,0.0
2026-08-31,8205,0.5542814721275227
2026-08-31,8206,0.2920218365479545
2026-08-31,8207,0.20468255406120942
2026-08-31,8208,0.0
2026-08-31,8210,0.3125504484574211
2026-08-31,8212,0.19566437614173265
2026-08-31,8213,0.259320139524238
2026-08-31,8215,0.2943074846448899
2026-08-31,8216,0.2704844037291617
2026-08-31,8217,0.15341584456790675
2026-08-31,8222,0.1708626723879361
2026-08-31,8225,0.1374768392269293
2026-08-31,9302,0.058247092571818114
2026-09-01,050304,0.06375093806171134
2026-09-01,07011,0.02580982385221977
2026-09-01,07013,0.06375093806171134
2026-09-01,10750,0.07199492186557799
2026-09-01,10752,0.0
2026-09-01,10755,0.0
2026-09-01,10757,0.0
2026-09-01,10762,0.06375093806171134
2026-09-01,12100,0.1805772905100137
2026-09-01,12105,0.06352951309548725
2026-09-01,12121,0.07160043747797014
2026-09-01,12125,0.06569980881647713
2026-09-01,12130,0.48413630204586555
2026-09-01,12132,0.0
2026-09-01,12134,0.3125088559665633
2026-09-01,12136,0.6735537709848008
2026-09-01,12138,0.43548760456492147
2026-09-01,1297,0.0
2026-09-01,1298,0.0
2026-09-01,1299,0.0
2026-09-01,13014,0.04916808756516389
2026-09-01,13016,0.0
2026-09-01,1302,0.0
2026-09-01,1303,0.0
2026-09-01,1306,0.05649640866008256
2026-09-01,1307,0.15332534377092777
2026-09-01,1308,0.1517361305626468
2026-09-01,1309,0.018356710094757152
2026-09-01,14210,0.0
2026-09-01,14218,0.1275542032639314
2026-09-01,15026,0.15710912119741952
2026-09-01,15030,0.16642668473894381
2026-09-01,15032,0.0
2026-09-01,15034,0.2384523944512047
2026-09-01,15041,0.06585054308886581
2026-09-01,15043,0.08539726318949241
2026-09-01,15045,0.07795788703444843
2026-09-01,17114,0.09775794644735099
2026-09-01,17115,0.0
2026-09-01,17143,0.0
2026-09-01,17222,0.44709498637782996
2026-09-01,17322,0.5431019390200396
2026-09-01,17323,0.0
2026-09-01,17400,0.5764976030952091
2026-09-01,17501,0.2025906354260714
2026-09-01,17504,0.6446254238040875
2026-09-01,17505,0.0
2026-09-01,17507,0.6771073524283968
2026-09-01,17508,0.0
2026-09-01,17521,0.06571536457561035
2026-09-01,17700,0.12588870958342513
2026-09-01,17704,0.11283821659744608
2026-09-01,17706,0.13608604240776973
2026-09-01,18100,0.0
2026-09-01,18101,0.12022435092325617
2026-09-01,18121,0.13403191182029425
2026-09-01,191070,0.06375093806171134
2026-09-01,20002,0.297857260358476
2026-09-01,21008,0.0
2026-09-01,21010,0.023702136179652784
2026-09-01,210377,0.06375093806171134
2026-09-01,26001,0.21908260365900595
2026-09-01,26004,0.0
2026-09-01,26005,0.07537156220212264
2026-09-01,26006,0.0
2026-09-01,26007,0.0
2026-09-01,26008,0.07100373266148259
2026-09-01,26009,0.2434846150166554
2026-09-01,26010,0.0
2026-09-01,26020,0.023683776468896658
2026-09-01,26093,0.0
2026-09-01,26100,0.07425156541607188
2026-09-01,26101,0.18690772718270945
2026-09-01,26104,0.0
2026-09-01,26107,0.0
2026-09-01,26111,0.0
2026-09-01,26117,0.0
2026-09-01,26121,0.0
2026-09-01,26123,0.07920036726484102
2026-09-01,26124,0.0
2026-09-01,26127,0.0
2026-09-01,26141,0.0
2026-09-01,26142,0.0
2026-09-01,26151,0.0
2026-09-01,2621,0.08041631195716914
2026-09-01,2721,0.09421726145312363
2026-09-01,300675,0.06375093806171134
2026-09-01,3525,0.0
2026-09-01,3527,0.0
2026-09-01,4004,0.1651100816909931
2026-09-01,44016,0.02580982385221977
2026-09-01,44017,0.0
2026-09-01,44018,0.0
2026-09-01,44019,0.0
2026-09-01,44022,0.5124832047536863
2026-09-01,44031,0.0
2026-09-01,44033,0.0
2026-09-01,44052,0.04170901343169227
2026-09-01,44056,0.01727440974992638
2026-09-01,44060,0.0
2026-09-01,44068,0.06375093806171134
2026-09-01,44071,0.2662684452093537
2026-09-01,44072,0.19668181437845458
2026-09-01,4500,0.09876902375337097
2026-09-01,45002,0.0
2026-09-01,45003,0.06070150222121368
2026-09-01,45005,0.10405074825718996
2026-09-01,45006,0.15045055741992816
2026-09-01,4502,0.09621108836287781
2026-09-01,45117,0.01792647730682156
2026-09-01,45120,0.0
2026-09-01,45203,0.14195026472657188
2026-09-01,45207,0.11882971642905746
2026-09-01,45212,0.039462615228747604
2026-09-01,45215,0.0
2026-09-01,45225,0.1303458408363429
2026-09-01,4614,0.02143591868957054
2026-09-01,4616,0.7035439145176119
2026-09-01,4620,0.7030442178206971
2026-09-01,4622,0.06375093806171134
2026-09-01,4700,0.0853897279409679
2026-09-01,4703,0.0
2026-09-01,4706,0.07127841003910232
2026-09-01,4708,0.0
2026-09-01,4710,0.0
2026-09-01,6153,0.10041751964806395
2026-09-01,6210,0.0173612675798613
2026-09-01,6304,0.0
2026-09-01,6307,0.0
2026-09-01,7002,0.06375093806171134
2026-09-01,7151,0.0
2026-09-01,7152,0.0
2026-09-01,7153,0.0
2026-09-01,7154,0.0
2026-09-01,7160,0.09715054532323038
2026-09-01,7161,0.06472055173932205
2026-09-01,7162,0.0843503805183633
2026-09-01,7706,0.0
2026-09-01,7707,0.0
2026-09-01,7715,0.06216846891895479
2026-09-01,7716,0.0
2026-09-01,8029,0.019626464387148854
2026-09-01,8050,0.0
2026-09-01,8118,0.07879151730519886
2026-09-01,8123,0.03828641112889583
2026-09-01,8143,0.07122965478978725
2026-09-01,8153,0.0
2026-09-01,8154,0.06396636047792795
2026-09-01,8166,0.0
2026-09-01,8168,0.0
2026-09-01,8169,0.0
2026-09-01,8170,0.0
2026-09-01,8202,0.19933517632714282
2026-09-01,8203,0.0
2026-09-01,8205,0.5767361377679924
2026-09-01,8206,0.27753968975490423
2026-09-01,8207,0.18570288524031814
2026-09-01,8208,0.0
2026-09-01,8210,0.3017466163398407
2026-09-01,8212,0.16925424137471562
2026-09-01,8213,0.2280238645966302
2026-09-01,8215,0.2724272618026458
2026-09-01,8216,0.25845039318910623
2026-09-01,8217,0.14340788622383152
2026-09-01,8222,0.15726656971298
2026-09-01,8225,0.13006059182770485
2026-09-01,9302,0.05728732596625515
2026-09-02,050304,0.064327818559484
2026-09-02,07011,0.02629853841149776
2026-09-02,07013,0.064327818559484
2026-09-02,10750,0.07153796483864995
2026-09-02,10752,0.0
2026-09-02,10755,0.0
2026-09-02,10757,0.0
2026-09-02,10762,0.064327818559484
2026-09-02,12100,0.17396318393009885
2026-09-02,12105,0.06410438992478666
2026-09-02,12121,0.07459154121929473
2026-09-02,12125,0.06838414083539329
2026-09-02,12130,0.47209271779534545
2026-09-02,12132,0.0
2026-09-02,12134,0.29374810434387283
2026-09-02,12136,0.6367346841387211
2026-09-02,12138,0.41685649475199993
2026-09-02,1297,0.0
2026-09-02,1298,0.0
2026-09-02,1299,0.0
2026-09-02,13014,0.04399495510751415
2026-09-02,13016,0.0
2026-09-02,1302,0.0
2026-09-02,1303,0.0
2026-09-02,1306,0.05687474886996583
2026-09-02,1307,0.1521944291449627
2026-09-02,1308,0.1478005487856216
2026-09-02,1309,0.01807055294059589
2026-09-02,14210,0.0
2026-09-02,14218,0.12384719392708576
2026-09-02,15026,0.14757265165722533
2026-09-02,15030,0.17008122043108675
2026-09-02,15032,0.0
2026-09-02,15034,0.23242117924174982
2026-09-02,15041,0.0602412007112575
2026-09-02,15043,0.07914625489386379
2026-09-02,15045,0.07164285884403407
2026-09-02,17114,0.08489496707903504
2026-09-02,17115,0.0
2026-09-02,17143,0.0
2026-09-02,17222,0.42360371955956333
2026-09-02,17322,0.5185283156188945
2026-09-02,17323,0.0
2026-09-02,17400,0.5514331240599546
2026-09-02,17501,0.19433435831511206
2026-09-02,17504,0.6118400441142473
2026-09-02,17505,0.0
2026-09-02,17507,0.6404690705981398
2026-09-02,17508,0.0
2026-09-02,17521,0.06991151502922793
2026-09-02,17700,0.12866965857884455
2026-09-02,17704,0.11536605206341874
2026-09-02,17706,0.12772922433534034
2026-09-02,18100,0.0
2026-09-02,18101,0.12093245199277185
2026-09-02,18121,0.13592429689542534
2026-09-02,191070,0.064327818559484
2026-09-02,20002,0.2946604769501454
2026-09-02,21008,0.0
2026-09-02,21010,0.024964149436967578
2026-09-02,210377,0.064327818559484
2026-09-02,26001,0.19233074140689704
2026-09-02,26004,0.0
2026-09-02,26005,0.07475500007616798
2026-09-02,26006,0.0
2026-09-02,26007,0.0
2026-09-02,26008,0.06933171039550023
2026-09-02,26009,0.2406317366754145
2026-09-02,26010,0.0
2026-09-02,26020,0.02257856561192665
2026-09-02,26093,0.0
2026-09-02,26100,0.0732252587559138
2026-09-02,26101,0.18471277134995612
2026-09-02,26104,0.0
2026-09-02,26107,0.0
2026-09-02,26111,0.0
2026-09-02,26117,0.0
2026-09-02,26121,0.0
2026-09-02,26123,0.07407205474956326
2026-09-02,26124,0.0
2026-09-02,26127,0.0
2026-09-02,26141,0.0
2026-09-02,26142,0.0
2026-09-02,26151,0.0
2026-09-02,2621,0.07100393247805362
2026-09-02,2721,0.09409006328321705
2026-09-02,300675,0.064327818559484
2026-09-02,3525,0.0
2026-09-02,3527,0.0
2026-09-02,4004,0.1649992069633409
2026-09-02,44016,0.02629853841149776
2026-09-02,44017,0.0
2026-09-02,44018,0.0
2026-09-02,44019,0.0
2026-09-02,44022,0.5045009924253259
2026-09-02,44031,0.0
2026-09-02,44033,0.0
2026-09-02,44052,0.04063731817035257
2026-09-02,44056,0.016794790696952385
2026-09-02,44060,0.0
2026-09-02,44068,0.064327818559484
2026-09-02,44071,0.259569600022041
2026-09-02,44072,0.19544963617478342
2026-09-02,4500,0.09747842134453227
2026-09-02,45002,0.0
2026-09-02,45003,0.06154788858139055
2026-09-02,45005,0.10749019620352993
2026-09-02,45006,0.15505644677772043
2026-09-02,4502,0.08513293931427598
2026-09-02,45117,0.01840808843406239
2026-09-02,45120,0.0
2026-09-02,45203,0.14800035258494013
2026-09-02,45207,0.10320545783231194
2026-09-02,45212,0.03834642197107745
2026-09-02,45215,0.0
2026-09-02,45225,0.13280854650352597
2026-09-02,4614,0.022926956268904786
2026-09-02,4616,0.6394065700983477
2026-09-02,4620,0.640021807436442
2026-09-02,4622,0.064327818559484
2026-09-02,4700,0.07802053575347069
2026-09-02,4703,0.0
2026-09-02,4706,0.07378070733211507
2026-09-02,4708,0.0
2026-09-02,4710,0.0
2026-09-02,6153,0.10072265919304113
2026-09-02,6210,0.01709062807541632
2026-09-02,6304,0.0
2026-09-02,6307,0.0
2026-09-02,7002,0.064327818559484
2026-09-02,7151,0.0
2026-09-02,7152,0.0
2026-09-02,7153,0.0
2026-09-02,7154,0.0
2026-09-02,7160,0.09355696978751078
2026-09-02,7161,0.05742199345318368
2026-09-02,7162,0.08629671701679528
2026-09-02,7706,0.0
2026-09-02,7707,0.0
2026-09-02,7715,0.06397060501356505
2026-09-02,7716,0.0
2026-09-02,8029,0.019082267920111088
2026-09-02,8050,0.0
2026-09-02,8118,0.0791620347487193
2026-09-02,8123,0.0382911787152109
2026-09-02,8143,0.07440860045705779
2026-09-02,8153,0.0
2026-09-02,8154,0.06581503059793273
2026-09-02,8166,0.0
2026-09-02,8168,0.0
2026-09-02,8169,0.0
2026-09-02,8170,0.0
2026-09-02,8202,0.17732638408621573
2026-09-02,8203,0.0
2026-09-02,8205,0.5337906912562193
2026-09-02,8206,0.26337018567158105
2026-09-02,8207,0.18144223101078805
2026-09-02,8208,0.0
2026-09-02,8210,0.28150431743281573
2026-09-02,8212,0.1671902181576127
2026-09-02,8213,0.20960751826211785
2026-09-02,8215,0.25864353478910734
2026-09-02,8216,0.23120919182403532
2026-09-02,8217,0.12700423233373212
2026-09-02,8222,0.15435040522094298
2026-09-02,8225,0.13077809318292666
2026-09-02,9302,0.05691499572969467
2026-09-03,050304,0.06503219578606517
2026-09-03,07011,0.02661138334761419
2026-09-03,07013,0.06503219578606517
2026-09-03,10750,0.06694760990330054
2026-09-03,10752,0.0
2026-09-03,10755,0.0
2026-09-03,10757,0.0
2026-09-03,10762,0.06503219578606517
2026-09-03,12100,0.15210035809097594
2026-09-03,12105,0.06480632065084022
2026-09-03,12121,0.07522610260687278
2026-09-03,12125,0.06832162515101568
2026-09-03,12130,0.41501791958311046
2026-09-03,12132,0.0
2026-09-03,12134,0.26642936394772254
2026-09-03,12136,0.5635111790223032
2026-09-03,12138,0.3582403786833517
2026-09-03,1297,0.0
2026-09-03,1298,0.0
2026-09-03,1299,0.0
2026-09-03,13014,0.043138810510725045
2026-09-03,13016,0.0
2026-09-03,1302,0.0
2026-09-03,1303,0.0
2026-09-03,1306,0.057497714967405425
2026-09-03,1307,0.1443354719471402
2026-09-03,1308,0.1418843112495955
2026-09-03,1309,0.018285518536471656
2026-09-03,14210,0.0
2026-09-03,14218,0.11634663325536311
2026-09-03,15026,0.1396623666409983
2026-09-03,15030,0.1496498465235072
2026-09-03,15032,0.0
2026-09-03,15034,0.2023386961178372
2026-09-03,15041,0.060901181724274674
2026-09-03,15043,0.08001445960748912
2026-09-03,15045,0.07003637522813236
2026-09-03,17114,0.07951446337983578
2026-09-03,17115,0.0
2026-09-03,17143,0.0
2026-09-03,17222,0.33420163852441565
2026-09-03,17322,0.45543969760349845
2026-09-03,17323,0.0
2026-09-03,17400,0.48761805095991617
2026-09-03,17501,0.17129698744302327
2026-09-03,17504,0.5392079794325164
2026-09-03,17505,0.0
2026-09-03,17507,0.5579515388660085
2026-09-03,17508,0.0
2026-09-03,17521,0.07067699326686734
2026-09-03,17700,0.11537092048122584
2026-09-03,17704,0.10734954254502474
2026-09-03,17706,0.11804805590335302
2026-09-03,18100,0.0
2026-09-03,18101,0.11038699641404248
2026-09-03,18121,0.1264103210855457
2026-09-03,191070,0.06503219578606517
2026-09-03,20002,0.26651795495552494
2026-09-03,21008,0.0
2026-09-03,21010,0.025261120607517295
2026-09-03,210377,0.06503219578606517
2026-09-03,26001,0.18285482552434412
2026-09-03,26004,0.0
2026-09-03,26005,0.07381450360884598
2026-09-03,26006,0.0
2026-09-03,26007,0.0
2026-09-03,26008,0.06845944461215568
2026-09-03,26009,0.22264716194910902
2026-09-03,26010,0.0
2026-09-03,26020,0.022847158101970723
2026-09-03,26093,0.0
2026-09-03,26100,0.07230400804213538
2026-09-03,26101,0.17924070194286426
2026-09-03,26104,0.0
2026-09-03,26107,0.0
2026-09-03,26111,0.0
2026-09-03,26117,0.0
2026-09-03,26121,0.0
2026-09-03,26123,0.07314015045221504
2026-09-03,26124,0.0
2026-09-03,26127,0.0
2026-09-03,26141,0.0
2026-09-03,26142,0.0
2026-09-03,26151,0.0
2026-09-03,2621,0.06749018518871085
2026-09-03,2721,0.09231146175485065
2026-09-03,300675,0.06503219578606517
2026-09-03,3525,0.0
2026-09-03,3527,0.0
2026-09-03,4004,0.15524909530169897
2026-09-03,44016,0.02661138334761419
2026-09-03,44017,0.0
2026-09-03,44018,0.0
2026-09-03,44019,0.0
2026-09-03,44022,0.4208286818051736
2026-09-03,44031,0.0
2026-09-03,44033,0.0
2026-09-03,44052,0.04059924705411318
2026-09-03,44056,0.016933898934282054
2026-09-03,44060,0.0
2026-09-03,44068,0.06503219578606517
2026-09-03,44071,0.22613300918052323
2026-09-03,44072,0.18258656106155507
2026-09-03,4500,0.09988615178601382
2026-09-03,45002,0.0
2026-09-03,45003,0.06149068136561099
2026-09-03,45005,0.1086699651632853
2026-09-03,45006,0.14593798236520622
2026-09-03,4502,0.08098510088386159
2026-09-03,45117,0.01840808843406239
2026-09-03,45120,0.0
2026-09-03,45203,0.14027991050483923
2026-09-03,45207,0.10433742437668228
2026-09-03,45212,0.03880258739533504
2026-09-03,45215,0.0
2026-09-03,45225,0.1342673039599472
2026-09-03,4614,0.022926956268904786
2026-09-03,4616,0.5147595516580094
2026-09-03,4620,0.5248860126559702
2026-09-03,4622,0.06503219578606517
2026-09-03,4700,0.07794897386692749
2026-09-03,4703,0.0
2026-09-03,4706,0.07146137267163413
2026-09-03,4708,0.0
2026-09-03,4710,0.0
2026-09-03,6153,0.10182728526397246
2026-09-03,6210,0.017293936577386364
2026-09-03,6304,0.0
2026-09-03,6307,0.0
2026-09-03,7002,0.06503219578606517
2026-09-03,7151,0.0
2026-09-03,7152,0.0
2026-09-03,7153,0.0
2026-09-03,7154,0.0
2026-09-03,7160,0.08692006344496266
2026-09-03,7161,0.05736888518506425
2026-09-03,7162,0.08083508883693259
2026-09-03,7706,0.0
2026-09-03,7707,0.0
2026-09-03,7715,0.06419983757274539
2026-09-03,7716,0.0
2026-09-03,8029,0.019287034403269766
2026-09-03,8050,0.0
2026-09-03,8118,0.07908932139845438
2026-09-03,8123,0.0382911787152109
2026-09-03,8143,0.07035686359997306
2026-09-03,8153,0.0
2026-09-03,8154,0.06629864473576924
2026-09-03,8166,0.0
2026-09-03,8168,0.0
2026-09-03,8169,0.0
2026-09-03,8170,0.0
2026-09-03,8202,0.15539959723165364
2026-09-03,8203,0.0
2026-09-03,8205,0.44861666593645244
2026-09-03,8206,0.23126914086090533
2026-09-03,8207,0.1699874133173309
2026-09-03,8208,0.0
2026-09-03,8210,0.24707837735361998
2026-09-03,8212,0.14097589689011095
2026-09-03,8213,0.18253913550899778
2026-09-03,8215,0.22065751399293645
2026-09-03,8216,0.20162081864968898
2026-09-03,8217,0.11909294631927131
2026-09-03,8222,0.1360865085992206
2026-09-03,8225,0.12474800911819252
2026-09-03,9302,0.05686202214882923
2026-09-04,050304,0.07014551159967801
2026-09-04,07011,0.031312913599797425
2026-09-04,07013,0.07014551159967801
2026-09-04,10750,0.06257348705511212
2026-09-04,10752,0.0
2026-09-04,10755,0.0
2026-09-04,10757,0.0
2026-09-04,10762,0.07014551159967801
2026-09-04,12100,0.145182396731833
2026-09-04,12105,0.06990187647823565
2026-09-04,12121,0.08019949171610044
2026-09-04,12125,0.06964048912019498
2026-09-04,12130,0.4651546451972823
2026-09-04,12132,0.0
2026-09-04,12134,0.30285544003714754
2026-09-04,12136,0.6374319609655325
2026-09-04,12138,0.40262833998583103
2026-09-04,1297,0.0
2026-09-04,1298,0.0
2026-09-04,1299,0.0
2026-09-04,13014,0.046981590363843605
2026-09-04,13016,0.0
2026-09-04,1302,0.0
2026-09-04,1303,0.0
2026-09-04,1306,0.06322038058339732
2026-09-04,1307,0.1655533982530109
2026-09-04,1308,0.15401973011333467
2026-09-04,1309,0.01857507978918821
2026-09-04,14210,0.0
2026-09-04,14218,0.11263612642607913
2026-09-04,15026,0.15129222728715472
2026-09-04,15030,0.14420261046718233
2026-09-04,15032,0.0
2026-09-04,15034,0.21788880714533007
2026-09-04,15041,0.06757406588108318
2026-09-04,15043,0.08319967146997892
2026-09-04,15045,0.07258979554903325
2026-09-04,17114,0.07888765670664975
2026-09-04,17115,0.0
2026-09-04,17143,0.0
2026-09-04,17222,0.3828862874378375
2026-09-04,17322,0.5079400488078234
2026-09-04,17323,0.0
2026-09-04,17400,0.5415880810344141
2026-09-04,17501,0.18772120592676556
2026-09-04,17504,0.6126990374122389
2026-09-04,17505,0.0
2026-09-04,17507,0.6404608611742603
2026-09-04,17508,0.0
2026-09-04,17521,0.06918489118541127
2026-09-04,17700,0.10817065516592124
2026-09-04,17704,0.1010319290728045
2026-09-04,17706,0.1296684857223271
2026-09-04,18100,0.0
2026-09-04,18101,0.1054944770275315
2026-09-04,18121,0.11696820206868422
2026-09-04,191070,0.07014551159967801
2026-09-04,20002,0.30518915830522286
2026-09-04,21008,0.0
2026-09-04,21010,0.025661144359293713
2026-09-04,210377,0.07014551159967801
2026-09-04,26001,0.2003612965543364
2026-09-04,26004,0.0
2026-09-04,26005,0.07634465258698468
2026-09-04,26006,0.0
2026-09-04,26007,0.0
2026-09-04,26008,0.07191823729875955
2026-09-04,26009,0.21830193879150295
2026-09-04,26010,0.0
2026-09-04,26020,0.02320895542851765
2026-09-04,26093,0.0
2026-09-04,26100,0.07432101376863233
2026-09-04,26101,0.19596574396902466
2026-09-04,26104,0.0
2026-09-04,26107,0.0
2026-09-04,26111,0.0
2026-09-04,26117,0.0
2026-09-04,26121,0.0
2026-09-04,26123,0.08747882627723999
2026-09-04,26124,0.0
2026-09-04,26127,0.0
2026-09-04,26141,0.0
2026-09-04,26142,0.0
2026-09-04,26151,0.0
2026-09-04,2621,0.06794567963554522
2026-09-04,2721,0.0940805459450238
2026-09-04,300675,0.07014551159967801
2026-09-04,3525,0.0
2026-09-04,3527,0.0
2026-09-04,4004,0.15886984691066014
2026-09-04,44016,0.031312913599797425
2026-09-04,44017,0.0
2026-09-04,44018,0.0
2026-09-04,44019,0.0
2026-09-04,44022,0.47551717315132397
2026-09-04,44031,0.0
2026-09-04,44033,0.0
2026-09-04,44052,0.03915513227317989
2026-09-04,44056,0.01701392201090877
2026-09-04,44060,0.0
2026-09-04,44068,0.07014551159967801
2026-09-04,44071,0.23984849638926828
2026-09-04,44072,0.18106940330148927
2026-09-04,4500,0.09951821929156594
2026-09-04,45002,0.0
2026-09-04,45003,0.06654472549156079
2026-09-04,45005,0.11502398266870491
2026-09-04,45006,0.15357607490839473
2026-09-04,4502,0.07969641952858655
2026-09-04,45117,0.02131949440688936
2026-09-04,45120,0.0
2026-09-04,45203,0.14075780105493677
2026-09-04,45207,0.10804188348387408
2026-09-04,45212,0.0390163073470173
2026-09-04,45215,0.0
2026-09-04,45225,0.1378980041678303
2026-09-04,4614,0.022954351521794557
2026-09-04,4616,0.6321439257923386
2026-09-04,4620,0.6491846844241046
2026-09-04,4622,0.07014551159967801
2026-09-04,4700,0.084264432455371
2026-09-04,4703,0.0
2026-09-04,4706,0.07793381508362798
2026-09-04,4708,0.0
2026-09-04,4710,0.0
2026-09-04,6153,0.11374432725178737
2026-09-04,6210,0.017567795583887085
2026-09-04,6304,0.0
2026-09-04,6307,0.0
2026-09-04,7002,0.07014551159967801
2026-09-04,7151,0.0
2026-09-04,7152,0.0
2026-09-04,7153,0.0
2026-09-04,7154,0.0
2026-09-04,7160,0.08512873936263046
2026-09-04,7161,0.06087438685101625
2026-09-04,7162,0.08189912013180346
2026-09-04,7706,0.0
2026-09-04,7707,0.0
2026-09-04,7715,0.07202723073749072
2026-09-04,7716,0.0
2026-09-04,8029,0.019378751627214596
2026-09-04,8050,0.0
2026-09-04,8118,0.08189974111899723
2026-09-04,8123,0.043345073946542856
2026-09-04,8143,0.0776789034589253
2026-09-04,8153,0.0
2026-09-04,8154,0.07464626793544821
2026-09-04,8166,0.0
2026-09-04,8168,0.0
2026-09-04,8169,0.0
2026-09-04,8170,0.0
2026-09-04,8202,0.16386256948052244
2026-09-04,8203,0.0
2026-09-04,8205,0.5093839398082526
2026-09-04,8206,0.2536273856278304
2026-09-04,8207,0.16455868421229886
2026-09-04,8208,0.0
2026-09-04,8210,0.2779301330455862
2026-09-04,8212,0.14066430705410837
2026-09-04,8213,0.193867899750438
2026-09-04,8215,0.24291829757779113
2026-09-04,8216,0.21351976444750223
2026-09-04,8217,0.11144242142349416
2026-09-04,8222,0.14358100400460216
2026-09-04,8225,0.11942916560118307
2026-09-04,9302,0.06035997010484535
2026-09-05,050304,0.01583648196558077
2026-09-05,07011,0.01528213749534221
2026-09-05,07013,0.01583648196558077
2026-09-05,10750,0.010064046478269454
2026-09-05,10752,0.0
2026-09-05,10755,0.0
2026-09-05,10757,0.0
2026-09-05,10762,0.01583648196558077
2026-09-05,12100,0.023194891524684253
2026-09-05,12105,0.01578147740265273
2026-09-05,12121,0.015493984863158068
2026-09-05,12125,0.010565777558970698
2026-09-05,12130,0.03703237342340378
2026-09-05,12132,0.0
2026-09-05,12134,0.03440418780053112
2026-09-05,12136,0.03756624661251718
2026-09-05,12138,0.014837512909116437
2026-09-05,1297,0.0
2026-09-05,1298,0.0
2026-09-05,1299,0.0
2026-09-05,13014,0.00980602204580017
2026-09-05,13016,0.0
2026-09-05,1302,0.0
2026-09-05,1303,0.0
2026-09-05,1306,0.012701331670122615
2026-09-05,1307,0.01024507590621574
2026-09-05,1308,0.01024507590621574
2026-09-05,1309,0.018019120653653926
2026-09-05,14210,0.0
2026-09-05,14218,0.011253190617011547
2026-09-05,15026,0.011236720951537948
2026-09-05,15030,0.014145107729081948
2026-09-05,15032,0.0
2026-09-05,15034,0.024219280175151958
2026-09-05,15041,0.01188515622491902
2026-09-05,15043,0.01188515622491902
2026-09-05,15045,0.01188515622491902
2026-09-05,17114,0.011976072891338686
2026-09-05,17115,0.0
2026-09-05,17143,0.0
2026-09-05,17222,0.04402757326277903
2026-09-05,17322,0.04189540866456546
2026-09-05,17323,0.0
2026-09-05,17400,0.04114394437475368
2026-09-05,17501,0.015095667719385702
2026-09-05,17504,0.045227704716322724
2026-09-05,17505,0.0
2026-09-05,17507,0.04652198903116201
2026-09-05,17508,0.0
2026-09-05,17521,0.01686608663721057
2026-09-05,17700,0.019801236886115306
2026-09-05,17704,0.016515349688725634
2026-09-05,17706,0.010313918068650124
2026-09-05,18100,0.0
2026-09-05,18101,0.015718570686077838
2026-09-05,18121,0.013437519674025651
2026-09-05,191070,0.01583648196558077
2026-09-05,20002,0.02202256119627842
2026-09-05,21008,0.0
2026-09-05,21010,0.015184267445791037
2026-09-05,210377,0.01583648196558077
2026-09-05,26001,0.027652777742459445
2026-09-05,26004,0.0
2026-09-05,26005,0.027602836736077035
2026-09-05,26006,0.0
2026-09-05,26007,0.0
2026-09-05,26008,0.02465936681320199
2026-09-05,26009,0.02734837659965193
2026-09-05,26010,0.0
2026-09-05,26020,0.01418429852084618
2026-09-05,26093,0.0
2026-09-05,26100,0.02398160290647521
2026-09-05,26101,0.02722075592529504
2026-09-05,26104,0.0
2026-09-05,26107,0.0
2026-09-05,26111,0.0
2026-09-05,26117,0.0
2026-09-05,26121,0.0
2026-09-05,26123,0.02658020819705353
2026-09-05,26124,0.0
2026-09-05,26127,0.0
2026-09-05,26141,0.0
2026-09-05,26142,0.0
2026-09-05,26151,0.0
2026-09-05,2621,0.015429733316416224
2026-09-05,2721,0.019271134957892923
2026-09-05,300675,0.01583648196558077
2026-09-05,3525,0.0
2026-09-05,3527,0.0
2026-09-05,4004,0.02560663429017191
2026-09-05,44016,0.01528213749534221
2026-09-05,44017,0.0
2026-09-05,44018,0.0
2026-09-05,44019,0.0
2026-09-05,44022,0.043484716985303144
2026-09-05,44031,0.0
2026-09-05,44033,0.0
2026-09-05,44052,0.010187412668525167
2026-09-05,44056,0.011525391948298871
2026-09-05,44060,0.0
2026-09-05,44068,0.01583648196558077
2026-09-05,44071,0.02434367383802845
2026-09-05,44072,0.017135692184455608
2026-09-05,4500,0.02359077895511629
2026-09-05,45002,0.0
2026-09-05,45003,0.013561976390471192
2026-09-05,45005,0.015562395325178061
2026-09-05,45006,0.02195336650085672
2026-09-05,4502,0.014758534506807724
2026-09-05,45117,0.009764838704031983
2026-09-05,45120,0.0
2026-09-05,45203,0.014957083513333497
2026-09-05,45207,0.02192219909807962
2026-09-05,45212,0.015977003599452075
2026-09-05,45215,0.0
2026-09-05,45225,0.024700512275545535
2026-09-05,4614,0.010651954514795788
2026-09-05,4616,0.05230290950196689
2026-09-05,4620,0.06927919959695691
2026-09-05,4622,0.01583648196558077
2026-09-05,4700,0.013107297954602734
2026-09-05,4703,0.0
2026-09-05,4706,0.011606547167122588
2026-09-05,4708,0.0
2026-09-05,4710,0.0
2026-09-05,6153,0.016797718524888837
2026-09-05,6210,0.015051864315206815
2026-09-05,6304,0.0
2026-09-05,6307,0.0
2026-09-05,7002,0.01583648196558077
2026-09-05,7151,0.0
2026-09-05,7152,0.0
2026-09-05,7153,0.0
2026-09-05,7154,0.0
2026-09-05,7160,0.010112860412119451
2026-09-05,7161,0.010794694032081312
2026-09-05,7162,0.010112860412119451
2026-09-05,7706,0.0
2026-09-05,7707,0.0
2026-09-05,7715,0.013732194522058051
2026-09-05,7716,0.0
2026-09-05,8029,0.01117616310664184
2026-09-05,8050,0.0
2026-09-05,8118,0.012829180414525312
2026-09-05,8123,0.013694146489615287
2026-09-05,8143,0.013402142613263111
2026-09-05,8153,0.0
2026-09-05,8154,0.013366057461250075
2026-09-05,8166,0.0
2026-09-05,8168,0.0
2026-09-05,8169,0.0
2026-09-05,8170,0.0
2026-09-05,8202,0.011711125085934018
2026-09-05,8203,0.0
2026-09-05,8205,0.024042596841012537
2026-09-05,8206,0.01722955041473717
2026-09-05,8207,0.0173719017192938
2026-09-05,8208,0.0
2026-09-05,8210,0.02033771966307152
2026-09-05,8212,0.02135561061422472
2026-09-05,8213,0.01664784117630279
2026-09-05,8215,0.030115936835718497
2026-09-05,8216,0.017598675386351095
2026-09-05,8217,0.014593474829583416
2026-09-05,8222,0.019376428739824352
2026-09-05,8225,0.014162917803538073
2026-09-05,9302,0.012366433318960273
