fecha,codigo_producto,unidades_vendidas,monto_total,num_facturas
2023-04-29,10752,1.0,36.55,1
2023-04-29,12100,2.0,33.04,1
2023-04-29,12130,8.0,421.28,1
2023-04-29,12134,5.0,263.3,1
2023-04-29,12136,13.0,684.58,1
2023-04-29,13014,3.0,83.64,1
2023-04-29,15030,6.0,371.72999999999996,2
2023-04-29,15032,6.0,376.36,2
2023-04-29,15034,10.0,596.3000000000001,2
2023-04-29,17222,21.0,1235.96,2
2023-04-29,17322,21.0,1268.49,2
2023-04-29,17501,13.0,593.97,2
2023-04-29,17504,4.0,179.66,1
2023-04-29,17507,38.0,1618.53,2
2023-04-29,17508,12.0,538.99,1
2023-04-29,17700,7.0,433.66999999999996,2
2023-04-29,17704,2.0,125.97,1
2023-04-29,18101,1.0,66.6,1
2023-04-29,20002,8.0,262.27,1
2023-04-29,2621,4.0,178.11,1
2023-04-29,2721,5.0,175.52999999999997,2
2023-04-29,3527,4.0,129.07,1
2023-04-29,44022,42.0,2959.8100000000004,2
2023-04-29,44052,3.0,117.71,1
2023-04-29,4500,7.0,205.99,1
2023-04-29,4502,4.0,157.99,2
2023-04-29,45207,2.0,67.63,1
2023-04-29,45225,2.0,88.8,1
2023-04-29,4616,15.0,367.85,1
2023-04-29,4620,12.0,170.37,1
2023-04-29,4710,1.0,19.36,1
2023-04-29,7154,1.0,99.9,1
2023-04-29,8203,4.0,91.89,1
2023-04-29,8205,16.0,367.59,2
2023-04-29,8206,16.0,367.59,2
2023-04-29,8222,7.0,296.35,1
2023-04-29,9302,2.0,50.59,1
2023-05-04,12100,3.0,49.57,1
2023-05-04,14218,6.0,290.41,1
2023-05-04,15030,1.0,61.96,1
2023-05-04,15032,1.0,62.73,1
2023-05-04,17222,4.0,235.43,1
2023-05-04,17322,7.0,422.83,1
2023-05-04,17501,2.0,91.38,1
2023-05-04,17504,2.0,89.83,1
2023-05-04,17700,1.0,61.96,1
2023-05-04,17704,4.0,251.95,1
2023-05-04,18101,2.0,133.2,1
2023-05-04,20002,4.0,131.13,1
2023-05-04,26124,2.0,7.74,1
2023-05-04,3525,2.0,64.53,1
2023-05-04,44022,5.0,352.36,1
2023-05-04,4502,2.0,78.99,1
2023-05-04,4616,5.0,122.62,1
2023-05-04,6210,1.0,25.17,1
2023-05-04,6304,1.0,29.69,1
2023-05-04,6307,1.0,45.69,1
2023-05-04,7715,1.0,39.5,1
2023-05-04,8203,12.0,275.69,1
2023-05-04,8205,6.0,137.85,1
2023-05-04,8206,3.0,68.92,1
2023-05-04,8222,1.0,42.34,1
2023-05-12,12100,2.0,33.04,1
2023-05-12,12136,1.0,52.66,1
2023-05-12,13014,1.0,27.88,1
2023-05-12,15030,1.0,61.96,1
2023-05-12,15032,1.0,62.73,1
2023-05-12,15034,1.0,59.63,1
2023-05-12,17222,4.0,235.43,1
2023-05-12,17322,2.0,120.8,1
2023-05-12,17501,1.0,45.69,1
2023-05-12,17504,2.0,89.83,1
2023-05-12,17700,2.0,123.9,1
2023-05-12,20002,2.0,65.57,1
2023-05-12,44022,4.0,281.88,1
2023-05-12,4708,2.0,38.72,1
2023-05-12,7715,1.0,39.5,1
2023-05-12,8202,2.0,45.95,1
2023-05-12,8203,1.0,22.97,1
2023-05-12,8205,3.0,68.92,1
2023-05-12,8206,2.0,45.95,1
2023-05-15,15034,2.0,119.26,1
2023-05-15,17222,2.0,117.71,1
2023-05-15,2621,1.0,44.53,1
2023-05-15,8205,1.0,22.97,1
2023-05-26,12100,1.0,16.52,1
2023-05-26,44022,3.0,211.42,1
2023-05-26,8202,1.0,22.97,1
2023-06-06,12136,1.3,80.53999999999999,1
2023-06-06,8206,3.0,81.09,1
2023-06-12,12130,1.0,61.96,1
2023-06-12,12134,1.0,61.96,1
2023-06-12,12136,2.0,123.9,1
2023-06-12,15030,1.0,72.88,1
2023-06-12,15032,2.0,147.6,2
2023-06-12,15034,1.0,70.15,1
2023-06-12,17222,2.0,138.48,2
2023-06-12,17322,3.0,213.18,2
2023-06-12,17400,4.0,310.97,3
2023-06-12,17504,4.0,211.36,3
2023-06-12,17507,1.0,50.11,1
2023-06-12,17700,1.0,72.88,1
2023-06-12,2621,1.0,52.39,1
2023-06-12,2721,1.0,41.3,1
2023-06-12,4616,7.0,201.95999999999998,2
2023-06-12,4620,4.0,66.81,1
2023-06-12,8202,2.0,54.05,1
2023-06-12,8203,1.0,27.03,1
2023-06-12,8206,2.0,54.05,1
2023-06-12,8222,2.0,99.62,2
2023-06-13,17507,1.0,50.11,1
2023-06-13,3527,1.0,37.96,1
2023-06-14,10752,1.0,43.0,1
2023-06-14,12100,1.0,19.43,1
2023-06-14,12130,3.0,185.86,2
2023-06-14,12134,4.0,247.82,3
2023-06-14,12136,3.0,185.88,3
2023-06-14,15030,1.0,72.88,1
2023-06-14,15032,2.0,147.6,2
2023-06-14,15034,1.0,70.15,1
2023-06-14,17114,1.0,70.46,1
2023-06-14,17222,2.0,138.48,2
2023-06-14,17322,1.0,71.06,1
2023-06-14,17400,3.0,233.21999999999997,3
2023-06-14,17507,3.0,150.32999999999998,2
2023-06-14,17700,1.0,72.88,1
2023-06-14,17704,2.0,148.2,2
2023-06-14,3527,2.0,75.92,1
2023-06-14,44022,2.0,165.81,1
2023-06-14,4500,2.0,69.24,1
2023-06-14,4620,1.0,16.7,1
2023-06-14,8202,2.0,54.05,1
2023-06-14,8203,2.0,54.06,2
2023-06-14,8206,1.0,27.03,1
2023-06-14,8215,1.0,20.34,1
2023-06-14,8216,1.0,20.34,1
2023-06-14,8222,2.0,49.940000000000005,2
2023-06-14,9302,1.0,29.76,1
2023-06-15,12130,1.0,61.96,1
2023-06-15,12134,1.0,61.96,1
2023-06-15,12136,1.0,61.96,1
2023-06-15,15030,1.0,72.88,1
2023-06-15,15032,1.0,73.8,1
2023-06-15,15034,1.0,70.15,1
2023-06-15,17222,1.0,69.24,1
2023-06-15,17322,1.0,71.06,1
2023-06-15,17400,1.0,77.74,1
2023-06-15,17507,1.0,50.11,1
2023-06-15,17704,2.0,148.2,1
2023-06-15,2721,1.0,41.3,1
2023-06-17,12130,2.0,123.9,1
2023-06-17,12132,1.0,61.96,1
2023-06-17,12134,2.0,123.9,1
2023-06-17,12136,3.0,185.86,1
2023-06-17,14218,2.0,113.88,1
2023-06-17,15030,1.0,72.88,1
2023-06-17,15032,3.0,221.39,1
2023-06-17,15034,2.0,140.31,1
2023-06-17,17222,3.0,207.73,1
2023-06-17,17322,2.0,142.12,1
2023-06-17,17400,3.0,233.24,1
2023-06-17,17504,3.0,158.53,1
2023-06-17,17507,2.0,100.22,1
2023-06-17,18101,1.0,78.35,1
2023-06-17,44022,2.0,165.81,1
2023-06-17,4502,1.0,46.47,1
2023-06-17,45225,1.0,52.24,1
2023-06-17,4616,6.0,173.11,1
2023-06-17,4620,2.0,33.41,1
2023-06-17,8205,4.0,108.1,1
2023-06-17,8212,3.0,61.04,1
2023-06-17,8213,3.0,61.04,1
2023-06-17,8215,3.0,61.04,1
2023-06-17,8216,3.0,61.04,1
2023-06-17,8222,1.0,49.81,1
2023-06-19,12134,1.0,61.96,1
2023-06-19,12136,1.0,61.96,1
2023-06-19,14218,1.0,56.94,1
2023-06-19,17322,2.0,142.12,2
2023-06-19,17400,1.0,77.74,1
2023-06-19,17504,2.0,105.68,1
2023-06-19,17507,2.0,100.22,1
2023-06-19,44022,2.0,165.81,1
2023-06-19,4616,2.0,57.7,1
2023-06-19,8202,2.0,54.06,2
2023-06-19,8203,1.0,27.03,1
2023-06-19,8206,2.0,54.06,2
2023-06-19,8212,1.0,20.34,1
2023-06-19,8213,1.0,20.34,1
2023-06-19,8216,1.0,20.34,1
2023-06-20,17507,1.0,50.11,1
2023-06-20,26004,5.0,20.5,1
2023-06-20,26008,4.0,16.4,1
2023-06-20,26009,5.0,20.5,1
2023-06-20,26010,1.0,4.1,1
2023-06-20,26111,2.0,9.12,1
2023-06-20,26124,5.0,22.78,1
2023-06-22,12136,3.0,185.86,1
2023-06-22,14218,3.0,170.82,1
2023-06-22,15030,2.0,145.76,2
2023-06-22,15032,4.0,295.19,3
2023-06-22,15034,2.0,140.3,2
2023-06-22,17222,4.0,276.97,3
2023-06-22,17322,5.0,355.3,3
2023-06-22,17400,3.0,233.23000000000002,2
2023-06-22,17504,4.0,211.36,2
2023-06-22,17507,5.0,250.55,2
2023-06-22,26004,20.0,82.0,1
2023-06-22,26009,4.0,16.4,1
2023-06-22,26101,2.0,9.12,1
2023-06-22,45117,1.0,91.11,1
2023-06-22,45120,1.0,91.11,1
2023-06-22,4616,4.0,115.4,2
2023-06-22,4620,1.0,16.7,1
2023-06-22,8168,1.0,14.57,1
2023-06-22,8170,1.0,17.61,1
2023-06-22,8203,2.0,54.05,1
2023-06-22,8205,2.0,54.05,1
2023-06-23,12100,1.0,19.43,1
2023-06-23,12130,2.0,123.9,1
2023-06-23,12134,2.0,123.9,1
2023-06-23,12136,1.0,61.96,1
2023-06-23,15030,1.0,72.88,1
2023-06-23,17322,1.0,71.06,1
2023-06-23,17400,2.0,155.49,1
2023-06-23,17501,1.0,53.75,1
2023-06-23,17504,3.0,158.52,2
2023-06-23,17507,4.0,200.44,2
2023-06-23,21008,4.0,75.32,1
2023-06-23,44022,1.0,82.91,1
2023-06-23,44060,1.0,72.88,1
2023-06-23,4706,1.0,38.57,1
2023-06-23,7716,1.0,46.47,1
2023-06-23,8202,1.0,27.03,1
2023-06-23,8203,1.0,27.03,1
2023-06-23,8205,1.0,27.03,1
2023-06-23,9302,1.0,29.76,1
2023-06-26,12130,1.0,61.96,1
2023-06-26,12136,1.0,61.96,1
2023-06-26,17400,1.0,77.74,1
2023-06-26,17504,1.0,52.84,1
2023-06-26,17507,1.0,50.11,1
2023-06-26,44022,2.0,165.81,1
2023-06-26,8222,1.0,49.81,1
2023-06-27,12130,1.0,61.96,1
2023-06-27,12134,1.0,61.96,1
2023-06-27,17222,2.0,138.49,1
2023-06-27,17400,1.0,77.74,1
2023-06-27,17704,1.0,74.1,1
2023-06-27,2621,1.0,52.39,1
2023-06-27,44022,1.0,82.91,1
2023-06-27,4710,2.0,45.56,1
2023-06-27,8202,2.0,54.05,1
2023-06-27,8203,1.0,27.03,1
2023-06-27,8206,1.0,27.03,1
2023-06-28,12130,1.0,61.96,1
2023-06-28,12134,1.0,61.96,1
2023-06-28,12136,1.0,61.96,1
2023-06-28,13016,1.0,32.8,1
2023-06-28,15034,2.0,140.3,2
2023-06-28,17504,2.0,105.68,2
2023-06-28,3525,1.0,37.96,1
2023-06-28,3527,1.0,37.96,1
2023-06-28,4616,2.0,57.7,1
2023-06-28,8202,1.0,27.03,1
2023-06-29,12130,1.0,61.96,1
2023-06-29,12136,2.0,123.92,2
2023-06-29,17504,1.0,52.84,1
2023-06-29,17507,1.0,50.11,1
2023-06-29,20002,1.0,38.57,1
2023-06-29,3527,1.0,37.96,1
2023-06-29,44022,1.0,82.91,1
2023-06-29,4616,1.0,28.85,1
2023-06-29,4620,1.0,16.7,1
2023-06-29,8168,1.0,14.57,1
2023-06-29,8169,1.0,14.57,1
2023-06-29,8202,1.0,27.03,1
2023-06-29,8203,1.0,27.03,1
2023-06-29,8206,1.0,27.03,1
2023-06-29,8222,1.0,49.81,1
2023-07-03,17504,1.0,52.84,1
2023-07-03,17507,1.0,50.11,1
2023-07-03,26004,3.0,12.3,1
2023-07-03,26007,3.0,12.3,1
2023-07-03,26121,3.0,13.66,1
2023-07-03,26127,3.0,13.66,1
2023-07-03,3527,1.0,37.96,1
2023-07-03,44022,1.0,82.91,1
2023-07-03,4703,1.0,56.49,1
2023-07-04,12130,1.0,61.96,1
2023-07-04,12134,1.0,61.96,1
2023-07-04,12136,1.0,61.96,1
2023-07-04,15032,1.0,73.8,1
2023-07-04,17400,1.0,77.74,1
2023-07-04,17504,1.0,52.84,1
2023-07-04,2721,1.0,41.3,1
2023-07-04,44022,1.0,82.91,1
2023-07-04,8205,2.0,54.06,2
2023-07-05,12130,1.0,61.96,1
2023-07-05,8212,1.0,20.34,1
2023-07-05,8213,1.0,20.34,1
2023-07-05,8222,1.0,49.81,1
2023-07-06,17501,1.0,53.75,1
2023-07-06,26009,2.0,8.2,1
2023-07-06,44022,1.0,82.91,1
2023-07-09,17222,1.0,69.24,1
2023-07-09,17322,1.0,71.06,1
2023-07-09,17400,1.0,77.74,1
2023-07-09,17504,1.0,52.84,1
2023-07-10,12136,1.0,61.96,1
2023-07-10,15032,1.0,73.8,1
2023-07-10,17222,1.0,69.24,1
2023-07-10,17322,1.0,71.06,1
2023-07-10,17400,2.0,155.48,2
2023-07-10,17501,1.0,53.75,1
2023-07-10,17504,1.0,52.84,1
2023-07-10,17507,2.0,100.22,2
2023-07-10,17508,1.0,52.84,1
2023-07-10,20002,2.0,77.14,1
2023-07-10,2621,1.0,52.39,1
2023-07-10,4502,1.0,46.47,1
2023-07-10,4620,1.0,16.7,1
2023-07-10,8202,1.0,27.03,1
2023-07-11,12136,2.0,123.9,1
2023-07-12,12100,1.0,19.43,1
2023-07-12,12130,1.0,61.96,1
2023-07-12,12134,1.0,61.96,1
2023-07-12,12136,4.0,247.84,3
2023-07-12,15030,1.0,72.88,1
2023-07-12,15032,1.0,73.8,1
2023-07-12,15034,2.0,140.3,2
2023-07-12,17222,1.0,69.24,1
2023-07-12,17322,1.0,71.06,1
2023-07-12,17400,1.0,77.74,1
2023-07-12,17504,2.0,105.68,2
2023-07-12,17507,3.0,150.32999999999998,2
2023-07-12,17700,1.0,72.88,1
2023-07-12,18101,1.0,78.35,1
2023-07-12,26005,2.0,8.2,1
2023-07-12,26006,1.0,4.1,1
2023-07-12,26124,1.0,4.56,1
2023-07-12,26151,2.0,21.26,1
2023-07-12,44022,1.0,82.91,1
2023-07-12,4616,2.0,57.7,1
2023-07-12,4620,2.0,33.41,1
2023-07-12,8205,3.0,81.08,2
2023-07-12,8206,1.0,27.03,1
2023-07-12,8222,1.0,49.81,1
2023-07-14,12136,2.0,123.92,2
2023-07-14,14218,1.0,56.94,1
2023-07-14,15030,1.0,72.88,1
2023-07-14,15032,1.0,73.8,1
2023-07-14,15034,2.0,140.3,2
2023-07-14,17114,1.0,70.46,1
2023-07-14,17222,2.0,138.48,2
2023-07-14,17322,1.0,71.06,1
2023-07-14,17400,1.0,77.74,1
2023-07-14,17504,2.0,105.68,2
2023-07-14,17507,1.0,50.11,1
2023-07-14,3527,1.0,37.96,1
2023-07-14,44022,1.0,82.91,1
2023-07-14,4616,2.0,57.7,1
2023-07-14,4620,1.0,16.7,1
2023-07-14,8154,1.0,17.92,1
2023-07-17,17322,1.0,71.06,1
2023-07-17,17501,1.0,53.75,1
2023-07-17,17504,1.0,52.84,1
2023-07-17,20002,1.0,38.57,1
2023-07-17,26001,2.0,8.2,1
2023-07-17,26006,2.0,8.2,1
2023-07-17,44022,1.0,82.91,1
2023-07-17,44072,1.0,43.73,1
2023-07-17,4500,1.0,34.62,1
2023-07-17,8222,1.0,49.81,1
2023-07-20,12130,1.0,61.96,1
2023-07-20,15034,1.0,70.15,1
2023-07-20,3525,1.0,37.96,1
2023-07-20,8202,1.0,27.03,1
2023-07-21,4616,2.0,57.7,1
2023-07-21,8202,2.0,54.05,1
2023-07-24,17222,2.0,138.49,1
2023-07-24,17322,1.0,71.06,1
2023-07-24,17400,1.0,77.74,1
2023-07-24,18121,1.0,57.7,1
2023-07-24,20002,1.0,38.57,1
2023-07-24,4620,6.0,100.22,1
2023-07-24,7152,1.0,119.96,1
2023-07-24,7153,1.0,119.96,1
2023-07-24,8202,1.0,27.03,1
2023-07-24,9302,1.0,29.76,1
2023-07-25,12136,1.0,61.96,1
2023-07-25,15026,1.0,67.42,1
2023-07-25,17222,0.5,34.62,1
2023-07-25,17400,0.5,38.88,1
2023-07-25,17504,1.0,52.84,1
2023-07-26,12130,1.0,61.96,1
2023-07-26,12134,2.0,123.92,2
2023-07-26,12136,3.0,185.88,3
2023-07-26,14218,2.0,113.88,1
2023-07-26,15026,1.0,67.42,1
2023-07-26,15030,1.0,72.88,1
2023-07-26,15032,1.0,73.8,1
2023-07-26,15034,2.0,140.3,2
2023-07-26,17222,5.0,346.21,3
2023-07-26,17322,5.0,355.31,3
2023-07-26,17400,3.0,233.23000000000002,2
2023-07-26,17501,1.0,53.75,1
2023-07-26,17504,4.0,211.37,2
2023-07-26,17507,2.0,100.22,1
2023-07-26,17700,2.0,145.77,1
2023-07-26,17704,2.0,148.2,1
2023-07-26,44022,1.0,82.91,1
2023-07-26,4500,1.0,34.62,1
2023-07-26,4502,1.0,46.47,1
2023-07-26,4620,4.0,66.81,1
2023-07-26,8202,1.0,27.03,1
2023-07-26,8203,1.0,27.03,1
2023-07-26,8205,3.0,81.08,2
2023-07-26,8206,2.0,54.05,1
2023-07-28,45225,2.0,104.47,1
2023-07-29,17322,0.5,35.53,1
2023-07-29,17400,0.5,38.88,1
2023-07-29,44071,1.0,27.34,1
2023-07-30,45203,1.0,37.05,1
2023-07-30,45225,1.0,52.24,1
2023-07-31,12130,1.0,61.96,1
2023-07-31,12136,1.0,61.96,1
2023-07-31,17222,1.0,69.24,1
2023-07-31,17400,1.0,77.74,1
2023-07-31,17507,1.0,50.11,1
2023-07-31,18101,1.0,78.35,1
2023-07-31,3525,1.0,37.96,1
2023-07-31,3527,1.0,37.96,1
2023-07-31,45203,1.0,37.05,1
2023-07-31,45225,1.0,52.24,1
2023-07-31,8205,1.0,27.03,1
2023-07-31,8222,1.0,49.81,1
2023-08-01,12130,2.0,123.92,2
2023-08-01,12134,1.0,61.96,1
2023-08-01,12136,2.0,123.92,2
2023-08-01,15026,1.0,67.42,1
2023-08-01,15032,1.0,73.8,1
2023-08-01,15034,1.0,70.15,1
2023-08-01,17507,1.0,50.11,1
2023-08-01,2621,2.0,104.77,1
2023-08-01,8202,1.0,27.03,1
2023-08-01,8203,1.0,27.03,1
2023-08-01,8205,2.0,54.05,1
2023-08-01,8206,1.0,27.03,1
2023-08-01,8222,1.0,49.81,1
2023-08-02,15032,1.0,73.8,1
2023-08-02,44022,1.0,82.91,1
2023-08-02,4500,1.0,34.62,1
2023-08-02,8154,2.0,35.83,1
2023-08-02,8202,1.0,27.03,1
2023-08-03,12130,1.0,61.96,1
2023-08-03,12136,2.0,123.9,1
2023-08-03,17222,3.0,207.73000000000002,2
2023-08-03,17322,4.0,284.25,2
2023-08-03,17400,3.0,233.23000000000002,2
2023-08-03,17501,1.0,53.75,1
2023-08-03,17504,2.0,105.68,2
2023-08-03,44022,3.0,248.72,2
2023-08-03,8203,2.0,54.05,1
2023-08-03,8205,4.0,108.12,1
2023-08-03,8206,4.0,108.12,1
2023-08-05,12134,1.0,61.96,1
2023-08-05,17504,1.0,52.84,1
2023-08-05,17507,1.0,50.11,1
2023-08-05,17704,1.0,74.1,1
2023-08-05,4500,2.0,69.24,1
2023-08-05,4616,2.0,57.7,1
2023-08-05,8202,1.0,27.03,1
2023-08-05,8212,1.0,20.34,1
2023-08-05,8215,1.0,20.34,1
2023-08-07,12136,3.0,185.86,2
2023-08-07,14218,1.0,56.94,1
2023-08-07,15026,1.0,67.42,1
2023-08-07,15034,1.0,70.15,1
2023-08-07,17322,2.0,142.12,2
2023-08-07,17400,1.0,77.74,1
2023-08-07,17504,2.0,105.68,1
2023-08-07,17507,3.0,150.32999999999998,2
2023-08-07,17700,1.0,72.88,1
2023-08-07,20002,1.0,38.57,1
2023-08-07,2721,1.0,41.3,1
2023-08-07,44022,1.0,82.91,1
2023-08-07,4616,3.0,86.55,1
2023-08-09,12130,2.0,123.92,2
2023-08-09,15030,0.5,36.44,1
2023-08-09,15034,0.5,35.08,1
2023-08-09,17222,1.0,69.24,1
2023-08-09,17322,1.0,71.06,1
2023-08-09,44022,1.0,82.91,1
2023-08-09,8154,1.0,17.92,1
2023-08-11,17504,1.0,52.84,1
2023-08-11,17507,1.0,50.11,1
2023-08-11,44022,1.0,82.91,1
2023-08-14,15030,1.0,72.88,1
2023-08-14,15032,1.0,73.8,1
2023-08-14,17222,2.0,138.49,1
2023-08-14,4616,1.0,28.85,1
2023-08-14,4700,1.0,44.34,1
2023-08-14,6210,1.0,29.61,1
2023-08-14,8203,1.0,27.03,1
2023-08-14,8205,2.0,54.05,1
2023-08-15,12130,1.0,61.96,1
2023-08-15,12134,1.0,61.96,1
2023-08-15,12136,1.0,61.96,1
2023-08-15,15032,1.0,73.8,1
2023-08-15,15034,2.0,140.31,1
2023-08-15,17222,2.0,138.49,1
2023-08-15,17322,2.0,142.12,1
2023-08-15,17504,2.0,105.68,1
2023-08-15,17507,2.0,100.22,1
2023-08-15,17700,1.0,72.88,1
2023-08-15,18121,2.0,115.41,1
2023-08-15,26101,4.0,18.22,1
2023-08-15,26104,4.0,26.73,1
2023-08-15,44022,2.0,165.81,1
2023-08-15,4502,1.0,46.47,1
2023-08-15,4616,6.0,173.11,1
2023-08-15,8205,2.0,54.06,2
2023-08-15,8206,1.0,27.03,1
2023-08-16,12136,2.0,123.9,1
2023-08-16,14218,1.0,56.94,1
2023-08-16,17400,1.0,77.74,1
2023-08-16,17501,1.0,53.75,1
2023-08-16,17504,2.0,105.68,1
2023-08-16,17507,2.0,100.22,1
2023-08-16,44022,1.0,82.91,1
2023-08-17,12130,3.0,185.86,2
2023-08-17,12134,2.0,123.92,2
2023-08-17,12136,3.0,185.86,2
2023-08-17,15030,1.0,72.88,1
2023-08-17,15032,1.0,73.8,1
2023-08-17,15034,2.0,140.31,1
2023-08-17,17114,1.0,70.46,1
2023-08-17,17322,3.0,213.18,3
2023-08-17,17400,1.0,77.74,1
2023-08-17,17501,2.0,107.5,1
2023-08-17,17504,1.0,52.84,1
2023-08-17,17507,1.0,50.11,1
2023-08-17,17700,1.0,72.88,1
2023-08-17,17704,1.0,74.1,1
2023-08-17,44022,2.0,165.82,2
2023-08-17,4500,1.0,34.62,1
2023-08-17,8222,1.0,49.81,1
2023-08-18,12136,1.0,61.96,1
2023-08-18,17504,1.0,52.84,1
2023-08-18,18101,1.0,78.35,1
2023-08-18,44022,1.0,82.91,1
2023-08-18,4620,1.0,16.7,1
2023-08-18,8203,1.0,27.03,1
2023-08-18,8205,1.0,27.03,1
2023-08-21,12130,2.0,123.92,2
2023-08-21,12134,2.0,123.92,2
2023-08-21,12136,3.0,185.88,3
2023-08-21,14218,1.0,56.94,1
2023-08-21,15030,2.0,145.76,2
2023-08-21,17114,1.0,70.46,1
2023-08-21,17222,1.0,69.24,1
2023-08-21,17322,2.0,142.12,2
2023-08-21,17400,2.0,155.48,2
2023-08-21,17504,2.0,105.68,2
2023-08-21,17507,2.0,100.22,1
2023-08-21,17700,1.0,72.88,1
2023-08-21,44022,3.0,248.72,2
2023-08-21,4500,2.0,69.24,1
2023-08-21,8205,1.0,27.03,1
2023-08-23,12130,1.0,61.96,1
2023-08-23,12134,1.0,61.96,1
2023-08-23,12136,1.0,61.96,1
2023-08-23,15034,1.0,70.15,1
2023-08-23,17322,1.0,71.06,1
2023-08-23,17400,1.0,77.74,1
2023-08-23,17507,3.0,150.32999999999998,2
2023-08-23,44022,1.0,82.91,1
2023-08-23,45203,1.0,37.05,1
2023-08-23,4614,1.0,21.11,1
2023-08-23,8202,2.0,54.05,1
2023-08-23,8212,1.0,20.34,1
2023-08-23,8213,1.0,20.34,1
2023-08-25,12134,3.0,185.86,2
2023-08-25,12136,3.0,185.86,2
2023-08-25,14218,3.0,170.82,1
2023-08-25,15030,3.0,218.65,2
2023-08-25,15032,4.0,295.19,2
2023-08-25,15034,3.0,210.46,1
2023-08-25,17222,3.0,207.73,1
2023-08-25,17322,4.0,284.24,3
2023-08-25,17400,3.0,233.24,1
2023-08-25,17504,5.0,264.21000000000004,3
2023-08-25,17507,2.0,100.22,1
2023-08-25,44022,4.0,331.64,2
2023-08-25,44072,1.0,43.73,1
2023-08-25,4502,1.0,46.47,1
2023-08-25,4616,8.0,230.81,2
2023-08-25,8215,3.0,61.04,1
2023-08-25,8222,1.0,49.81,1
2023-08-27,17222,2.0,138.49,1
2023-08-27,17322,2.0,142.12,1
2023-08-27,17400,2.0,155.49,1
2023-08-27,17507,1.0,50.11,1
2023-08-27,44022,2.0,165.81,1
2023-08-27,8222,1.0,49.81,1
2023-08-28,12130,1.0,61.96,1
2023-08-28,17114,1.0,70.46,1
2023-08-28,17322,1.0,71.06,1
2023-08-28,3525,1.0,37.96,1
2023-08-28,44072,3.0,131.19,2
2023-08-29,12130,1.0,61.96,1
2023-08-29,12134,1.0,61.96,1
2023-08-29,12136,3.0,185.86,2
2023-08-29,15030,2.0,145.76,2
2023-08-29,15032,1.0,73.8,1
2023-08-29,15034,1.0,70.15,1
2023-08-29,17222,2.0,138.48,2
2023-08-29,17322,3.0,213.18,3
2023-08-29,17400,2.0,155.48,2
2023-08-29,17504,2.0,105.68,2
2023-08-29,17507,2.0,100.22,2
2023-08-29,26101,5.0,22.78,1
2023-08-29,26127,5.0,22.78,1
2023-08-29,2621,1.0,52.39,1
2023-08-29,44022,1.0,82.91,1
2023-08-29,44072,1.0,43.73,1
2023-08-29,45117,1.0,91.11,1
2023-08-29,4616,3.0,86.55000000000001,2
2023-08-29,8202,1.0,27.03,1
2023-08-29,8205,1.0,27.03,1
2023-08-29,8206,1.0,27.03,1
2023-08-29,8222,1.0,49.81,1
2023-08-30,14218,1.0,56.94,1
2023-08-30,15030,1.0,72.88,1
2023-08-30,15032,2.0,147.6,2
2023-08-30,17322,1.0,71.06,1
2023-08-30,17400,2.0,155.48,2
2023-08-30,17504,2.0,105.68,2
2023-08-30,17507,3.0,150.32999999999998,3
2023-08-30,17700,1.0,72.88,1
2023-08-30,44022,3.0,248.73,3
2023-08-30,4616,1.0,28.85,1
2023-08-30,8205,1.0,27.03,1
2023-08-30,8222,1.0,49.81,1
2023-09-01,12130,2.0,123.92,2
2023-09-01,12134,1.0,61.96,1
2023-09-01,15030,1.0,72.88,1
2023-09-01,17322,1.0,71.06,1
2023-09-01,17400,1.0,77.74,1
2023-09-01,17504,2.0,105.68,2
2023-09-01,17507,1.0,50.11,1
2023-09-04,12100,2.0,38.86,2
2023-09-04,15032,1.0,73.8,1
2023-09-04,15034,1.0,70.15,1
2023-09-04,17322,1.0,71.06,1
2023-09-04,17501,1.0,53.75,1
2023-09-04,17504,3.0,158.52,2
2023-09-04,17704,1.0,74.1,1
2023-09-04,2621,1.0,52.39,1
2023-09-04,2721,1.0,41.3,1
2023-09-04,44022,2.0,165.82,2
2023-09-04,4502,1.0,46.47,1
2023-09-04,4614,1.0,21.11,1
2023-09-04,9302,1.0,29.76,1
2023-09-06,12136,1.0,61.96,1
2023-09-06,17322,3.0,213.18,2
2023-09-06,17400,3.0,233.23000000000002,2
2023-09-06,3525,3.0,113.88,3
2023-09-06,45203,1.0,37.05,1
2023-09-07,12130,2.0,123.92,2
2023-09-07,12136,1.0,61.96,1
2023-09-07,17501,1.0,53.75,1
2023-09-07,17704,1.0,74.1,1
2023-09-07,4502,1.0,46.47,1
2023-09-07,8202,1.0,27.03,1
2023-09-07,8205,2.0,54.05,1
2023-09-07,8206,2.0,54.05,1
2023-09-08,12130,2.0,123.92,2
2023-09-08,12134,2.0,123.92,2
2023-09-08,12136,2.0,123.92,2
2023-09-08,17400,1.0,77.74,1
2023-09-08,45203,1.0,37.05,1
2023-09-11,12100,3.0,58.31,2
2023-09-11,12130,1.0,61.96,1
2023-09-11,12134,1.0,61.96,1
2023-09-11,12136,2.0,123.92,2
2023-09-11,14218,2.0,113.88,1
2023-09-11,15032,1.0,73.8,1
2023-09-11,15034,1.0,70.15,1
2023-09-11,17322,4.0,284.24,3
2023-09-11,17400,1.0,77.74,1
2023-09-11,17507,6.0,300.65999999999997,5
2023-09-11,18101,1.0,78.35,1
2023-09-11,2721,3.0,123.9,1
2023-09-11,44022,1.0,82.91,1
2023-09-11,44072,1.0,43.73,1
2023-09-11,4500,1.0,34.62,1
2023-09-11,4502,1.0,46.47,1
2023-09-11,45225,3.0,156.71,1
2023-09-11,4703,1.0,56.49,1
2023-09-11,8203,2.0,54.05,1
2023-09-11,8205,4.0,108.12,1
2023-09-11,8206,5.0,135.14,1
2023-09-11,8212,1.0,20.34,1
2023-09-11,8222,1.0,49.81,1
2023-09-12,12100,1.0,19.43,1
2023-09-12,17501,1.0,53.75,1
2023-09-12,8202,1.0,27.03,1
2023-09-12,8205,1.0,27.03,1
2023-09-13,12100,1.0,19.43,1
2023-09-13,12130,2.0,123.92,2
2023-09-13,12134,2.0,123.92,2
2023-09-13,12136,2.0,123.92,1
2023-09-13,15030,1.0,72.88,1
2023-09-13,15032,1.0,73.8,1
2023-09-13,15034,1.0,70.15,1
2023-09-13,17222,3.0,207.71999999999997,2
2023-09-13,17322,1.0,71.06,1
2023-09-13,17400,1.0,77.74,1
2023-09-13,17501,1.0,53.75,1
2023-09-13,17504,3.0,158.52,3
2023-09-13,17507,1.0,50.11,1
2023-09-13,17700,2.0,145.76,2
2023-09-13,17704,1.0,74.1,1
2023-09-13,18101,1.0,78.35,1
2023-09-13,20002,1.0,38.57,1
2023-09-13,2621,1.0,52.39,1
2023-09-13,2721,1.0,41.3,1
2023-09-13,3527,1.0,37.96,1
2023-09-13,44022,2.0,165.82,2
2023-09-13,44052,1.0,46.16,1
2023-09-13,45005,1.0,46.77,1
2023-09-13,7715,1.0,46.47,1
2023-09-13,8154,1.0,17.92,1
2023-09-13,8166,1.0,14.57,1
2023-09-13,8168,1.0,14.57,1
2023-09-13,8169,1.0,14.57,1
2023-09-13,8170,1.0,17.61,1
2023-09-13,8222,2.0,99.62,2
2023-09-18,12100,1.0,19.43,1
2023-09-18,12130,1.0,61.96,1
2023-09-18,17400,3.0,233.21999999999997,3
2023-09-18,17521,1.0,25.51,1
2023-09-18,18101,1.0,78.35,1
2023-09-18,3527,1.0,37.96,1
2023-09-18,4502,2.0,92.93,1
2023-09-18,4703,1.0,56.49,1
2023-09-18,8202,2.0,54.06,2
2023-09-18,8206,2.0,54.06,2
2023-09-19,12134,1.0,61.96,1
2023-09-19,12136,2.0,123.92,2
2023-09-19,14218,1.0,56.94,1
2023-09-19,15034,1.0,70.15,1
2023-09-19,17322,3.0,213.18,3
2023-09-19,2721,1.0,41.3,1
2023-09-19,8202,2.0,54.05,1
2023-09-20,15034,1.0,70.15,1
2023-09-20,17322,1.0,71.06,1
2023-09-20,17704,1.0,74.1,1
2023-09-20,3525,1.0,37.96,1
2023-09-20,45225,1.0,52.24,1
2023-09-20,8154,1.0,17.92,1
2023-09-20,8203,1.0,27.03,1
2023-09-20,8205,1.0,27.03,1
2023-09-21,17400,1.0,77.74,1
2023-09-21,45203,1.0,37.05,1
2023-09-21,8202,1.0,27.03,1
2023-09-21,8203,1.0,27.03,1
2023-09-21,8205,1.0,27.03,1
2023-09-22,12130,1.0,61.96,1
2023-09-22,12134,1.0,61.96,1
2023-09-22,12136,1.0,61.96,1
2023-09-22,17322,1.0,71.06,1
2023-09-22,17501,1.0,53.75,1
2023-09-22,17704,1.0,74.1,1
2023-09-22,8205,1.0,27.03,1
2023-09-22,8212,1.0,20.34,1
2023-09-22,8213,1.0,20.34,1
2023-09-22,8215,1.0,20.34,1
2023-09-23,12100,2.0,38.88,1
2023-09-23,12130,1.0,61.96,1
2023-09-23,17400,1.0,77.74,1
2023-09-23,17700,1.0,72.88,1
2023-09-23,21008,2.0,37.65,1
2023-09-23,26127,2.0,9.12,1
2023-09-23,8215,1.0,20.34,1
2023-09-23,8216,1.0,20.34,1
2023-09-25,12136,1.0,61.96,1
2023-09-25,17322,1.0,71.06,1
2023-09-25,17400,1.0,77.74,1
2023-09-26,17400,1.0,77.74,1
2023-09-26,20002,1.0,38.57,1
2023-09-28,12130,1.0,61.96,1
2023-09-28,15034,2.0,140.3,2
2023-09-28,17400,1.0,77.74,1
2023-09-28,18121,1.0,57.7,1
2023-09-28,3525,1.0,37.96,1
2023-09-28,4700,1.0,44.34,1
2023-09-28,8203,4.0,108.12,1
2023-09-28,8205,6.0,162.17,1
2023-09-28,9302,1.0,29.76,1
2023-09-29,10752,1.0,43.0,1
2023-09-29,13016,1.0,32.8,1
2023-09-29,14210,1.0,113.88,1
2023-09-29,14218,1.0,56.94,1
2023-09-29,15026,1.0,67.42,1
2023-09-29,15032,1.0,73.8,1
2023-09-29,17222,1.0,69.24,1
2023-09-29,17400,1.0,77.74,1
2023-09-29,17501,1.0,53.75,1
2023-09-29,17504,4.0,211.36,3
2023-09-29,17507,2.0,100.22,2
2023-09-29,20002,1.0,38.57,1
2023-09-29,44022,2.0,165.82,2
2023-09-29,45203,2.0,74.1,1
2023-09-29,4616,11.0,317.36,4
2023-09-29,4620,10.0,167.03,2
2023-09-29,7152,1.0,119.96,1
2023-09-29,8202,1.0,27.03,1
2023-09-29,8215,1.0,20.34,1
2023-09-29,9302,1.0,29.76,1
2023-10-02,12100,1.0,19.43,1
2023-10-02,17222,2.0,138.49,1
2023-10-02,17322,1.0,71.06,1
2023-10-02,17504,1.0,52.84,1
2023-10-02,8205,2.0,54.05,1
2023-10-03,12100,1.0,19.43,1
2023-10-03,17504,1.0,52.84,1
2023-10-03,26009,6.0,24.6,1
2023-10-03,26100,6.0,40.09,1
2023-10-03,26101,6.0,27.34,1
2023-10-03,44071,2.0,54.66,1
2023-10-03,4502,1.0,46.47,1
2023-10-03,4620,6.0,100.22,1
2023-10-03,8222,1.0,49.81,1
2023-10-04,12100,2.0,38.88,1
2023-10-04,12136,1.0,61.96,1
2023-10-04,15030,1.0,72.88,1
2023-10-04,15032,1.0,73.8,1
2023-10-04,15034,3.0,210.45000000000002,3
2023-10-04,17222,1.0,69.24,1
2023-10-04,17322,1.0,71.06,1
2023-10-04,17504,5.0,264.20000000000005,4
2023-10-04,17507,3.0,150.32999999999998,3
2023-10-04,17704,1.0,74.1,1
2023-10-04,20002,1.0,38.57,1
2023-10-04,44022,5.0,414.53999999999996,2
2023-10-04,4616,2.0,57.7,1
2023-10-04,4620,8.0,133.64,4
2023-10-04,7715,1.0,46.47,1
2023-10-04,8205,1.0,27.03,1
2023-10-04,8206,1.0,27.03,1
2023-10-05,12136,1.0,61.96,1
2023-10-05,17322,1.0,71.06,1
2023-10-05,17400,1.0,77.74,1
2023-10-05,17504,2.0,105.68,1
2023-10-05,17700,1.0,72.88,1
2023-10-05,3525,1.0,37.96,1
2023-10-05,45203,1.0,37.05,1
2023-10-05,7152,1.0,119.96,1
2023-10-05,7715,1.0,46.47,1
2023-10-05,8205,1.0,27.03,1
2023-10-06,12136,2.0,123.9,1
2023-10-06,15030,1.0,72.88,1
2023-10-06,17222,2.0,138.49,1
2023-10-06,17400,2.0,155.48,2
2023-10-06,17504,2.0,105.68,1
2023-10-06,17507,2.0,100.22,1
2023-10-06,4620,1.0,16.7,1
2023-10-06,4703,1.0,56.49,1
2023-10-06,7715,1.0,46.47,1
2023-10-06,8205,1.0,27.03,1
2023-10-06,8215,1.0,20.34,1
2023-10-06,9302,1.0,29.76,1
2023-10-08,12130,2.0,123.9,1
2023-10-08,12134,1.0,61.96,1
2023-10-08,12136,1.0,61.96,1
2023-10-08,17114,1.0,70.46,1
2023-10-08,17222,2.0,138.49,1
2023-10-08,17504,1.0,52.84,1
2023-10-08,17507,1.0,50.11,1
2023-10-08,17700,1.0,72.88,1
2023-10-08,20002,1.0,38.57,1
2023-10-08,44022,1.0,82.91,1
2023-10-08,4500,1.0,34.62,1
2023-10-08,4614,1.0,21.11,1
2023-10-08,4616,5.0,144.26,2
2023-10-08,4620,4.0,66.81,1
2023-10-08,8202,2.0,54.06,2
2023-10-08,8203,1.0,27.03,1
2023-10-08,8205,1.0,27.03,1
2023-10-08,8206,2.0,54.06,2
2023-10-09,12130,1.0,61.96,1
2023-10-09,12134,1.0,61.96,1
2023-10-09,12136,3.0,185.88,3
2023-10-09,15034,1.0,70.15,1
2023-10-09,17222,1.0,69.24,1
2023-10-09,17322,1.0,71.06,1
2023-10-09,17400,1.0,77.74,1
2023-10-09,17501,1.0,53.75,1
2023-10-09,17504,2.0,105.68,1
2023-10-09,17507,3.0,150.32999999999998,2
2023-10-09,17700,1.0,72.88,1
2023-10-09,18121,1.0,57.7,1
2023-10-09,2621,1.0,52.39,1
2023-10-09,44022,3.0,248.72,2
2023-10-09,44052,1.0,46.16,1
2023-10-09,44072,1.0,43.73,1
2023-10-09,4616,3.0,86.55,1
2023-10-09,8203,1.0,27.03,1
2023-10-09,8205,2.0,54.06,2
2023-10-09,8206,1.0,27.03,1
2023-10-09,8215,1.0,20.34,1
2023-10-09,8216,1.0,20.34,1
2023-10-10,12121,1.0,29.76,1
2023-10-10,12136,1.0,61.96,1
2023-10-10,13014,1.0,32.8,1
2023-10-10,15034,1.0,70.15,1
2023-10-10,17507,1.0,50.11,1
2023-10-10,18121,1.0,57.7,1
2023-10-10,26004,1.0,4.1,1
2023-10-10,44022,1.0,82.91,1
2023-10-10,44052,1.0,46.16,1
2023-10-10,4620,1.0,16.7,1
2023-10-10,8202,1.0,27.03,1
2023-10-10,8205,1.0,27.03,1
2023-10-10,8206,1.0,27.03,1
2023-10-12,12130,1.0,61.96,1
2023-10-12,12134,1.0,61.96,1
2023-10-12,12136,1.0,61.96,1
2023-10-12,14218,1.0,56.94,1
2023-10-12,17222,1.0,67.79,1
2023-10-12,17504,1.0,52.84,1
2023-10-12,17700,1.0,72.88,1
2023-10-12,44022,1.0,82.91,1
2023-10-12,8205,1.0,27.03,1
2023-10-12,8206,1.0,27.03,1
2023-10-16,12136,1.0,61.96,1
2023-10-16,15034,1.0,70.15,1
2023-10-16,17222,1.0,67.79,1
2023-10-16,17322,1.0,71.06,1
2023-10-16,17400,2.0,155.48,2
2023-10-16,17504,1.0,52.84,1
2023-10-16,17507,1.0,50.11,1
2023-10-16,17700,1.0,72.88,1
2023-10-16,18121,1.0,57.7,1
2023-10-16,20002,1.0,38.57,1
2023-10-16,44022,1.0,82.91,1
2023-10-16,44071,2.0,54.68,2
2023-10-16,44072,1.0,43.73,1
2023-10-16,8206,1.0,27.03,1
2023-10-16,8222,1.0,49.81,1
2023-10-17,12134,1.0,61.96,1
2023-10-17,15032,1.0,73.8,1
2023-10-17,15034,2.0,140.3,2
2023-10-17,17114,1.0,70.46,1
2023-10-17,17322,2.0,142.12,2
2023-10-17,17507,2.0,100.22,2
2023-10-17,17704,1.0,74.1,1
2023-10-17,44071,1.0,27.34,1
2023-10-17,44072,1.0,43.73,1
2023-10-17,8202,1.0,27.03,1
2023-10-19,12130,1.0,61.96,1
2023-10-20,12134,1.0,61.96,1
2023-10-20,12136,1.0,61.96,1
2023-10-20,15032,1.0,73.8,1
2023-10-20,17504,2.0,105.68,1
2023-10-20,17507,1.0,50.11,1
2023-10-20,20002,3.0,115.71,1
2023-10-20,26009,1.0,4.1,1
2023-10-20,26123,2.0,9.12,1
2023-10-20,26124,2.0,9.12,1
2023-10-20,44022,1.0,82.91,1
2023-10-20,4500,2.0,69.24,1
2023-10-20,45203,1.0,37.05,1
2023-10-20,4616,4.0,115.41,1
2023-10-20,8203,1.0,27.03,1
2023-10-20,8205,2.0,54.05,1
2023-10-20,8206,2.0,54.05,1
2023-10-20,8215,1.0,20.34,1
2023-10-20,8222,1.0,49.81,1
2023-10-22,44071,1.0,27.34,1
2023-10-22,45225,1.0,52.24,1
2023-10-23,18101,1.0,78.35,1
2023-10-23,4620,1.0,16.7,1
2023-10-23,8206,1.0,27.03,1
2023-10-24,12100,1.0,19.43,1
2023-10-24,12134,1.0,61.96,1
2023-10-24,12136,1.0,61.96,1
2023-10-24,17400,1.0,77.74,1
2023-10-24,17504,1.0,52.84,1
2023-10-24,4706,1.0,38.57,1
2023-10-24,8202,1.0,27.03,1
2023-10-24,8203,1.0,27.03,1
2023-10-24,8206,1.0,27.03,1
2023-10-24,8222,1.0,49.81,1
2023-10-25,12100,1.0,19.43,1
2023-10-25,12134,1.0,61.96,1
2023-10-25,15026,1.0,67.42,1
2023-10-25,17400,1.0,77.74,1
2023-10-25,17504,1.0,52.84,1
2023-10-25,17507,1.0,50.11,1
2023-10-25,8205,1.0,27.03,1
2023-10-25,8206,2.0,54.06,2
2023-10-27,12130,4.0,247.8,1
2023-10-27,12136,1.0,61.96,1
2023-10-27,15026,1.0,67.42,1
2023-10-27,17504,2.0,105.68,1
2023-10-27,44071,1.0,27.34,1
2023-10-27,44072,1.0,43.73,1
2023-10-27,4616,2.0,57.7,1
2023-10-30,12130,1.0,61.96,1
2023-10-30,12136,3.0,185.86,2
2023-10-30,15034,1.0,70.15,1
2023-10-30,17322,1.0,71.06,1
2023-10-30,17400,1.0,77.74,1
2023-10-30,17501,1.0,53.75,1
2023-10-30,17504,2.0,105.68,2
2023-10-30,17507,2.0,100.22,2
2023-10-30,4620,2.0,33.41,1
2023-10-30,8203,3.0,81.09,1
2023-10-30,8222,1.0,49.81,1
2023-10-31,12130,2.0,123.9,1
2023-10-31,12132,2.0,123.9,1
2023-10-31,12136,2.0,123.92,2
2023-10-31,14218,1.0,56.94,1
2023-10-31,15026,3.0,202.26,2
2023-10-31,15030,2.0,145.77,1
2023-10-31,17114,1.0,70.46,1
2023-10-31,17222,3.0,203.36,2
2023-10-31,17322,4.0,284.24,3
2023-10-31,17400,3.0,233.23000000000002,2
2023-10-31,17504,3.0,158.52,2
2023-10-31,17507,4.0,200.44,3
2023-10-31,17521,1.0,25.51,1
2023-10-31,17704,1.0,74.1,1
2023-10-31,18121,1.0,57.7,1
2023-10-31,44022,3.0,248.73,3
2023-10-31,44071,4.0,109.34,2
2023-10-31,44072,3.0,131.19,1
2023-10-31,4500,2.0,69.24,1
2023-10-31,4502,1.0,46.47,1
2023-10-31,4616,6.0,173.11,2
2023-10-31,4620,6.0,100.22,1
2023-10-31,8154,1.0,17.92,1
2023-10-31,8202,1.0,27.03,1
2023-10-31,8205,1.0,27.03,1
2023-10-31,8206,1.0,27.03,1
2023-10-31,8212,1.0,20.34,1
2023-10-31,8213,1.0,20.34,1
2023-10-31,8215,2.0,40.7,1
2023-10-31,8216,2.0,40.7,1
2023-11-01,15026,1.0,67.42,1
2023-11-01,15034,1.0,70.15,1
2023-11-01,20002,1.0,38.57,1
2023-11-01,44033,1.0,64.99,1
2023-11-01,8202,1.0,27.03,1
2023-11-01,8205,3.0,81.08,2
2023-11-01,8206,2.0,54.05,1
2023-11-02,12130,1.0,61.96,1
2023-11-02,12136,1.0,61.96,1
2023-11-02,15026,1.0,67.42,1
2023-11-02,15032,1.0,73.8,1
2023-11-02,17504,1.0,52.84,1
2023-11-02,2621,1.0,52.39,1
2023-11-02,45225,1.0,52.24,1
2023-11-02,4620,2.0,33.41,1
2023-11-02,4703,1.0,56.49,1
2023-11-02,8205,1.0,27.03,1
2023-11-02,8206,1.0,27.03,1
2023-11-02,8207,1.0,27.03,1
2023-11-02,8222,1.0,49.81,1
2023-11-06,12100,1.0,19.43,1
2023-11-06,12130,3.0,185.88,3
2023-11-06,12136,1.0,61.96,1
2023-11-06,15032,2.0,147.6,2
2023-11-06,15034,1.0,70.15,1
2023-11-06,17114,1.0,70.46,1
2023-11-06,17222,3.0,203.37,3
2023-11-06,17322,3.0,213.18,3
2023-11-06,17400,2.0,155.48,2
2023-11-06,17501,2.0,107.5,2
2023-11-06,17504,3.0,158.52,3
2023-11-06,17507,3.0,150.32999999999998,3
2023-11-06,17700,2.0,145.76,2
2023-11-06,17704,1.0,74.1,1
2023-11-06,44022,1.0,82.91,1
2023-11-06,45225,1.0,52.24,1
2023-11-06,4616,2.0,57.7,1
2023-11-06,4620,1.0,16.7,1
2023-11-06,8123,1.0,26.43,1
2023-11-06,8203,1.0,27.03,1
2023-11-06,8205,1.0,27.03,1
2023-11-07,12130,1.0,61.96,1
2023-11-07,12136,2.0,123.92,2
2023-11-07,17400,3.0,233.21999999999997,3
2023-11-07,17507,3.0,150.32999999999998,2
2023-11-07,2621,1.0,52.39,1
2023-11-07,3527,1.0,37.96,1
2023-11-07,44022,1.0,82.91,1
2023-11-07,44071,1.0,27.34,1
2023-11-07,4620,1.0,16.7,1
2023-11-07,4706,1.0,38.57,1
2023-11-07,6153,2.0,76.53,1
2023-11-07,8206,1.0,27.03,1
2023-11-08,17322,1.0,71.06,1
2023-11-08,17501,1.0,53.75,1
2023-11-08,17507,1.0,50.11,1
2023-11-08,3527,1.0,37.96,1
2023-11-08,9302,1.0,29.76,1
2023-11-09,12136,2.0,123.92,2
2023-11-09,15026,1.0,67.42,1
2023-11-09,17322,1.0,71.06,1
2023-11-09,17400,1.0,77.74,1
2023-11-09,17504,1.0,52.84,1
2023-11-09,17507,1.0,50.11,1
2023-11-09,26104,3.0,20.04,1
2023-11-09,44022,2.0,165.82,2
2023-11-09,4616,1.0,28.85,1
2023-11-09,8205,1.0,27.03,1
2023-11-09,8207,1.0,27.03,1
2023-11-12,15034,1.0,70.15,1
2023-11-12,17322,1.0,71.06,1
2023-11-12,17507,1.0,50.11,1
2023-11-12,17700,1.0,72.88,1
2023-11-12,26001,4.0,16.4,1
2023-11-12,2721,1.0,41.3,1
2023-11-12,44071,1.0,27.34,1
2023-11-12,4620,1.0,16.7,1
2023-11-13,12136,1.0,61.96,1
2023-11-13,17400,1.0,77.74,1
2023-11-13,17507,1.0,50.11,1
2023-11-13,18101,1.0,78.35,1
2023-11-13,3527,1.0,37.96,1
2023-11-13,44022,1.0,82.91,1
2023-11-13,45225,1.0,52.24,1
2023-11-13,4620,1.0,16.7,1
2023-11-13,8203,3.0,81.09,1
2023-11-13,8205,4.0,108.12,1
2023-11-13,8206,2.0,54.05,1
2023-11-13,8222,1.0,49.81,1
2023-11-14,17507,1.0,50.11,1
2023-11-14,44071,1.0,27.34,1
2023-11-14,44072,1.0,43.73,1
2023-11-15,12136,1.0,61.96,1
2023-11-15,17400,1.0,77.74,1
2023-11-15,17504,1.0,52.84,1
2023-11-15,17507,2.0,100.22,2
2023-11-15,44022,1.0,82.91,1
2023-11-15,44071,1.0,27.34,1
2023-11-15,4616,2.0,57.7,2
2023-11-15,4620,1.0,16.7,1
2023-11-20,14218,2.0,113.88,1
2023-11-20,15032,1.0,73.8,1
2023-11-20,17322,1.0,71.06,1
2023-11-20,17507,2.0,100.22,1
2023-11-20,20002,3.0,115.71,1
2023-11-20,2721,2.0,82.6,1
2023-11-20,4616,3.0,86.55,1
2023-11-20,8212,1.0,20.34,1
2023-11-20,8216,1.0,20.34,1
2023-11-20,8217,1.0,20.34,1
2023-11-21,12100,2.0,38.88,1
2023-11-21,12130,1.0,61.96,1
2023-11-21,12134,1.0,61.96,1
2023-11-21,12136,2.0,123.92,2
2023-11-21,15034,2.0,140.3,2
2023-11-21,17322,1.0,71.06,1
2023-11-21,17400,1.0,77.74,1
2023-11-21,17504,3.0,158.52,3
2023-11-21,26100,2.0,13.36,1
2023-11-21,45005,1.0,46.77,1
2023-11-21,4620,2.0,33.41,1
2023-11-21,4700,2.0,88.68,1
2023-11-21,8202,1.0,27.03,1
2023-11-21,8205,1.0,27.03,1
2023-11-21,8207,1.0,27.03,1
2023-11-22,17322,1.0,69.42,1
2023-11-22,17400,1.0,77.74,1
2023-11-22,17504,1.0,52.84,1
2023-11-22,3525,1.0,37.96,1
2023-11-22,44022,1.0,82.91,1
2023-11-27,12130,4.0,247.82000000000002,3
2023-11-27,12134,1.0,61.96,1
2023-11-27,12136,5.0,309.8,5
2023-11-27,14218,1.0,56.94,1
2023-11-27,15032,1.0,73.8,1
2023-11-27,15034,1.0,70.15,1
2023-11-27,17322,1.0,69.42,1
2023-11-27,17400,1.0,77.74,1
2023-11-27,17501,1.0,53.75,1
2023-11-27,17504,6.0,317.04,5
2023-11-27,20002,2.0,77.14,1
2023-11-27,2721,1.0,41.3,1
2023-11-27,44022,1.0,82.91,1
2023-11-27,44071,1.0,27.34,1
2023-11-27,4500,1.0,34.62,1
2023-11-27,4616,6.0,173.11,2
2023-11-27,8202,2.0,54.06,2
2023-11-27,8205,1.0,27.03,1
2023-11-27,8206,1.0,27.03,1
2023-11-28,17322,1.0,69.42,1
2023-11-28,17400,1.0,77.74,1
2023-11-28,44071,1.0,27.34,1
2023-11-28,4620,1.0,16.7,1
2023-11-28,8205,2.0,54.06,2
2023-11-29,12130,1.0,61.96,1
2023-11-29,12134,1.0,61.96,1
2023-11-29,12136,1.0,61.96,1
2023-11-29,15030,1.0,72.88,1
2023-11-29,15032,2.0,147.6,1
2023-11-29,15034,2.0,140.3,2
2023-11-29,17322,1.0,69.42,1
2023-11-29,17400,1.0,77.74,1
2023-11-29,17504,1.0,52.84,1
2023-11-29,18101,1.0,78.35,1
2023-11-29,44022,1.0,82.91,1
2023-11-29,4616,3.0,86.55000000000001,2
2023-11-29,4620,3.0,50.099999999999994,3
2023-11-29,8205,1.0,27.03,1
2023-11-29,8206,2.0,54.05,1
2023-11-29,8207,1.0,27.03,1
2023-11-29,8222,1.0,49.81,1
2023-12-04,12130,2.0,123.92,2
2023-12-04,12134,1.0,61.96,1
2023-12-04,12136,2.0,123.92,2
2023-12-04,17322,3.0,208.26,3
2023-12-04,17400,2.0,155.48,2
2023-12-04,17504,2.0,105.68,1
2023-12-04,26123,1.0,4.56,1
2023-12-04,26124,1.0,4.56,1
2023-12-04,44022,2.0,165.81,1
2023-12-04,44071,1.0,27.34,1
2023-12-04,44072,1.0,43.73,1
2023-12-04,4502,1.0,46.47,1
2023-12-04,45203,3.0,111.15,1
2023-12-04,45207,2.0,79.57,1
2023-12-04,4616,3.0,86.55,1
2023-12-04,4620,7.0,116.92,2
2023-12-04,8205,4.0,108.11,3
2023-12-04,8222,1.0,49.81,1
2023-12-05,12100,2.0,38.86,2
2023-12-05,12134,1.0,61.96,1
2023-12-05,12136,2.0,123.92,2
2023-12-05,14218,1.0,56.94,1
2023-12-05,15032,1.0,73.8,1
2023-12-05,17322,1.0,69.42,1
2023-12-05,17400,3.0,233.21999999999997,3
2023-12-05,17504,1.0,52.84,1
2023-12-05,17700,1.0,72.88,1
2023-12-05,18101,1.0,78.35,1
2023-12-05,44022,1.0,82.91,1
2023-12-05,45203,1.0,37.05,1
2023-12-05,4616,1.0,28.85,1
2023-12-05,4703,1.0,56.49,1
2023-12-05,7151,1.0,119.96,1
2023-12-05,8206,2.0,54.06,2
2023-12-06,12130,1.0,61.96,1
2023-12-06,12134,1.0,61.96,1
2023-12-06,12136,1.0,61.96,1
2023-12-06,15030,1.0,72.88,1
2023-12-06,15034,1.0,70.15,1
2023-12-06,17504,1.0,52.84,1
2023-12-06,26124,3.0,13.66,1
2023-12-06,44072,1.0,43.73,1
2023-12-06,4620,1.0,16.7,1
2023-12-07,12130,1.0,61.96,1
2023-12-07,12136,1.0,61.96,1
2023-12-07,18101,1.0,78.35,1
2023-12-07,26101,2.0,9.12,1
2023-12-07,8153,1.0,25.51,1
2023-12-07,8166,1.0,14.57,1
2023-12-07,8206,3.0,81.08,2
2023-12-08,14218,1.0,56.94,1
2023-12-08,17322,1.0,69.42,1
2023-12-08,17504,1.0,52.84,1
2023-12-08,17507,1.0,50.11,1
2023-12-08,18121,1.0,57.7,1
2023-12-08,44022,1.0,82.91,1
2023-12-13,12130,1.0,61.96,1
2023-12-13,12134,1.0,61.96,1
2023-12-13,12136,1.0,61.96,1
2023-12-13,14218,1.0,56.94,1
2023-12-13,15026,2.0,134.84,1
2023-12-13,15032,2.0,147.59,1
2023-12-13,15034,2.0,140.31,1
2023-12-13,17322,2.0,138.85,1
2023-12-13,44071,1.0,27.34,1
2023-12-14,12100,8.0,155.5,2
2023-12-14,12130,1.0,61.96,1
2023-12-14,12136,2.0,123.92,2
2023-12-14,14218,1.0,56.94,1
2023-12-14,15034,1.0,70.15,1
2023-12-14,17322,2.0,138.84,2
2023-12-14,17400,1.0,77.74,1
2023-12-14,17504,2.0,105.68,1
2023-12-14,17704,1.0,74.1,1
2023-12-14,20002,1.0,38.57,1
2023-12-14,4616,1.0,28.85,1
2023-12-14,4620,1.0,16.7,1
2023-12-14,8206,1.0,27.03,1
2023-12-18,12100,3.0,58.31,1
2023-12-18,12130,3.0,185.86,1
2023-12-18,15030,1.0,72.88,1
2023-12-18,17400,3.0,233.23000000000002,2
2023-12-18,17504,2.0,105.68,1
2023-12-18,18101,1.0,78.35,1
2023-12-18,26001,7.0,28.7,1
2023-12-18,44022,1.0,82.91,1
2023-12-20,12136,1.0,61.96,1
2023-12-20,14218,1.0,56.94,1
2023-12-20,15030,1.0,72.88,1
2023-12-20,15034,1.0,70.15,1
2023-12-20,17222,2.0,135.58,2
2023-12-20,17322,2.0,138.84,2
2023-12-20,17504,2.0,105.68,2
2023-12-20,17507,8.0,400.88,6
2023-12-20,17704,1.0,74.1,1
2023-12-20,44022,1.0,82.91,1
2023-12-20,45207,1.0,39.79,1
2023-12-20,4620,1.0,16.7,1
2023-12-20,8203,1.0,27.03,1
2023-12-20,8205,1.0,27.03,1
2023-12-22,12130,1.0,61.96,1
2023-12-22,12136,1.0,61.96,1
2023-12-22,14218,1.0,56.94,1
2023-12-22,15032,2.0,147.59,1
2023-12-22,17222,2.0,135.57,1
2023-12-22,17507,1.0,50.11,1
2023-12-22,18121,1.0,57.7,1
2023-12-22,2621,1.0,52.39,1
2023-12-22,8205,1.0,27.03,1
2023-12-22,8207,1.0,27.03,1
2023-12-26,17504,2.0,105.68,1
2023-12-27,10752,1.0,43.0,1
2023-12-27,12130,2.0,123.9,1
2023-12-27,12136,1.0,61.96,1
2023-12-27,13014,1.0,32.8,1
2023-12-27,14218,2.0,113.88,1
2023-12-27,15032,1.0,73.8,1
2023-12-27,15034,1.0,70.15,1
2023-12-27,17222,2.0,135.57,1
2023-12-27,17400,2.0,155.48,2
2023-12-27,17501,1.0,53.75,1
2023-12-27,17504,5.0,264.21000000000004,3
2023-12-27,17507,3.0,150.32999999999998,2
2023-12-27,18101,1.0,78.35,1
2023-12-27,18121,1.0,57.7,1
2023-12-27,21008,1.0,18.83,1
2023-12-27,26007,2.0,8.2,1
2023-12-27,26008,2.0,8.2,1
2023-12-27,26100,2.0,13.36,1
2023-12-27,26127,4.0,18.22,1
2023-12-27,3527,2.0,75.92,1
2023-12-27,44022,1.0,82.91,1
2023-12-27,44071,2.0,54.68,2
2023-12-27,45225,1.0,52.24,1
2023-12-27,4616,2.0,57.7,1
2023-12-27,6153,2.0,76.53,1
2023-12-27,9302,1.0,29.76,1
2023-12-28,12136,1.0,61.96,1
2023-12-28,17400,1.0,77.74,1
2023-12-28,17501,1.0,53.75,1
2023-12-28,21008,1.0,18.83,1
2023-12-28,26007,2.0,8.2,1
2023-12-28,26100,2.0,13.36,1
2023-12-28,26127,4.0,18.22,1
2023-12-28,3527,2.0,75.92,1
2023-12-28,44022,1.0,82.91,1
2023-12-28,44071,1.0,27.34,1
2023-12-28,6153,2.0,76.53,1
2024-01-02,12136,2.0,123.9,1
2024-01-02,17322,1.0,69.42,1
2024-01-02,17400,2.0,155.49,1
2024-01-02,17501,1.0,53.75,1
2024-01-02,17504,2.0,105.68,2
2024-01-02,17507,2.0,100.22,2
2024-01-02,26001,5.0,20.5,1
2024-01-02,26006,2.0,8.2,1
2024-01-02,26009,2.0,8.2,1
2024-01-02,26101,5.0,22.78,1
2024-01-02,26123,2.0,9.12,1
2024-01-02,26124,7.0,31.9,2
2024-01-02,44022,1.0,82.91,1
2024-01-02,4500,1.0,34.62,1
2024-01-03,12136,2.0,123.92,2
2024-01-03,15026,1.0,67.42,1
2024-01-03,15034,1.0,70.15,1
2024-01-03,17222,2.0,135.58,2
2024-01-03,17322,1.0,69.42,1
2024-01-03,17400,2.0,155.48,2
2024-01-03,17504,2.0,105.68,2
2024-01-03,17507,3.0,150.32999999999998,3
2024-01-03,26001,2.0,8.2,1
2024-01-03,26104,2.0,13.36,1
2024-01-03,26124,1.0,4.56,1
2024-01-03,45203,4.0,148.2,3
2024-01-03,8205,2.0,54.06,2
2024-01-03,8215,1.0,20.34,1
2024-01-04,10752,1.0,43.0,1
2024-01-04,15026,1.0,67.42,1
2024-01-04,15032,1.0,73.8,1
2024-01-04,26001,5.0,20.5,1
2024-01-05,12136,1.0,61.96,1
2024-01-05,15032,1.0,73.8,1
2024-01-05,17143,1.0,78.96,1
2024-01-05,17222,1.0,67.79,1
2024-01-05,17322,2.0,138.85,1
2024-01-05,17400,1.0,77.74,1
2024-01-05,17504,1.0,52.84,1
2024-01-05,17507,1.0,50.11,1
2024-01-05,44022,1.0,82.91,1
2024-01-05,8203,4.0,108.12,1
2024-01-05,8205,4.0,108.12,1
2024-01-06,4620,3.0,50.11,1
2024-01-07,15032,1.0,73.8,1
2024-01-07,18121,1.0,57.7,1
2024-01-07,4500,2.0,69.24,1
2024-01-07,8203,1.0,27.03,1
2024-01-07,8205,1.0,27.03,1
2024-01-08,12130,1.0,61.96,1
2024-01-08,12136,1.0,61.96,1
2024-01-08,15034,1.0,70.15,1
2024-01-08,44071,1.0,27.34,1
2024-01-08,4500,1.0,34.62,1
2024-01-08,8206,2.0,54.06,2
2024-01-09,12100,1.0,19.43,1
2024-01-09,12134,1.0,61.96,1
2024-01-09,12136,2.0,123.92,2
2024-01-09,13014,1.0,32.8,1
2024-01-09,15026,1.0,67.42,1
2024-01-09,15032,1.0,73.8,1
2024-01-09,17222,1.0,67.79,1
2024-01-09,17322,2.0,138.84,2
2024-01-09,17400,2.0,155.48,2
2024-01-09,17501,1.0,53.75,1
2024-01-09,17507,2.0,100.22,2
2024-01-09,17700,1.0,72.88,1
2024-01-09,17704,1.0,74.1,1
2024-01-09,20002,1.0,38.57,1
2024-01-09,2721,2.0,82.6,2
2024-01-09,44022,3.0,248.73,3
2024-01-09,4500,1.0,34.62,1
2024-01-09,8202,1.0,27.03,1
2024-01-09,8205,1.0,27.03,1
2024-01-09,8206,1.0,27.03,1
2024-01-09,8207,3.0,81.09,1
2024-01-09,9302,1.0,29.76,1
2024-01-11,12134,1.0,61.96,1
2024-01-11,12136,2.0,123.92,2
2024-01-11,15030,1.0,72.88,1
2024-01-11,15034,1.0,70.15,1
2024-01-11,17222,1.0,67.79,1
2024-01-11,17322,1.0,69.42,1
2024-01-11,17400,1.0,77.74,1
2024-01-11,17504,1.0,52.84,1
2024-01-11,17507,1.0,50.11,1
2024-01-11,17700,1.0,72.88,1
2024-01-11,44022,1.0,82.91,1
2024-01-11,44052,1.0,46.16,1
2024-01-11,4500,2.0,69.24,2
2024-01-11,4614,1.0,21.11,1
2024-01-11,4620,3.0,50.11,1
2024-01-11,8202,4.0,108.11,3
2024-01-11,8203,4.0,108.12,2
2024-01-11,8205,2.0,54.05,1
2024-01-11,8206,4.0,108.1,2
2024-01-11,8207,1.0,27.03,1
2024-01-11,8222,1.0,49.81,1
2024-01-12,12130,1.0,61.96,1
2024-01-12,12134,1.0,61.96,1
2024-01-12,12136,3.0,185.86,2
2024-01-12,15032,2.0,147.59,1
2024-01-12,17114,2.0,140.91,1
2024-01-12,17222,3.0,203.35,1
2024-01-12,17322,2.0,138.85,1
2024-01-12,17400,3.0,233.24,1
2024-01-12,17501,2.0,107.5,2
2024-01-12,17504,6.0,317.05,3
2024-01-12,17507,5.0,250.55,3
2024-01-12,44022,6.0,497.46,2
2024-01-12,4502,1.0,46.47,1
2024-01-12,4616,8.0,230.82,2
2024-01-12,4620,6.0,100.22,1
2024-01-12,8205,2.0,54.05,1
2024-01-12,8215,3.0,61.04,1
2024-01-12,8216,3.0,61.04,1
2024-01-15,12134,1.0,61.96,1
2024-01-15,17400,1.0,77.74,1
2024-01-15,17504,1.0,52.84,1
2024-01-15,44022,1.0,82.91,1
2024-01-15,4614,1.0,21.11,1
2024-01-15,4616,2.0,57.7,1
2024-01-15,4620,1.0,16.7,1
2024-01-15,8206,1.0,27.03,1
2024-01-16,15026,1.0,67.42,1
2024-01-16,17400,1.0,77.74,1
2024-01-16,17504,2.0,105.68,2
2024-01-16,4620,2.0,33.41,1
2024-01-16,8205,3.0,81.09,1
2024-01-17,12130,1.0,61.96,1
2024-01-17,12134,1.0,61.96,1
2024-01-17,12136,1.0,61.96,1
2024-01-17,15030,1.0,72.88,1
2024-01-17,15032,1.0,73.8,1
2024-01-17,15034,1.0,70.15,1
2024-01-17,17114,1.0,70.46,1
2024-01-17,17222,1.0,67.79,1
2024-01-17,17322,2.0,138.85,1
2024-01-17,17400,1.0,77.74,1
2024-01-17,44022,1.0,82.91,1
2024-01-17,8154,1.0,17.92,1
2024-01-17,8207,1.0,27.03,1
2024-01-18,12130,1.0,61.96,1
2024-01-18,12134,1.0,61.96,1
2024-01-18,12136,2.0,123.92,2
2024-01-18,17222,1.0,67.79,1
2024-01-18,17322,2.0,138.84,2
2024-01-18,17400,1.0,77.74,1
2024-01-18,17501,1.0,53.75,1
2024-01-18,17504,1.0,52.84,1
2024-01-18,17507,2.0,100.22,1
2024-01-18,17521,2.0,51.02,1
2024-01-18,17700,1.0,72.88,1
2024-01-18,17704,1.0,74.1,1
2024-01-18,2621,1.0,52.39,1
2024-01-18,44022,1.0,82.91,1
2024-01-18,4502,1.0,46.47,1
2024-01-18,45212,2.0,86.25,1
2024-01-18,4614,3.0,63.32,2
2024-01-18,4616,3.0,86.55,1
2024-01-18,4620,3.0,50.11,1
2024-01-18,8206,3.0,81.08,2
2024-01-19,12136,3.0,185.88,3
2024-01-19,17222,1.0,67.79,1
2024-01-19,17322,1.0,69.42,1
2024-01-19,17400,1.0,77.74,1
2024-01-19,17501,1.0,53.75,1
2024-01-19,18101,1.0,78.35,1
2024-01-19,44022,1.0,82.91,1
2024-01-21,15032,1.0,73.8,1
2024-01-21,17400,2.0,155.48,2
2024-01-21,17507,1.0,50.11,1
2024-01-21,44031,2.0,129.98,1
2024-01-21,44071,1.0,27.34,1
2024-01-21,44072,1.0,43.73,1
2024-01-22,12130,2.0,123.9,1
2024-01-22,12134,1.0,61.96,1
2024-01-22,12136,1.0,61.96,1
2024-01-22,15026,1.0,67.42,1
2024-01-22,17222,3.0,203.36,2
2024-01-22,17322,1.0,69.42,1
2024-01-22,17400,1.0,77.74,1
2024-01-22,26001,4.0,16.4,1
2024-01-22,26006,2.0,8.2,1
2024-01-22,26009,2.0,8.2,1
2024-01-22,26100,2.0,13.36,1
2024-01-22,26101,4.0,18.22,1
2024-01-22,26104,2.0,13.36,1
2024-01-22,26123,2.0,9.12,1
2024-01-22,26124,2.0,9.12,1
2024-01-22,4620,5.0,83.51,2
2024-01-22,8205,1.0,27.03,1
2024-01-22,8207,1.0,27.03,1
2024-01-22,9302,2.0,59.52,1
2024-01-23,12100,1.0,19.43,1
2024-01-23,12130,1.0,61.96,1
2024-01-23,12134,1.0,61.96,1
2024-01-23,12136,1.0,61.96,1
2024-01-23,13014,2.0,65.6,1
2024-01-23,15026,1.0,67.42,1
2024-01-23,15034,1.0,70.15,1
2024-01-23,17322,1.0,69.42,1
2024-01-23,17400,2.0,155.48,2
2024-01-23,17501,2.0,107.5,2
2024-01-23,17504,3.0,158.52,2
2024-01-23,17507,1.0,50.11,1
2024-01-23,17700,1.0,72.88,1
2024-01-23,20002,1.0,38.57,1
2024-01-23,21008,1.0,18.83,1
2024-01-23,2721,1.0,41.3,1
2024-01-23,44022,1.0,82.91,1
2024-01-23,4500,1.0,34.62,1
2024-01-23,4616,1.0,28.85,1
2024-01-23,8222,1.0,49.81,1
2024-01-24,12136,4.0,247.84,4
2024-01-24,15032,1.0,73.8,1
2024-01-24,15034,2.0,140.3,2
2024-01-24,17322,3.0,208.26999999999998,2
2024-01-24,17501,1.0,53.75,1
2024-01-24,17504,2.0,105.68,2
2024-01-24,17507,4.0,200.44,3
2024-01-24,17700,1.0,72.88,1
2024-01-24,26006,5.0,20.5,1
2024-01-24,26009,5.0,20.5,1
2024-01-24,2721,2.0,82.6,2
2024-01-24,44022,3.0,248.73,3
2024-01-24,4620,1.0,16.7,1
2024-01-24,8205,1.0,27.03,1
2024-01-24,8206,2.0,54.06,2
2024-01-24,8212,1.0,20.34,1
2024-01-24,8215,1.0,20.34,1
2024-01-25,17222,1.0,67.79,1
2024-01-26,15026,1.0,67.42,1
2024-01-26,15030,1.0,72.88,1
2024-01-26,17222,1.0,67.79,1
2024-01-26,17322,1.0,69.42,1
2024-01-26,17400,1.0,77.74,1
2024-01-26,17507,1.0,50.11,1
2024-01-29,12130,2.0,123.9,1
2024-01-29,12134,1.0,61.96,1
2024-01-29,12136,1.0,61.96,1
2024-01-29,17222,1.0,67.79,1
2024-01-29,17322,1.0,69.42,1
2024-01-29,17400,1.0,77.74,1
2024-01-29,17501,1.0,53.75,1
2024-01-29,17504,2.0,105.68,2
2024-01-29,18101,1.0,78.35,1
2024-01-29,44022,1.0,82.91,1
2024-01-30,12130,2.0,123.92,2
2024-01-30,12134,1.0,61.96,1
2024-01-30,12136,3.0,185.86,2
2024-01-30,13014,1.0,32.8,1
2024-01-30,17222,3.0,203.36,2
2024-01-30,17322,1.0,69.42,1
2024-01-30,17501,2.0,107.5,2
2024-01-30,17504,1.0,52.84,1
2024-01-30,17507,1.0,50.11,1
2024-01-30,20002,1.0,38.57,1
2024-01-30,26001,1.0,0.0,1
2024-01-30,26101,2.0,9.12,1
2024-01-30,3525,1.0,37.96,1
2024-01-30,44022,1.0,82.91,1
2024-01-30,44071,2.0,54.66,1
2024-01-30,44072,2.0,87.46,1
2024-01-30,4500,1.0,34.62,1
2024-01-30,45203,1.0,37.05,1
2024-01-30,4616,2.0,57.7,2
2024-01-30,4620,1.0,16.7,1
2024-01-30,4700,1.0,44.34,1
2024-01-30,4706,1.0,38.57,1
2024-01-30,6153,1.0,38.27,1
2024-01-30,7715,1.0,46.47,1
2024-01-30,8203,1.0,27.03,1
2024-01-30,8205,1.0,27.03,1
2024-01-30,8206,1.0,27.03,1
2024-01-31,10752,1.0,43.0,1
2024-01-31,12130,1.0,61.96,1
2024-01-31,12134,2.0,123.92,2
2024-01-31,12136,2.0,123.92,2
2024-01-31,15026,1.0,67.42,1
2024-01-31,15030,1.0,72.88,1
2024-01-31,15032,2.0,147.6,2
2024-01-31,15034,1.0,70.15,1
2024-01-31,17222,1.0,67.79,1
2024-01-31,17322,1.0,69.42,1
2024-01-31,17323,2.0,144.56,2
2024-01-31,17400,2.0,155.48,2
2024-01-31,18101,2.0,156.7,2
2024-01-31,26006,1.0,4.1,1
2024-01-31,26009,3.0,12.3,1
2024-01-31,26101,5.0,22.78,1
2024-01-31,26104,1.0,6.68,1
2024-01-31,2621,2.0,104.78,2
2024-01-31,2721,1.0,41.3,1
2024-01-31,3525,1.0,37.96,1
2024-01-31,4500,3.0,103.86,1
2024-01-31,4616,1.0,28.85,1
2024-01-31,4620,1.0,16.7,1
2024-01-31,6304,1.0,34.92,1
2024-01-31,8205,1.0,27.03,1
2024-01-31,8207,1.0,27.03,1
2024-01-31,8222,3.0,149.43,3
2024-02-01,12130,1.0,61.96,1
2024-02-01,17222,2.0,135.57,1
2024-02-01,17322,2.0,138.85,1
2024-02-01,17501,1.0,53.75,1
2024-02-01,17504,1.0,52.84,1
2024-02-01,17507,2.0,100.22,1
2024-02-01,26001,4.0,16.4,1
2024-02-01,26009,4.0,16.4,1
2024-02-01,26101,2.0,9.12,1
2024-02-01,26124,2.0,9.12,1
2024-02-01,3525,1.0,37.96,1
2024-02-01,44071,1.0,27.34,1
2024-02-01,44072,1.0,43.73,1
2024-02-01,4616,1.0,28.85,1
2024-02-01,4620,3.0,50.11,1
2024-02-01,6304,1.0,34.92,1
2024-02-01,8203,2.0,54.05,1
2024-02-01,8205,2.0,54.05,1
2024-02-02,17504,1.0,52.84,1
2024-02-06,12100,3.0,58.31,2
2024-02-06,12121,1.0,29.76,1
2024-02-06,12136,2.0,123.92,2
2024-02-06,15026,1.0,67.42,1
2024-02-06,15030,1.0,72.88,1
2024-02-06,17322,2.0,138.84,2
2024-02-06,17400,1.0,77.74,1
2024-02-06,17504,3.0,158.52,2
2024-02-06,17507,2.0,100.22,2
2024-02-06,18121,1.0,57.7,1
2024-02-06,20002,2.0,77.14,1
2024-02-06,2621,1.0,52.39,1
2024-02-06,3525,2.0,75.92,1
2024-02-06,3527,1.0,37.96,1
2024-02-06,44022,1.0,82.91,1
2024-02-06,4614,1.0,21.11,1
2024-02-06,4616,2.0,57.7,2
2024-02-06,4620,1.0,16.7,1
2024-02-06,8202,1.0,27.03,1
2024-02-06,8205,1.0,27.03,1
2024-02-07,12100,1.0,19.43,1
2024-02-07,12121,2.0,59.52,1
2024-02-07,12130,1.0,61.96,1
2024-02-07,12136,3.0,185.88,3
2024-02-07,15026,1.0,67.42,1
2024-02-07,15032,1.0,73.8,1
2024-02-07,15034,1.0,70.15,1
2024-02-07,17400,1.0,77.74,1
2024-02-07,18121,1.0,57.7,1
2024-02-07,20002,2.0,77.14,1
2024-02-07,44022,2.0,165.82,2
2024-02-07,8205,1.0,27.03,1
2024-02-07,8222,1.0,49.81,1
2024-02-08,12130,3.0,185.88,3
2024-02-08,12134,1.0,61.96,1
2024-02-08,12136,4.0,247.82000000000002,3
2024-02-08,13016,1.0,32.8,1
2024-02-08,17322,1.0,69.42,1
2024-02-08,17400,1.0,77.74,1
2024-02-08,17504,3.0,158.52,3
2024-02-08,17507,2.0,100.22,2
2024-02-08,44022,1.0,82.91,1
2024-02-08,4620,2.0,33.41,1
2024-02-09,12136,1.0,61.96,1
2024-02-09,44033,1.0,64.99,1
2024-02-09,45225,1.0,52.24,1
2024-02-09,8206,1.0,27.03,1
2024-02-12,10752,1.0,43.0,1
2024-02-12,12130,2.0,123.92,2
2024-02-12,12134,2.0,123.92,2
2024-02-12,12136,6.0,371.72,4
2024-02-12,13014,1.0,32.8,1
2024-02-12,15026,4.0,269.68,2
2024-02-12,15032,4.0,295.18,2
2024-02-12,17114,4.0,281.82,2
2024-02-12,17222,4.0,271.14,2
2024-02-12,17322,4.0,277.7,2
2024-02-12,17501,3.0,161.25,2
2024-02-12,17504,4.0,211.36,2
2024-02-12,17507,7.0,350.77,4
2024-02-12,18121,1.0,57.7,1
2024-02-12,20002,1.0,38.57,1
2024-02-12,26006,3.0,12.3,1
2024-02-12,26009,2.0,8.2,1
2024-02-12,26010,4.0,16.4,1
2024-02-12,26100,2.0,13.36,1
2024-02-12,26104,2.0,13.36,1
2024-02-12,3527,1.0,37.96,1
2024-02-12,44071,2.0,54.68,2
2024-02-12,44072,2.0,87.46,2
2024-02-12,4616,8.0,230.82,2
2024-02-12,4620,15.0,250.54,5
2024-02-12,7715,1.0,46.47,1
2024-02-12,8143,1.0,27.64,1
2024-02-12,8154,1.0,17.92,1
2024-02-12,8205,3.0,81.08,2
2024-02-12,8222,2.0,99.61,1
2024-02-13,12130,1.0,61.96,1
2024-02-13,12136,1.0,61.96,1
2024-02-13,17322,1.0,69.42,1
2024-02-13,17400,1.0,77.74,1
2024-02-13,17504,1.0,52.84,1
2024-02-13,17507,1.0,50.11,1
2024-02-13,20002,1.0,38.57,1
2024-02-13,2621,1.0,52.39,1
2024-02-13,3527,1.0,37.96,1
2024-02-13,4620,2.0,33.41,1
2024-02-13,8202,1.0,27.03,1
2024-02-13,8203,1.0,27.03,1
2024-02-13,8205,1.0,27.03,1
2024-02-13,8206,1.0,27.03,1
2024-02-13,8207,1.0,27.03,1
2024-02-13,8212,1.0,20.34,1
2024-02-13,8213,1.0,20.34,1
2024-02-13,8215,1.0,20.34,1
2024-02-13,8216,1.0,20.34,1
2024-02-15,12130,1.0,61.96,1
2024-02-15,12136,3.0,185.88,3
2024-02-15,13014,1.0,32.8,1
2024-02-15,15032,2.0,147.6,2
2024-02-15,15034,1.0,70.15,1
2024-02-15,17222,2.0,135.58,2
2024-02-15,17322,2.0,138.84,2
2024-02-15,17504,2.0,105.68,2
2024-02-15,17507,4.0,200.44,4
2024-02-15,17700,1.0,72.88,1
2024-02-15,17704,1.0,74.1,1
2024-02-15,20002,1.0,38.57,1
2024-02-15,2621,2.0,104.78,2
2024-02-15,2721,1.0,41.3,1
2024-02-15,44022,2.0,165.82,2
2024-02-15,45203,1.0,37.05,1
2024-02-15,4616,2.0,57.7,2
2024-02-15,4620,1.0,16.7,1
2024-02-15,8202,1.0,27.03,1
2024-02-15,8205,1.0,27.03,1
2024-02-15,8206,1.0,27.03,1
2024-02-15,8208,1.0,36.44,1
2024-02-19,12130,1.0,61.96,1
2024-02-19,12134,1.0,61.96,1
2024-02-19,13016,1.0,32.8,1
2024-02-19,15030,2.0,145.76,2
2024-02-19,15032,1.0,73.8,1
2024-02-19,15034,1.0,70.15,1
2024-02-19,17114,1.0,70.46,1
2024-02-19,17115,1.0,121.48,1
2024-02-19,17222,1.0,67.79,1
2024-02-19,17322,2.0,138.85,1
2024-02-19,17400,2.0,155.49,1
2024-02-19,17501,4.0,215.0,3
2024-02-19,17504,2.0,105.68,2
2024-02-19,17507,5.0,250.55,3
2024-02-19,18101,1.0,78.35,1
2024-02-19,20002,4.0,154.27,1
2024-02-19,26004,3.0,12.3,1
2024-02-19,26007,2.0,8.2,2
2024-02-19,26009,3.0,12.3,1
2024-02-19,26100,2.0,13.36,1
2024-02-19,26104,2.0,13.36,1
2024-02-19,26127,4.0,18.24,2
2024-02-19,2621,1.0,52.39,1
2024-02-19,2721,1.0,41.3,1
2024-02-19,44022,2.0,165.82,2
2024-02-19,44071,7.0,191.34,5
2024-02-19,44072,7.0,306.10999999999996,5
2024-02-19,4616,1.0,28.85,1
2024-02-19,4620,7.0,116.91999999999999,4
2024-02-19,6153,1.0,38.27,1
2024-02-19,8143,1.0,27.64,1
2024-02-19,8202,1.0,27.03,1
2024-02-19,8203,6.0,162.17,1
2024-02-19,8205,3.0,81.09,3
2024-02-19,8206,2.0,54.06,2
2024-02-19,8207,5.0,135.13,3
2024-02-19,9302,2.0,59.52,2
2024-02-20,12130,2.0,123.9,1
2024-02-20,12134,2.0,123.92,2
2024-02-20,12136,1.0,61.96,1
2024-02-20,17222,2.0,135.58,2
2024-02-20,17322,2.0,138.84,2
2024-02-20,17400,2.0,155.49,1
2024-02-20,17504,4.0,211.36,2
2024-02-20,17507,3.0,150.33,1
2024-02-20,20002,1.0,38.57,1
2024-02-20,2721,2.0,82.6,1
2024-02-20,44022,4.0,331.64,2
2024-02-20,4620,3.0,50.11,1
2024-02-20,8205,2.0,54.05,1
2024-02-20,8206,1.0,27.03,1
2024-02-21,12130,1.0,61.96,1
2024-02-21,12134,3.0,185.86,2
2024-02-21,12136,3.0,185.88,3
2024-02-21,15026,3.0,202.26,2
2024-02-21,15030,1.0,72.88,1
2024-02-21,15034,2.0,140.31,1
2024-02-21,17222,4.0,271.14,2
2024-02-21,17322,2.0,138.85,1
2024-02-21,17400,2.0,155.49,1
2024-02-21,17504,4.0,211.36,3
2024-02-21,17507,3.0,150.32999999999998,2
2024-02-21,17700,1.0,72.88,1
2024-02-21,17704,1.0,74.1,1
2024-02-21,18101,1.0,78.35,1
2024-02-21,20002,1.0,38.57,1
2024-02-21,26006,10.0,41.0,1
2024-02-21,26100,5.0,33.41,1
2024-02-21,26101,2.0,9.12,1
2024-02-21,26104,5.0,33.41,1
2024-02-21,26123,10.0,45.56,1
2024-02-21,26127,3.0,13.66,1
2024-02-21,2621,1.0,52.39,1
2024-02-21,2721,1.0,41.3,1
2024-02-21,44022,6.0,497.45,3
2024-02-21,45002,1.0,23.08,1
2024-02-21,45207,1.0,39.79,1
2024-02-21,4616,2.0,57.7,1
2024-02-21,4620,14.0,233.85,2
2024-02-21,4703,1.0,56.49,1
2024-02-21,6210,1.0,29.61,1
2024-02-21,7153,1.0,119.96,1
2024-02-21,8202,1.0,27.03,1
2024-02-21,8203,1.0,27.03,1
2024-02-21,8205,3.0,81.08,2
2024-02-21,8206,2.0,54.06,2
2024-02-21,8207,2.0,54.06,2
2024-02-22,10752,1.0,43.0,1
2024-02-22,12100,4.0,77.74,1
2024-02-22,12130,1.0,61.96,1
2024-02-22,12134,2.0,123.9,1
2024-02-22,12136,1.0,61.96,1
2024-02-22,15026,1.0,67.42,1
2024-02-22,15030,1.0,72.88,1
2024-02-22,15032,1.0,73.8,1
2024-02-22,17114,1.0,70.46,1
2024-02-22,17222,1.0,67.79,1
2024-02-22,17322,1.0,69.42,1
2024-02-22,17400,1.0,77.74,1
2024-02-22,17504,2.0,105.68,1
2024-02-22,17507,2.0,100.22,1
2024-02-22,17521,2.0,51.02,1
2024-02-22,17700,1.0,72.88,1
2024-02-22,17704,1.0,74.1,1
2024-02-22,2621,1.0,52.39,1
2024-02-22,2721,1.0,41.3,1
2024-02-22,44022,2.0,165.81,1
2024-02-22,44052,1.0,46.16,1
2024-02-22,44071,1.0,27.34,1
2024-02-22,44072,1.0,43.73,1
2024-02-22,4502,2.0,92.93,1
2024-02-22,45203,1.0,37.05,1
2024-02-22,4616,2.0,57.7,1
2024-02-22,4620,6.0,100.22,1
2024-02-22,4703,2.0,112.97,1
2024-02-22,8168,1.0,14.57,1
2024-02-22,8169,1.0,14.57,1
2024-02-22,8170,1.0,17.61,1
2024-02-22,8202,1.0,27.03,1
2024-02-22,8205,1.0,27.03,1
2024-02-22,8206,1.0,27.03,1
2024-02-22,8222,2.0,99.61,1
2024-02-23,12130,1.0,61.96,1
2024-02-23,12134,1.0,61.96,1
2024-02-23,12136,2.0,123.92,2
2024-02-23,17114,1.0,70.46,1
2024-02-23,17143,1.0,78.96,1
2024-02-23,17222,1.0,67.79,1
2024-02-23,17322,2.0,138.84,2
2024-02-23,17323,1.0,72.28,1
2024-02-23,17400,1.0,77.74,1
2024-02-23,17501,1.0,53.75,1
2024-02-23,17504,4.0,211.37,1
2024-02-23,17507,4.0,200.44,4
2024-02-23,17521,1.0,25.51,1
2024-02-23,17700,1.0,72.88,1
2024-02-23,18101,1.0,78.35,1
2024-02-23,44022,5.0,414.53999999999996,2
2024-02-23,4616,3.0,86.55000000000001,2
2024-02-23,4620,10.0,167.03,4
2024-02-23,8205,2.0,54.05,1
2024-02-23,8206,1.0,27.03,1
2024-02-23,8215,1.0,20.34,1
2024-02-23,8222,1.0,49.81,1
2024-02-23,9302,1.0,29.76,1
2024-02-24,4620,1.0,16.7,1
2024-02-26,12100,1.0,19.43,1
2024-02-26,12136,1.0,61.96,1
2024-02-26,13014,1.0,32.8,1
2024-02-26,17322,1.0,69.42,1
2024-02-26,17507,1.0,50.11,1
2024-02-26,17700,1.0,72.88,1
2024-02-26,4614,1.0,21.11,1
2024-02-26,4620,4.0,66.81,2
2024-02-26,9302,4.0,119.04,1
2024-02-27,12100,4.0,77.76,2
2024-02-27,12130,2.0,123.92,2
2024-02-27,12134,1.0,61.96,1
2024-02-27,15034,2.0,140.3,2
2024-02-27,17400,2.0,161.54,2
2024-02-27,26006,4.0,16.4,2
2024-02-27,26101,4.0,18.24,2
2024-02-27,45203,2.0,74.1,2
2024-02-27,45225,2.0,104.48,2
2024-02-27,7715,4.0,185.86,2
2024-02-27,8168,2.0,29.14,2
2024-02-27,8205,2.0,54.06,2
2024-02-28,12130,1.0,61.96,1
2024-02-28,12134,1.0,61.96,1
2024-02-28,15026,1.0,67.42,1
2024-02-28,17222,1.0,67.79,1
2024-02-28,17322,2.0,138.84,2
2024-02-28,17400,3.0,251.39999999999998,3
2024-02-28,17504,1.0,52.84,1
2024-02-28,44022,1.0,82.91,1
2024-02-28,44052,1.0,46.16,1
2024-02-28,4620,4.0,66.81,2
2024-02-28,8205,4.0,108.12,1
2024-02-28,8206,1.0,27.03,1
2024-02-28,8222,1.0,49.81,1
2024-02-28,9302,1.0,29.76,1
2024-02-29,12130,1.0,61.96,1
2024-02-29,13014,1.0,32.8,1
2024-02-29,17507,1.0,50.11,1
2024-02-29,17700,1.0,72.88,1
2024-02-29,17704,1.0,74.1,1
2024-02-29,20002,2.0,77.14,1
2024-02-29,21008,2.0,37.65,1
2024-02-29,26005,2.0,8.2,1
2024-02-29,26006,2.0,8.2,1
2024-02-29,26007,4.0,12.3,1
2024-02-29,26009,6.0,24.599999999999998,2
2024-02-29,26100,5.0,33.41,1
2024-02-29,26127,3.0,13.66,1
2024-02-29,44022,2.0,165.82,2
2024-02-29,4614,1.0,21.11,1
2024-02-29,4616,1.0,28.85,1
2024-02-29,6153,1.0,38.27,1
2024-02-29,8202,1.0,27.03,1
2024-02-29,8203,1.0,27.03,1
2024-02-29,8206,1.0,27.03,1
2024-02-29,8207,1.0,27.03,1
2024-03-01,10752,1.0,43.0,1
2024-03-01,12130,1.0,61.96,1
2024-03-01,12134,1.0,61.96,1
2024-03-01,15026,1.0,67.42,1
2024-03-01,17322,1.0,69.42,1
2024-03-01,20002,1.0,38.57,1
2024-03-01,44019,1.0,128.16,1
2024-03-01,4620,3.0,50.11,2
2024-03-04,12134,1.0,61.96,1
2024-03-04,12136,2.0,123.92,2
2024-03-04,15032,1.0,73.8,1
2024-03-04,15034,1.0,70.15,1
2024-03-04,17322,1.0,69.42,1
2024-03-04,17504,3.0,158.52,3
2024-03-04,17704,1.0,74.1,1
2024-03-04,4616,1.0,28.85,1
2024-03-04,4620,1.0,16.7,1
2024-03-04,8202,1.0,27.03,1
2024-03-06,10752,1.0,43.0,1
2024-03-06,12130,4.0,247.84,4
2024-03-06,12134,3.0,185.88,3
2024-03-06,12136,5.0,309.8,5
2024-03-06,15030,2.0,145.76,2
2024-03-06,15032,1.0,73.8,1
2024-03-06,15034,5.0,350.77,3
2024-03-06,17222,2.0,135.58,2
2024-03-06,17322,1.0,69.42,1
2024-03-06,17400,3.0,251.39999999999998,3
2024-03-06,17501,1.0,53.75,1
2024-03-06,17504,2.0,105.68,2
2024-03-06,17507,1.0,50.11,1
2024-03-06,17704,1.0,74.1,1
2024-03-06,18101,2.0,156.7,2
2024-03-06,18121,1.0,57.7,1
2024-03-06,44022,1.0,82.91,1
2024-03-06,4614,1.0,21.11,1
2024-03-06,4616,1.0,28.85,1
2024-03-06,4620,5.0,83.52,3
2024-03-06,7151,1.0,119.96,1
2024-03-06,7152,2.0,239.92,2
2024-03-06,7153,1.0,119.96,1
2024-03-06,8202,1.0,27.03,1
2024-03-06,8206,1.0,27.03,1
2024-03-06,8207,1.0,27.03,1
2024-03-06,8222,1.0,49.81,1
2024-03-06,9302,1.0,29.76,1
2024-03-07,12130,2.0,123.92,2
2024-03-07,15032,1.0,73.8,1
2024-03-07,15034,1.0,70.15,1
2024-03-07,17700,1.0,72.88,1
2024-03-07,26101,3.0,9.12,2
2024-03-07,26104,1.0,6.68,1
2024-03-07,26121,2.0,0.0,1
2024-03-07,26124,3.0,13.66,1
2024-03-07,44071,1.0,27.34,1
2024-03-07,44072,1.0,43.73,1
2024-03-07,4614,1.0,21.11,1
2024-03-07,4616,1.0,28.85,1
2024-03-07,4620,1.0,16.7,1
2024-03-07,8203,2.0,54.06,2
2024-03-07,8206,2.0,54.06,2
2024-03-07,8207,1.0,27.03,1
2024-03-07,8222,1.0,49.81,1
2024-03-07,9302,1.0,29.76,1
2024-03-08,12130,1.0,61.96,1
2024-03-08,17322,1.0,69.42,1
2024-03-12,12130,2.0,123.92,2
2024-03-12,17400,1.0,83.8,1
2024-03-12,26009,2.0,8.2,1
2024-03-12,45002,1.0,23.08,1
2024-03-12,4616,1.0,28.85,1
2024-03-12,4620,3.0,50.11,1
2024-03-12,8202,1.0,27.03,1
2024-03-12,8203,2.0,54.05,1
2024-03-12,8206,1.0,27.03,1
2024-03-12,8222,1.0,49.81,1
2024-03-13,12130,1.0,61.96,1
2024-03-13,26009,6.0,24.599999999999998,2
2024-03-13,26104,2.0,13.36,2
2024-03-13,44022,1.0,82.91,1
2024-03-13,44033,4.0,259.96,2
2024-03-13,44071,2.0,54.68,2
2024-03-13,44072,2.0,87.46,2
2024-03-13,4616,1.0,28.85,1
2024-03-13,6153,2.0,76.54,2
2024-03-14,12100,1.0,19.43,1
2024-03-14,12134,1.0,61.96,1
2024-03-14,17400,1.0,83.8,1
2024-03-14,17504,2.0,105.68,2
2024-03-14,44071,1.0,27.34,1
2024-03-14,44072,1.0,43.73,1
2024-03-14,4620,1.0,16.7,1
2024-03-14,8050,1.0,15.8,1
2024-03-14,8143,1.0,27.64,1
2024-03-14,8222,1.0,49.81,1
2024-03-15,12130,1.0,61.96,1
2024-03-15,12134,1.0,61.96,1
2024-03-15,12136,1.0,61.96,1
2024-03-15,17507,1.0,50.11,1
2024-03-15,17704,1.0,74.1,1
2024-03-15,20002,1.0,38.57,1
2024-03-15,44022,1.0,82.91,1
2024-03-15,8222,1.0,49.81,1
2024-03-18,12100,1.0,19.43,1
2024-03-18,15032,1.0,73.8,1
2024-03-18,17143,1.0,78.96,1
2024-03-18,17322,1.0,69.42,1
2024-03-18,17400,1.0,83.8,1
2024-03-18,18121,1.0,57.7,1
2024-03-18,44071,1.0,27.34,1
2024-03-18,44072,1.0,43.73,1
2024-03-18,8202,1.0,27.03,1
2024-03-18,8206,1.0,27.03,1
2024-03-19,12100,1.0,19.43,1
2024-03-19,12130,1.0,61.96,1
2024-03-19,12134,1.0,61.96,1
2024-03-19,15030,1.0,72.88,1
2024-03-19,17114,2.0,140.91,1
2024-03-19,17400,1.0,83.8,1
2024-03-19,17504,3.0,158.52,2
2024-03-19,26101,2.0,9.12,1
2024-03-19,26123,2.0,9.12,1
2024-03-19,4500,2.0,69.24,1
2024-03-19,4502,1.0,46.47,1
2024-03-19,4616,1.0,28.85,1
2024-03-19,8202,1.0,27.03,1
2024-03-19,8205,1.0,27.03,1
2024-03-19,8222,1.0,49.81,1
2024-03-20,12130,3.0,185.86,2
2024-03-20,17400,3.0,251.39999999999998,2
2024-03-20,17504,2.0,105.68,2
2024-03-20,4620,3.0,50.11,2
2024-03-21,12100,1.0,19.43,1
2024-03-21,12134,2.0,123.92,2
2024-03-21,17322,1.0,69.42,1
2024-03-21,17400,1.0,83.8,1
2024-03-21,17501,1.0,53.75,1
2024-03-21,17704,1.0,74.1,1
2024-03-21,18101,1.0,78.35,1
2024-03-21,18121,1.0,57.7,1
2024-03-21,26004,2.0,8.2,1
2024-03-21,26009,3.0,12.299999999999999,1
2024-03-21,26101,1.0,4.56,1
2024-03-21,26124,2.0,9.12,1
2024-03-21,44071,1.0,27.34,1
2024-03-21,44072,1.0,43.73,1
2024-03-21,4616,2.0,57.7,1
2024-03-21,8143,1.0,27.64,1
2024-03-21,8203,1.0,27.03,1
2024-03-21,8215,1.0,20.34,1
2024-03-21,8222,1.0,49.81,1
2024-03-22,8206,1.0,27.03,1
2024-03-22,8207,1.0,27.03,1
2024-03-25,12100,2.0,38.88,1
2024-03-25,12121,1.0,29.76,1
2024-03-25,12130,4.0,247.82000000000002,3
2024-03-25,12134,2.0,123.92,2
2024-03-25,17322,1.0,69.42,1
2024-03-25,17400,2.0,167.6,1
2024-03-25,17700,1.0,72.88,1
2024-03-25,26005,4.0,16.4,1
2024-03-25,26009,6.0,24.6,1
2024-03-25,2721,1.0,41.3,1
2024-03-25,44022,2.0,165.81,1
2024-03-25,4502,1.0,46.47,1
2024-03-25,4620,13.0,217.14,4
2024-03-25,4700,1.0,44.34,1
2024-03-25,7152,1.0,119.96,1
2024-03-25,8143,1.0,27.64,1
2024-03-25,8202,3.0,81.08,2
2024-03-25,8203,2.0,54.06,2
2024-03-25,8206,3.0,81.08,2
2024-03-27,12130,1.0,61.96,1
2024-03-27,17400,2.0,167.6,2
2024-03-27,17504,1.0,52.84,1
2024-03-27,44022,1.0,82.91,1
2024-03-27,8143,1.0,27.64,1
2024-03-31,12100,1.0,19.43,1
2024-03-31,12134,1.0,61.96,1
2024-03-31,17222,1.0,67.79,1
2024-03-31,17400,1.0,83.8,1
2024-03-31,17504,1.0,52.84,1
2024-03-31,26009,8.0,32.8,1
2024-03-31,26010,4.0,16.4,1
2024-03-31,2721,1.0,41.3,1
2024-03-31,44022,1.0,82.91,1
2024-03-31,4502,1.0,46.47,1
2024-03-31,45203,1.0,37.05,1
2024-03-31,4620,1.0,16.7,1
2024-04-01,12130,1.0,61.96,1
2024-04-01,45203,2.0,74.1,1
2024-04-01,45225,1.0,52.24,1
2024-04-01,8202,2.0,54.05,1
2024-04-01,8206,3.0,81.09,1
2024-04-01,9302,1.0,29.76,1
2024-04-02,12130,2.0,123.92,2
2024-04-02,12134,1.0,61.96,1
2024-04-02,17400,1.0,83.8,1
2024-04-02,17504,1.0,52.84,1
2024-04-02,4502,1.0,46.47,1
2024-04-02,4616,1.0,28.85,1
2024-04-02,4620,3.0,50.11,1
2024-04-02,4700,1.0,44.34,1
2024-04-02,7715,1.0,46.47,1
2024-04-02,8206,1.0,27.03,1
2024-04-03,12134,1.0,61.96,1
2024-04-03,17322,2.0,138.84,2
2024-04-03,17400,1.0,83.8,1
2024-04-03,45207,2.0,79.57,1
2024-04-04,12130,1.0,61.96,1
2024-04-04,17322,1.0,69.42,1
2024-04-04,17400,1.0,83.8,1
2024-04-04,17700,1.0,72.88,1
2024-04-04,44071,1.0,27.34,1
2024-04-04,44072,1.0,43.73,1
2024-04-04,4616,1.0,28.85,1
2024-04-04,8202,1.0,27.03,1
2024-04-04,8206,2.0,54.06,2
2024-04-04,8207,1.0,27.03,1
2024-04-04,8217,1.0,20.34,1
2024-04-07,12100,2.0,38.86,2
2024-04-07,12130,3.0,185.88,3
2024-04-07,12134,2.0,123.92,2
2024-04-07,13016,2.0,65.6,1
2024-04-07,15032,1.0,73.8,1
2024-04-07,15034,2.0,140.3,2
2024-04-07,17400,4.0,335.2,4
2024-04-07,17504,1.0,52.84,1
2024-04-07,17704,2.0,148.2,2
2024-04-07,20002,2.0,77.14,2
2024-04-07,2621,1.0,52.39,1
2024-04-07,4502,2.0,92.94,2
2024-04-07,4620,1.0,16.7,1
2024-04-07,8222,1.0,49.81,1
2024-04-08,12100,2.0,38.88,1
2024-04-08,12130,1.0,61.96,1
2024-04-08,12134,1.0,61.96,1
2024-04-08,17501,1.0,53.75,1
2024-04-08,17504,2.0,105.68,1
2024-04-08,17521,2.0,51.02,1
2024-04-08,17700,1.0,72.88,1
2024-04-08,44022,2.0,165.81,1
2024-04-08,4616,2.0,57.7,1
2024-04-08,4620,3.0,50.11,2
2024-04-09,15032,1.0,73.8,1
2024-04-09,15034,1.0,70.15,1
2024-04-09,17322,1.0,69.42,1
2024-04-09,17400,1.0,83.8,1
2024-04-09,20002,1.0,38.57,1
2024-04-09,44071,1.0,27.34,1
2024-04-10,12100,3.0,58.31,2
2024-04-10,12130,2.0,123.92,2
2024-04-10,12134,2.0,123.92,2
2024-04-10,15030,2.0,145.77,1
2024-04-10,17114,2.0,140.91,1
2024-04-10,17322,5.0,347.11,4
2024-04-10,17400,2.0,167.6,2
2024-04-10,17504,3.0,158.52,2
2024-04-10,18121,1.0,57.7,1
2024-04-10,20002,1.0,38.57,1
2024-04-10,26104,6.0,40.09,1
2024-04-10,26111,2.0,9.12,1
2024-04-10,26127,2.0,9.12,1
2024-04-10,2721,2.0,82.6,1
2024-04-10,44022,2.0,165.82,2
2024-04-10,44071,1.0,27.34,1
2024-04-10,44072,1.0,43.73,1
2024-04-10,4500,1.0,34.62,1
2024-04-10,4502,1.0,46.47,1
2024-04-10,4616,7.0,201.96,2
2024-04-10,4620,14.0,233.84,2
2024-04-10,8202,1.0,27.03,1
2024-04-10,8203,3.0,81.08,2
2024-04-10,8206,4.0,108.11,3
2024-04-10,8207,3.0,81.08,2
2024-04-10,8212,2.0,40.7,1
2024-04-10,8215,2.0,40.7,1
2024-04-10,8216,2.0,40.7,1
2024-04-12,12130,1.0,61.96,1
2024-04-12,4620,2.0,33.41,1
2024-04-12,8202,1.0,27.03,1
2024-04-12,8206,2.0,54.05,1
2024-04-15,17704,1.0,74.1,1
2024-04-16,12130,1.0,61.96,1
2024-04-16,12134,2.0,123.9,1
2024-04-16,17322,1.0,69.42,1
2024-04-16,17400,1.0,83.8,1
2024-04-16,17504,1.0,52.84,1
2024-04-16,18101,1.0,78.35,1
2024-04-16,44072,1.0,43.73,1
2024-04-16,4620,2.0,33.41,1
2024-04-16,8029,1.0,48.28,1
2024-04-18,17322,1.0,69.42,1
2024-04-18,17400,1.0,83.8,1
2024-04-19,12100,2.0,38.86,2
2024-04-19,12130,6.0,371.72,4
2024-04-19,12134,1.0,61.96,1
2024-04-19,15032,1.0,73.8,1
2024-04-19,15034,2.0,140.3,2
2024-04-19,17322,2.0,138.85,1
2024-04-19,17501,1.0,53.75,1
2024-04-19,17504,3.0,158.52,3
2024-04-19,17704,1.0,74.1,1
2024-04-19,26005,2.0,8.2,1
2024-04-19,26127,5.0,22.78,1
2024-04-19,44022,2.0,165.81,1
2024-04-19,44033,1.0,64.99,1
2024-04-19,44071,2.0,54.66,1
2024-04-19,44072,1.0,43.73,1
2024-04-19,4616,1.0,28.85,1
2024-04-19,4620,1.0,16.7,1
2024-04-19,8206,4.0,108.1,2
2024-04-19,8207,2.0,54.05,1
2024-04-19,9302,1.0,29.76,1
2024-04-21,17222,2.0,135.57,1
2024-04-22,12100,1.0,19.43,1
2024-04-22,12130,2.0,123.92,2
2024-04-22,12134,2.0,123.92,2
2024-04-22,13014,1.0,32.8,1
2024-04-22,13016,1.0,32.8,1
2024-04-22,15030,1.0,72.88,1
2024-04-22,15032,1.0,73.8,1
2024-04-22,15034,1.0,70.15,1
2024-04-22,17322,3.0,208.26999999999998,2
2024-04-22,17400,3.0,251.39999999999998,2
2024-04-22,17501,2.0,107.5,1
2024-04-22,17504,2.0,105.68,2
2024-04-22,18101,1.0,78.35,1
2024-04-22,2621,1.0,52.39,1
2024-04-22,2721,1.0,41.3,1
2024-04-22,44022,2.0,165.82,2
2024-04-22,44071,1.0,27.34,1
2024-04-22,4500,1.0,34.62,1
2024-04-22,4502,2.0,92.94,2
2024-04-22,4616,4.0,115.41,1
2024-04-22,4620,3.0,50.11,1
2024-04-22,8202,2.0,54.06,2
2024-04-22,8203,2.0,54.06,2
2024-04-22,8206,1.0,27.03,1
2024-04-22,8207,1.0,27.03,1
2024-04-24,12130,1.0,61.96,1
2024-04-24,12134,1.0,61.96,1
2024-04-24,15030,1.0,72.88,1
2024-04-24,17322,1.0,69.42,1
2024-04-24,17400,1.0,83.8,1
2024-04-24,17700,1.0,72.88,1
2024-04-24,20002,1.0,38.57,1
2024-04-24,4620,1.0,16.7,1
2024-04-25,12100,2.0,38.88,1
2024-04-25,12134,1.0,61.96,1
2024-04-25,17400,1.0,83.8,1
2024-04-25,17501,1.0,53.75,1
2024-04-25,4620,2.0,33.41,1
2024-04-25,8222,1.0,49.81,1
2024-04-26,12130,1.0,61.96,1
2024-04-26,12136,1.0,61.96,1
2024-04-26,17507,2.0,100.22,1
2024-04-26,44022,1.0,82.91,1
2024-04-26,45225,1.0,52.24,1
2024-04-26,8205,2.0,54.05,1
2024-04-26,8207,2.0,54.05,1
2024-04-29,17507,1.0,50.11,1
2024-04-29,8202,1.0,27.03,1
2024-04-29,8203,1.0,27.03,1
2024-04-29,8205,1.0,27.03,1
2024-04-29,8207,1.0,27.03,1
2024-04-29,8215,1.0,20.34,1
2024-04-29,8217,1.0,20.34,1
2024-04-30,12136,2.0,123.92,2
2024-04-30,17222,1.0,67.79,1
2024-04-30,17501,1.0,53.75,1
2024-04-30,17507,5.0,250.55,3
2024-04-30,17704,1.0,74.1,1
2024-04-30,18121,1.0,57.7,1
2024-04-30,20002,1.0,38.57,1
2024-04-30,4620,1.0,16.7,1
2024-04-30,8205,1.0,27.03,1
2024-05-02,12100,1.0,19.43,1
2024-05-02,12134,2.0,123.92,2
2024-05-02,12136,1.0,61.96,1
2024-05-02,15032,2.0,147.6,2
2024-05-02,15034,1.0,70.15,1
2024-05-02,17114,1.0,70.46,1
2024-05-02,17143,1.0,78.96,1
2024-05-02,17322,1.0,69.42,1
2024-05-02,17501,3.0,161.25,2
2024-05-02,17504,2.0,105.68,1
2024-05-02,17507,4.0,200.44,3
2024-05-02,17700,1.0,72.88,1
2024-05-02,4502,1.0,46.47,1
2024-05-02,4616,2.0,57.7,2
2024-05-02,4620,1.0,16.7,1
2024-05-02,8202,1.0,27.03,1
2024-05-02,9302,2.0,59.52,1
2024-05-03,10752,1.0,43.0,1
2024-05-03,12136,1.0,61.96,1
2024-05-03,14218,3.0,170.82,2
2024-05-03,17222,2.0,135.57,1
2024-05-03,17322,2.0,138.85,1
2024-05-03,17400,1.0,83.8,1
2024-05-03,17504,3.0,158.52,2
2024-05-03,17507,5.0,250.55,4
2024-05-03,17508,1.0,52.84,1
2024-05-03,4620,3.0,50.11,1
2024-05-03,8202,1.0,27.03,1
2024-05-03,8205,2.0,54.05,1
2024-05-06,12136,1.0,61.96,1
2024-05-06,17222,1.0,67.79,1
2024-05-06,17400,1.0,83.8,1
2024-05-06,2621,1.0,52.39,1
2024-05-06,44022,1.0,82.91,1
2024-05-06,8202,1.0,27.03,1
2024-05-06,8205,1.0,27.03,1
2024-05-07,12136,2.0,123.92,2
2024-05-07,17222,1.0,67.79,1
2024-05-07,17504,1.0,52.84,1
2024-05-07,17507,1.0,50.11,1
2024-05-07,4500,1.0,34.62,1
2024-05-07,8205,2.0,54.06,2
2024-05-08,12100,2.0,38.86,2
2024-05-08,12130,4.0,247.84,4
2024-05-08,12136,4.0,247.84,4
2024-05-08,14218,2.0,113.88,2
2024-05-08,15030,1.0,72.88,1
2024-05-08,15032,1.0,73.8,1
2024-05-08,15034,1.0,70.15,1
2024-05-08,17222,3.0,203.37,3
2024-05-08,17322,3.0,208.26,3
2024-05-08,17400,3.0,251.39999999999998,3
2024-05-08,17501,4.0,215.0,4
2024-05-08,17504,3.0,158.52,3
2024-05-08,17507,6.0,300.66,3
2024-05-08,18121,1.0,57.7,1
2024-05-08,20002,1.0,38.57,1
2024-05-08,26009,4.0,16.4,1
2024-05-08,26100,1.0,6.68,1
2024-05-08,26127,3.0,13.66,1
2024-05-08,2721,1.0,41.3,1
2024-05-08,44022,2.0,165.82,2
2024-05-08,44071,1.0,27.34,1
2024-05-08,44072,1.0,43.73,1
2024-05-08,4616,2.0,57.7,2
2024-05-08,4620,2.0,33.4,2
2024-05-08,7715,1.0,46.47,1
2024-05-08,8029,1.0,48.28,1
2024-05-08,8202,1.0,27.03,1
2024-05-08,8205,6.0,162.17000000000002,5
2024-05-08,8210,1.0,27.64,1
2024-05-08,8222,2.0,99.62,2
2024-05-09,12100,1.0,19.43,1
2024-05-09,12130,1.0,61.96,1
2024-05-09,12132,1.0,61.96,1
2024-05-09,12136,1.0,61.96,1
2024-05-09,17222,1.0,67.79,1
2024-05-09,17400,1.0,83.8,1
2024-05-09,17504,1.0,52.84,1
2024-05-09,17507,2.0,100.22,2
2024-05-09,45203,1.0,37.05,1
2024-05-09,4620,2.0,33.41,1
2024-05-09,8202,1.0,27.03,1
2024-05-09,8205,2.0,54.05,1
2024-05-09,8222,1.0,49.81,1
2024-05-09,9302,2.0,59.52,1
2024-05-10,12136,1.0,61.96,1
2024-05-10,17400,1.0,83.8,1
2024-05-10,8205,1.0,27.03,1
2024-05-10,9302,2.0,59.52,1
2024-05-13,12100,2.0,38.88,1
2024-05-13,17322,1.0,69.42,1
2024-05-13,17400,1.0,83.8,1
2024-05-13,17504,1.0,52.84,1
2024-05-13,17507,2.0,100.22,2
2024-05-13,44022,1.0,82.91,1
2024-05-13,8202,3.0,81.09,1
2024-05-13,8205,2.0,54.05,1
2024-05-14,12136,1.0,61.96,1
2024-05-14,13016,2.0,65.6,1
2024-05-14,17222,1.0,67.79,1
2024-05-14,17504,1.0,52.84,1
2024-05-14,17507,3.0,150.32999999999998,2
2024-05-14,18101,1.0,78.35,1
2024-05-14,18121,1.0,57.7,1
2024-05-14,20002,1.0,38.57,1
2024-05-14,4616,1.0,28.85,1
2024-05-15,10752,1.0,43.0,1
2024-05-15,12100,1.0,19.43,1
2024-05-15,12130,1.0,61.96,1
2024-05-15,12132,1.0,61.96,1
2024-05-15,12136,4.0,247.82,3
2024-05-15,14218,1.0,56.94,1
2024-05-15,15030,1.0,72.88,1
2024-05-15,17222,4.0,271.14,2
2024-05-15,17322,4.0,277.7,1
2024-05-15,17504,3.0,158.52,2
2024-05-15,17507,2.0,100.22,1
2024-05-15,18101,2.0,156.7,2
2024-05-15,18121,2.0,115.41,1
2024-05-15,44022,2.0,165.81,1
2024-05-15,44071,3.0,82.0,1
2024-05-15,4616,2.0,57.7,1
2024-05-15,4620,1.0,16.7,1
2024-05-15,8202,1.0,27.03,1
2024-05-15,8203,2.0,54.05,1
2024-05-15,8205,2.0,54.05,1
2024-05-16,12100,1.0,19.43,1
2024-05-16,12130,1.0,61.96,1
2024-05-16,12132,1.0,61.96,1
2024-05-16,12136,1.0,61.96,1
2024-05-16,18121,2.0,115.41,1
2024-05-16,20002,2.0,77.14,1
2024-05-16,8205,1.0,27.03,1
2024-05-17,12130,1.0,61.96,1
2024-05-17,15032,1.0,73.8,1
2024-05-17,17222,2.0,135.58,2
2024-05-17,17322,1.0,69.42,1
2024-05-17,17323,1.0,72.28,1
2024-05-17,17504,1.0,52.84,1
2024-05-17,4616,2.0,57.7,1
2024-05-17,4620,1.0,16.7,1
2024-05-17,6153,1.0,38.27,1
2024-05-17,8205,2.0,54.05,1
2024-05-18,15034,1.0,70.15,1
2024-05-18,17507,1.0,50.11,1
2024-05-18,4616,2.0,57.7,1
2024-05-20,12134,1.0,61.96,1
2024-05-20,12136,1.0,61.96,1
2024-05-20,15032,1.0,73.8,1
2024-05-20,15034,1.0,70.15,1
2024-05-20,17222,1.0,67.79,1
2024-05-20,18101,1.0,78.35,1
2024-05-20,18121,1.0,57.7,1
2024-05-20,4616,1.0,28.85,1
2024-05-20,8202,2.0,54.05,1
2024-05-20,8205,2.0,54.05,1
2024-05-20,8207,1.0,27.03,1
2024-05-21,12130,1.0,61.96,1
2024-05-21,12134,2.0,123.9,1
2024-05-21,12136,3.0,185.86,2
2024-05-21,14218,2.0,113.88,1
2024-05-21,15032,3.0,221.39,2
2024-05-21,15034,1.0,70.15,1
2024-05-21,17222,2.0,135.57,1
2024-05-21,17322,2.0,138.85,1
2024-05-21,17400,3.0,251.39999999999998,2
2024-05-21,17504,3.0,158.52,2
2024-05-21,17507,1.0,50.11,1
2024-05-21,18101,1.0,78.35,1
2024-05-21,26004,2.0,8.2,1
2024-05-21,26006,2.0,8.2,1
2024-05-21,26009,2.0,8.2,1
2024-05-21,26100,2.0,13.36,1
2024-05-21,26101,3.0,13.68,2
2024-05-21,26104,2.0,13.36,1
2024-05-21,26123,5.0,22.799999999999997,2
2024-05-21,44022,2.0,165.81,1
2024-05-21,4616,6.0,173.11,1
2024-05-21,4620,10.0,167.04,1
2024-05-21,8202,1.0,27.03,1
2024-05-21,8205,2.0,54.06,2
2024-05-21,8215,2.0,40.7,1
2024-05-21,8216,2.0,40.7,1
2024-05-21,8222,2.0,99.62,2
2024-05-22,12130,1.0,61.96,1
2024-05-22,12134,1.0,61.96,1
2024-05-22,12136,2.0,123.9,1
2024-05-22,17322,1.0,69.42,1
2024-05-22,26001,3.0,12.3,1
2024-05-22,26004,1.0,4.1,1
2024-05-22,26008,2.0,8.2,1
2024-05-22,26009,1.0,4.1,1
2024-05-22,4616,4.0,115.41,1
2024-05-22,6153,1.0,38.27,1
2024-05-22,8205,2.0,54.05,1
2024-05-22,8207,2.0,54.05,1
2024-05-22,8215,1.0,20.34,1
2024-05-22,8217,1.0,20.34,1
2024-05-22,8222,1.0,49.81,1
2024-05-23,17222,1.0,67.79,1
2024-05-23,17501,1.0,53.75,1
2024-05-23,17504,1.0,52.84,1
2024-05-23,17507,1.0,50.11,1
2024-05-23,20002,1.0,38.57,1
2024-05-23,4616,4.0,115.41,1
2024-05-23,4620,2.0,33.41,1
2024-05-24,12132,1.0,61.96,1
2024-05-24,12134,1.0,61.96,1
2024-05-24,12136,1.0,61.96,1
2024-05-24,15034,1.0,70.15,1
2024-05-24,17501,1.0,53.75,1
2024-05-24,17504,3.0,158.52,2
2024-05-24,17507,2.0,100.22,2
2024-05-24,44022,2.0,165.82,2
2024-05-24,44071,1.0,27.34,1
2024-05-24,4614,1.0,21.11,1
2024-05-27,12132,1.0,61.96,1
2024-05-27,12134,1.0,61.96,1
2024-05-27,12136,1.0,61.96,1
2024-05-27,15034,1.0,70.15,1
2024-05-27,17143,1.0,78.96,1
2024-05-27,17222,1.0,67.79,1
2024-05-27,17400,1.0,83.8,1
2024-05-27,17501,1.0,53.75,1
2024-05-27,17504,2.0,105.68,2
2024-05-27,17507,2.0,100.22,2
2024-05-27,44022,1.0,82.91,1
2024-05-27,4616,1.0,28.85,1
2024-05-27,4620,3.0,50.11,2
2024-05-27,8205,1.0,27.03,1
2024-05-28,12121,2.0,59.52,1
2024-05-28,12130,1.0,61.96,1
2024-05-28,12134,3.0,185.86,2
2024-05-28,12136,3.0,185.86,1
2024-05-28,14218,2.0,113.88,1
2024-05-28,15030,1.0,72.88,1
2024-05-28,15032,1.0,73.8,1
2024-05-28,17222,6.0,406.71,3
2024-05-28,17322,1.0,69.42,1
2024-05-28,17400,2.0,167.6,1
2024-05-28,17507,3.0,150.32999999999998,2
2024-05-28,18121,2.0,115.41,1
2024-05-28,20002,1.0,38.57,1
2024-05-28,26001,2.0,8.2,1
2024-05-28,26005,6.0,24.599999999999998,2
2024-05-28,26009,6.0,24.6,1
2024-05-28,26124,2.0,9.12,1
2024-05-28,26127,2.0,9.12,1
2024-05-28,2621,2.0,104.78,2
2024-05-28,4616,2.0,57.7,1
2024-05-28,6153,1.0,38.27,1
2024-05-28,8202,4.0,108.11,3
2024-05-28,8203,2.0,54.05,1
2024-05-28,8205,3.0,81.09,3
2024-05-28,8206,1.0,27.03,1
2024-05-28,8207,1.0,27.03,1
2024-05-28,8210,1.0,27.64,1
2024-05-29,12136,1.0,61.96,1
2024-05-29,17222,1.0,67.79,1
2024-05-29,17322,1.0,69.42,1
2024-05-29,17400,1.0,83.8,1
2024-05-29,17504,1.0,52.84,1
2024-05-29,44022,2.0,165.82,2
2024-05-30,12130,2.0,123.92,2
2024-05-30,12136,1.0,61.96,1
2024-05-30,15030,1.0,72.88,1
2024-05-30,17322,1.0,69.42,1
2024-05-30,17507,2.0,100.22,2
2024-05-30,4616,1.0,28.85,1
2024-05-30,4620,1.0,16.7,1
2024-05-31,17507,1.0,50.11,1
2024-06-03,12130,1.0,61.96,1
2024-06-03,12132,1.0,61.96,1
2024-06-03,12134,1.0,61.96,1
2024-06-03,12136,2.0,123.92,2
2024-06-03,15032,1.0,73.8,1
2024-06-03,17322,2.0,138.84,2
2024-06-03,17504,2.0,105.68,2
2024-06-03,17507,1.0,50.11,1
2024-06-03,26001,2.0,8.2,1
2024-06-03,26101,2.0,9.12,1
2024-06-03,44056,1.0,48.28,1
2024-06-03,8202,1.0,27.03,1
2024-06-03,8203,1.0,27.03,1
2024-06-03,8205,2.0,54.06,2
2024-06-04,12130,1.0,61.96,1
2024-06-04,12136,1.0,61.96,1
2024-06-04,17400,1.0,83.8,1
2024-06-04,4620,3.0,50.11,1
2024-06-04,8202,1.0,27.03,1
2024-06-04,8203,1.0,27.03,1
2024-06-04,8205,1.0,27.03,1
2024-06-05,12130,2.0,123.92,2
2024-06-05,12134,2.0,123.92,2
2024-06-05,12136,2.0,123.92,2
2024-06-05,17322,1.0,69.42,1
2024-06-05,17504,2.0,105.68,2
2024-06-05,17507,1.0,50.11,1
2024-06-05,44022,2.0,165.82,2
2024-06-05,4616,2.0,57.7,1
2024-06-05,4620,2.0,33.41,1
2024-06-05,8202,1.0,27.03,1
2024-06-05,8205,1.0,27.03,1
2024-06-05,8222,1.0,49.81,1
2024-06-06,12125,1.0,29.76,1
2024-06-06,12130,4.0,247.82,3
2024-06-06,12132,1.0,61.96,1
2024-06-06,12134,2.0,123.9,1
2024-06-06,12136,5.0,309.78,4
2024-06-06,14218,2.0,113.88,1
2024-06-06,15026,1.0,67.42,1
2024-06-06,15032,2.0,147.6,2
2024-06-06,15034,1.0,70.15,1
2024-06-06,17222,2.0,135.57,1
2024-06-06,17322,2.0,138.84,2
2024-06-06,17400,1.0,83.8,1
2024-06-06,17501,1.0,53.75,1
2024-06-06,17504,2.0,105.68,1
2024-06-06,17507,5.0,250.55,4
2024-06-06,18101,1.0,78.35,1
2024-06-06,18121,2.0,115.41,1
2024-06-06,26009,2.0,8.2,1
2024-06-06,26101,2.0,9.12,1
2024-06-06,26117,4.0,18.22,1
2024-06-06,26121,2.0,9.12,1
2024-06-06,26141,2.0,9.12,1
2024-06-06,26142,8.0,36.44,1
2024-06-06,2621,1.0,52.39,1
2024-06-06,2721,1.0,41.3,1
2024-06-06,44022,2.0,165.82,2
2024-06-06,44071,2.0,54.66,1
2024-06-06,44072,3.0,131.19,1
2024-06-06,4502,1.0,46.47,1
2024-06-06,4616,3.0,86.55000000000001,2
2024-06-06,4620,1.0,16.7,1
2024-06-06,8205,2.0,54.05,1
2024-06-07,12130,1.0,61.96,1
2024-06-07,12136,1.0,61.96,1
2024-06-07,14218,1.0,56.94,1
2024-06-07,15026,1.0,67.42,1
2024-06-07,17222,1.0,67.79,1
2024-06-07,17322,1.0,69.42,1
2024-06-07,17400,2.0,167.6,2
2024-06-07,17501,1.0,53.75,1
2024-06-07,17504,1.0,52.84,1
2024-06-07,17507,3.0,150.32999999999998,2
2024-06-07,17700,1.0,72.88,1
2024-06-07,26004,2.0,8.2,1
2024-06-07,26101,5.0,22.78,1
2024-06-07,44022,1.0,82.91,1
2024-06-07,7715,1.0,46.47,1
2024-06-07,8205,3.0,81.08,2
2024-06-10,12130,1.0,61.96,1
2024-06-10,12136,2.0,123.92,2
2024-06-10,15032,1.0,73.8,1
2024-06-10,17400,1.0,83.8,1
2024-06-10,17507,1.0,50.11,1
2024-06-10,26104,1.0,6.68,1
2024-06-10,26117,2.0,9.12,1
2024-06-10,26142,2.0,9.12,1
2024-06-10,44022,1.0,82.91,1
2024-06-10,44033,1.0,64.99,1
2024-06-10,45203,1.0,37.05,1
2024-06-10,4616,1.0,28.85,1
2024-06-10,4620,2.0,33.41,1
2024-06-10,8202,1.0,27.03,1
2024-06-10,8203,1.0,27.03,1
2024-06-10,8205,4.0,108.12,2
2024-06-10,8207,2.0,54.05,1
2024-06-10,8222,1.0,49.81,1
2024-06-10,9302,1.0,29.76,1
2024-06-11,14218,1.0,56.94,1
2024-06-11,17222,1.0,67.79,1
2024-06-11,17322,1.0,69.42,1
2024-06-11,17400,2.0,167.6,2
2024-06-11,17501,1.0,53.75,1
2024-06-11,17504,2.0,105.68,2
2024-06-11,17507,2.0,100.22,2
2024-06-11,26104,1.0,6.68,1
2024-06-11,26123,2.0,9.12,1
2024-06-11,26127,2.0,9.12,1
2024-06-11,44022,1.0,82.91,1
2024-06-11,44071,1.0,27.34,1
2024-06-11,8202,2.0,54.05,1
2024-06-11,8203,2.0,54.05,1
2024-06-11,8205,2.0,54.05,1
2024-06-11,8207,2.0,54.05,1
2024-06-12,10752,1.0,43.0,1
2024-06-12,12130,0.5,30.97,1
2024-06-12,12136,0.5,30.97,1
2024-06-12,15030,1.5,109.32,2
2024-06-12,15032,0.5,36.9,1
2024-06-12,17322,1.0,69.42,1
2024-06-12,17400,2.0,167.6,2
2024-06-12,17507,1.0,50.11,1
2024-06-12,17508,1.0,52.84,1
2024-06-12,18101,1.0,78.35,1
2024-06-12,20002,1.0,38.57,1
2024-06-12,26001,1.0,4.1,1
2024-06-12,26104,2.0,13.36,1
2024-06-12,2621,2.0,104.78,2
2024-06-12,2721,1.0,41.3,1
2024-06-12,44022,2.0,165.82,2
2024-06-12,44052,1.0,46.16,1
2024-06-12,44071,2.0,54.66,1
2024-06-12,44072,2.0,87.46,1
2024-06-12,4500,2.0,69.24,1
2024-06-12,45005,1.0,46.77,1
2024-06-12,4502,1.0,46.47,1
2024-06-12,45203,2.0,74.1,1
2024-06-12,45225,1.0,52.24,1
2024-06-12,4616,2.0,57.7,1
2024-06-12,4620,4.0,66.82,2
2024-06-12,8202,1.0,27.03,1
2024-06-12,8203,2.0,54.06,2
2024-06-12,8205,2.0,54.06,2
2024-06-12,8210,2.0,55.27,1
2024-06-12,9302,1.0,29.76,1
2024-06-14,44071,1.0,27.34,1
2024-06-14,44072,1.0,43.73,1
2024-06-14,45117,1.0,91.11,1
2024-06-14,4616,2.0,57.7,1
2024-06-14,4620,3.0,50.11,1
2024-06-14,8210,2.0,55.27,1
2024-06-17,12136,2.0,123.9,1
2024-06-17,17222,2.0,135.57,1
2024-06-17,17400,2.0,167.6,1
2024-06-17,26001,2.0,8.2,1
2024-06-17,26006,2.0,8.2,1
2024-06-17,26009,2.0,8.2,1
2024-06-17,4616,4.0,115.41,1
2024-06-18,14218,1.0,56.94,1
2024-06-18,15034,1.0,70.15,1
2024-06-18,17400,1.0,83.8,1
2024-06-18,17504,2.0,105.68,2
2024-06-18,4616,1.0,28.85,1
2024-06-18,4700,1.0,44.34,1
2024-06-18,8203,1.0,27.03,1
2024-06-18,8205,1.0,27.03,1
2024-06-19,12130,2.0,123.9,1
2024-06-19,12134,3.0,185.86,2
2024-06-19,12136,3.0,185.86,2
2024-06-19,14218,1.0,56.94,1
2024-06-19,15030,2.0,145.76,2
2024-06-19,15032,1.0,73.8,1
2024-06-19,15034,2.0,140.3,2
2024-06-19,17222,1.0,67.79,1
2024-06-19,17322,3.0,208.26,3
2024-06-19,17400,1.0,83.8,1
2024-06-19,17504,3.0,158.52,2
2024-06-19,17704,1.0,74.1,1
2024-06-19,26001,2.0,8.2,1
2024-06-19,26006,2.0,8.2,1
2024-06-19,26009,2.0,8.2,1
2024-06-19,44071,1.0,27.34,1
2024-06-19,4502,1.0,46.47,1
2024-06-19,4620,1.0,16.7,1
2024-06-19,8205,2.0,54.05,1
2024-06-19,8215,2.0,40.7,1
2024-06-20,4616,2.0,57.7,1
2024-06-21,12100,2.0,38.88,1
2024-06-21,12130,1.0,61.96,1
2024-06-21,15030,1.0,72.88,1
2024-06-21,17322,1.0,69.42,1
2024-06-21,17501,2.0,107.5,1
2024-06-21,17504,2.0,105.68,1
2024-06-21,18101,1.0,78.35,1
2024-06-21,8203,1.0,27.03,1
2024-06-21,8205,1.0,27.03,1
2024-06-24,12136,1.0,61.96,1
2024-06-24,15032,2.0,147.6,2
2024-06-24,17114,1.0,70.46,1
2024-06-24,17222,2.0,135.58,2
2024-06-24,17322,1.0,69.42,1
2024-06-24,17400,2.0,167.6,2
2024-06-24,17507,2.0,100.22,2
2024-06-24,17700,1.0,72.88,1
2024-06-24,17704,1.0,74.1,1
2024-06-24,2621,1.0,52.39,1
2024-06-24,44022,1.0,82.91,1
2024-06-24,4616,1.0,28.85,1
2024-06-24,4620,4.0,66.81,1
2024-06-24,8205,1.0,27.03,1
2024-06-25,12130,1.0,61.96,1
2024-06-25,12136,2.0,123.92,2
2024-06-25,17400,1.0,83.8,1
2024-06-25,17501,1.0,53.75,1
2024-06-25,17504,1.0,52.84,1
2024-06-25,26001,1.0,4.1,1
2024-06-25,26101,1.0,4.56,1
2024-06-25,7715,1.0,46.47,1
2024-06-25,8202,1.0,27.03,1
2024-06-25,8205,1.0,27.03,1
2024-06-25,8217,1.0,20.34,1
2024-06-25,9302,2.0,59.52,1
2024-06-26,12136,2.0,123.92,2
2024-06-26,15034,1.0,70.15,1
2024-06-26,17222,1.0,67.79,1
2024-06-26,17504,2.0,105.68,1
2024-06-26,17507,2.0,100.22,1
2024-06-26,18121,1.0,57.7,1
2024-06-26,4616,1.0,28.85,1
2024-06-26,4620,1.0,16.7,1
2024-06-26,8202,1.0,27.03,1
2024-06-26,8203,2.0,54.05,1
2024-06-27,17507,2.0,100.22,1
2024-06-27,17704,1.0,74.1,1
2024-06-27,26007,2.0,8.2,1
2024-06-27,26124,1.0,4.56,1
2024-06-28,12130,1.0,61.96,1
2024-06-28,15026,1.0,67.42,1
2024-06-28,15032,1.0,73.8,1
2024-06-28,17143,1.0,78.96,1
2024-06-28,17222,1.0,67.79,1
2024-06-28,17322,1.0,69.42,1
2024-06-28,17323,1.0,72.28,1
2024-06-28,17400,1.0,83.8,1
2024-06-28,17504,1.0,52.84,1
2024-06-28,6307,2.0,107.5,1
2024-07-01,12100,1.0,19.43,1
2024-07-01,17222,3.0,203.35,1
2024-07-01,17322,1.0,69.42,1
2024-07-01,17400,1.0,83.8,1
2024-07-01,17507,1.0,50.11,1
2024-07-01,17700,1.0,72.88,1
2024-07-01,4620,3.0,50.11,1
2024-07-02,12130,3.0,185.88,3
2024-07-02,12136,3.0,185.86,2
2024-07-02,15026,1.0,67.42,1
2024-07-02,17222,2.0,135.58,2
2024-07-02,17507,2.0,100.22,2
2024-07-02,18121,1.0,57.7,1
2024-07-02,8203,1.0,27.03,1
2024-07-02,8205,1.0,27.03,1
2024-07-03,12132,1.0,61.96,1
2024-07-03,12134,2.0,123.92,2
2024-07-03,12136,1.0,61.96,1
2024-07-03,15030,2.0,145.76,2
2024-07-03,17222,1.0,67.79,1
2024-07-03,17323,1.0,72.28,1
2024-07-03,17400,2.0,167.6,2
2024-07-03,17508,1.0,52.84,1
2024-07-03,17700,1.0,72.88,1
2024-07-03,18101,2.0,156.71,1
2024-07-03,26001,6.0,24.6,1
2024-07-03,26101,6.0,27.34,1
2024-07-03,8217,3.0,61.04,1
2024-07-03,8222,2.0,99.61,1
2024-07-04,4500,2.0,69.24,1
2024-07-05,12134,1.0,61.96,1
2024-07-05,12136,1.0,61.96,1
2024-07-05,17114,1.0,70.46,1
2024-07-05,17222,1.0,67.79,1
2024-07-05,17322,1.0,69.42,1
2024-07-05,17323,1.0,72.28,1
2024-07-05,17504,2.0,105.68,2
2024-07-05,17507,1.0,50.11,1
2024-07-05,4620,3.0,50.11,1
2024-07-05,8202,1.0,27.03,1
2024-07-05,8205,1.0,27.03,1
2024-07-05,8222,1.0,49.81,1
2024-07-08,17322,1.0,69.42,1
2024-07-08,17400,1.0,83.8,1
2024-07-08,17700,1.0,72.88,1
2024-07-08,44071,2.0,54.66,1
2024-07-08,44072,2.0,87.46,1
2024-07-08,4620,6.0,100.22,1
2024-07-08,8205,1.0,27.03,1
2024-07-09,17507,1.0,50.11,1
2024-07-09,4620,2.0,33.41,1
2024-07-09,8202,1.0,27.03,1
2024-07-09,8203,2.0,54.06,2
2024-07-09,8205,2.0,54.06,2
2024-07-10,12136,1.0,61.96,1
2024-07-10,17222,1.0,67.79,1
2024-07-10,17322,1.0,69.42,1
2024-07-10,17400,1.0,83.8,1
2024-07-10,17504,1.0,52.84,1
2024-07-10,26001,3.0,12.3,1
2024-07-10,26009,4.0,16.4,2
2024-07-10,2721,1.0,41.3,1
2024-07-10,45225,1.0,52.24,1
2024-07-10,4614,1.0,21.11,1
2024-07-10,8205,1.0,27.03,1
2024-07-11,12134,1.0,61.96,1
2024-07-11,15026,2.0,134.84,1
2024-07-11,17400,2.0,167.6,2
2024-07-11,17501,1.0,53.75,1
2024-07-11,17507,3.0,150.32999999999998,2
2024-07-11,17508,1.0,52.84,1
2024-07-11,17704,1.0,74.1,1
2024-07-11,18101,1.0,78.35,1
2024-07-11,26001,2.0,8.2,1
2024-07-11,26004,2.0,8.2,1
2024-07-11,26101,2.0,9.12,1
2024-07-11,44022,2.0,165.81,1
2024-07-11,44071,2.0,54.66,1
2024-07-11,44072,2.0,87.46,1
2024-07-11,45203,2.0,74.1,1
2024-07-11,4620,3.0,50.11,2
2024-07-11,9302,1.0,29.76,1
2024-07-15,12130,6.0,371.72,4
2024-07-15,12134,3.0,185.86,2
2024-07-15,12136,3.0,185.88,3
2024-07-15,14218,1.0,56.94,1
2024-07-15,15026,1.0,67.42,1
2024-07-15,15032,2.0,147.59,1
2024-07-15,15034,2.0,140.31,1
2024-07-15,17114,2.0,140.91,1
2024-07-15,17222,2.0,135.57,1
2024-07-15,17322,5.0,347.12,3
2024-07-15,17400,2.0,167.6,1
2024-07-15,17501,1.0,53.75,1
2024-07-15,17504,5.0,264.21000000000004,2
2024-07-15,17507,5.0,250.55,2
2024-07-15,17700,1.0,72.88,1
2024-07-15,18101,2.0,156.7,2
2024-07-15,26007,1.0,4.1,1
2024-07-15,26009,3.0,12.3,1
2024-07-15,2621,2.0,104.77,1
2024-07-15,2721,1.0,41.3,1
2024-07-15,44071,1.0,27.34,1
2024-07-15,44072,1.0,43.73,1
2024-07-15,4616,6.0,173.11,2
2024-07-15,4620,2.0,33.41,1
2024-07-15,8202,1.0,27.03,1
2024-07-15,8203,5.0,135.15,2
2024-07-15,8205,5.0,135.15,3
2024-07-15,8210,3.0,82.91,2
2024-07-15,8212,2.0,40.7,1
2024-07-15,8215,2.0,40.7,1
2024-07-15,8216,2.0,40.7,1
2024-07-15,8217,1.0,20.34,1
2024-07-16,12100,1.0,19.43,1
2024-07-16,12130,1.0,61.96,1
2024-07-16,12132,1.0,61.96,1
2024-07-16,12134,1.0,61.96,1
2024-07-16,12136,3.0,185.88,3
2024-07-16,17114,1.0,70.46,1
2024-07-16,17222,3.0,203.37,3
2024-07-16,17322,4.0,277.68,4
2024-07-16,17400,2.0,167.6,2
2024-07-16,17504,2.0,105.68,2
2024-07-16,17507,3.0,150.32999999999998,3
2024-07-16,20002,5.0,192.84,2
2024-07-16,26006,1.0,4.1,1
2024-07-16,44022,1.0,82.91,1
2024-07-16,4616,4.0,115.4,2
2024-07-16,4620,3.0,50.11,2
2024-07-16,8203,1.0,27.03,1
2024-07-16,8222,1.0,49.81,1
2024-07-17,12134,1.0,61.96,1
2024-07-17,20002,1.0,38.57,1
2024-07-17,44022,1.0,82.91,1
2024-07-17,4616,1.0,28.85,1
2024-07-18,12125,1.0,29.76,1
2024-07-18,12134,1.0,61.96,1
2024-07-18,12136,1.0,61.96,1
2024-07-18,13014,1.0,32.8,1
2024-07-18,17322,1.0,69.42,1
2024-07-18,20002,1.0,38.57,1
2024-07-18,44071,1.0,27.34,1
2024-07-18,4502,1.0,46.47,1
2024-07-18,8210,3.0,82.91,1
2024-07-18,8216,1.0,20.34,1
2024-07-19,10755,0.5,27.33,1
2024-07-19,10757,0.5,27.33,1
2024-07-19,15026,1.0,67.42,1
2024-07-19,17504,1.0,52.84,1
2024-07-19,4616,2.0,57.7,1
2024-07-19,7162,1.0,40.4,1
2024-07-19,8205,1.0,27.03,1
2024-07-19,8216,1.0,20.34,1
2024-07-19,9302,1.0,29.76,1
2024-07-22,12130,2.0,123.92,2
2024-07-22,12132,1.0,61.96,1
2024-07-22,12136,1.0,61.96,1
2024-07-22,15026,1.0,67.42,1
2024-07-22,17114,1.0,70.46,1
2024-07-22,17322,1.0,69.42,1
2024-07-22,17400,1.0,83.8,1
2024-07-22,17504,1.0,52.84,1
2024-07-22,17507,2.0,100.22,2
2024-07-22,17704,1.0,74.1,1
2024-07-22,26107,3.0,1.82,1
2024-07-22,2621,1.0,52.39,1
2024-07-22,4616,2.0,57.7,1
2024-07-22,4620,2.0,33.41,1
2024-07-22,6153,1.0,38.27,1
2024-07-22,8143,3.0,82.91,2
2024-07-22,8202,1.0,27.03,1
2024-07-22,8215,2.0,40.68,2
2024-07-22,8216,1.0,20.34,1
2024-07-23,12130,2.0,123.92,2
2024-07-23,12134,1.0,61.96,1
2024-07-23,12136,3.0,185.88,3
2024-07-23,17222,1.0,67.79,1
2024-07-23,17322,2.0,138.84,2
2024-07-23,17400,1.0,83.8,1
2024-07-23,17501,1.0,53.75,1
2024-07-23,17504,2.0,105.68,2
2024-07-23,17507,1.0,50.11,1
2024-07-23,26009,4.0,16.4,1
2024-07-23,26123,4.0,18.22,1
2024-07-23,2621,1.0,52.39,1
2024-07-23,45207,2.0,79.57,1
2024-07-23,4616,2.0,57.7,1
2024-07-23,8222,2.0,99.62,2
2024-07-24,12130,1.0,61.96,1
2024-07-24,15026,1.0,67.42,1
2024-07-24,15030,1.0,72.88,1
2024-07-24,17504,3.0,158.52,2
2024-07-24,17507,3.0,150.32999999999998,2
2024-07-24,4500,1.0,34.62,1
2024-07-24,4620,2.0,33.41,1
2024-07-24,8216,2.0,40.7,1
2024-07-26,17222,1.0,67.79,1
2024-07-26,17507,1.0,50.11,1
2024-07-29,12100,1.0,19.43,1
2024-07-29,13016,1.0,32.8,1
2024-07-29,15032,2.0,147.6,2
2024-07-29,15034,2.0,140.3,2
2024-07-29,17114,1.0,70.46,1
2024-07-29,17222,1.0,67.79,1
2024-07-29,17322,2.0,138.84,2
2024-07-29,17400,1.0,83.8,1
2024-07-29,17501,2.0,107.5,2
2024-07-29,17504,1.0,52.84,1
2024-07-29,17507,3.0,150.32999999999998,2
2024-07-29,17700,1.0,72.88,1
2024-07-29,18101,1.0,78.35,1
2024-07-29,20002,1.0,38.57,1
2024-07-29,26001,1.0,4.1,1
2024-07-29,26006,3.0,12.3,1
2024-07-29,26009,2.0,8.2,1
2024-07-29,26101,5.0,22.78,1
2024-07-29,26107,3.0,1.82,1
2024-07-29,26121,3.0,13.66,1
2024-07-29,2721,1.0,41.3,1
2024-07-29,44022,2.0,165.82,2
2024-07-29,4616,2.0,57.7,1
2024-07-29,4620,4.0,66.81,1
2024-07-29,6153,1.0,38.27,1
2024-07-29,8029,1.0,48.28,1
2024-07-29,8212,2.0,40.7,1
2024-07-29,8213,2.0,40.7,1
2024-07-29,8215,3.0,61.040000000000006,2
2024-07-29,8216,2.0,40.7,1
2024-07-29,8217,4.0,81.4,2
2024-07-30,12130,2.0,123.92,2
2024-07-30,12136,2.0,123.92,2
2024-07-30,15034,1.0,70.15,1
2024-07-30,17322,2.0,138.84,2
2024-07-30,17400,2.0,167.6,2
2024-07-30,17507,1.0,50.11,1
2024-07-30,44022,1.0,82.91,1
2024-07-30,44071,1.0,27.34,1
2024-07-30,44072,1.0,43.73,1
2024-07-30,4620,1.0,16.7,1
2024-07-30,7152,1.0,119.96,1
2024-07-31,17700,1.0,72.88,1
2024-07-31,44022,1.0,82.91,1
2024-07-31,8212,1.0,20.34,1
2024-07-31,8215,1.0,20.34,1
2024-07-31,8222,1.0,49.81,1
2024-08-06,12130,2.0,123.92,2
2024-08-06,12136,1.0,61.96,1
2024-08-06,13016,2.0,65.6,1
2024-08-06,15032,1.0,73.8,1
2024-08-06,17322,1.0,69.42,1
2024-08-06,17400,4.0,335.2,4
2024-08-06,17504,1.0,52.84,1
2024-08-06,18101,1.0,78.35,1
2024-08-06,18121,1.0,57.7,1
2024-08-06,26006,1.0,4.1,1
2024-08-06,26009,2.0,8.2,1
2024-08-06,26101,2.0,9.12,1
2024-08-06,44022,1.0,82.91,1
2024-08-06,4616,5.0,144.25,2
2024-08-06,4620,3.0,50.11,2
2024-08-06,4706,1.0,38.57,1
2024-08-06,8212,1.0,20.34,1
2024-08-06,8213,1.0,20.34,1
2024-08-06,8215,1.0,20.34,1
2024-08-06,8216,1.0,20.34,1
2024-08-06,8217,2.0,40.68,2
2024-08-07,12100,1.0,19.43,1
2024-08-07,12136,1.0,61.96,1
2024-08-07,17222,1.0,67.79,1
2024-08-07,17322,1.0,69.42,1
2024-08-07,17400,1.0,83.8,1
2024-08-07,17504,3.0,158.52,2
2024-08-07,17507,1.0,50.11,1
2024-08-07,18101,1.0,78.35,1
2024-08-07,44056,1.0,48.28,1
2024-08-07,4500,1.0,34.62,1
2024-08-07,4616,1.0,28.85,1
2024-08-07,8202,1.0,27.03,1
2024-08-07,8205,1.0,27.03,1
2024-08-07,8212,1.0,20.34,1
2024-08-07,8215,1.0,20.34,1
2024-08-08,10757,1.0,54.66,1
2024-08-08,17507,1.0,50.11,1
2024-08-08,18121,1.0,57.7,1
2024-08-08,4616,3.0,86.55,1
2024-08-08,4620,2.0,33.4,2
2024-08-08,8210,5.0,138.18,1
2024-08-08,8215,3.0,61.040000000000006,2
2024-08-09,12136,1.0,61.96,1
2024-08-09,14218,1.0,56.94,1
2024-08-09,15034,1.0,70.15,1
2024-08-09,17222,3.0,203.35,1
2024-08-09,17322,1.0,69.42,1
2024-08-09,17504,1.0,52.84,1
2024-08-09,17507,1.0,50.11,1
2024-08-09,18101,1.0,78.35,1
2024-08-09,4502,1.0,46.47,1
2024-08-09,4620,4.0,66.81,2
2024-08-09,8222,1.0,49.81,1
2024-08-12,12100,1.0,19.43,1
2024-08-12,14218,1.0,56.94,1
2024-08-12,15032,1.0,73.8,1
2024-08-12,15034,1.0,70.15,1
2024-08-12,17143,1.0,78.96,1
2024-08-12,17504,2.0,105.68,1
2024-08-12,4616,3.0,86.55,1
2024-08-12,8222,1.0,49.81,1
2024-08-13,12100,1.0,19.43,1
2024-08-13,12125,1.0,29.76,1
2024-08-13,12130,2.0,123.92,2
2024-08-13,12136,1.0,61.96,1
2024-08-13,15032,3.0,221.39999999999998,3
2024-08-13,15034,2.0,140.31,1
2024-08-13,17114,1.0,70.46,1
2024-08-13,17143,1.0,78.96,1
2024-08-13,17400,2.0,167.6,2
2024-08-13,17504,2.0,105.68,2
2024-08-13,17507,1.0,50.11,1
2024-08-13,44071,1.0,27.34,1
2024-08-13,44072,1.0,43.73,1
2024-08-13,4616,2.0,57.7,1
2024-08-13,8215,1.0,20.34,1
2024-08-14,12130,1.0,61.96,1
2024-08-14,12132,1.0,61.96,1
2024-08-14,12134,1.0,61.96,1
2024-08-14,12136,2.0,123.92,2
2024-08-14,15034,1.0,70.15,1
2024-08-14,17222,1.0,67.79,1
2024-08-14,17322,1.0,69.42,1
2024-08-14,17400,1.0,83.8,1
2024-08-14,17501,1.0,53.75,1
2024-08-14,17504,1.0,52.84,1
2024-08-14,17507,1.0,50.11,1
2024-08-14,17508,1.0,52.84,1
2024-08-14,17700,3.0,218.64,3
2024-08-14,17704,2.0,148.2,2
2024-08-14,18101,1.0,78.35,1
2024-08-14,20002,1.0,38.57,1
2024-08-14,26121,1.0,4.56,1
2024-08-14,44022,2.0,165.82,2
2024-08-14,4502,1.0,46.47,1
2024-08-14,4616,3.0,86.55,1
2024-08-14,4620,1.0,16.7,1
2024-08-14,7715,1.0,46.47,1
2024-08-14,8212,2.0,40.7,1
2024-08-16,12130,3.0,185.88,3
2024-08-16,12134,1.0,61.96,1
2024-08-16,12136,3.0,185.88,3
2024-08-16,17222,2.0,135.58,2
2024-08-16,17400,2.0,167.6,2
2024-08-16,17501,2.0,107.5,2
2024-08-16,17504,1.0,52.84,1
2024-08-16,17507,3.0,150.32999999999998,3
2024-08-16,17508,1.0,52.84,1
2024-08-16,44022,2.0,165.82,2
2024-08-16,44072,2.0,87.46,1
2024-08-16,4500,2.0,69.24,1
2024-08-16,4616,1.0,28.85,1
2024-08-16,4620,1.0,16.7,1
2024-08-19,12130,2.0,123.92,2
2024-08-19,12134,2.0,123.92,2
2024-08-19,12136,3.0,185.86,2
2024-08-19,15030,1.0,72.88,1
2024-08-19,15032,1.0,73.8,1
2024-08-19,15034,1.0,70.15,1
2024-08-19,17222,1.0,67.79,1
2024-08-19,17322,1.0,69.42,1
2024-08-19,17400,2.0,167.6,2
2024-08-19,17501,2.0,107.5,1
2024-08-19,17504,3.0,158.52,3
2024-08-19,17507,5.0,250.55,3
2024-08-19,17700,1.0,72.88,1
2024-08-19,18101,1.0,78.35,1
2024-08-19,26001,6.0,24.6,1
2024-08-19,26101,6.0,27.34,1
2024-08-19,26104,4.0,26.73,1
2024-08-19,44072,2.0,87.46,2
2024-08-19,4502,2.0,92.93,1
2024-08-19,45203,2.0,74.1,2
2024-08-19,4616,6.0,173.11,1
2024-08-19,4620,12.0,200.44,3
2024-08-19,8202,2.0,54.05,1
2024-08-19,8205,2.0,54.05,1
2024-08-19,8212,3.0,61.040000000000006,2
2024-08-19,8213,3.0,61.040000000000006,2
2024-08-19,8215,3.0,61.040000000000006,2
2024-08-19,8216,4.0,81.38,3
2024-08-19,8217,1.0,20.34,1
2024-08-19,8222,2.0,99.61,1
2024-08-20,12130,4.0,229.23000000000002,2
2024-08-20,12134,4.0,229.23000000000002,2
2024-08-20,12136,5.0,291.19,3
2024-08-20,15026,2.0,121.35,1
2024-08-20,15030,3.0,204.07,2
2024-08-20,15032,3.0,206.63,2
2024-08-20,15034,3.0,196.42000000000002,2
2024-08-20,17114,3.0,190.23,1
2024-08-20,17222,6.0,372.82,2
2024-08-20,17322,5.0,312.41,1
2024-08-20,17400,5.0,377.1,1
2024-08-20,17501,2.0,107.5,2
2024-08-20,17504,4.0,195.51,2
2024-08-20,17507,8.0,375.83,4
2024-08-20,17508,3.0,142.67,1
2024-08-20,17700,3.0,196.8,1
2024-08-20,17704,3.0,200.07,1
2024-08-20,18101,3.0,211.55,1
2024-08-20,18121,7.0,375.05999999999995,2
2024-08-20,26006,5.0,20.5,2
2024-08-20,26009,2.0,8.2,1
2024-08-20,26107,10.0,6.07,1
2024-08-20,26123,3.0,13.66,1
2024-08-20,2621,3.0,141.44,1
2024-08-20,2721,3.0,111.51,1
2024-08-20,44022,5.0,389.66999999999996,3
2024-08-20,44071,1.0,27.34,1
2024-08-20,44072,1.0,43.73,1
2024-08-20,4616,10.0,259.65,1
2024-08-20,4700,2.0,79.81,1
2024-08-20,4703,3.0,152.51,1
2024-08-20,4708,6.0,122.99,1
2024-08-20,8166,5.0,65.6,1
2024-08-20,8168,2.0,26.24,1
2024-08-20,8169,2.0,26.24,1
2024-08-20,8170,2.0,31.71,1
2024-08-20,8202,1.0,24.33,1
2024-08-20,8210,1.0,27.64,1
2024-08-20,8212,2.0,38.65,2
2024-08-20,8213,5.0,91.57,1
2024-08-20,8215,4.0,77.33000000000001,2
2024-08-20,8216,4.0,77.31,3
2024-08-20,8217,1.0,20.34,1
2024-08-20,8222,3.0,139.46,2
2024-08-21,15032,1.0,73.8,1
2024-08-21,15034,1.0,70.15,1
2024-08-21,17222,1.0,67.79,1
2024-08-21,17322,2.0,138.85,1
2024-08-21,44022,1.0,82.91,1
2024-08-21,4620,1.0,15.04,1
2024-08-21,4700,2.0,79.81,1
2024-08-21,8169,2.0,26.24,1
2024-08-21,8170,3.0,47.56,1
2024-08-21,8215,2.0,36.63,1
2024-08-21,8216,2.0,36.63,1
2024-08-22,12136,1.0,61.96,1
2024-08-22,15032,1.0,73.8,1
2024-08-22,15034,2.0,133.29000000000002,2
2024-08-22,17322,1.0,62.48,1
2024-08-22,17400,1.0,75.42,1
2024-08-22,17504,1.0,47.56,1
2024-08-22,17507,2.0,90.19,1
2024-08-22,17700,1.0,72.88,1
2024-08-22,18101,1.0,70.51,1
2024-08-22,18121,2.0,115.4,2
2024-08-22,44022,3.0,232.14,2
2024-08-22,4502,1.0,41.81,1
2024-08-22,4614,2.0,42.21,1
2024-08-22,4620,3.0,45.1,1
2024-08-22,8210,3.0,82.91,2
2024-08-23,12136,1.0,61.96,1
2024-08-23,15034,1.0,70.15,1
2024-08-23,17400,2.0,167.6,2
2024-08-23,17504,2.0,105.68,1
2024-08-23,17704,1.0,74.1,1
2024-08-23,44072,1.0,43.73,1
2024-08-23,8215,3.0,61.04,1
2024-08-23,8222,1.0,49.81,1
2024-08-25,12130,2.0,111.51,1
2024-08-25,12134,2.0,111.51,1
2024-08-25,12136,6.0,334.55,1
2024-08-25,15026,2.0,121.35,1
2024-08-25,15030,2.0,131.19,1
2024-08-25,15032,2.0,132.83,1
2024-08-25,15034,2.0,126.27,1
2024-08-25,17114,1.0,63.41,1
2024-08-25,17222,4.0,244.02,1
2024-08-25,17400,2.0,150.84,1
2024-08-25,17501,4.0,193.51,1
2024-08-25,17504,5.0,237.79,1
2024-08-25,17507,6.0,270.59,1
2024-08-25,17508,5.0,237.79,1
2024-08-25,17700,2.0,131.19,1
2024-08-25,17704,2.0,133.38,1
2024-08-25,18101,2.0,141.04,1
2024-08-25,18121,5.0,259.65,1
2024-08-25,2621,2.0,94.3,1
2024-08-25,2721,2.0,74.35,1
2024-08-25,44022,5.0,373.09,1
2024-08-25,4616,7.0,181.76,1
2024-08-25,4700,5.0,199.52,1
2024-08-25,4703,2.0,101.67,1
2024-08-25,4706,2.0,69.42,1
2024-08-25,8168,1.0,13.12,1
2024-08-25,8170,1.0,15.85,1
2024-08-25,8210,2.0,55.27,1
2024-08-25,8212,4.0,73.25,1
2024-08-25,8213,6.0,109.88,1
2024-08-25,8215,7.0,128.19,1
2024-08-25,8216,3.0,54.94,1
2024-08-25,8222,4.0,179.3,1
2024-08-27,15034,1.0,70.15,1
2024-08-27,17322,1.0,69.42,1
2024-08-27,17507,1.0,50.11,1
2024-08-27,18121,1.0,57.7,1
2024-08-27,44022,1.0,82.91,1
2024-08-27,6153,1.0,38.27,1
2024-08-27,7162,1.0,40.4,1
2024-08-27,8215,3.0,61.040000000000006,2
2024-08-27,8216,2.0,40.68,2
2024-08-28,17501,1.0,53.75,1
2024-08-28,17504,1.0,52.84,1
2024-08-28,17507,1.0,50.11,1
2024-08-28,20002,1.0,38.57,1
2024-08-28,44022,1.0,82.91,1
2024-08-28,44072,7.0,306.10999999999996,3
2024-08-28,8210,2.0,55.27,1
2024-08-29,12134,1.0,61.96,1
2024-08-29,15026,0.66,44.5,1
2024-08-29,15032,0.33,24.35,1
2024-08-29,15034,0.33,23.15,1
2024-08-29,17114,0.25,17.61,1
2024-08-29,17143,0.25,19.74,1
2024-08-29,17322,0.5,34.71,1
2024-08-29,17400,1.5,125.69999999999999,2
2024-08-29,17508,0.5,26.43,1
2024-08-29,17700,0.5,36.44,1
2024-08-29,17704,0.5,37.05,1
2024-08-29,18101,1.0,78.35,1
2024-08-29,45003,1.0,44.64,1
2024-08-29,4502,1.0,46.47,1
2024-08-29,4614,2.0,42.21,1
2024-08-29,4620,1.0,16.7,1
2024-08-29,8169,2.0,26.24,1
2024-08-29,8210,3.0,82.91,1
2024-08-29,8212,1.0,20.34,1
2024-08-29,8213,3.0,61.040000000000006,2
2024-08-29,8215,1.0,20.34,1
2024-08-29,8216,1.0,20.34,1
2024-08-29,8217,1.0,20.34,1
2024-08-29,8222,1.0,49.81,1
2024-08-30,12134,1.0,61.96,1
2024-08-30,12136,2.0,123.92,2
2024-08-30,17322,1.0,69.42,1
2024-08-30,17400,1.0,83.8,1
2024-08-30,17504,1.0,52.84,1
2024-08-30,17507,1.0,50.11,1
2024-08-30,17521,2.0,51.02,1
2024-08-30,18101,1.0,78.35,1
2024-08-30,20002,1.0,38.57,1
2024-08-30,2721,1.0,41.3,1
2024-08-30,44072,1.0,43.73,1
2024-08-30,4706,1.0,38.57,1
2024-08-30,8213,1.0,20.34,1
2024-08-30,8215,2.0,40.68,2
2024-08-30,8217,1.0,20.34,1
2024-08-30,8222,1.0,49.81,1
2024-09-02,10752,1.0,43.0,1
2024-09-02,10757,1.0,54.66,1
2024-09-02,13014,2.0,65.6,2
2024-09-02,17143,2.0,157.92,2
2024-09-02,17222,1.0,67.79,1
2024-09-02,17504,3.0,158.52,3
2024-09-02,17507,2.0,100.22,2
2024-09-02,17704,1.0,74.1,1
2024-09-02,20002,1.0,38.57,1
2024-09-02,26101,1.0,4.56,1
2024-09-02,26104,2.0,13.36,1
2024-09-02,44022,1.0,82.91,1
2024-09-02,44072,1.0,43.73,1
2024-09-02,7162,1.0,40.4,1
2024-09-02,8210,1.0,27.64,1
2024-09-02,8212,1.0,20.34,1
2024-09-02,8213,1.0,20.34,1
2024-09-02,8215,4.0,81.38,3
2024-09-02,8216,2.0,40.68,2
2024-09-02,8217,1.0,20.34,1
2024-09-02,8222,1.0,49.81,1
2024-09-03,12136,2.0,123.9,1
2024-09-03,14218,1.0,56.94,1
2024-09-03,15026,2.0,134.84,2
2024-09-03,15030,2.0,145.77,1
2024-09-03,15034,2.0,140.3,2
2024-09-03,17114,2.0,140.91,1
2024-09-03,17400,1.0,83.8,1
2024-09-03,17501,1.0,53.75,1
2024-09-03,17504,3.0,158.52,2
2024-09-03,18121,1.0,57.7,1
2024-09-03,20002,1.0,38.57,1
2024-09-03,26006,2.0,8.2,1
2024-09-03,26101,2.0,9.12,1
2024-09-03,44022,1.0,82.91,1
2024-09-03,44072,4.0,174.92,2
2024-09-03,4706,2.0,77.14,1
2024-09-03,8210,1.0,27.64,1
2024-09-03,8215,2.0,40.7,1
2024-09-03,8216,1.0,20.34,1
2024-09-03,8222,1.0,49.81,1
2024-09-04,12136,1.0,61.96,1
2024-09-04,18121,1.0,57.7,1
2024-09-05,12121,2.0,59.52,1
2024-09-05,12136,2.0,123.9,1
2024-09-05,17322,1.0,69.42,1
2024-09-05,17400,2.0,167.6,2
2024-09-05,17504,2.0,105.68,1
2024-09-05,17704,1.0,74.1,1
2024-09-05,44022,1.0,82.91,1
2024-09-05,45203,3.0,111.15,1
2024-09-06,12130,1.0,61.96,1
2024-09-06,12136,2.0,123.92,2
2024-09-06,14218,1.0,56.94,1
2024-09-06,17322,1.0,69.42,1
2024-09-06,17400,1.0,83.8,1
2024-09-06,17504,2.0,105.68,2
2024-09-06,17507,2.0,100.22,2
2024-09-06,17700,2.0,145.76,2
2024-09-06,20002,4.0,154.28,2
2024-09-06,26001,4.0,16.4,1
2024-09-06,26006,2.0,8.2,1
2024-09-06,26009,2.0,8.2,1
2024-09-06,26100,2.0,13.36,1
2024-09-06,26101,4.0,18.22,1
2024-09-06,26104,2.0,13.36,1
2024-09-06,26121,2.0,9.12,1
2024-09-06,26123,2.0,9.12,1
2024-09-06,44033,1.0,64.99,1
2024-09-06,44072,1.0,43.73,1
2024-09-06,45225,1.0,52.24,1
2024-09-06,6153,1.0,38.27,1
2024-09-06,8212,2.0,40.7,1
2024-09-09,12134,1.0,61.96,1
2024-09-09,17507,1.0,50.11,1
2024-09-09,18101,1.0,78.35,1
2024-09-10,12130,1.0,61.96,1
2024-09-10,12134,1.0,61.96,1
2024-09-10,12136,1.0,61.96,1
2024-09-10,17400,1.0,83.8,1
2024-09-10,17504,1.0,52.84,1
2024-09-10,17507,1.0,50.11,1
2024-09-10,26101,2.0,9.12,1
2024-09-10,4700,1.0,44.34,1
2024-09-10,8213,1.0,20.34,1
2024-09-10,8215,3.0,61.019999999999996,3
2024-09-11,12130,2.0,123.92,2
2024-09-11,12134,1.0,61.96,1
2024-09-11,12136,1.0,61.96,1
2024-09-11,15026,1.0,67.42,1
2024-09-11,17322,1.0,69.42,1
2024-09-11,17507,2.0,100.22,2
2024-09-11,17704,2.0,148.2,2
2024-09-11,18101,1.0,78.35,1
2024-09-11,44072,1.0,43.73,1
2024-09-11,8210,1.0,27.64,1
2024-09-11,8215,1.0,20.34,1
2024-09-12,12136,1.0,61.96,1
2024-09-12,15030,2.0,145.76,1
2024-09-12,44022,1.0,82.91,1
2024-09-12,8210,4.0,110.54,1
2024-09-12,8212,1.0,20.34,1
2024-09-12,8216,1.0,20.34,1
2024-09-13,12100,1.0,19.43,1
2024-09-13,17400,2.0,167.6,2
2024-09-13,17504,1.0,52.84,1
2024-09-13,17508,1.0,52.84,1
2024-09-13,17704,1.0,74.1,1
2024-09-13,8222,1.0,49.81,1
2024-09-16,13014,2.0,62.31999999999999,2
2024-09-16,44052,1.0,46.16,1
2024-09-16,9302,1.0,26.79,1
2024-09-17,45225,1.0,52.24,1
2024-09-18,12125,1.0,29.76,1
2024-09-18,12130,1.0,61.96,1
2024-09-18,12136,1.0,61.96,1
2024-09-18,13014,1.0,32.8,1
2024-09-18,17501,2.0,107.5,1
2024-09-18,17521,1.0,25.51,1
2024-09-18,20002,5.0,192.84,2
2024-09-18,44052,1.0,46.16,1
2024-09-18,4502,2.0,92.93,1
2024-09-18,45203,3.0,111.15,1
2024-09-18,45225,2.0,104.47,1
2024-09-18,4614,1.0,21.11,1
2024-09-18,4620,1.0,16.7,1
2024-09-18,4706,1.0,38.57,1
2024-09-18,6153,1.0,38.27,1
2024-09-18,7160,1.0,40.4,1
2024-09-18,8210,2.0,55.27,1
2024-09-18,8212,1.0,20.34,1
2024-09-18,8213,1.0,20.34,1
2024-09-18,8215,1.0,20.34,1
2024-09-18,9302,1.0,29.76,1
2024-09-19,12134,1.0,61.96,1
2024-09-19,15032,1.0,73.8,1
2024-09-19,26001,4.0,16.4,1
2024-09-19,26004,6.0,24.6,1
2024-09-19,26005,2.0,8.2,1
2024-09-19,26006,3.0,12.3,1
2024-09-19,26008,2.0,8.2,1
2024-09-19,26009,2.0,8.2,1
2024-09-19,26101,2.0,9.12,1
2024-09-19,26121,2.0,9.12,1
2024-09-19,8210,2.0,55.27,1
2024-09-20,12130,1.0,61.96,1
2024-09-20,12134,1.0,61.96,1
2024-09-20,12136,1.0,61.96,1
2024-09-20,17322,1.0,69.42,1
2024-09-20,17400,2.0,167.6,2
2024-09-20,17507,1.0,50.11,1
2024-09-20,26001,1.0,4.1,1
2024-09-20,26101,1.0,4.56,1
2024-09-20,26104,1.0,6.68,1
2024-09-20,44022,1.0,82.91,1
2024-09-20,45203,2.0,74.1,1
2024-09-20,4620,2.0,33.41,1
2024-09-20,8212,2.0,40.7,1
2024-09-20,8213,3.0,61.040000000000006,2
2024-09-20,8215,1.0,20.34,1
2024-09-23,10757,1.0,54.66,1
2024-09-23,12130,1.0,61.96,1
2024-09-23,12134,3.0,185.88,3
2024-09-23,12136,1.0,61.96,1
2024-09-23,15030,1.0,72.88,1
2024-09-23,15032,1.0,73.8,1
2024-09-23,17323,1.0,72.28,1
2024-09-23,17507,1.0,50.11,1
2024-09-23,17700,1.0,72.88,1
2024-09-23,44022,1.0,82.91,1
2024-09-23,4502,1.0,46.47,1
2024-09-23,4614,2.0,42.21,1
2024-09-23,4700,1.0,44.34,1
2024-09-23,8210,1.0,27.64,1
2024-09-23,8212,2.0,40.68,2
2024-09-23,8213,2.0,40.68,2
2024-09-23,8215,1.0,20.34,1
2024-09-23,8216,1.0,20.34,1
2024-09-23,8222,1.0,49.81,1
2024-09-24,12130,3.0,185.86,1
2024-09-24,12136,3.0,185.86,1
2024-09-24,15026,1.0,67.42,1
2024-09-24,17507,1.0,50.11,1
2024-09-24,4620,1.0,15.04,1
2024-09-24,8050,1.0,14.21,1
2024-09-24,8217,1.0,20.34,1
2024-09-24,8222,1.0,49.81,1
2024-09-25,10755,1.0,54.66,1
2024-09-25,10757,1.0,54.66,1
2024-09-25,12130,1.0,61.96,1
2024-09-25,12134,1.0,61.96,1
2024-09-25,12136,3.0,179.66,2
2024-09-25,13016,1.0,29.52,1
2024-09-25,17114,1.0,63.41,1
2024-09-25,17322,2.0,131.9,2
2024-09-25,17400,1.0,75.42,1
2024-09-25,17501,1.0,48.38,1
2024-09-25,17504,2.0,100.4,2
2024-09-25,17505,3.0,66.05,1
2024-09-25,18101,1.0,78.35,1
2024-09-25,20002,1.0,34.71,1
2024-09-25,45005,3.0,140.31,1
2024-09-25,8212,2.0,38.65,2
2024-09-26,17400,1.0,83.8,1
2024-09-26,20002,1.0,38.57,1
2024-09-26,4703,1.0,56.49,1
2024-09-26,8203,1.0,27.03,1
2024-09-27,17400,1.0,83.8,1
2024-09-27,4500,1.0,31.16,1
2024-09-27,4502,1.0,41.81,1
2024-09-30,10752,1.0,43.0,1
2024-09-30,12100,4.0,77.74,1
2024-09-30,12130,1.0,61.96,1
2024-09-30,17501,1.0,53.75,1
2024-09-30,17700,1.0,72.88,1
2024-09-30,17704,1.0,74.1,1
2024-09-30,18101,2.0,156.7,2
2024-09-30,26001,2.0,8.2,1
2024-09-30,26009,2.0,8.2,1
2024-09-30,26101,2.0,9.12,1
2024-09-30,44022,1.0,82.91,1
2024-09-30,8202,1.0,27.03,1
2024-09-30,8203,1.0,27.03,1
2024-09-30,8205,1.0,27.03,1
2024-09-30,8210,1.0,27.64,1
2024-10-01,10752,1.0,43.0,1
2024-10-01,10757,2.0,109.32,2
2024-10-01,12130,1.0,61.96,1
2024-10-01,12136,1.0,61.96,1
2024-10-01,14218,1.0,56.94,1
2024-10-01,15026,1.0,67.42,1
2024-10-01,15030,1.0,72.88,1
2024-10-01,15032,1.0,73.8,1
2024-10-01,15034,1.0,70.15,1
2024-10-01,17114,1.0,70.46,1
2024-10-01,17143,1.0,78.96,1
2024-10-01,17322,3.0,208.26999999999998,2
2024-10-01,17400,2.0,167.6,2
2024-10-01,17507,1.0,50.11,1
2024-10-01,17700,1.0,72.88,1
2024-10-01,17704,1.0,74.1,1
2024-10-01,20002,4.0,154.27,1
2024-10-01,26009,2.0,8.2,1
2024-10-01,44022,3.0,248.72,2
2024-10-01,8213,1.0,20.34,1
2024-10-01,8215,1.0,20.34,1
2024-10-02,12130,1.0,61.96,1
2024-10-02,12134,1.0,61.96,1
2024-10-02,12136,1.0,61.96,1
2024-10-02,17322,1.0,69.42,1
2024-10-02,17504,1.0,52.84,1
2024-10-02,17507,1.0,50.11,1
2024-10-02,45203,1.0,37.05,1
2024-10-02,8212,1.0,20.34,1
2024-10-02,8213,1.0,20.34,1
2024-10-02,8215,1.0,20.34,1
2024-10-02,8216,1.0,20.34,1
2024-10-02,8217,1.0,20.34,1
2024-10-03,12121,2.0,59.52,1
2024-10-03,12130,3.0,185.86,2
2024-10-03,12134,2.0,123.92,2
2024-10-03,12136,2.0,123.92,2
2024-10-03,7162,1.0,40.4,1
2024-10-07,12130,1.0,61.96,1
2024-10-07,12136,3.0,185.88,3
2024-10-07,13016,1.0,32.8,1
2024-10-07,17114,2.0,133.87,2
2024-10-07,17322,2.0,138.84,2
2024-10-07,17400,2.0,167.6,2
2024-10-07,17504,1.0,52.84,1
2024-10-07,17507,2.0,100.22,2
2024-10-07,26101,4.0,18.22,1
2024-10-07,26104,1.0,6.68,1
2024-10-07,26121,1.0,4.56,1
2024-10-07,44022,1.0,82.91,1
2024-10-07,8210,2.0,55.27,1
2024-10-08,12136,1.0,61.96,1
2024-10-09,10757,1.0,54.66,1
2024-10-09,12100,2.0,38.88,1
2024-10-09,12130,1.0,55.76,1
2024-10-09,12134,1.0,55.76,1
2024-10-09,12136,2.0,111.52,2
2024-10-09,13016,1.0,29.52,1
2024-10-09,17322,2.0,131.9,2
2024-10-09,17400,1.0,83.8,1
2024-10-09,17501,1.0,48.38,1
2024-10-09,17507,1.0,45.1,1
2024-10-09,17704,2.0,140.79,2
2024-10-09,2721,3.0,111.51,1
2024-10-09,7161,1.0,40.4,1
2024-10-09,8029,1.0,43.46,1
2024-10-09,8203,2.0,48.66,1
2024-10-09,8215,2.0,36.63,1
2024-10-09,8216,2.0,36.63,1
2024-10-10,17400,3.0,226.26,1
2024-10-11,12134,1.0,61.96,1
2024-10-11,15032,1.0,73.8,1
2024-10-11,17322,1.0,69.42,1
2024-10-11,17504,1.0,52.84,1
2024-10-11,17507,1.0,50.11,1
2024-10-11,26101,2.0,9.12,1
2024-10-11,4700,1.0,44.34,1
2024-10-14,17114,1.0,70.46,1
2024-10-14,17222,1.0,67.79,1
2024-10-14,17400,1.0,83.8,1
2024-10-14,17501,1.0,53.75,1
2024-10-14,17507,1.0,50.11,1
2024-10-14,17700,1.0,72.88,1
2024-10-14,17704,1.0,74.1,1
2024-10-14,44022,1.0,82.91,1
2024-10-14,8210,1.0,27.64,1
2024-10-14,8213,1.0,20.34,1
2024-10-14,8215,1.0,20.34,1
2024-10-15,12134,1.0,61.96,1
2024-10-15,12136,2.0,123.92,2
2024-10-15,15034,2.0,140.3,2
2024-10-15,17400,2.0,167.6,1
2024-10-15,17704,1.0,74.1,1
2024-10-15,26009,4.0,16.4,1
2024-10-15,26123,4.0,18.22,1
2024-10-16,12136,1.0,61.96,1
2024-10-16,17114,1.0,63.41,1
2024-10-16,17322,1.0,62.48,1
2024-10-16,17400,1.0,75.42,1
2024-10-16,17507,1.0,45.1,1
2024-10-16,2621,1.0,47.15,1
2024-10-16,44022,1.0,82.91,1
2024-10-16,8215,1.0,20.34,1
2024-10-16,8216,1.0,20.34,1
2024-10-18,10757,1.0,54.66,1
2024-10-18,15026,2.0,107.88,2
2024-10-18,17501,1.0,43.0,1
2024-10-18,26100,4.0,26.72,1
2024-10-18,8210,4.0,110.54,2
2024-10-21,12130,1.0,61.96,1
2024-10-21,12136,2.0,123.92,2
2024-10-21,15026,1.0,53.94,1
2024-10-21,15032,1.0,73.8,1
2024-10-21,17322,1.0,69.42,1
2024-10-21,17400,1.0,83.8,1
2024-10-21,17507,2.0,100.22,2
2024-10-21,4700,1.0,44.34,1
2024-10-21,8212,2.0,40.7,1
2024-10-21,8215,5.0,101.73,1
2024-10-22,17114,1.0,70.46,1
2024-10-22,17400,1.0,83.8,1
2024-10-22,8050,1.0,15.8,1
2024-10-23,17322,1.0,69.42,1
2024-10-23,26141,2.0,9.12,1
2024-10-23,44022,1.0,82.91,1
2024-10-23,44033,1.0,64.99,1
2024-10-23,44072,1.0,43.73,1
2024-10-23,6153,1.0,38.27,1
2024-10-24,12100,1.0,19.43,1
2024-10-24,12130,1.0,61.96,1
2024-10-24,12134,2.0,123.92,2
2024-10-24,12136,3.0,185.88,3
2024-10-24,15026,1.0,53.94,1
2024-10-24,15032,2.0,140.22,2
2024-10-24,15034,2.0,133.29000000000002,2
2024-10-24,17322,3.0,208.26,3
2024-10-24,17400,2.0,167.6,2
2024-10-24,17504,1.0,52.84,1
2024-10-24,17507,3.0,150.32999999999998,3
2024-10-24,2721,1.0,41.3,1
2024-10-24,44022,1.0,82.91,1
2024-10-24,4703,1.0,56.49,1
2024-10-24,8213,1.0,20.34,1
2024-10-24,8215,2.0,40.68,2
2024-10-25,12130,1.0,61.96,1
2024-10-25,17400,2.0,167.6,2
2024-10-25,45207,1.0,39.79,1
2024-10-25,4700,1.0,44.34,1
2024-10-25,8210,3.0,82.91,1
2024-10-28,12130,1.0,61.96,1
2024-10-28,12134,1.0,61.96,1
2024-10-28,12136,1.0,61.96,1
2024-10-28,17114,1.0,70.46,1
2024-10-28,17501,3.0,129.01,2
2024-10-28,17504,2.0,105.68,2
2024-10-28,17507,1.0,50.11,1
2024-10-28,4502,1.0,41.81,1
2024-10-28,8029,1.0,48.28,1
2024-10-28,8050,1.0,15.8,1
2024-10-28,8210,1.0,27.64,1
2024-10-28,8212,2.0,40.7,1
2024-10-28,8213,2.0,40.7,1
2024-10-28,8215,1.0,20.34,1
2024-10-28,8222,1.0,49.81,1
2024-10-30,12100,2.0,38.88,1
2024-10-30,14218,1.0,56.94,1
2024-10-30,17704,1.0,74.1,1
2024-10-30,44052,1.0,46.16,1
2024-10-30,8215,2.0,40.7,1
2024-10-31,12130,1.0,61.96,1
2024-10-31,12134,1.0,61.96,1
2024-10-31,12136,1.0,61.96,1
2024-10-31,17322,2.0,138.84,2
2024-10-31,17400,2.0,167.6,2
2024-10-31,17704,1.0,74.1,1
2024-10-31,18121,1.0,57.7,1
2024-10-31,2721,1.0,33.04,1
2024-10-31,44072,1.0,43.73,1
2024-10-31,4502,1.0,46.47,1
2024-10-31,4703,1.0,56.49,1
2024-10-31,8210,3.0,82.91,1
2024-10-31,8212,1.0,20.34,1
2024-10-31,8213,2.0,40.7,1
2024-10-31,8215,3.0,61.019999999999996,3
2024-10-31,8217,2.0,40.7,1
2024-10-31,8222,1.0,49.81,1
2024-11-01,10757,1.0,54.66,1
2024-11-01,12136,3.0,173.47,2
2024-11-01,15026,1.0,47.19,1
2024-11-01,15030,1.0,51.02,1
2024-11-01,15034,1.0,70.15,1
2024-11-01,17322,2.0,131.9,2
2024-11-01,17400,1.0,75.42,1
2024-11-01,17501,1.0,37.63,1
2024-11-01,17507,2.0,95.21000000000001,2
2024-11-01,17508,1.0,52.84,1
2024-11-01,44022,2.0,157.53,2
2024-11-04,15034,2.0,140.3,2
2024-11-04,17114,1.0,63.41,1
2024-11-04,17501,3.0,123.63,3
2024-11-04,17507,3.0,145.32,3
2024-11-04,4700,1.0,44.34,1
2024-11-04,8202,1.0,27.03,1
2024-11-04,8210,1.0,27.64,1
2024-11-04,8212,1.0,20.34,1
2024-11-04,8213,2.0,40.68,2
2024-11-04,8216,1.0,20.34,1
2024-11-04,8222,1.0,49.81,1
2024-11-05,12130,1.0,61.96,1
2024-11-05,12134,1.0,61.96,1
2024-11-05,12136,1.0,61.96,1
2024-11-05,17322,2.0,138.84,2
2024-11-05,17400,1.0,83.8,1
2024-11-05,17501,2.0,86.01,1
2024-11-05,17504,2.0,105.68,1
2024-11-05,17507,3.0,150.32999999999998,2
2024-11-05,17704,1.0,74.1,1
2024-11-05,18101,1.0,78.35,1
2024-11-05,44022,2.0,165.82,2
2024-11-05,8210,2.0,55.27,1
2024-11-05,8212,1.0,20.34,1
2024-11-05,8213,2.0,40.68,2
2024-11-05,8215,1.0,20.34,1
2024-11-05,8216,1.0,20.34,1
2024-11-05,8217,2.0,40.68,2
2024-11-06,12130,1.0,61.96,1
2024-11-06,13014,2.0,65.6,1
2024-11-06,13016,1.0,32.8,1
2024-11-06,14218,1.0,56.94,1
2024-11-06,15034,1.0,70.15,1
2024-11-06,17322,2.0,138.84,2
2024-11-06,17400,1.0,83.8,1
2024-11-06,17507,1.0,50.11,1
2024-11-06,18101,1.0,78.35,1
2024-11-06,2621,2.0,104.77,1
2024-11-06,45207,2.0,79.57,1
2024-11-06,8210,1.0,27.64,1
2024-11-07,17322,1.0,69.42,1
2024-11-07,17400,1.0,83.8,1
2024-11-07,44056,1.0,48.28,1
2024-11-07,4500,1.0,34.62,1
2024-11-07,8203,1.0,27.03,1
2024-11-07,8215,3.0,61.04,1
2024-11-07,8216,1.0,20.34,1
2024-11-08,15034,1.0,70.15,1
2024-11-08,4500,2.0,69.24,1
2024-11-08,8215,3.0,61.040000000000006,2
2024-11-11,17400,1.0,83.8,1
2024-11-11,17504,1.0,52.84,1
2024-11-11,17507,1.0,50.11,1
2024-11-11,44022,1.0,82.91,1
2024-11-11,8212,2.0,40.68,2
2024-11-11,8213,2.0,40.68,2
2024-11-11,8215,2.0,40.68,2
2024-11-11,8216,2.0,40.68,2
2024-11-11,8217,2.0,40.68,2
2024-11-12,12130,2.0,123.9,1
2024-11-12,17322,1.0,69.42,1
2024-11-12,17400,1.0,83.8,1
2024-11-12,17507,1.0,50.11,1
2024-11-12,18121,1.0,57.7,1
2024-11-12,4502,1.0,41.81,1
2024-11-12,8213,1.0,18.31,1
2024-11-12,8216,1.0,18.31,1
2024-11-13,12130,1.0,61.96,1
2024-11-13,12136,1.0,61.96,1
2024-11-13,15032,1.0,73.8,1
2024-11-13,17507,2.0,100.22,2
2024-11-13,17508,1.0,52.84,1
2024-11-13,18101,1.0,78.35,1
2024-11-14,12130,2.0,123.9,1
2024-11-14,12134,3.0,185.86,2
2024-11-14,15034,1.0,70.15,1
2024-11-14,17322,1.0,69.42,1
2024-11-14,17501,1.0,43.0,1
2024-11-14,44072,1.0,43.73,1
2024-11-14,4706,1.0,38.57,1
2024-11-14,7160,2.0,80.8,2
2024-11-14,7161,1.0,40.4,1
2024-11-14,7162,1.0,40.4,1
2024-11-15,12136,2.0,123.92,2
2024-11-15,17504,1.0,52.84,1
2024-11-15,17704,1.0,74.1,1
2024-11-15,2721,1.0,41.3,1
2024-11-15,44022,1.0,82.91,1
2024-11-15,4700,1.0,44.34,1
2024-11-15,8203,1.0,27.03,1
2024-11-18,12134,1.0,55.76,1
2024-11-18,13014,1.0,29.52,1
2024-11-18,13016,1.0,29.52,1
2024-11-18,15032,1.0,73.8,1
2024-11-18,17114,1.0,63.41,1
2024-11-18,45203,2.0,74.1,1
2024-11-19,12130,2.0,123.92,2
2024-11-19,12134,1.0,61.96,1
2024-11-19,14218,1.0,56.94,1
2024-11-19,15032,2.0,147.59,1
2024-11-19,15034,2.0,140.31,1
2024-11-19,17114,1.0,70.46,1
2024-11-19,17322,2.0,138.85,1
2024-11-19,17400,2.0,167.6,1
2024-11-19,17504,2.0,105.68,1
2024-11-19,17507,1.0,50.11,1
2024-11-19,18101,1.0,78.35,1
2024-11-19,4502,1.0,46.47,1
2024-11-19,8222,1.0,49.81,1
2024-11-20,12130,2.0,123.92,2
2024-11-20,17114,1.0,70.46,1
2024-11-20,17322,1.0,69.42,1
2024-11-20,17704,1.0,74.1,1
2024-11-20,2621,2.0,104.77,1
2024-11-20,2721,2.0,82.6,1
2024-11-20,8210,2.0,55.27,1
2024-11-21,17222,1.0,67.79,1
2024-11-21,18121,2.0,115.41,1
2024-11-21,44071,1.0,27.34,1
2024-11-21,4620,1.0,16.7,1
2024-11-21,8205,1.0,27.03,1
2024-11-22,12130,1.0,61.96,1
2024-11-22,17222,1.0,67.79,1
2024-11-22,17507,1.0,50.11,1
2024-11-22,20002,1.0,38.57,1
2024-11-22,2721,1.0,41.3,1
2024-11-22,44022,1.0,70.47,1
2024-11-22,44071,1.0,27.34,1
2024-11-22,44072,1.0,43.73,1
2024-11-22,45003,1.0,44.64,1
2024-11-22,45005,1.0,46.77,1
2024-11-22,4703,1.0,56.49,1
2024-11-22,6210,1.0,29.61,1
2024-11-22,7160,1.0,40.4,1
2024-11-25,12136,3.0,185.86,1
2024-11-25,12138,7.0,489.6,6
2024-11-25,13014,1.0,32.8,1
2024-11-25,17222,3.0,196.59,3
2024-11-25,17700,2.0,131.19,1
2024-11-25,17706,3.0,224.0,2
2024-11-25,20002,1.0,34.71,1
2024-11-25,26100,4.0,26.73,1
2024-11-25,44052,1.0,46.16,1
2024-11-25,44071,2.0,51.94,2
2024-11-25,44072,1.0,43.73,1
2024-11-25,4616,23.0,628.95,5
2024-11-25,4620,22.0,357.46,5
2024-11-25,8203,2.0,51.36,2
2024-11-25,8205,1.0,24.33,1
2024-11-25,8206,2.0,48.66,1
2024-11-25,8210,1.0,27.64,1
2024-11-26,12138,1.0,72.0,1
2024-11-26,17222,2.0,135.58,2
2024-11-26,17322,1.0,69.42,1
2024-11-26,17504,1.0,52.84,1
2024-11-26,17507,1.0,50.11,1
2024-11-26,17706,1.0,80.0,1
2024-11-26,20002,1.0,38.57,1
2024-11-26,44052,1.0,46.16,1
2024-11-26,44071,1.0,27.34,1
2024-11-26,4616,2.0,57.7,1
2024-11-26,4620,3.0,50.11,2
2024-11-26,8205,1.0,27.03,1
2024-11-26,8206,1.0,27.03,1
2024-11-26,8210,1.0,27.64,1
2024-11-27,12136,1.0,55.76,1
2024-11-27,12138,1.0,64.8,1
2024-11-27,14218,1.0,56.94,1
2024-11-27,15034,1.0,56.12,1
2024-11-27,17114,1.0,63.41,1
2024-11-27,17504,1.0,47.56,1
2024-11-27,17706,2.0,152.0,2
2024-11-27,20002,1.0,34.71,1
2024-11-27,4616,3.0,77.89,1
2024-11-27,8202,1.0,24.33,1
2024-11-28,18121,1.0,51.93,1
2024-11-29,12138,1.0,72.0,1
2024-11-29,17222,1.0,67.79,1
2024-11-29,17504,1.0,52.84,1
2024-11-29,17507,2.0,95.21000000000001,2
2024-11-29,17700,1.0,72.88,1
2024-11-29,17704,1.0,74.1,1
2024-11-29,17706,1.0,80.0,1
2024-11-29,20002,2.0,77.14,2
2024-11-29,26101,3.0,13.66,1
2024-11-29,26121,3.0,13.66,1
2024-11-29,44022,1.0,70.47,1
2024-11-29,44071,1.0,27.34,1
2024-11-29,4616,4.0,115.4,3
2024-11-29,4620,5.0,83.52,3
2024-11-29,6153,1.0,38.27,1
2024-11-29,8205,2.0,54.06,2
2024-11-29,8206,2.0,54.06,2
2024-12-02,12136,1.0,55.76,1
2024-12-02,17114,1.0,63.41,1
2024-12-02,17504,1.0,52.84,1
2024-12-02,17507,3.0,140.3,2
2024-12-02,18101,1.0,70.51,1
2024-12-02,20002,2.0,77.14,1
2024-12-02,8210,1.0,24.88,1
2024-12-03,12130,1.0,55.76,1
2024-12-03,12134,1.0,55.76,1
2024-12-03,12136,2.0,117.72,2
2024-12-03,12138,1.0,72.0,1
2024-12-03,13014,1.0,29.52,1
2024-12-03,17222,1.0,67.79,1
2024-12-03,17400,1.0,75.42,1
2024-12-03,17504,2.0,100.4,2
2024-12-03,17507,2.0,95.21000000000001,2
2024-12-03,17706,1.0,80.0,1
2024-12-03,44022,1.0,70.47,1
2024-12-03,44071,2.0,51.94,2
2024-12-03,44072,1.0,39.36,1
2024-12-03,45207,1.0,39.79,1
2024-12-03,4616,6.0,167.33,3
2024-12-03,4620,5.0,83.51,2
2024-12-03,8202,1.0,27.03,1
2024-12-03,8205,2.0,54.06,2
2024-12-03,8206,2.0,54.06,2
2024-12-03,8210,5.0,138.18,2
2024-12-03,8212,1.0,18.31,1
2024-12-03,8213,2.0,36.63,1
2024-12-03,8215,2.0,36.63,1
2024-12-03,8216,3.0,56.97,2
2024-12-03,8222,2.0,94.63,2
2024-12-04,10757,1.0,54.66,1
2024-12-04,12136,1.0,61.96,1
2024-12-04,12138,1.0,72.0,1
2024-12-04,17507,1.0,50.11,1
2024-12-04,20002,1.0,38.57,1
2024-12-04,4616,2.0,57.7,1
2024-12-05,12136,1.0,61.96,1
2024-12-05,17504,1.0,52.84,1
2024-12-05,17507,1.0,50.11,1
2024-12-05,44022,1.0,70.47,1
2024-12-05,4620,6.0,100.22,2
2024-12-05,8202,2.0,54.05,1
2024-12-05,8210,1.0,27.64,1
2024-12-06,17400,1.0,83.8,1
2024-12-06,44071,1.0,27.34,1
2024-12-06,44072,1.0,43.73,1
2024-12-06,4616,2.0,57.7,2
2024-12-06,8205,1.0,27.03,1
2024-12-09,12138,1.0,72.0,1
2024-12-09,15034,1.0,56.12,1
2024-12-09,17504,2.0,105.68,1
2024-12-09,17507,1.0,50.11,1
2024-12-09,18100,4.0,68.7,1
2024-12-09,20002,2.0,77.14,1
2024-12-09,8215,5.0,101.73,1
2024-12-10,12138,1.0,72.0,1
2024-12-10,17222,1.0,67.79,1
2024-12-10,17322,1.0,69.42,1
2024-12-10,17400,1.0,83.8,1
2024-12-11,12136,1.0,61.96,1
2024-12-11,17322,1.0,69.42,1
2024-12-11,17504,1.0,52.84,1
2024-12-11,17508,1.0,52.84,1
2024-12-11,20002,1.0,38.57,1
2024-12-11,44071,1.0,27.34,1
2024-12-11,4616,1.0,28.85,1
2024-12-11,4620,1.0,16.7,1
2024-12-11,8205,1.0,27.03,1
2024-12-11,8210,1.0,27.64,1
2024-12-11,8213,1.0,20.34,1
2024-12-11,8215,1.0,20.34,1
2024-12-12,12100,2.0,38.88,1
2024-12-12,15030,2.0,138.48,2
2024-12-12,17222,2.0,135.57,1
2024-12-12,17322,1.0,69.42,1
2024-12-12,20002,4.0,150.42000000000002,3
2024-12-12,4616,3.0,86.55,1
2024-12-12,6307,2.0,107.5,1
2024-12-12,8202,3.0,78.39,3
2024-12-12,8206,1.0,27.03,1
2024-12-13,4616,3.0,86.55,1
2024-12-16,12121,1.0,29.76,1
2024-12-16,12136,1.0,61.96,1
2024-12-16,12138,1.0,72.0,1
2024-12-16,13016,1.0,32.8,1
2024-12-16,17222,1.0,67.79,1
2024-12-16,17322,1.0,69.42,1
2024-12-16,17400,1.0,83.8,1
2024-12-16,17504,1.0,52.84,1
2024-12-16,18121,1.0,57.7,1
2024-12-16,8207,1.0,27.03,1
2024-12-17,12136,1.0,61.96,1
2024-12-17,12138,2.0,144.0,2
2024-12-17,17322,1.0,69.42,1
2024-12-17,17400,1.0,83.8,1
2024-12-17,17501,1.0,53.75,1
2024-12-17,17504,1.0,52.84,1
2024-12-17,17507,1.0,50.11,1
2024-12-17,17700,1.0,72.88,1
2024-12-17,17706,1.0,80.0,1
2024-12-17,20002,4.0,154.28,2
2024-12-17,44033,1.0,64.99,1
2024-12-17,4616,1.0,28.85,1
2024-12-17,4700,1.0,44.34,1
2024-12-17,8210,1.0,27.64,1
2024-12-18,12130,1.0,61.96,1
2024-12-18,17400,1.0,83.8,1
2024-12-18,17504,1.0,52.84,1
2024-12-18,7162,1.0,40.4,1
2024-12-19,12136,1.0,55.76,1
2024-12-19,12138,1.0,64.8,1
2024-12-19,17507,1.0,45.1,1
2024-12-19,45003,1.0,40.18,1
2024-12-23,12130,1.0,61.96,1
2024-12-23,12136,2.0,123.92,2
2024-12-23,17222,1.0,67.79,1
2024-12-23,17322,1.0,69.42,1
2024-12-23,17504,1.0,52.84,1
2024-12-23,20002,4.0,154.27,1
2024-12-23,4500,2.0,69.24,1
2024-12-23,4616,6.0,173.11,2
2024-12-23,8206,1.0,27.03,1
2024-12-23,8207,1.0,27.03,1
2024-12-23,8210,3.0,82.91,1
2024-12-23,9302,2.0,59.52,1
2024-12-24,4502,1.0,46.47,1
2024-12-27,20002,3.0,115.71,1
2024-12-30,12134,1.0,61.96,1
2024-12-30,12136,1.0,61.96,1
2024-12-30,15034,1.0,56.12,1
2024-12-30,17400,2.0,167.6,2
2024-12-30,17507,2.0,100.22,2
2024-12-30,26100,2.0,13.36,1
2024-12-30,44022,1.0,70.47,1
2024-12-30,7160,1.0,40.4,1
2024-12-30,8212,1.0,20.34,1
2024-12-30,8213,1.0,20.34,1
2024-12-30,8215,1.0,20.34,1
2025-01-02,12130,1.0,61.96,1
2025-01-02,12134,1.0,61.96,1
2025-01-02,12136,1.0,61.96,1
2025-01-02,17222,1.0,67.79,1
2025-01-02,17322,1.0,69.42,1
2025-01-02,17501,3.0,161.25,2
2025-01-02,17504,1.0,52.84,1
2025-01-02,17507,1.0,50.11,1
2025-01-02,17700,1.0,72.88,1
2025-01-02,20002,2.0,77.14,1
2025-01-02,26005,4.0,16.4,1
2025-01-02,44022,1.0,70.47,1
2025-01-02,44071,1.0,27.34,1
2025-01-02,4616,2.0,57.7,2
2025-01-02,4620,1.0,16.7,1
2025-01-03,14218,1.0,56.94,1
2025-01-03,17222,2.0,135.57,1
2025-01-03,17504,2.0,105.68,1
2025-01-03,20002,1.0,38.57,1
2025-01-03,4616,6.0,173.11,1
2025-01-03,8205,1.0,27.03,1
2025-01-03,8212,1.0,20.34,1
2025-01-03,8213,1.0,20.34,1
2025-01-03,8215,1.0,20.34,1
2025-01-03,8216,1.0,20.34,1
2025-01-06,12134,1.0,61.96,1
2025-01-06,12136,4.0,247.82,3
2025-01-06,12138,1.0,72.0,1
2025-01-06,15030,2.0,138.48,2
2025-01-06,15034,1.0,56.12,1
2025-01-06,17114,2.0,133.87,2
2025-01-06,17322,1.0,69.42,1
2025-01-06,17400,2.0,167.6,2
2025-01-06,17501,1.0,48.38,1
2025-01-06,17504,3.0,153.24,3
2025-01-06,17507,1.0,50.11,1
2025-01-06,17508,1.0,47.56,1
2025-01-06,17706,1.0,72.0,1
2025-01-06,2721,2.0,78.47,2
2025-01-06,44022,1.0,70.47,1
2025-01-06,4616,9.0,236.57999999999998,2
2025-01-06,8202,1.0,27.03,1
2025-01-06,8203,2.0,54.05,1
2025-01-06,8205,3.0,81.08,2
2025-01-06,8212,1.0,18.31,1
2025-01-06,8213,1.0,18.31,1
2025-01-06,8215,1.0,18.31,1
2025-01-06,8216,1.0,18.31,1
2025-01-06,8217,2.0,38.65,2
2025-01-06,8222,1.0,49.81,1
2025-01-07,12100,2.0,38.88,1
2025-01-07,12130,2.0,117.72,2
2025-01-07,12134,1.0,61.96,1
2025-01-07,12136,1.0,55.76,1
2025-01-07,12138,2.0,136.8,2
2025-01-07,15030,1.0,72.88,1
2025-01-07,15034,1.0,56.12,1
2025-01-07,17322,1.0,62.48,1
2025-01-07,17501,1.0,48.38,1
2025-01-07,17504,1.0,52.84,1
2025-01-07,17704,1.0,66.69,1
2025-01-07,26004,2.0,8.2,1
2025-01-07,26005,1.0,4.1,1
2025-01-07,26006,1.0,4.1,1
2025-01-07,26009,1.0,4.1,1
2025-01-07,26101,2.0,9.12,1
2025-01-07,26117,3.0,13.66,1
2025-01-07,26121,1.0,4.56,1
2025-01-07,26123,3.0,13.66,1
2025-01-07,26127,1.0,4.56,1
2025-01-07,26141,2.0,9.12,1
2025-01-07,44071,1.0,27.34,1
2025-01-07,45003,1.0,44.64,1
2025-01-07,45203,1.0,33.35,1
2025-01-07,8202,2.0,54.05,1
2025-01-07,8205,1.0,27.03,1
2025-01-07,8210,1.0,27.64,1
2025-01-07,8212,2.0,40.7,1
2025-01-07,8215,1.0,18.31,1
2025-01-07,8225,1.0,51.45,1
2025-01-08,10755,1.0,46.46,1
2025-01-08,10757,1.0,46.46,1
2025-01-08,14218,2.0,113.88,1
2025-01-08,15030,1.0,72.88,1
2025-01-08,15034,1.0,56.12,1
2025-01-08,17222,1.0,67.79,1
2025-01-08,20002,2.0,77.14,1
2025-01-08,2621,1.0,52.39,1
2025-01-08,2721,1.0,41.3,1
2025-01-08,44022,1.0,70.47,1
2025-01-08,4616,2.0,57.7,1
2025-01-08,8202,1.0,27.03,1
2025-01-08,8205,1.0,27.03,1
2025-01-08,8206,2.0,54.06,2
2025-01-08,8207,2.0,54.05,1
2025-01-09,12130,1.0,61.96,1
2025-01-09,12138,1.0,72.0,1
2025-01-09,17400,1.0,83.8,1
2025-01-09,17507,1.0,40.09,1
2025-01-09,26001,1.0,4.1,1
2025-01-09,26006,1.0,4.1,1
2025-01-09,26009,2.0,8.2,1
2025-01-09,4616,1.0,28.85,1
2025-01-09,4620,1.0,16.7,1
2025-01-09,8225,1.0,51.45,1
2025-01-10,12100,2.0,38.86,2
2025-01-10,12121,1.0,29.76,1
2025-01-10,12130,1.0,61.96,1
2025-01-10,12136,1.0,55.76,1
2025-01-10,12138,2.0,136.8,2
2025-01-10,14218,1.0,51.25,1
2025-01-10,17222,1.0,61.01,1
2025-01-10,17400,2.0,167.6,2
2025-01-10,17501,1.0,53.75,1
2025-01-10,17507,1.0,40.09,1
2025-01-10,18101,2.0,148.86,2
2025-01-10,20002,2.0,77.14,1
2025-01-10,26093,3.0,21.0,1
2025-01-10,2721,1.0,41.3,1
2025-01-10,4616,1.0,28.85,1
2025-01-10,4620,1.0,16.7,1
2025-01-10,8203,1.0,27.03,1
2025-01-10,8205,3.0,81.08,2
2025-01-10,8206,1.0,27.03,1
2025-01-10,8215,1.0,18.31,1
2025-01-10,8216,1.0,18.31,1
2025-01-13,12100,1.0,19.43,1
2025-01-13,12130,1.0,61.96,1
2025-01-13,12136,6.0,371.74,4
2025-01-13,12138,1.0,72.0,1
2025-01-13,13016,1.0,32.8,1
2025-01-13,17222,1.0,67.79,1
2025-01-13,17322,1.0,69.42,1
2025-01-13,17400,1.0,83.8,1
2025-01-13,17501,1.0,53.75,1
2025-01-13,17504,2.0,105.68,2
2025-01-13,17507,2.0,80.18,2
2025-01-13,18101,1.0,78.35,1
2025-01-13,18121,2.0,115.41,1
2025-01-13,26001,6.0,24.6,1
2025-01-13,26101,6.0,27.34,1
2025-01-13,44022,1.0,82.91,1
2025-01-13,4616,2.0,57.7,2
2025-01-13,4620,4.0,66.81,2
2025-01-13,8202,2.0,54.06,2
2025-01-13,8203,1.0,27.03,1
2025-01-13,8205,2.0,54.06,2
2025-01-14,15030,1.0,72.88,1
2025-01-14,15034,1.0,56.12,1
2025-01-14,17323,1.0,57.82,1
2025-01-14,17504,2.0,105.68,2
2025-01-14,17507,1.0,40.09,1
2025-01-14,26009,3.0,12.3,1
2025-01-14,26123,3.0,13.66,1
2025-01-14,2721,1.0,41.3,1
2025-01-14,44072,1.0,43.73,1
2025-01-14,45005,1.0,37.42,1
2025-01-14,4616,2.0,57.7,1
2025-01-14,4620,10.0,158.68,4
2025-01-14,8205,1.0,24.33,1
2025-01-14,8215,1.0,18.31,1
2025-01-14,8222,1.0,49.81,1
2025-01-15,12130,1.0,61.96,1
2025-01-15,12136,2.0,123.92,2
2025-01-15,12138,1.0,72.0,1
2025-01-15,15034,1.0,56.12,1
2025-01-15,17323,4.0,231.29000000000002,3
2025-01-15,17507,1.0,40.09,1
2025-01-15,17508,2.0,84.55,1
2025-01-15,26009,4.0,16.4,1
2025-01-15,26101,4.0,18.22,1
2025-01-15,8205,1.0,27.03,1
2025-01-16,12100,1.0,17.5,1
2025-01-16,12134,1.0,61.96,1
2025-01-16,12136,1.0,61.96,1
2025-01-16,12138,2.0,136.8,2
2025-01-16,17323,1.0,57.82,1
2025-01-16,17504,1.0,52.84,1
2025-01-16,17507,4.0,160.36,3
2025-01-16,17508,2.0,84.54,2
2025-01-16,17700,1.0,72.88,1
2025-01-16,17704,1.0,59.28,1
2025-01-16,20002,1.0,34.71,1
2025-01-16,44022,2.0,132.66,2
2025-01-16,8202,1.0,24.33,1
2025-01-16,8205,2.0,51.36,2
2025-01-16,8207,1.0,27.03,1
2025-01-16,8213,1.0,20.34,1
2025-01-16,8215,3.0,61.040000000000006,2
2025-01-16,8222,1.0,49.81,1
2025-01-17,12136,1.0,61.96,1
2025-01-17,15032,1.0,59.04,1
2025-01-17,15034,1.0,56.12,1
2025-01-17,17323,2.0,115.64,2
2025-01-17,17400,2.0,134.08,2
2025-01-17,17507,1.0,40.09,1
2025-01-17,17508,1.0,42.27,1
2025-01-17,17704,1.0,59.28,1
2025-01-17,20002,2.0,77.14,1
2025-01-17,2621,1.0,41.91,1
2025-01-17,44022,1.0,66.33,1
2025-01-20,12130,2.0,123.92,2
2025-01-20,12134,3.0,179.68,3
2025-01-20,12136,3.0,185.86,2
2025-01-20,12138,2.0,144.0,2
2025-01-20,15032,1.0,59.04,1
2025-01-20,15034,1.0,56.12,1
2025-01-20,17222,1.0,67.79,1
2025-01-20,17322,2.0,138.84,2
2025-01-20,17501,3.0,161.25,2
2025-01-20,17507,2.0,80.18,1
2025-01-20,17508,1.0,42.27,1
2025-01-20,18101,1.0,70.51,1
2025-01-20,44022,2.0,132.66,1
2025-01-20,44071,4.0,87.47,2
2025-01-20,44072,5.0,218.66,2
2025-01-20,4500,1.0,34.62,1
2025-01-20,4502,2.0,88.28,2
2025-01-20,4620,4.0,66.81,3
2025-01-20,8154,1.0,16.12,1
2025-01-20,8203,1.0,27.03,1
2025-01-20,8205,1.0,27.03,1
2025-01-20,8206,1.0,27.03,1
2025-01-20,8222,1.0,49.81,1
2025-01-21,12130,1.0,61.96,1
2025-01-21,12136,1.0,61.96,1
2025-01-21,14218,1.0,56.94,1
2025-01-21,15030,1.0,72.88,1
2025-01-21,17322,1.0,69.42,1
2025-01-21,17323,1.0,57.82,1
2025-01-21,17400,1.0,67.04,1
2025-01-21,17501,1.0,53.75,1
2025-01-21,17507,1.0,40.09,1
2025-01-21,17508,1.0,42.27,1
2025-01-21,17704,1.0,59.28,1
2025-01-21,2621,2.0,83.82,1
2025-01-21,44022,2.0,132.66,2
2025-01-21,44052,1.0,46.16,1
2025-01-21,4620,2.0,33.41,1
2025-01-21,8123,1.0,26.43,1
2025-01-21,8205,1.0,27.03,1
2025-01-21,8215,4.0,81.39,1
2025-01-23,12136,1.0,55.76,1
2025-01-23,12138,1.0,72.0,1
2025-01-23,17323,1.0,57.82,1
2025-01-23,17507,1.0,40.09,1
2025-01-23,17508,1.0,42.27,1
2025-01-23,18101,1.0,70.51,1
2025-01-23,20002,1.0,34.71,1
2025-01-23,44052,3.0,124.64,1
2025-01-23,4620,3.0,50.099999999999994,3
2025-01-23,4700,1.0,44.34,1
2025-01-23,8205,1.0,27.03,1
2025-01-23,8207,1.0,27.03,1
2025-01-23,8216,1.0,20.34,1
2025-01-23,8217,1.0,20.34,1
2025-01-27,12136,2.0,123.92,2
2025-01-27,15032,1.0,59.04,1
2025-01-27,17507,1.0,40.09,1
2025-01-27,17508,1.0,42.27,1
2025-01-27,44022,2.0,132.66,2
2025-01-27,4620,2.0,33.41,1
2025-01-27,8202,1.0,27.03,1
2025-01-27,8205,1.0,27.03,1
2025-01-27,8217,1.0,20.34,1
2025-01-28,17222,1.0,67.79,1
2025-01-28,17507,1.0,40.09,1
2025-01-28,4500,1.0,34.62,1
2025-01-28,45207,2.0,63.65,1
2025-01-28,4620,5.0,83.51,2
2025-01-28,4700,1.0,44.34,1
2025-01-28,8202,1.0,27.03,1
2025-01-28,8203,1.0,27.03,1
2025-01-28,8205,2.0,54.06,2
2025-01-28,8206,1.0,27.03,1
2025-01-28,8212,1.0,20.34,1
2025-01-28,8213,1.0,20.34,1
2025-01-28,8215,2.0,40.7,1
2025-01-28,8216,1.0,20.34,1
2025-01-28,8217,1.0,20.34,1
2025-01-29,12130,1.0,55.76,1
2025-01-29,12136,1.0,61.96,1
2025-01-29,12138,1.0,64.8,1
2025-01-29,17222,1.0,67.79,1
2025-01-29,17400,1.0,67.04,1
2025-01-29,17508,1.0,42.27,1
2025-01-29,18121,1.0,51.93,1
2025-01-29,44022,2.0,132.66,2
2025-01-29,44071,1.0,21.87,1
2025-01-29,45225,2.0,83.58,1
2025-01-30,4620,4.0,66.81,1
2025-01-30,8205,1.0,27.03,1
2025-01-30,8206,2.0,54.05,1
2025-01-31,17400,2.0,134.08,1
2025-01-31,26001,4.0,16.4,1
2025-01-31,26101,2.0,9.12,1
2025-02-03,12100,1.0,19.43,1
2025-02-03,12134,1.0,61.96,1
2025-02-03,12138,2.0,144.0,1
2025-02-03,17322,1.0,69.42,1
2025-02-03,17400,1.0,67.04,1
2025-02-03,45207,1.0,31.82,1
2025-02-03,4700,1.0,44.34,1
2025-02-03,8206,1.0,27.03,1
2025-02-04,12136,1.0,61.96,1
2025-02-04,12138,1.0,72.0,1
2025-02-04,13016,1.0,32.8,1
2025-02-04,17323,2.0,115.65,1
2025-02-04,17400,2.0,134.08,2
2025-02-04,17501,1.0,53.75,1
2025-02-04,17507,4.0,160.36,2
2025-02-04,17508,2.0,105.68,2
2025-02-04,44022,1.0,66.33,1
2025-02-04,4500,2.0,69.24,2
2025-02-05,12136,1.0,55.76,1
2025-02-05,15030,1.0,65.6,1
2025-02-05,17222,1.0,67.79,1
2025-02-05,17322,1.0,69.42,1
2025-02-05,17400,1.0,67.04,1
2025-02-05,17507,1.0,40.09,1
2025-02-05,17700,1.0,72.88,1
2025-02-05,4620,1.0,15.04,1
2025-02-05,7715,1.0,46.47,1
2025-02-05,8123,1.0,23.78,1
2025-02-05,8212,1.0,18.31,1
2025-02-05,8215,1.0,18.31,1
2025-02-06,10755,1.0,43.73,1
2025-02-06,10757,1.0,43.73,1
2025-02-06,12130,2.0,123.9,1
2025-02-06,12136,1.0,61.96,1
2025-02-06,17114,1.0,56.36,1
2025-02-06,17507,1.0,40.09,1
2025-02-06,17508,1.0,52.84,1
2025-02-06,20002,3.0,115.71,1
2025-02-06,2621,2.0,83.82,2
2025-02-06,2721,1.0,33.04,1
2025-02-06,44022,1.0,66.33,1
2025-02-06,4502,2.0,92.93,1
2025-02-06,45225,1.0,41.79,1
2025-02-06,4620,3.0,50.11,1
2025-02-07,12130,1.0,61.96,1
2025-02-07,17508,1.0,42.27,1
2025-02-07,8205,2.0,54.05,1
2025-02-09,12136,2.0,123.92,2
2025-02-09,17114,1.0,35.23,1
2025-02-09,17322,1.0,69.42,1
2025-02-09,17400,2.0,83.8,2
2025-02-09,17507,2.0,50.1,2
2025-02-09,18101,2.0,156.7,2
2025-02-09,2621,1.0,26.19,1
2025-02-09,44022,1.0,58.04,1
2025-02-09,8212,2.0,40.7,1
2025-02-09,8217,2.0,40.7,1
2025-02-10,10757,1.0,27.33,1
2025-02-10,12130,2.0,123.92,2
2025-02-10,12134,1.0,61.96,1
2025-02-10,12136,2.0,123.92,2
2025-02-10,12138,1.0,72.0,1
2025-02-10,14218,1.0,56.94,1
2025-02-10,15030,1.0,72.88,1
2025-02-10,17114,1.0,70.46,1
2025-02-10,17222,1.0,67.79,1
2025-02-10,17322,2.0,138.84,2
2025-02-10,17400,1.0,83.8,1
2025-02-10,17507,1.0,50.11,1
2025-02-10,18101,1.0,78.35,1
2025-02-10,44022,2.0,82.9,2
2025-02-10,45225,1.0,52.24,1
2025-02-10,8207,2.0,54.05,1
2025-02-10,8225,1.0,51.45,1
2025-02-11,12100,1.0,19.43,1
2025-02-11,12138,1.0,72.0,1
2025-02-11,17400,1.0,41.9,1
2025-02-11,17507,1.0,25.05,1
2025-02-11,17508,1.0,26.43,1
2025-02-11,18101,1.0,78.35,1
2025-02-11,44071,4.0,76.53,1
2025-02-11,8222,1.0,49.81,1
2025-02-12,17508,1.0,52.84,1
2025-02-12,20002,1.0,38.57,1
2025-02-12,4620,1.0,16.7,1
2025-02-13,10757,1.0,27.33,1
2025-02-13,12130,1.0,61.96,1
2025-02-13,12134,1.0,61.96,1
2025-02-13,12138,1.0,72.0,1
2025-02-13,15030,1.0,72.88,1
2025-02-13,17400,1.0,83.8,1
2025-02-13,8205,1.0,27.03,1
2025-02-17,12100,1.0,19.43,1
2025-02-17,12136,2.0,123.9,1
2025-02-17,15030,1.0,72.88,1
2025-02-17,17222,2.0,135.58,2
2025-02-17,17322,2.0,138.84,2
2025-02-17,17400,5.0,335.2,5
2025-02-17,17501,1.0,53.75,1
2025-02-17,17507,1.0,25.05,1
2025-02-17,18101,1.0,78.35,1
2025-02-17,44022,1.0,58.04,1
2025-02-17,44033,1.0,45.5,1
2025-02-17,44071,4.0,76.53,2
2025-02-17,44072,4.0,122.45,2
2025-02-17,45225,1.0,52.24,1
2025-02-17,4620,2.0,33.41,1
2025-02-17,8203,2.0,54.05,1
2025-02-17,8205,2.0,54.05,1
2025-02-17,8212,1.0,20.34,1
2025-02-17,8213,1.0,20.34,1
2025-02-17,8216,1.0,20.34,1
2025-02-18,12134,1.0,61.96,1
2025-02-18,12138,1.0,64.8,1
2025-02-18,14218,2.0,102.5,1
2025-02-18,15030,1.0,65.6,1
2025-02-18,17322,2.0,131.9,2
2025-02-18,17400,3.0,167.6,3
2025-02-18,17507,1.0,25.05,1
2025-02-18,17508,1.0,47.56,1
2025-02-18,18101,1.0,70.51,1
2025-02-18,2621,1.0,26.19,1
2025-02-18,44022,1.0,58.04,1
2025-02-18,7162,1.0,40.4,1
2025-02-18,8202,2.0,54.05,1
2025-02-18,8203,2.0,54.05,1
2025-02-18,8205,2.0,54.05,1
2025-02-18,8206,3.0,81.08,2
2025-02-18,8207,2.0,54.05,1
2025-02-19,12130,1.0,55.76,1
2025-02-19,12134,1.0,55.76,1
2025-02-19,13014,1.0,29.52,1
2025-02-19,17222,1.0,61.01,1
2025-02-19,17322,1.0,62.48,1
2025-02-19,17400,2.0,167.6,1
2025-02-19,17501,1.0,48.38,1
2025-02-19,17508,1.0,47.56,1
2025-02-19,17700,2.0,138.48,2
2025-02-19,44022,2.0,116.08,2
2025-02-19,4502,1.0,41.81,1
2025-02-19,4620,1.0,15.04,1
2025-02-19,8202,1.0,24.33,1
2025-02-19,8206,1.0,27.03,1
2025-02-19,8212,1.0,18.31,1
2025-02-19,8213,1.0,18.31,1
2025-02-19,8216,2.0,38.65,2
2025-02-19,8217,1.0,18.31,1
2025-02-20,12134,1.0,61.96,1
2025-02-20,12136,1.0,61.96,1
2025-02-20,17322,1.0,69.42,1
2025-02-20,17400,2.0,83.8,2
2025-02-20,8205,4.0,108.12,1
2025-02-20,8206,1.0,27.03,1
2025-02-20,8217,2.0,40.7,1
2025-02-21,17400,1.0,41.9,1
2025-02-24,12121,1.0,29.76,1
2025-02-24,12130,5.0,309.77,2
2025-02-24,12134,3.0,185.86,1
2025-02-24,12136,1.0,61.96,1
2025-02-24,15030,2.0,145.76,2
2025-02-24,17322,4.0,270.74,4
2025-02-24,17501,1.0,53.75,1
2025-02-24,17507,1.0,25.05,1
2025-02-24,17508,1.0,52.84,1
2025-02-24,17706,1.0,80.0,1
2025-02-24,18101,1.0,78.35,1
2025-02-24,18121,1.0,57.7,1
2025-02-24,20002,1.0,38.57,1
2025-02-24,26005,4.0,16.4,1
2025-02-24,26009,4.0,16.4,1
2025-02-24,44022,2.0,116.08,2
2025-02-24,44071,1.0,19.13,1
2025-02-24,45207,4.0,95.39,2
2025-02-24,4703,1.0,50.84,1
2025-02-24,7162,1.0,40.4,1
2025-02-24,7706,1.0,43.12,1
2025-02-24,8143,5.0,138.18,1
2025-02-24,8154,5.0,89.59,1
2025-02-24,8202,1.0,27.03,1
2025-02-24,8205,2.0,54.05,1
2025-02-24,8206,3.0,81.08,2
2025-02-24,8207,2.0,54.05,1
2025-02-24,8212,2.0,40.7,1
2025-02-24,8213,2.0,40.7,1
2025-02-24,8216,2.0,40.7,1
2025-02-24,8222,1.0,44.82,1
2025-02-25,15030,1.0,65.6,1
2025-02-25,17222,2.0,128.8,2
2025-02-25,17400,2.0,159.22,2
2025-02-25,17508,1.0,47.56,1
2025-02-25,4502,1.0,41.81,1
2025-02-25,6153,3.0,114.80000000000001,2
2025-02-25,8203,2.0,54.05,1
2025-02-26,12130,1.0,61.96,1
2025-02-26,17222,1.0,67.79,1
2025-02-26,17501,1.0,53.75,1
2025-02-26,17508,1.0,52.84,1
2025-02-26,20002,3.0,115.71,1
2025-02-26,26121,2.0,9.12,1
2025-02-26,44022,1.0,58.04,1
2025-02-26,44071,1.0,19.13,1
2025-02-26,44072,2.0,61.22,1
2025-02-26,4502,1.0,46.47,1
2025-02-26,45207,2.0,39.79,1
2025-02-26,8206,1.0,27.03,1
2025-02-26,8213,1.0,20.34,1
2025-02-27,12130,1.0,61.96,1
2025-02-27,12138,1.0,72.0,1
2025-02-27,14218,1.0,56.94,1
2025-02-27,17322,2.0,138.84,2
2025-02-27,17501,1.0,53.75,1
2025-02-27,17508,1.0,52.84,1
2025-02-27,26001,7.0,28.7,2
2025-02-27,26009,1.0,4.1,1
2025-02-27,26101,2.0,9.12,1
2025-02-27,26121,1.0,4.56,1
2025-02-27,44022,1.0,58.04,1
2025-02-27,44071,4.0,76.53,2
2025-02-27,45207,2.0,39.79,1
2025-02-27,6153,2.0,76.53,1
2025-02-27,8205,2.0,54.06,2
2025-02-27,8207,2.0,54.05,1
2025-02-28,12130,1.0,61.96,1
2025-02-28,12138,2.0,144.0,2
2025-02-28,17501,1.0,53.75,1
2025-02-28,17508,1.0,52.84,1
2025-02-28,20002,1.0,38.57,1
2025-02-28,44022,1.0,58.04,1
2025-02-28,7151,1.0,119.96,1
2025-03-03,12100,3.0,76.89,3
2025-03-03,12138,1.0,83.68,1
2025-03-03,15032,1.0,88.91,1
2025-03-03,17114,1.0,44.63,1
2025-03-03,17143,1.0,97.63,1
2025-03-03,17222,1.0,82.8,1
2025-03-03,17322,3.0,252.29999999999998,3
2025-03-03,17501,1.0,67.99,1
2025-03-03,17508,2.0,129.72,2
2025-03-03,17521,3.0,87.87,1
2025-03-03,20002,2.0,100.42,1
2025-03-03,26001,13.0,61.19,1
2025-03-03,26009,2.0,9.4,1
2025-03-03,26123,3.0,15.69,1
2025-03-03,44071,2.0,43.93,1
2025-03-03,45207,1.0,22.84,1
2025-03-03,6153,4.0,175.73,1
2025-03-03,8205,2.0,69.74,2
2025-03-04,12100,1.0,25.63,1
2025-03-04,12138,1.0,83.68,1
2025-03-04,15032,1.0,88.91,1
2025-03-04,17222,4.0,331.2,3
2025-03-04,17322,1.0,84.1,1
2025-03-04,17700,1.0,89.27,1
2025-03-04,7160,1.0,46.37,1
2025-03-04,8154,1.0,32.78,1
2025-03-04,8202,2.0,69.74,2
2025-03-04,8203,1.0,34.87,1
2025-03-04,8205,8.0,278.94,2
2025-03-05,12130,2.0,167.36,2
2025-03-05,12134,1.0,83.68,1
2025-03-05,12138,3.0,234.31,3
2025-03-05,15032,1.0,88.91,1
2025-03-05,17501,2.0,135.98,1
2025-03-05,8217,1.0,21.76,1
2025-03-06,12130,1.0,83.68,1
2025-03-06,12134,1.0,83.68,1
2025-03-06,20002,1.0,50.21,1
2025-03-06,45225,2.0,57.18,2
2025-03-06,8203,1.0,34.87,1
2025-03-06,8205,1.0,34.87,1
2025-03-07,12100,1.0,25.63,1
2025-03-07,17323,1.0,42.35,1
2025-03-07,17507,1.0,32.42,1
2025-03-07,17508,1.0,64.86,1
2025-03-10,12100,2.0,51.26,2
2025-03-10,12130,2.0,167.36,2
2025-03-10,12134,2.0,167.36,2
2025-03-10,12136,1.0,83.68,1
2025-03-10,12138,4.0,334.72,4
2025-03-10,15030,1.0,88.91,1
2025-03-10,15032,2.0,177.82,2
2025-03-10,17222,2.0,165.6,2
2025-03-10,17322,2.0,168.2,2
2025-03-10,17400,2.0,182.0,2
2025-03-10,17508,3.0,189.38,3
2025-03-10,17700,1.0,89.27,1
2025-03-10,26006,3.0,14.1,1
2025-03-10,26101,2.0,10.46,1
2025-03-10,26123,2.0,10.46,1
2025-03-10,2621,3.0,98.06,1
2025-03-10,44022,2.0,139.12,2
2025-03-10,44072,1.0,25.81,1
2025-03-10,45207,1.0,22.84,1
2025-03-10,45225,2.0,57.19,1
2025-03-10,7152,1.0,137.73,1
2025-03-10,8143,1.0,33.47,1
2025-03-10,8154,1.0,32.78,1
2025-03-10,8202,2.0,69.73,1
2025-03-10,8203,2.0,69.73,1
2025-03-10,8205,1.0,34.87,1
2025-03-10,8222,1.0,64.16,1
2025-03-11,17507,1.0,32.42,1
2025-03-11,17508,1.0,64.86,1
2025-03-11,18121,1.0,64.48,1
2025-03-11,44022,1.0,69.56,1
2025-03-11,8202,2.0,69.73,1
2025-03-11,8203,3.0,99.03,2
2025-03-12,12130,1.0,83.68,1
2025-03-12,12134,1.0,83.68,1
2025-03-12,17507,1.0,32.42,1
2025-03-13,12138,1.0,83.68,1
2025-03-13,17507,2.0,129.72,2
2025-03-13,17706,1.0,92.05,1
2025-03-13,44071,1.0,21.96,1
2025-03-13,44072,1.0,36.12,1
2025-03-13,45006,1.0,38.5,1
2025-03-13,4616,3.0,102.52,2
2025-03-13,8210,6.0,223.85,1
2025-03-13,8212,1.0,27.19,1
2025-03-13,8213,1.0,27.19,1
2025-03-13,8216,1.0,27.19,1
2025-03-13,8217,1.0,27.19,1
2025-03-14,12130,1.0,83.68,1
2025-03-14,12136,1.0,83.68,1
2025-03-14,12138,1.0,83.68,1
2025-03-14,13016,1.0,37.65,1
2025-03-14,8143,2.0,66.94,2
2025-03-14,8210,1.0,37.31,1
2025-03-17,12100,2.0,51.26,1
2025-03-17,12136,3.0,251.04000000000002,3
2025-03-17,12138,1.0,83.68,1
2025-03-17,15034,1.0,88.91,1
2025-03-17,17143,1.0,97.63,1
2025-03-17,17222,1.0,82.8,1
2025-03-17,17507,3.0,194.57999999999998,3
2025-03-17,17508,1.0,64.86,1
2025-03-17,17700,1.0,89.27,1
2025-03-17,44022,1.0,69.56,1
2025-03-17,4616,6.0,205.04999999999998,3
2025-03-17,8202,1.0,34.87,1
2025-03-17,8205,2.0,69.73,1
2025-03-17,8210,4.0,149.23,1
2025-03-18,12121,1.0,37.31,1
2025-03-18,12130,2.0,167.36,2
2025-03-18,12134,4.0,334.72,3
2025-03-18,12136,7.0,585.76,4
2025-03-18,12138,4.0,334.72,3
2025-03-18,13014,1.0,37.65,1
2025-03-18,15026,1.0,83.68,1
2025-03-18,15032,1.0,88.91,1
2025-03-18,15034,1.0,88.91,1
2025-03-18,17322,4.0,336.4,1
2025-03-18,17400,4.0,364.0,1
2025-03-18,17507,3.0,194.57,2
2025-03-18,17508,4.0,259.43,2
2025-03-18,17521,1.0,29.29,1
2025-03-18,17700,4.0,357.06,2
2025-03-18,17706,3.0,276.15,1
2025-03-18,20002,1.0,25.11,1
2025-03-18,44022,6.0,417.36,3
2025-03-18,44071,1.0,21.96,1
2025-03-18,45207,1.0,22.84,1
2025-03-18,4616,16.0,546.74,2
2025-03-18,4703,1.0,67.65,1
2025-03-18,8123,1.0,32.08,1
2025-03-18,8202,1.0,34.87,1
2025-03-18,8203,1.0,34.87,1
2025-03-18,8205,2.0,69.74,2
2025-03-18,8206,1.0,34.87,1
2025-03-18,8210,8.0,298.47,2
2025-03-18,8216,1.0,27.19,1
2025-03-18,8217,1.0,27.19,1
2025-03-19,12100,1.0,23.06,1
2025-03-19,12130,2.0,150.63,1
2025-03-19,12134,1.0,75.32,1
2025-03-19,12136,2.0,150.63,1
2025-03-19,12138,2.0,159.0,2
2025-03-19,13014,2.0,67.79,1
2025-03-19,15026,2.0,159.0,2
2025-03-19,15030,2.0,168.93,2
2025-03-19,15032,2.0,168.93,2
2025-03-19,15034,1.0,80.02,1
2025-03-19,17222,4.0,314.64,3
2025-03-19,17322,5.0,395.27,3
2025-03-19,17400,4.0,345.8,3
2025-03-19,17501,1.0,61.19,1
2025-03-19,17504,2.0,116.73,1
2025-03-19,17507,4.0,239.97000000000003,2
2025-03-19,17508,2.0,123.22999999999999,2
2025-03-19,17700,1.0,89.27,1
2025-03-19,17704,1.0,89.27,1
2025-03-19,17706,1.0,92.05,1
2025-03-19,18101,1.0,99.03,1
2025-03-19,44022,1.0,89.43,1
2025-03-19,45003,2.0,102.51,1
2025-03-19,4616,12.0,369.04,1
2025-03-19,4706,2.0,94.84,1
2025-03-19,8029,1.0,58.57,1
2025-03-19,8202,1.0,31.38,1
2025-03-19,8203,1.0,31.38,1
2025-03-19,8205,1.0,31.38,1
2025-03-19,8206,1.0,31.38,1
2025-03-19,8210,1.0,37.31,1
2025-03-19,8212,2.0,48.96,1
2025-03-19,8213,1.0,24.48,1
2025-03-19,8216,2.0,48.96,1
2025-03-19,8217,2.0,48.96,1
2025-03-19,8222,2.0,128.32,2
2025-03-20,17222,1.0,82.8,1
2025-03-20,17507,1.0,64.86,1
2025-03-20,44022,1.0,69.56,1
2025-03-20,44071,2.0,43.93,1
2025-03-20,44072,1.0,36.12,1
2025-03-20,4616,4.0,136.7,2
2025-03-20,4700,1.0,54.04,1
2025-03-21,12130,1.0,83.68,1
2025-03-21,12136,3.0,251.04000000000002,3
2025-03-21,1297,10.0,25.75,1
2025-03-21,1298,10.0,25.75,1
2025-03-21,1299,5.0,21.96,1
2025-03-21,15032,1.0,88.91,1
2025-03-21,17143,1.0,97.63,1
2025-03-21,17222,2.0,165.6,2
2025-03-21,17322,2.0,168.2,2
2025-03-21,17400,1.0,91.0,1
2025-03-21,17504,1.0,64.86,1
2025-03-21,17507,3.0,194.57999999999998,3
2025-03-21,17700,1.0,89.27,1
2025-03-21,17704,2.0,178.54,2
2025-03-21,17706,1.0,92.05,1
2025-03-21,20002,1.0,50.21,1
2025-03-21,44022,1.0,69.56,1
2025-03-21,44056,1.0,55.44,1
2025-03-21,44071,1.0,21.96,1
2025-03-21,44072,1.0,36.12,1
2025-03-21,45203,1.0,42.54,1
2025-03-21,4616,5.0,166.41,3
2025-03-21,8203,1.0,34.87,1
2025-03-21,8210,1.0,32.46,1
2025-03-21,8222,1.0,64.16,1
2025-03-21,9302,2.0,64.61,2
2025-03-24,10752,1.0,52.3,1
2025-03-24,12100,1.0,23.06,1
2025-03-24,17143,1.0,97.63,1
2025-03-24,17322,1.0,84.1,1
2025-03-24,44071,3.0,72.17,2
2025-03-24,44072,5.0,190.93,3
2025-03-24,4502,1.0,60.67,1
2025-03-25,12100,1.0,22.29,1
2025-03-25,12134,1.0,83.68,1
2025-03-25,12136,1.0,83.68,1
2025-03-25,12138,1.0,83.68,1
2025-03-25,15026,1.0,83.68,1
2025-03-25,17143,1.0,97.63,1
2025-03-25,17222,1.0,82.8,1
2025-03-25,17322,1.0,84.1,1
2025-03-25,17501,1.0,67.99,1
2025-03-25,17507,5.0,315.85,3
2025-03-25,17508,2.0,129.72,2
2025-03-25,17706,1.0,92.05,1
2025-03-25,20002,2.0,100.42,1
2025-03-25,45203,1.0,37.01,1
2025-03-25,4616,5.0,170.86,2
2025-03-25,8210,1.0,37.31,1
2025-03-25,8212,1.0,27.19,1
2025-03-25,8213,1.0,27.19,1
2025-03-25,8216,1.0,27.19,1
2025-03-25,8217,1.0,23.66,1
2025-03-25,8222,1.0,64.16,1
2025-03-26,10752,1.0,52.3,1
2025-03-26,12134,1.0,83.68,1
2025-03-26,12136,1.0,83.68,1
2025-03-26,15032,1.0,88.91,1
2025-03-26,17222,1.0,82.8,1
2025-03-26,17508,1.0,64.86,1
2025-03-26,20002,1.0,50.21,1
2025-03-26,26001,1.0,0.0,1
2025-03-26,44022,1.0,99.37,1
2025-03-26,44071,1.0,31.38,1
2025-03-26,44072,1.0,51.6,1
2025-03-26,4614,1.0,28.24,1
2025-03-26,4703,1.0,60.88,1
2025-03-26,8029,1.0,52.72,1
2025-03-26,8212,1.0,27.19,1
2025-03-26,8213,1.0,27.19,1
2025-03-26,8222,1.0,57.74,1
2025-03-27,15032,1.0,88.91,1
2025-03-27,15034,1.0,88.91,1
2025-03-27,17322,1.0,84.1,1
2025-03-27,17507,1.0,64.86,1
2025-03-27,17706,1.0,92.05,1
2025-03-27,8212,1.0,27.19,1
2025-03-27,8213,1.0,27.19,1
2025-03-28,12138,1.0,83.68,1
2025-03-28,17222,1.0,82.8,1
2025-03-28,18121,1.0,70.09,1
2025-03-28,45225,1.0,28.59,1
2025-03-28,4616,2.0,68.35,1
2025-03-28,8203,2.0,69.73,1
2025-03-28,8210,2.0,74.62,1
2025-03-31,12136,2.0,159.0,2
2025-03-31,12138,1.0,75.32,1
2025-03-31,13014,1.0,33.89,1
2025-03-31,13016,1.0,33.89,1
2025-03-31,15030,1.0,88.91,1
2025-03-31,15034,1.0,80.02,1
2025-03-31,17322,1.0,84.1,1
2025-03-31,17504,1.0,64.86,1
2025-03-31,17700,1.0,89.27,1
2025-03-31,17704,1.0,80.34,1
2025-03-31,20002,2.0,90.38,1
2025-03-31,4502,1.0,54.6,1
2025-03-31,45207,2.0,45.67,1
2025-03-31,4616,6.0,191.37,2
2025-03-31,8205,4.0,139.47,1
2025-03-31,8222,2.0,121.9,2
2025-04-01,10750,1.0,0.0,1
2025-04-01,10752,1.0,52.3,1
2025-04-01,12130,1.0,83.68,1
2025-04-01,12134,1.0,83.68,1
2025-04-01,12136,1.0,83.68,1
2025-04-01,12138,1.0,83.68,1
2025-04-01,13014,1.0,37.65,1
2025-04-01,14218,1.0,65.38,1
2025-04-01,15026,1.0,83.68,1
2025-04-01,15030,1.0,88.91,1
2025-04-01,15032,1.0,88.91,1
2025-04-01,15034,1.0,88.91,1
2025-04-01,17222,1.0,72.04,1
2025-04-01,17504,1.0,64.86,1
2025-04-01,17508,2.0,129.71,1
2025-04-01,20002,1.0,46.19,1
2025-04-01,26008,1.0,4.7,1
2025-04-01,26009,2.0,9.4,1
2025-04-01,4616,1.0,34.17,1
2025-04-01,8203,1.0,30.34,1
2025-04-01,8216,2.0,47.32,1
2025-04-02,12136,1.0,83.68,1
2025-04-02,17143,2.0,195.26,1
2025-04-02,20002,1.0,50.21,1
2025-04-02,45203,1.0,42.54,1
2025-04-02,45225,2.0,57.18,2
2025-04-02,4700,1.0,54.04,1
2025-04-02,7160,1.0,46.37,1
2025-04-02,7161,2.0,92.75,1
2025-04-03,10750,1.0,0.0,1
2025-04-03,12136,5.0,408.78000000000003,4
2025-04-03,12138,2.0,167.36,2
2025-04-03,1302,3.0,0.0,1
2025-04-03,1303,3.0,12.0,1
2025-04-03,15030,1.0,78.69,1
2025-04-03,15032,1.0,78.69,1
2025-04-03,15034,2.0,177.82,1
2025-04-03,17222,1.0,82.8,1
2025-04-03,17322,1.0,84.1,1
2025-04-03,17400,1.0,80.53,1
2025-04-03,17504,1.0,64.86,1
2025-04-03,17507,1.0,57.4,1
2025-04-03,17508,2.0,122.25999999999999,2
2025-04-03,17706,1.0,81.47,1
2025-04-03,18121,1.0,70.09,1
2025-04-03,21008,3.0,59.89,2
2025-04-03,26004,10.0,0.0,1
2025-04-03,44022,1.0,69.56,1
2025-04-03,44071,11.0,220.92000000000002,3
2025-04-03,44072,8.0,266.02,2
2025-04-03,4500,2.0,75.29,1
2025-04-03,45207,1.0,22.84,1
2025-04-03,45225,1.0,28.59,1
2025-04-03,4616,2.0,60.48,1
2025-04-03,7715,1.0,53.34,1
2025-04-03,8202,1.0,34.87,1
2025-04-03,8203,1.0,34.87,1
2025-04-03,8210,4.0,140.66000000000003,2
2025-04-03,9302,1.0,33.64,1
2025-04-04,17508,1.0,64.86,1
2025-04-04,44022,1.0,49.69,1
2025-04-04,4616,2.0,68.35,1
2025-04-07,10750,1.0,0.0,1
2025-04-07,10752,1.0,47.07,1
2025-04-07,12100,1.0,25.63,1
2025-04-07,12134,1.0,83.68,1
2025-04-07,12136,2.0,167.36,2
2025-04-07,12138,1.0,83.68,1
2025-04-07,15026,1.0,83.68,1
2025-04-07,15030,1.0,88.91,1
2025-04-07,15032,2.0,168.93,2
2025-04-07,15034,1.0,88.91,1
2025-04-07,17143,1.0,97.63,1
2025-04-07,17222,2.0,165.6,1
2025-04-07,17322,3.0,252.29999999999998,2
2025-04-07,17400,4.0,273.0,4
2025-04-07,17501,5.0,326.36,4
2025-04-07,17504,1.0,58.37,1
2025-04-07,17508,3.0,188.08,2
2025-04-07,17700,2.0,169.61,2
2025-04-07,17704,1.0,89.27,1
2025-04-07,17706,1.0,92.05,1
2025-04-07,18101,2.0,188.15,2
2025-04-07,18121,1.0,70.09,1
2025-04-07,20002,5.0,246.03,2
2025-04-07,26008,7.0,32.9,1
2025-04-07,2721,1.0,35.64,1
2025-04-07,44022,3.0,188.8,2
2025-04-07,44071,4.0,112.97,1
2025-04-07,44072,5.0,221.9,2
2025-04-07,4502,4.0,230.54000000000002,2
2025-04-07,4616,8.0,266.53,2
2025-04-07,4700,1.0,54.04,1
2025-04-07,8029,1.0,52.72,1
2025-04-07,8212,1.0,27.19,1
2025-04-07,8216,1.0,27.19,1
2025-04-07,9302,2.0,38.01,1
2025-04-08,10750,1.0,52.3,1
2025-04-08,17222,1.0,82.8,1
2025-04-08,4616,1.0,34.17,1
2025-04-08,8216,1.0,27.19,1
2025-04-08,8217,1.0,27.19,1
2025-04-09,17222,1.0,82.8,1
2025-04-09,18101,1.0,99.03,1
2025-04-09,4703,1.0,67.65,1
2025-04-10,12134,1.0,83.68,1
2025-04-10,15026,2.0,167.36,2
2025-04-10,15032,1.0,88.91,1
2025-04-10,15034,1.0,88.91,1
2025-04-10,17322,2.0,157.26999999999998,2
2025-04-10,17507,2.0,121.28,2
2025-04-10,26008,1.0,4.7,1
2025-04-10,26009,2.0,9.4,1
2025-04-10,26100,2.0,15.35,1
2025-04-10,26101,2.0,10.46,1
2025-04-10,26121,1.0,5.23,1
2025-04-10,26123,1.0,5.23,1
2025-04-10,45005,2.0,104.6,1
2025-04-10,45207,2.0,91.35,1
2025-04-10,4616,2.0,68.35,1
2025-04-10,4620,5.0,100.19,3
2025-04-10,6153,3.0,131.8,1
2025-04-10,8210,1.0,37.31,1
2025-04-10,8217,1.0,23.66,1
2025-04-14,12130,1.0,83.68,1
2025-04-14,12134,2.0,167.36,2
2025-04-14,12136,2.0,167.36,2
2025-04-14,15034,2.0,177.82,2
2025-04-14,17504,1.0,64.86,1
2025-04-14,17507,4.0,239.97000000000003,2
2025-04-14,20002,2.0,100.42,2
2025-04-14,44071,1.0,21.96,1
2025-04-14,44072,1.0,36.12,1
2025-04-14,4500,2.0,80.82,2
2025-04-14,4616,1.0,34.17,1
2025-04-14,4620,14.0,279.77,5
2025-04-14,6153,1.0,43.93,1
2025-04-14,7162,1.0,41.73,1
2025-04-14,8207,3.0,104.6,1
2025-04-14,8217,1.0,27.19,1
2025-04-15,12100,2.0,51.26,1
2025-04-15,12130,2.0,167.36,1
2025-04-15,12134,2.0,167.36,2
2025-04-15,17507,5.0,324.28000000000003,3
2025-04-15,4616,2.0,68.35,1
2025-04-15,4620,4.0,82.29,1
2025-04-16,12138,1.0,83.68,1
2025-04-16,1299,1.0,5.05,1
2025-04-16,17507,1.0,64.86,1
2025-04-16,44022,1.0,99.37,1
2025-04-16,45003,1.0,51.26,1
2025-04-16,4620,2.0,41.14,1
2025-04-21,12121,2.0,74.62,1
2025-04-21,12130,4.0,334.72,3
2025-04-21,12134,2.0,167.36,1
2025-04-21,12136,4.0,334.72,3
2025-04-21,12138,1.0,83.68,1
2025-04-21,13014,1.0,37.65,1
2025-04-21,13016,1.0,37.65,1
2025-04-21,15032,1.0,88.91,1
2025-04-21,17143,1.0,97.63,1
2025-04-21,17322,1.0,84.1,1
2025-04-21,17400,2.0,182.0,2
2025-04-21,17504,2.0,129.72,2
2025-04-21,17507,5.0,324.29,4
2025-04-21,17700,2.0,178.52,1
2025-04-21,17706,1.0,92.05,1
2025-04-21,18101,1.0,99.03,1
2025-04-21,18121,1.0,70.09,1
2025-04-21,20002,1.0,50.21,1
2025-04-21,26009,4.0,18.8,1
2025-04-21,44022,2.0,198.74,2
2025-04-21,44071,3.0,65.89,2
2025-04-21,44072,1.0,36.12,1
2025-04-21,4616,2.0,68.35,1
2025-04-21,4620,1.0,20.58,1
2025-04-21,7160,1.0,46.37,1
2025-04-21,7161,1.0,46.37,1
2025-04-21,7162,1.0,46.37,1
2025-04-21,8118,2.0,65.55,1
2025-04-21,8143,2.0,66.95,1
2025-04-21,8154,2.0,65.55,1
2025-04-21,8207,4.0,139.47,1
2025-04-21,8212,2.0,54.4,1
2025-04-21,8213,2.0,54.4,1
2025-04-21,8216,2.0,54.38,2
2025-04-22,12130,1.0,83.68,1
2025-04-22,12136,2.0,167.36,2
2025-04-22,17222,1.0,82.8,1
2025-04-22,17322,2.0,168.2,2
2025-04-22,17504,2.0,129.72,2
2025-04-22,17507,2.0,129.72,2
2025-04-22,45225,3.0,114.38,1
2025-04-22,4616,1.0,34.17,1
2025-04-22,4620,8.0,164.57,3
2025-04-22,8202,1.0,34.87,1
2025-04-22,8212,1.0,27.19,1
2025-04-22,8213,1.0,27.19,1
2025-04-22,8216,1.0,27.19,1
2025-04-22,8222,1.0,64.16,1
2025-04-23,12130,1.0,83.68,1
2025-04-23,12136,3.0,251.04000000000002,2
2025-04-23,17400,2.0,182.0,2
2025-04-23,17507,1.0,64.86,1
2025-04-23,18101,1.0,99.03,1
2025-04-23,26101,2.0,10.46,1
2025-04-23,44022,1.0,99.37,1
2025-04-23,8212,1.0,27.19,1
2025-04-23,8216,1.0,27.19,1
2025-04-24,12121,1.0,37.31,1
2025-04-24,15032,1.0,88.91,1
2025-04-24,15034,1.0,88.91,1
2025-04-24,17143,1.0,68.35,1
2025-04-24,17400,4.0,364.0,2
2025-04-24,17507,1.0,64.86,1
2025-04-24,44071,4.0,87.87,1
2025-04-24,45005,1.0,52.3,1
2025-04-24,4616,2.0,68.35,1
2025-04-24,8207,2.0,69.73,1
2025-04-24,8210,1.0,37.31,1
2025-04-24,8213,1.0,27.19,1
2025-04-24,8216,1.0,27.19,1
2025-04-25,12100,3.0,76.89,1
2025-04-25,12130,3.0,251.04000000000002,3
2025-04-25,12134,1.0,83.68,1
2025-04-25,12136,2.0,167.36,2
2025-04-25,12138,1.0,83.68,1
2025-04-25,15026,1.0,83.68,1
2025-04-25,15030,1.0,88.91,1
2025-04-25,15034,1.0,88.91,1
2025-04-25,17322,1.0,84.1,1
2025-04-25,17400,2.0,182.0,2
2025-04-25,17504,2.0,129.72,2
2025-04-25,17507,2.0,129.72,2
2025-04-25,44072,1.0,25.81,1
2025-04-25,4620,2.0,41.14,1
2025-04-25,7160,2.0,92.74,2
2025-04-25,7715,1.0,53.34,1
2025-04-25,8154,1.0,32.78,1
2025-04-28,12100,1.0,23.06,1
2025-04-28,12130,2.0,159.0,2
2025-04-28,12134,1.0,75.32,1
2025-04-28,12136,5.0,401.67,3
2025-04-28,12138,3.0,242.68,2
2025-04-28,15026,1.0,83.68,1
2025-04-28,15030,3.0,257.84,2
2025-04-28,15032,2.0,177.82,1
2025-04-28,15034,3.0,257.84,2
2025-04-28,17143,2.0,195.26,1
2025-04-28,17222,1.0,82.8,1
2025-04-28,17322,6.0,496.18999999999994,5
2025-04-28,17400,6.0,525.07,5
2025-04-28,17501,1.0,67.99,1
2025-04-28,17504,2.0,129.71,1
2025-04-28,17507,2.0,121.28,2
2025-04-28,17508,1.0,58.37,1
2025-04-28,17704,1.0,89.27,1
2025-04-28,20002,1.0,50.21,1
2025-04-28,44022,4.0,397.48,3
2025-04-28,4616,6.0,183.5,2
2025-04-28,4620,10.0,205.72000000000003,2
2025-04-28,8143,1.0,30.12,1
2025-04-28,8207,2.0,69.73,1
2025-04-28,8210,3.0,111.93,2
2025-04-28,8213,3.0,81.59,1
2025-04-28,8216,1.0,23.66,1
2025-04-28,8217,1.0,23.66,1
2025-04-28,9302,1.0,38.01,1
2025-04-29,12130,1.0,83.68,1
2025-04-29,12134,1.0,83.68,1
2025-04-29,12136,2.0,159.0,2
2025-04-29,12138,1.0,75.32,1
2025-04-29,15032,1.0,88.91,1
2025-04-29,15034,1.0,80.02,1
2025-04-29,17322,1.0,75.69,1
2025-04-29,17400,1.0,91.0,1
2025-04-29,17501,1.0,61.19,1
2025-04-29,17504,2.0,129.72,2
2025-04-29,17507,3.0,188.09,3
2025-04-29,17700,1.0,89.27,1
2025-04-29,17706,1.0,92.05,1
2025-04-29,2721,1.0,50.91,1
2025-04-29,44022,3.0,288.17,3
2025-04-29,4616,2.0,68.34,2
2025-04-29,4620,1.0,20.58,1
2025-04-29,4700,1.0,48.64,1
2025-04-29,4706,1.0,42.68,1
2025-04-29,8210,3.0,104.45,3
2025-04-29,8216,3.0,81.59,2
2025-04-30,12136,1.0,83.68,1
2025-04-30,15034,1.0,88.91,1
2025-04-30,17322,1.0,84.1,1
2025-04-30,17400,1.0,91.0,1
2025-04-30,17507,2.0,129.72,2
2025-04-30,20002,2.0,100.42,1
2025-04-30,26004,6.0,28.24,1
2025-04-30,44022,1.0,99.37,1
2025-04-30,4616,1.0,34.17,1
2025-04-30,4620,2.0,41.14,1
2025-04-30,6153,2.0,87.87,1
2025-04-30,8207,2.0,69.73,1
2025-04-30,8210,2.0,74.62,1
2025-04-30,8222,2.0,128.32,2
2025-05-01,18101,1.0,99.03,1
2025-05-02,12134,1.0,83.68,1
2025-05-02,12136,1.0,83.68,1
2025-05-02,17322,1.0,84.1,1
2025-05-02,17400,1.0,91.0,1
2025-05-02,17507,1.0,64.86,1
2025-05-02,17706,1.0,92.05,1
2025-05-02,4616,1.0,34.17,1
2025-05-02,7160,1.0,46.37,1
2025-05-02,8225,2.0,135.98,2
2025-05-05,10750,1.0,0.0,1
2025-05-05,10752,1.0,47.07,1
2025-05-05,12130,1.0,83.68,1
2025-05-05,12136,2.0,167.36,2
2025-05-05,15026,3.0,242.68,2
2025-05-05,15032,2.0,168.93,2
2025-05-05,17322,3.0,243.89,3
2025-05-05,17501,2.0,135.98,2
2025-05-05,17504,2.0,116.73,1
2025-05-05,17507,2.0,129.72,2
2025-05-05,17704,2.0,169.61,2
2025-05-05,17706,1.0,82.85,1
2025-05-05,18101,1.0,89.12,1
2025-05-05,26117,5.0,23.92,1
2025-05-05,2621,2.0,130.75,1
2025-05-05,2721,2.0,91.64,1
2025-05-05,44022,2.0,188.8,2
2025-05-05,4616,2.0,61.5,1
2025-05-05,4620,4.0,74.06,1
2025-05-05,8210,1.0,37.31,1
2025-05-05,8213,1.0,24.48,1
2025-05-05,8216,2.0,48.96,1
2025-05-06,12130,1.0,83.68,1
2025-05-06,12134,1.0,83.68,1
2025-05-06,12136,3.0,251.04000000000002,2
2025-05-06,15032,1.0,88.91,1
2025-05-06,17400,2.0,182.0,2
2025-05-06,17501,1.0,67.99,1
2025-05-06,17504,1.0,64.86,1
2025-05-06,17706,1.0,92.05,1
2025-05-06,44022,1.0,99.37,1
2025-05-06,44071,1.0,15.69,1
2025-05-06,4616,4.0,136.68,2
2025-05-06,4620,2.0,41.14,1
2025-05-06,8210,2.0,74.62,1
2025-05-06,8212,1.0,27.19,1
2025-05-06,8213,1.0,27.19,1
2025-05-06,8216,1.0,27.19,1
2025-05-06,8217,3.0,81.59,1
2025-05-07,12130,1.0,83.68,1
2025-05-07,12136,1.0,83.68,1
2025-05-07,12138,1.0,83.68,1
2025-05-07,17507,2.0,129.72,2
2025-05-07,17700,1.0,89.27,1
2025-05-07,17706,1.0,92.05,1
2025-05-07,18101,1.0,99.03,1
2025-05-07,4700,1.0,54.04,1
2025-05-09,12136,1.0,83.68,1
2025-05-09,12138,1.0,83.68,1
2025-05-09,17322,2.0,168.2,2
2025-05-09,17400,1.0,91.0,1
2025-05-09,17706,1.0,92.05,1
2025-05-09,20002,1.0,50.21,1
2025-05-09,26008,4.0,17.29,1
2025-05-09,2721,1.0,50.91,1
2025-05-09,44022,1.0,99.37,1
2025-05-09,44071,1.0,15.69,1
2025-05-09,7160,1.0,66.3,1
2025-05-09,8213,1.0,27.19,1
2025-05-09,8216,1.0,27.19,1
2025-05-12,12130,2.0,167.36,2
2025-05-12,12134,1.0,83.68,1
2025-05-12,12136,2.0,167.36,2
2025-05-12,13016,1.0,37.65,1
2025-05-12,15032,1.0,88.91,1
2025-05-12,17504,1.0,64.86,1
2025-05-12,17507,1.0,64.86,1
2025-05-12,44022,1.0,99.37,1
2025-05-12,4616,1.0,34.17,1
2025-05-12,4620,1.0,20.58,1
2025-05-12,8210,1.0,37.31,1
2025-05-12,8216,1.0,27.19,1
2025-05-13,12130,1.0,83.68,1
2025-05-13,12136,1.0,83.68,1
2025-05-13,12138,1.0,83.68,1
2025-05-13,13014,1.0,37.65,1
2025-05-13,15032,1.0,88.91,1
2025-05-13,17322,1.0,84.1,1
2025-05-13,17400,1.0,91.0,1
2025-05-13,17501,1.0,67.99,1
2025-05-13,17504,3.0,194.57999999999998,3
2025-05-13,17507,2.0,129.72,2
2025-05-13,17706,1.0,92.05,1
2025-05-13,20002,1.0,50.21,1
2025-05-13,44052,1.0,25.19,1
2025-05-13,45117,1.0,104.6,1
2025-05-13,4616,1.0,34.17,1
2025-05-13,4620,4.0,82.28,2
2025-05-13,4703,1.0,67.65,1
2025-05-13,8210,1.0,37.31,1
2025-05-14,12136,2.0,167.36,2
2025-05-14,12138,1.0,83.68,1
2025-05-14,17400,1.0,91.0,1
2025-05-14,17504,1.0,64.86,1
2025-05-14,17507,1.0,64.86,1
2025-05-14,17706,1.0,92.05,1
2025-05-14,18101,1.0,99.03,1
2025-05-14,44022,1.0,99.37,1
2025-05-14,44071,1.0,31.38,1
2025-05-14,44072,1.0,25.81,1
2025-05-14,4614,1.0,28.24,1
2025-05-14,4616,1.0,34.17,1
2025-05-14,4620,1.0,20.58,1
2025-05-14,8210,1.0,37.31,1
2025-05-14,8213,1.0,27.19,1
2025-05-14,8216,1.0,27.19,1
2025-05-14,8222,1.0,64.16,1
2025-05-15,12130,3.0,234.31,2
2025-05-15,12134,2.0,159.0,2
2025-05-15,12136,3.0,234.31,2
2025-05-15,12138,1.0,75.32,1
2025-05-15,15026,3.0,234.31,2
2025-05-15,15032,2.0,160.04,1
2025-05-15,17322,2.0,151.38,1
2025-05-15,17400,3.0,245.7,1
2025-05-15,17501,2.0,122.39,1
2025-05-15,17504,3.0,175.11,1
2025-05-15,17507,3.0,175.11,1
2025-05-15,17508,2.0,116.73,1
2025-05-15,17706,1.0,82.85,1
2025-05-15,18101,1.0,89.12,1
2025-05-15,18121,1.0,63.08,1
2025-05-15,20002,2.0,90.38,1
2025-05-15,44022,4.0,367.68,2
2025-05-15,44071,3.0,84.73,1
2025-05-15,4500,2.0,80.82,2
2025-05-15,45003,1.0,46.13,1
2025-05-15,45117,1.0,94.14,1
2025-05-15,4616,10.0,307.53,1
2025-05-15,4620,7.0,131.67000000000002,2
2025-05-15,4703,1.0,60.88,1
2025-05-15,7162,1.0,41.73,1
2025-05-15,8118,1.0,29.5,1
2025-05-15,8212,3.0,73.43,1
2025-05-15,8213,3.0,76.15,2
2025-05-15,8216,5.0,125.1,2
2025-05-15,8222,1.0,57.74,1
2025-05-15,8225,2.0,122.39,1
2025-05-19,12130,1.0,83.68,1
2025-05-19,12134,1.0,83.68,1
2025-05-19,13016,1.0,32.76,1
2025-05-19,15034,1.0,88.91,1
2025-05-19,17322,5.0,376.76,2
2025-05-19,17400,1.0,91.0,1
2025-05-19,17504,1.0,64.86,1
2025-05-19,17507,1.0,64.86,1
2025-05-19,18121,3.0,210.27,3
2025-05-19,20002,2.0,93.89,2
2025-05-19,4616,1.0,34.17,1
2025-05-19,8212,2.0,54.4,1
2025-05-19,8213,1.0,27.19,1
2025-05-19,8216,4.0,98.17,2
2025-05-19,8217,2.0,47.32,1
2025-05-20,17322,2.0,168.2,2
2025-05-20,17400,1.0,91.0,1
2025-05-20,17504,1.0,64.86,1
2025-05-20,20002,3.0,150.63,1
2025-05-20,26009,4.0,18.8,1
2025-05-20,45203,1.0,42.54,1
2025-05-20,4620,5.0,102.87,2
2025-05-20,8210,1.0,37.31,1
2025-05-20,8212,3.0,81.59,1
2025-05-20,8213,2.0,54.4,1
2025-05-20,8216,3.0,81.59,1
2025-05-21,12136,1.0,83.68,1
2025-05-21,17322,1.0,84.1,1
2025-05-21,17400,2.0,182.0,2
2025-05-21,17507,1.0,64.86,1
2025-05-21,18121,1.0,70.09,1
2025-05-21,45203,2.0,85.08,1
2025-05-21,45225,1.0,57.19,1
2025-05-21,4616,3.0,102.51,1
2025-05-21,8213,2.0,54.4,1
2025-05-21,8216,2.0,54.4,1
2025-05-21,8225,2.0,135.98,1
2025-05-22,20002,1.0,50.21,1
2025-05-22,45203,3.0,127.62,1
2025-05-22,8216,3.0,81.59,1
2025-05-23,12134,2.0,167.36,2
2025-05-23,12136,1.0,83.68,1
2025-05-23,15032,1.0,88.91,1
2025-05-23,17504,1.0,64.86,1
2025-05-23,17507,1.0,64.86,1
2025-05-23,20002,1.0,50.21,1
2025-05-23,7160,1.0,46.37,1
2025-05-23,8213,4.0,108.79,1
2025-05-26,12134,1.0,83.68,1
2025-05-26,12136,1.0,83.68,1
2025-05-26,15032,1.0,88.91,1
2025-05-26,17322,1.0,84.1,1
2025-05-26,17504,1.0,64.86,1
2025-05-26,17507,1.0,64.86,1
2025-05-26,44071,1.0,31.38,1
2025-05-26,44072,1.0,25.81,1
2025-05-26,4616,1.0,34.17,1
2025-05-26,4620,3.0,61.72,2
2025-05-26,4706,1.0,47.42,1
2025-05-26,8225,1.0,67.99,1
2025-05-27,12136,1.0,83.68,1
2025-05-27,20002,1.0,50.21,1
2025-05-27,7160,2.0,89.03,2
2025-05-27,8212,2.0,54.4,1
2025-05-27,8213,2.0,54.4,1
2025-05-27,8216,2.0,54.4,1
2025-05-27,8217,1.0,27.19,1
2025-05-28,12130,2.0,167.36,2
2025-05-28,12134,1.0,83.68,1
2025-05-28,12136,1.0,83.68,1
2025-05-28,12138,1.0,83.68,1
2025-05-28,17704,1.0,89.27,1
2025-05-28,2621,1.0,65.38,1
2025-05-28,44071,1.0,31.38,1
2025-05-28,44072,1.0,25.81,1
2025-05-28,4620,1.0,20.58,1
2025-05-28,7160,1.0,46.37,1
2025-05-28,8222,1.0,64.16,1
2025-05-29,12130,1.0,83.68,1
2025-05-29,12134,1.0,83.68,1
2025-05-29,12136,2.0,167.36,2
2025-05-29,12138,1.0,83.68,1
2025-05-29,20002,1.0,50.21,1
2025-05-29,8213,1.0,27.19,1
2025-05-29,8216,1.0,27.19,1
2025-05-29,8225,1.0,67.99,1
2025-05-30,12134,1.0,83.68,1
2025-05-30,17322,1.0,84.1,1
2025-05-30,20002,1.0,50.21,1
2025-05-30,26001,2.0,9.42,1
2025-05-30,26005,2.0,9.42,1
2025-05-30,26006,2.0,9.4,1
2025-05-30,26009,2.0,9.4,1
2025-05-30,45203,2.0,85.08,1
2025-05-30,8213,1.0,27.19,1
2025-05-30,8216,1.0,27.19,1
2025-06-02,12136,3.0,242.68,3
2025-06-02,12138,2.0,159.0,2
2025-06-02,15026,1.0,75.32,1
2025-06-02,15030,2.0,168.93,2
2025-06-02,17322,2.0,159.79,2
2025-06-02,17400,2.0,182.0,2
2025-06-02,17501,2.0,129.18,2
2025-06-02,17504,1.0,58.37,1
2025-06-02,17507,4.0,252.95,4
2025-06-02,2621,1.0,58.84,1
2025-06-02,2721,1.0,45.81,1
2025-06-02,44022,2.0,188.8,2
2025-06-02,44071,1.0,31.38,1
2025-06-02,44072,1.0,25.81,1
2025-06-02,4502,1.0,54.6,1
2025-06-02,8212,2.0,51.67,2
2025-06-02,8213,1.0,27.19,1
2025-06-02,9302,1.0,26.6,1
2025-06-03,12136,1.0,83.68,1
2025-06-03,17504,2.0,129.72,2
2025-06-03,26093,2.0,18.2,1
2025-06-03,44071,1.0,31.38,1
2025-06-03,44072,1.0,25.81,1
2025-06-03,45225,3.0,171.55,1
2025-06-03,4620,1.0,20.58,1
2025-06-03,8213,1.0,27.19,1
2025-06-03,8216,1.0,27.19,1
2025-06-03,8225,1.0,67.99,1
2025-06-04,12136,1.0,66.95,1
2025-06-04,15032,1.0,71.13,1
2025-06-04,17322,2.0,134.56,1
2025-06-04,17504,1.0,51.89,1
2025-06-04,17700,1.0,71.41,1
2025-06-04,45003,1.0,51.26,1
2025-06-04,4616,1.0,27.34,1
2025-06-04,7162,1.0,37.1,1
2025-06-04,8225,1.0,54.4,1
2025-06-05,12125,3.0,92.26,1
2025-06-05,12134,1.0,75.32,1
2025-06-05,12136,1.0,76.99,1
2025-06-05,15026,1.0,76.99,1
2025-06-05,15034,1.0,80.02,1
2025-06-05,17322,1.0,75.69,1
2025-06-05,17400,1.0,83.72,1
2025-06-05,17504,1.0,58.37,1
2025-06-05,17507,1.0,58.37,1
2025-06-05,17706,1.0,82.85,1
2025-06-05,20002,2.0,90.38,1
2025-06-05,44022,1.0,89.43,1
2025-06-05,44071,3.0,84.73,1
2025-06-05,44072,2.0,92.88,1
2025-06-05,4500,1.0,38.28,1
2025-06-05,45005,1.0,47.07,1
2025-06-05,45117,1.0,94.14,1
2025-06-05,45203,2.0,76.57,1
2025-06-05,4706,1.0,42.68,1
2025-06-05,8212,2.0,50.04,1
2025-06-05,8216,3.0,76.15,2
2025-06-05,8222,1.0,57.74,1
2025-06-05,8225,3.0,183.57,1
2025-06-06,12130,1.0,83.68,1
2025-06-06,12136,1.0,83.68,1
2025-06-06,17504,1.0,64.86,1
2025-06-06,17507,1.0,64.86,1
2025-06-06,20002,1.0,50.21,1
2025-06-06,44052,1.0,25.19,1
2025-06-06,4616,2.0,68.35,1
2025-06-06,8212,1.0,27.19,1
2025-06-06,8213,1.0,27.19,1
2025-06-06,8225,1.0,67.99,1
2025-06-09,12125,1.0,34.17,1
2025-06-09,12136,1.0,83.68,1
2025-06-09,12138,1.0,83.68,1
2025-06-09,15030,1.0,88.91,1
2025-06-09,17322,3.0,201.84,3
2025-06-09,17400,1.0,91.0,1
2025-06-09,17504,2.0,129.72,2
2025-06-09,17507,1.0,64.86,1
2025-06-09,18121,1.0,70.09,1
2025-06-09,20002,2.0,96.4,2
2025-06-09,26001,2.0,9.42,1
2025-06-09,4004,1.0,21.62,1
2025-06-09,44022,1.0,99.37,1
2025-06-09,44071,3.0,94.14,1
2025-06-09,4500,2.0,85.08,2
2025-06-09,45005,3.0,156.89999999999998,2
2025-06-09,4502,1.0,60.67,1
2025-06-09,45203,1.0,42.54,1
2025-06-09,45215,1.0,38.01,1
2025-06-09,4620,1.0,20.58,1
2025-06-09,4700,1.0,54.04,1
2025-06-09,7160,1.0,46.37,1
2025-06-09,7162,1.0,46.37,1
2025-06-09,7715,1.0,53.34,1
2025-06-09,8143,1.0,33.47,1
2025-06-09,8207,1.0,34.87,1
2025-06-09,8212,2.0,54.38,2
2025-06-09,8213,5.0,127.28,2
2025-06-09,8216,1.0,27.19,1
2025-06-09,8225,1.0,67.99,1
2025-06-10,17504,1.0,64.86,1
2025-06-10,17507,2.0,129.72,2
2025-06-10,26001,3.0,14.12,1
2025-06-10,26004,3.0,14.12,1
2025-06-10,26005,1.0,4.71,1
2025-06-10,26006,1.0,4.7,1
2025-06-10,26009,1.0,4.7,1
2025-06-10,26101,1.0,5.23,1
2025-06-10,26123,1.0,5.23,1
2025-06-10,44022,1.0,99.37,1
2025-06-10,4614,1.0,28.24,1
2025-06-10,4616,4.0,136.68,1
2025-06-10,8216,1.0,27.19,1
2025-06-10,8225,1.0,67.99,1
2025-06-11,12136,1.0,83.68,1
2025-06-11,17322,1.0,84.1,1
2025-06-11,17504,1.0,64.86,1
2025-06-11,17507,1.0,64.86,1
2025-06-11,17521,1.0,29.29,1
2025-06-11,20002,1.0,50.21,1
2025-06-11,44071,1.0,31.38,1
2025-06-11,45003,1.0,51.26,1
2025-06-11,45005,1.0,52.3,1
2025-06-11,7160,1.0,46.37,1
2025-06-12,12125,1.0,34.17,1
2025-06-12,12130,1.0,83.68,1
2025-06-12,12136,1.0,83.68,1
2025-06-12,17400,1.0,91.0,1
2025-06-12,17508,1.0,32.42,1
2025-06-12,18121,1.0,70.09,1
2025-06-12,20002,3.0,150.63,3
2025-06-12,44022,1.0,99.37,1
2025-06-12,4500,1.0,42.54,1
2025-06-12,45005,1.0,52.3,1
2025-06-12,45225,1.0,57.19,1
2025-06-12,4706,1.0,47.42,1
2025-06-12,7160,2.0,92.75,1
2025-06-12,8154,1.0,32.78,1
2025-06-12,8216,2.0,54.4,1
2025-06-16,12100,1.0,25.63,1
2025-06-16,12130,2.0,167.36,1
2025-06-16,12134,2.0,167.36,1
2025-06-16,12136,2.0,167.36,1
2025-06-16,15034,1.0,88.91,1
2025-06-16,17400,3.0,273.0,2
2025-06-16,17504,2.0,129.72,2
2025-06-16,17507,3.0,194.57999999999998,3
2025-06-16,20002,2.0,100.42,2
2025-06-16,26001,3.0,14.12,1
2025-06-16,26005,16.0,75.32,1
2025-06-16,26006,16.0,75.2,1
2025-06-16,26008,2.0,9.4,1
2025-06-16,26009,4.0,18.8,1
2025-06-16,2621,1.0,65.38,1
2025-06-16,44022,1.0,99.37,1
2025-06-16,4616,3.0,102.51,1
2025-06-16,4620,4.0,82.28,2
2025-06-16,4700,1.0,54.04,1
2025-06-16,7160,1.0,46.37,1
2025-06-16,8118,1.0,32.78,1
2025-06-16,8123,2.0,64.16,2
2025-06-16,8154,4.0,131.11,1
2025-06-16,8212,1.0,27.19,1
2025-06-16,8213,3.0,81.59,2
2025-06-16,8216,2.0,54.4,1
2025-06-16,8217,3.0,81.59,2
2025-06-17,12121,2.0,74.62,1
2025-06-17,12125,2.0,68.34,2
2025-06-17,12130,1.0,83.68,1
2025-06-17,12136,1.0,83.68,1
2025-06-17,12138,1.0,83.68,1
2025-06-17,15030,1.0,88.91,1
2025-06-17,15032,1.0,88.91,1
2025-06-17,17322,2.0,151.38,2
2025-06-17,17400,1.0,91.0,1
2025-06-17,17507,2.0,129.72,2
2025-06-17,17521,1.0,29.29,1
2025-06-17,18121,1.0,70.09,1
2025-06-17,20002,2.0,100.42,2
2025-06-17,2621,1.0,65.38,1
2025-06-17,4004,2.0,43.24,2
2025-06-17,4500,2.0,85.08,2
2025-06-17,45003,2.0,102.52,2
2025-06-17,45005,2.0,104.6,2
2025-06-17,45006,1.0,38.5,1
2025-06-17,45207,2.0,45.67,1
2025-06-17,45225,2.0,114.38,2
2025-06-17,4616,2.0,68.34,2
2025-06-17,4620,1.0,20.58,1
2025-06-17,4700,3.0,162.12,3
2025-06-17,4706,1.0,47.42,1
2025-06-17,7160,1.0,46.37,1
2025-06-17,8123,2.0,64.16,2
2025-06-17,8212,1.0,27.19,1
2025-06-17,8217,1.0,27.19,1
2025-06-17,8225,2.0,135.98,2
2025-06-18,12130,1.0,83.68,1
2025-06-18,12136,1.0,83.68,1
2025-06-18,17507,1.0,64.86,1
2025-06-19,12136,1.0,75.32,1
2025-06-19,12138,1.0,75.32,1
2025-06-19,17322,3.0,210.25,2
2025-06-19,17400,2.0,172.9,2
2025-06-19,17501,1.0,67.99,1
2025-06-19,17507,4.0,252.94,2
2025-06-19,18121,3.0,189.23,1
2025-06-19,20002,3.0,135.57,1
2025-06-19,26101,1.0,5.23,1
2025-06-19,26121,1.0,5.23,1
2025-06-19,44022,1.0,89.43,1
2025-06-19,44071,3.0,91.0,2
2025-06-19,44072,2.0,51.6,1
2025-06-19,4500,2.0,76.57,1
2025-06-19,45006,1.0,38.5,1
2025-06-19,4616,4.0,123.02,1
2025-06-19,4620,2.0,37.03,1
2025-06-19,4706,1.0,42.68,1
2025-06-19,8123,2.0,57.74,1
2025-06-19,8212,1.0,24.48,1
2025-06-19,8216,1.0,24.48,1
2025-06-20,12136,3.0,251.04000000000002,3
2025-06-20,26009,2.0,9.4,1
2025-06-20,45203,2.0,85.08,2
2025-06-20,45225,1.0,49.75,1
2025-06-20,4620,3.0,61.72,2
2025-06-23,17322,1.0,84.1,1
2025-06-23,45203,1.0,42.54,1
2025-06-23,8154,1.0,32.78,1
2025-06-23,8210,3.0,111.93,1
2025-06-24,12100,1.0,25.63,1
2025-06-24,12130,1.0,83.68,1
2025-06-24,12138,1.0,66.95,1
2025-06-24,15026,1.0,83.68,1
2025-06-24,15032,2.0,142.26,1
2025-06-24,17222,1.0,82.8,1
2025-06-24,17322,3.0,218.66,2
2025-06-24,17400,2.0,182.0,2
2025-06-24,17501,1.0,67.99,1
2025-06-24,17504,3.0,181.61,3
2025-06-24,17507,2.0,129.72,2
2025-06-24,17706,1.0,73.64,1
2025-06-24,18101,1.0,99.03,1
2025-06-24,18121,1.0,70.09,1
2025-06-24,44022,1.0,99.37,1
2025-06-24,4502,1.0,60.67,1
2025-06-24,4616,1.0,27.34,1
2025-06-24,7160,1.0,46.37,1
2025-06-24,7161,2.0,83.47,2
2025-06-24,7162,1.0,46.37,1
2025-06-24,8222,1.0,64.16,1
2025-06-24,8225,3.0,163.19,1
2025-06-25,12121,1.0,37.31,1
2025-06-25,12125,1.0,34.17,1
2025-06-25,12130,1.0,83.68,1
2025-06-25,12134,1.0,83.68,1
2025-06-25,12136,1.0,83.68,1
2025-06-25,12138,1.0,83.68,1
2025-06-25,15026,1.0,83.68,1
2025-06-25,15030,1.0,88.91,1
2025-06-25,15032,1.0,88.91,1
2025-06-25,15034,1.0,88.91,1
2025-06-25,17222,2.0,165.6,2
2025-06-25,17322,1.0,84.1,1
2025-06-25,17400,1.0,91.0,1
2025-06-25,17504,2.0,129.72,2
2025-06-25,17507,1.0,64.86,1
2025-06-25,17700,1.0,89.27,1
2025-06-25,17704,1.0,89.27,1
2025-06-25,18121,1.0,70.09,1
2025-06-25,20002,2.0,96.4,2
2025-06-25,44022,1.0,99.37,1
2025-06-25,45005,1.0,52.3,1
2025-06-25,45203,1.0,42.54,1
2025-06-25,4616,1.0,34.17,1
2025-06-25,4620,1.0,20.58,1
2025-06-25,7706,1.0,48.47,1
2025-06-25,8205,1.0,34.87,1
2025-06-25,8225,1.0,67.99,1
2025-06-26,12121,5.0,167.88,1
2025-06-26,15032,1.0,80.02,1
2025-06-26,15034,1.0,80.02,1
2025-06-26,17322,1.0,75.69,1
2025-06-26,17400,1.0,81.9,1
2025-06-26,17507,2.0,112.85,1
2025-06-26,17521,5.0,131.8,1
2025-06-26,18101,1.0,89.12,1
2025-06-26,4004,5.0,97.28,1
2025-06-26,44072,5.0,129.01,1
2025-06-26,45005,5.0,235.35,1
2025-06-26,45006,5.0,173.25,1
2025-06-26,45207,5.0,205.55,1
2025-06-26,45212,5.0,222.81,1
2025-06-26,45215,5.0,171.03,1
2025-06-26,45225,10.0,526.09,3
2025-06-26,6153,5.0,197.7,1
2025-06-26,6210,5.0,152.98,1
2025-06-26,7160,1.0,41.73,1
2025-06-26,7161,2.0,83.48,1
2025-06-26,7162,2.0,83.48,1
2025-06-26,7707,5.0,210.26,1
2025-06-26,7715,5.0,240.06,1
2025-06-26,8210,2.0,74.62,1
2025-06-26,8212,1.0,24.48,1
2025-06-26,8216,2.0,48.14,2
2025-06-26,8222,1.0,57.74,1
2025-06-27,10752,1.0,52.3,1
2025-06-27,12121,1.0,37.31,1
2025-06-27,12130,1.0,83.68,1
2025-06-27,12134,1.0,83.68,1
2025-06-27,12136,1.0,83.68,1
2025-06-27,12138,1.0,83.68,1
2025-06-27,17322,1.0,84.1,1
2025-06-27,17400,1.0,91.0,1
2025-06-27,17504,1.0,64.86,1
2025-06-27,20002,2.0,100.42,1
2025-06-27,44018,1.0,137.7,1
2025-06-27,44022,0.5,49.69,1
2025-06-27,44056,1.0,55.44,1
2025-06-27,44072,5.0,129.01,1
2025-06-27,4500,1.0,42.54,1
2025-06-27,45117,1.0,104.6,1
2025-06-27,4700,1.0,27.03,1
2025-06-27,4706,1.0,47.42,1
2025-06-27,6153,1.0,43.93,1
2025-06-27,8212,1.0,27.19,1
2025-06-27,8213,1.0,27.19,1
2025-06-27,8216,1.0,27.19,1
2025-06-30,12100,1.0,25.63,1
2025-06-30,12125,1.0,34.17,1
2025-06-30,17504,2.0,129.71,1
2025-06-30,17507,1.0,64.86,1
2025-06-30,17508,1.0,64.86,1
2025-06-30,44071,1.0,31.38,1
2025-06-30,44072,1.0,51.6,1
2025-06-30,4620,5.0,102.86,2
2025-07-01,12100,1.0,25.63,1
2025-07-01,12130,1.0,83.68,1
2025-07-01,12134,1.0,83.68,1
2025-07-01,12136,5.0,401.67,3
2025-07-01,12138,4.0,317.99,3
2025-07-01,13016,1.0,33.89,1
2025-07-01,15032,3.0,248.95,2
2025-07-01,15034,3.0,248.95,2
2025-07-01,17114,2.0,160.67,1
2025-07-01,17143,1.0,48.81,1
2025-07-01,17322,2.0,159.79,2
2025-07-01,17400,1.0,81.9,1
2025-07-01,17501,3.0,183.57,1
2025-07-01,17504,4.0,239.97000000000003,2
2025-07-01,17507,5.0,304.83000000000004,3
2025-07-01,17700,2.0,160.67,1
2025-07-01,17704,3.0,249.94,2
2025-07-01,20002,1.0,50.21,1
2025-07-01,26008,3.0,12.97,1
2025-07-01,44022,2.0,178.88,1
2025-07-01,4500,1.0,38.28,1
2025-07-01,4502,1.0,54.6,1
2025-07-01,4616,8.0,259.71,4
2025-07-01,4620,2.0,37.03,1
2025-07-01,4703,1.0,33.82,1
2025-07-01,6307,1.0,31.56,1
2025-07-01,8205,4.0,139.47,3
2025-07-01,8210,1.0,37.31,1
2025-07-01,8212,1.0,27.19,1
2025-07-01,8213,1.0,27.19,1
2025-07-01,8216,2.0,54.4,1
2025-07-01,8222,1.0,57.74,1
2025-07-02,12100,1.0,25.63,1
2025-07-02,17222,1.0,82.8,1
2025-07-02,17400,1.0,91.0,1
2025-07-02,17507,2.0,129.72,2
2025-07-02,4004,1.0,21.62,1
2025-07-02,44071,4.0,125.52,2
2025-07-02,4616,2.0,68.34,2
2025-07-02,4620,2.0,41.14,1
2025-07-02,8205,1.0,34.87,1
2025-07-02,8212,1.0,27.19,1
2025-07-03,15032,1.0,88.91,1
2025-07-03,17400,2.0,182.0,2
2025-07-03,17504,1.0,64.86,1
2025-07-03,18101,1.0,99.03,1
2025-07-03,20002,1.0,50.21,1
2025-07-03,44022,1.0,99.37,1
2025-07-03,8205,2.0,69.73,1
2025-07-03,8222,1.0,64.16,1
2025-07-04,17501,1.0,67.99,1
2025-07-04,17507,1.0,64.86,1
2025-07-04,44022,1.0,99.37,1
2025-07-04,44071,3.0,94.14,1
2025-07-04,4620,3.0,61.72,1
2025-07-07,12136,1.0,83.68,1
2025-07-07,17400,2.0,182.0,1
2025-07-07,17504,1.0,64.86,1
2025-07-07,44022,1.0,99.37,1
2025-07-07,8222,1.0,64.16,1
2025-07-08,12130,1.0,83.68,1
2025-07-08,12134,1.0,83.68,1
2025-07-08,17222,1.0,82.8,1
2025-07-08,17322,1.0,84.1,1
2025-07-08,17400,2.0,182.0,2
2025-07-08,17507,2.0,129.72,2
2025-07-08,18101,1.0,99.03,1
2025-07-08,2621,1.0,65.38,1
2025-07-08,2721,1.0,50.91,1
2025-07-08,45117,1.0,104.6,1
2025-07-08,4616,1.0,34.17,1
2025-07-08,7160,1.0,46.37,1
2025-07-08,7162,1.0,46.37,1
2025-07-08,8205,2.0,69.73,1
2025-07-08,8210,1.0,37.31,1
2025-07-08,8222,1.0,64.16,1
2025-07-09,12130,1.0,83.68,1
2025-07-09,12134,1.0,83.68,1
2025-07-09,12136,3.0,251.04000000000002,3
2025-07-09,12138,1.0,83.68,1
2025-07-09,15032,1.0,88.91,1
2025-07-09,17222,1.0,82.8,1
2025-07-09,17400,1.0,91.0,1
2025-07-09,17504,3.0,194.57999999999998,3
2025-07-09,17507,2.0,129.72,2
2025-07-09,26008,4.0,18.8,1
2025-07-09,26009,4.0,18.8,1
2025-07-09,44022,1.0,99.37,1
2025-07-09,45215,1.0,38.01,1
2025-07-09,4616,8.0,273.38,4
2025-07-09,8205,3.0,104.6,2
2025-07-09,8210,3.0,111.93,1
2025-07-09,8212,1.0,27.19,1
2025-07-09,8213,1.0,27.19,1
2025-07-09,8215,1.0,27.19,1
2025-07-09,8216,1.0,27.19,1
2025-07-09,8217,1.0,27.19,1
2025-07-10,12130,3.0,251.04000000000002,3
2025-07-10,12134,1.0,83.68,1
2025-07-10,12136,4.0,334.72,3
2025-07-10,12138,1.0,83.68,1
2025-07-10,15026,1.0,83.68,1
2025-07-10,17222,2.0,165.6,2
2025-07-10,17322,1.0,84.1,1
2025-07-10,17400,1.0,91.0,1
2025-07-10,17504,1.0,64.86,1
2025-07-10,17507,2.0,129.72,2
2025-07-10,20002,3.0,150.63,2
2025-07-10,2621,1.0,65.38,1
2025-07-10,4620,1.0,20.58,1
2025-07-10,6153,1.0,43.93,1
2025-07-10,8205,5.0,174.34,1
2025-07-11,12136,1.0,83.68,1
2025-07-11,17222,1.0,82.8,1
2025-07-11,17501,1.0,67.99,1
2025-07-11,44022,2.0,198.74,2
2025-07-11,8210,2.0,74.62,2
2025-07-14,12134,2.0,167.36,2
2025-07-14,12136,2.0,167.36,2
2025-07-14,12138,1.0,83.68,1
2025-07-14,14218,1.0,65.38,1
2025-07-14,15032,1.0,88.91,1
2025-07-14,17222,3.0,248.39999999999998,3
2025-07-14,17400,1.0,91.0,1
2025-07-14,17504,1.0,64.86,1
2025-07-14,17507,1.0,64.86,1
2025-07-14,2621,1.0,65.38,1
2025-07-14,44022,1.0,99.37,1
2025-07-14,4616,1.0,34.17,1
2025-07-14,4620,5.0,102.86,1
2025-07-14,7160,1.0,46.37,1
2025-07-14,8210,2.0,74.62,2
2025-07-14,8212,1.0,27.19,1
2025-07-15,12130,2.0,167.36,2
2025-07-15,12136,2.0,160.67000000000002,2
2025-07-15,17322,1.0,84.1,1
2025-07-15,17400,1.0,91.0,1
2025-07-15,20002,3.0,146.61,2
2025-07-15,44017,1.0,126.68,1
2025-07-15,44022,2.0,190.79000000000002,2
2025-07-15,44052,2.0,50.38,1
2025-07-15,7160,1.0,42.66,1
2025-07-15,8123,1.0,32.08,1
2025-07-16,10750,1.0,0.0,1
2025-07-16,12100,1.0,23.06,1
2025-07-16,12130,3.0,242.68,3
2025-07-16,12134,1.0,75.32,1
2025-07-16,12136,2.0,159.0,2
2025-07-16,12138,1.0,75.32,1
2025-07-16,15032,1.0,80.02,1
2025-07-16,15034,1.0,80.02,1
2025-07-16,17222,3.0,223.56,1
2025-07-16,17322,2.0,151.38,1
2025-07-16,17504,3.0,175.11,1
2025-07-16,17507,2.0,123.22999999999999,2
2025-07-16,17706,2.0,174.89999999999998,2
2025-07-16,2621,1.0,58.84,1
2025-07-16,44022,1.0,89.43,1
2025-07-16,4502,1.0,54.6,1
2025-07-16,45117,1.0,94.14,1
2025-07-16,8143,1.0,30.12,1
2025-07-16,8205,3.0,94.14,1
2025-07-16,8215,1.0,24.48,1
2025-07-16,8216,1.0,24.48,1
2025-07-16,8222,1.0,64.16,1
2025-07-17,12136,1.0,83.68,1
2025-07-17,17507,1.0,56.42,1
2025-07-17,8216,2.0,47.32,2
2025-07-18,10750,1.0,47.07,1
2025-07-18,12130,1.0,83.68,1
2025-07-18,15032,1.0,88.91,1
2025-07-18,17400,1.0,91.0,1
2025-07-18,17507,1.0,64.86,1
2025-07-18,20002,1.0,64.62,1
2025-07-18,4706,1.0,61.02,1
2025-07-18,7160,1.0,59.67,1
2025-07-18,7162,1.0,46.37,1
2025-07-18,8154,1.0,32.78,1
2025-07-18,8216,1.0,27.19,1
2025-07-21,12130,1.0,83.68,1
2025-07-21,12136,1.0,83.68,1
2025-07-21,14218,1.0,65.38,1
2025-07-21,15034,1.0,88.91,1
2025-07-21,17222,1.0,82.8,1
2025-07-21,17322,1.0,84.1,1
2025-07-21,17400,1.0,91.0,1
2025-07-21,17504,1.0,64.86,1
2025-07-21,17507,2.0,129.72,2
2025-07-21,17704,1.0,89.27,1
2025-07-21,26101,2.0,10.46,1
2025-07-21,45203,2.0,85.08,1
2025-07-21,4616,1.0,34.17,1
2025-07-21,6153,2.0,87.87,1
2025-07-21,8205,2.0,69.73,1
2025-07-21,8213,1.0,27.19,1
2025-07-22,12138,1.0,83.68,1
2025-07-22,17143,1.0,48.81,1
2025-07-22,17322,2.0,168.2,2
2025-07-22,17507,1.0,64.86,1
2025-07-22,4502,1.0,60.67,1
2025-07-22,45117,1.0,104.6,1
2025-07-22,4616,2.0,68.35,1
2025-07-22,4620,2.0,41.14,1
2025-07-22,8154,1.0,32.78,1
2025-07-22,8213,1.0,27.19,1
2025-07-22,8215,1.0,27.19,1
2025-07-22,8216,1.0,27.19,1
2025-07-22,8222,1.0,64.16,1
2025-07-23,10750,1.0,0.0,1
2025-07-23,12100,1.0,25.63,1
2025-07-23,12130,2.0,167.36,2
2025-07-23,12136,1.0,83.68,1
2025-07-23,13014,1.0,37.65,1
2025-07-23,15034,1.0,88.91,1
2025-07-23,17322,1.0,84.1,1
2025-07-23,17400,1.0,91.0,1
2025-07-23,17501,1.0,67.99,1
2025-07-23,17704,1.0,89.27,1
2025-07-23,20002,1.0,50.21,1
2025-07-23,26001,1.0,4.71,1
2025-07-23,26004,1.0,4.71,1
2025-07-23,26006,2.0,9.4,1
2025-07-23,26009,2.0,9.4,1
2025-07-23,26101,5.0,26.15,1
2025-07-23,26107,5.0,3.49,1
2025-07-23,26121,2.0,10.46,1
2025-07-23,26123,5.0,26.15,1
2025-07-23,44022,1.0,99.37,1
2025-07-23,4500,1.0,42.54,1
2025-07-23,4616,2.0,68.35,1
2025-07-23,4620,3.0,61.72,1
2025-07-23,8215,1.0,27.19,1
2025-07-23,8217,4.0,108.79,1
2025-07-24,17222,1.0,82.8,1
2025-07-24,17322,1.0,84.1,1
2025-07-24,17400,1.0,91.0,1
2025-07-24,17521,1.0,29.29,1
2025-07-24,44056,1.0,55.44,1
2025-07-24,7162,1.0,46.37,1
2025-07-24,8205,1.0,34.87,1
2025-07-28,12130,1.0,83.68,1
2025-07-28,12136,2.0,167.36,2
2025-07-28,45203,1.0,42.54,1
2025-07-28,45207,1.0,45.67,1
2025-07-28,45225,1.0,57.19,1
2025-07-28,8205,1.0,34.87,1
2025-07-28,8215,1.0,27.19,1
2025-07-28,8216,1.0,27.19,1
2025-07-28,8222,1.0,64.16,1
2025-07-29,12134,1.0,83.68,1
2025-07-29,17222,1.0,82.8,1
2025-07-29,17507,1.0,64.86,1
2025-07-29,4620,2.0,41.14,1
2025-07-29,7160,1.0,46.37,1
2025-07-29,8215,1.0,27.19,1
2025-07-29,8216,1.0,27.19,1
2025-07-30,12100,1.0,23.06,1
2025-07-30,12125,1.0,30.75,1
2025-07-30,12130,2.0,159.0,2
2025-07-30,12134,2.0,159.0,2
2025-07-30,12136,2.0,159.0,2
2025-07-30,12138,1.0,83.68,1
2025-07-30,14218,1.0,58.84,1
2025-07-30,17222,1.0,74.52,1
2025-07-30,17322,1.0,75.69,1
2025-07-30,17507,2.0,116.73,1
2025-07-30,44022,1.0,99.37,1
2025-07-30,44072,1.0,46.44,1
2025-07-30,45203,2.0,76.57,1
2025-07-30,4616,5.0,153.77,1
2025-07-30,4620,2.0,37.03,1
2025-07-30,8205,2.0,62.76,1
2025-07-30,8212,1.0,24.48,1
2025-07-30,8216,2.0,48.96,1
2025-07-30,8222,1.0,57.74,1
2025-07-31,45207,1.0,45.67,1
2025-07-31,45212,1.0,49.51,1
2025-08-01,15032,1.0,88.91,1
2025-08-01,45203,1.0,42.54,1
2025-08-01,4700,1.0,54.04,1
2025-08-01,8118,1.0,32.78,1
2025-08-01,8210,1.0,37.31,1
2025-08-01,8213,2.0,54.4,1
2025-08-01,8215,1.0,27.19,1
2025-08-04,12130,1.0,83.68,1
2025-08-04,12138,1.0,83.68,1
2025-08-04,15045,1.0,63.36,1
2025-08-04,17322,1.0,84.1,1
2025-08-04,17507,1.0,64.86,1
2025-08-04,18101,1.0,99.03,1
2025-08-04,44022,1.0,99.37,1
2025-08-04,4620,1.0,20.58,1
2025-08-04,6153,1.0,43.93,1
2025-08-04,8216,4.0,108.79,1
2025-08-05,12136,1.0,83.68,1
2025-08-05,15026,1.0,41.84,1
2025-08-05,17322,2.0,142.97,2
2025-08-05,17501,1.0,47.59,1
2025-08-05,17507,2.0,129.72,2
2025-08-05,17700,1.0,62.49,1
2025-08-05,26020,8.0,70.35,2
2025-08-05,26093,5.0,45.5,1
2025-08-05,4502,1.0,42.47,1
2025-08-05,8205,1.0,32.08,1
2025-08-05,8212,1.0,27.19,1
2025-08-05,8213,1.0,27.19,1
2025-08-06,12125,1.0,34.17,1
2025-08-06,12136,2.0,167.36,2
2025-08-06,17400,1.0,91.0,1
2025-08-06,18121,1.0,70.09,1
2025-08-06,4004,5.0,64.86,2
2025-08-06,44056,1.0,55.44,1
2025-08-06,44072,3.0,77.41,1
2025-08-06,4500,1.0,42.54,1
2025-08-06,45005,1.0,52.3,1
2025-08-06,45215,1.0,38.01,1
2025-08-06,45225,1.0,57.19,1
2025-08-06,4700,1.0,54.04,1
2025-08-06,7162,1.0,46.37,1
2025-08-06,7715,1.0,53.34,1
2025-08-06,8143,1.0,33.47,1
2025-08-06,8205,1.0,34.87,1
2025-08-06,8210,2.0,74.62,2
2025-08-06,8225,1.0,67.99,1
2025-08-07,12100,1.0,25.63,1
2025-08-07,12130,1.0,83.68,1
2025-08-07,17322,1.0,84.1,1
2025-08-07,17507,1.0,64.86,1
2025-08-07,17700,1.0,89.27,1
2025-08-07,17706,1.0,92.05,1
2025-08-07,20002,1.0,50.21,1
2025-08-07,45006,1.0,38.5,1
2025-08-07,4616,2.0,68.34,2
2025-08-07,8222,1.0,64.16,1
2025-08-08,12121,2.0,74.62,1
2025-08-08,12130,2.0,167.36,1
2025-08-08,12134,2.0,167.36,1
2025-08-08,12136,2.0,167.36,1
2025-08-08,17400,1.0,91.0,1
2025-08-08,17507,1.0,64.86,1
2025-08-08,17700,1.0,89.27,1
2025-08-08,20002,3.0,150.63,1
2025-08-08,45203,4.0,170.16,1
2025-08-08,4620,1.0,17.89,1
2025-08-08,4703,1.0,33.82,1
2025-08-08,7161,1.0,46.37,1
2025-08-08,7162,1.0,46.37,1
2025-08-08,8118,2.0,65.55,1
2025-08-08,8143,2.0,66.95,1
2025-08-08,8154,2.0,65.55,1
2025-08-08,8210,1.0,37.31,1
2025-08-08,8213,2.0,54.4,1
2025-08-08,8215,1.0,23.66,1
2025-08-08,8216,4.0,101.72,2
2025-08-08,8217,2.0,54.4,1
2025-08-11,12130,1.0,83.68,1
2025-08-11,12134,1.0,83.68,1
2025-08-11,12136,1.0,83.68,1
2025-08-11,14218,1.0,65.38,1
2025-08-11,15045,1.0,63.36,1
2025-08-11,17222,1.0,82.8,1
2025-08-11,17322,2.0,159.79,2
2025-08-11,17400,1.0,91.0,1
2025-08-11,17501,1.0,47.59,1
2025-08-11,17504,2.0,123.22999999999999,2
2025-08-11,17507,2.0,116.73,1
2025-08-11,20002,1.0,50.21,1
2025-08-11,4616,1.0,34.17,1
2025-08-11,4620,3.0,61.72,2
2025-08-12,12130,1.0,83.68,1
2025-08-12,12136,4.0,317.99,2
2025-08-12,12138,1.0,83.68,1
2025-08-12,13014,1.0,37.65,1
2025-08-12,14218,1.0,65.38,1
2025-08-12,15030,2.0,160.04,1
2025-08-12,15034,1.0,88.91,1
2025-08-12,15045,2.0,120.39,2
2025-08-12,17222,1.0,82.8,1
2025-08-12,17322,2.0,159.79,2
2025-08-12,17400,2.0,163.8,1
2025-08-12,17501,1.0,61.19,1
2025-08-12,17507,2.0,123.22999999999999,2
2025-08-12,17706,1.0,82.85,1
2025-08-12,18101,1.0,99.03,1
2025-08-12,26005,4.0,18.83,1
2025-08-12,26006,2.0,9.4,1
2025-08-12,26008,1.0,4.7,1
2025-08-12,26009,6.0,28.200000000000003,2
2025-08-12,26100,2.0,15.35,1
2025-08-12,44022,4.0,387.54,4
2025-08-12,44052,1.0,50.38,1
2025-08-12,44056,1.0,55.44,1
2025-08-12,44071,4.0,125.52,2
2025-08-12,44072,1.0,51.6,1
2025-08-12,45003,1.0,51.26,1
2025-08-12,45005,1.0,52.3,1
2025-08-12,45006,3.0,115.5,2
2025-08-12,4502,1.0,60.67,1
2025-08-12,45203,3.0,119.10999999999999,2
2025-08-12,45207,1.0,45.67,1
2025-08-12,45225,1.0,57.19,1
2025-08-12,4616,6.0,184.52,1
2025-08-12,4620,3.0,59.650000000000006,2
2025-08-12,6210,1.0,34.0,1
2025-08-12,7162,1.0,46.37,1
2025-08-12,7715,1.0,53.34,1
2025-08-12,8205,2.0,66.25,2
2025-08-12,8210,2.0,70.88,2
2025-08-12,8212,2.0,54.38,2
2025-08-12,8213,3.0,76.15,2
2025-08-12,8215,4.0,100.62,2
2025-08-12,8216,3.0,78.86,3
2025-08-12,8217,3.0,81.59,1
2025-08-12,8222,1.0,57.74,1
2025-08-13,10750,1.0,0.0,1
2025-08-13,15045,1.0,63.36,1
2025-08-13,17507,1.0,64.86,1
2025-08-13,18101,1.0,99.03,1
2025-08-13,4004,5.0,54.040000000000006,2
2025-08-13,4616,1.0,34.17,1
2025-08-13,8222,1.0,64.16,1
2025-08-14,10750,1.0,52.3,1
2025-08-14,17222,1.0,106.65,1
2025-08-14,44071,1.0,40.41,1
2025-08-14,44072,1.0,66.42,1
2025-08-14,4500,1.0,54.72,1
2025-08-14,8215,1.0,27.19,1
2025-08-14,8216,1.0,27.19,1
2025-08-18,12130,1.0,83.68,1
2025-08-18,12136,1.0,83.68,1
2025-08-18,12138,1.0,83.68,1
2025-08-18,14218,1.0,65.38,1
2025-08-18,15026,2.0,117.14,2
2025-08-18,17222,2.0,165.6,2
2025-08-18,17507,1.0,64.86,1
2025-08-18,18121,1.0,70.09,1
2025-08-18,20002,1.0,50.21,1
2025-08-18,2621,1.0,65.38,1
2025-08-18,44022,2.0,198.74,2
2025-08-18,44072,2.0,103.21,1
2025-08-18,45005,1.0,52.3,1
2025-08-18,4616,1.0,34.17,1
2025-08-18,4620,2.0,41.14,1
2025-08-18,4706,2.0,94.84,2
2025-08-18,6153,1.0,43.93,1
2025-08-18,8205,2.0,69.73,1
2025-08-18,8215,2.0,54.4,1
2025-08-19,12136,1.0,83.68,1
2025-08-19,17322,1.0,84.1,1
2025-08-19,4004,1.0,10.8,1
2025-08-19,8205,1.0,34.87,1
2025-08-20,10750,1.0,52.3,1
2025-08-20,12125,1.0,34.17,1
2025-08-20,12136,1.0,83.68,1
2025-08-20,13014,2.0,70.41,2
2025-08-20,15030,1.0,62.24,1
2025-08-20,17222,1.0,82.8,1
2025-08-20,17400,1.0,91.0,1
2025-08-20,17501,2.0,95.18,2
2025-08-20,17507,1.0,64.86,1
2025-08-20,17704,1.0,89.27,1
2025-08-20,44071,1.0,31.38,1
2025-08-20,44072,1.0,51.6,1
2025-08-20,7715,1.0,53.34,1
2025-08-20,8205,2.0,69.73,1
2025-08-20,8210,1.0,37.31,1
2025-08-20,8222,1.0,64.16,1
2025-08-21,12121,1.0,37.31,1
2025-08-21,12125,3.0,102.51,3
2025-08-21,12136,1.0,83.68,1
2025-08-21,14218,1.0,65.38,1
2025-08-21,17114,1.0,89.27,1
2025-08-21,17400,1.0,91.0,1
2025-08-21,17507,1.0,64.86,1
2025-08-21,17521,1.0,29.29,1
2025-08-21,18101,1.0,99.03,1
2025-08-21,18121,2.0,140.18,2
2025-08-21,20002,2.0,100.42,2
2025-08-21,4004,3.0,54.040000000000006,3
2025-08-21,44022,2.0,198.74,2
2025-08-21,44072,1.0,51.6,1
2025-08-21,4500,2.0,85.08,2
2025-08-21,45003,2.0,102.52,2
2025-08-21,45005,3.0,156.89999999999998,3
2025-08-21,45006,1.0,38.5,1
2025-08-21,45203,1.0,42.54,1
2025-08-21,45225,2.0,114.38,2
2025-08-21,4700,2.0,108.08,2
2025-08-21,8123,2.0,64.16,2
2025-08-21,8205,2.0,69.74,2
2025-08-21,8210,1.0,37.31,1
2025-08-21,8225,3.0,203.96999999999997,3
2025-08-22,12121,5.0,167.88,2
2025-08-22,17222,1.0,82.8,1
2025-08-22,17322,2.0,168.2,2
2025-08-22,17507,1.0,64.86,1
2025-08-22,17521,5.0,131.8,1
2025-08-22,20002,1.0,50.21,1
2025-08-22,26101,5.0,26.15,1
2025-08-22,4004,5.0,97.28,1
2025-08-22,45005,5.0,235.35,1
2025-08-22,45006,5.0,173.25,1
2025-08-22,45207,7.0,296.9,2
2025-08-22,45212,5.0,222.81,1
2025-08-22,45215,5.0,171.03,1
2025-08-22,45225,5.0,257.33000000000004,2
2025-08-22,6153,5.0,197.7,1
2025-08-22,6210,5.0,152.98,1
2025-08-22,7160,1.0,41.73,1
2025-08-22,7161,2.0,83.48,1
2025-08-22,7162,2.0,83.48,1
2025-08-22,7707,5.0,210.26,1
2025-08-22,7715,5.0,240.06,1
2025-08-22,8205,2.0,69.73,1
2025-08-22,8210,2.0,74.62,1
2025-08-25,12130,1.0,83.68,1
2025-08-25,12136,1.0,83.68,1
2025-08-25,17322,1.0,84.1,1
2025-08-25,17507,1.0,64.86,1
2025-08-25,4616,3.0,102.51,1
2025-08-25,8222,2.0,128.32,2
2025-08-26,12134,1.0,83.68,1
2025-08-26,12136,1.0,75.32,1
2025-08-26,17507,2.0,129.72,2
2025-08-26,20002,2.0,90.38,1
2025-08-26,26123,6.0,31.38,1
2025-08-26,44022,1.0,99.37,1
2025-08-26,4500,1.0,42.54,1
2025-08-26,4502,1.0,54.6,1
2025-08-26,8205,1.0,31.38,1
2025-08-26,8216,2.0,51.67,2
2025-08-26,8217,1.0,24.48,1
2025-08-26,8222,1.0,64.16,1
2025-08-27,12100,1.0,25.63,1
2025-08-27,12130,2.0,167.36,2
2025-08-27,12136,1.0,83.68,1
2025-08-27,12138,1.0,83.68,1
2025-08-27,17114,1.0,89.27,1
2025-08-27,17322,2.0,168.2,2
2025-08-27,17507,2.0,129.72,2
2025-08-27,20002,1.0,50.21,1
2025-08-27,44071,1.0,15.69,1
2025-08-27,44072,1.0,51.6,1
2025-08-27,4500,1.0,42.54,1
2025-08-27,4616,2.0,68.35,1
2025-08-27,8143,1.0,33.47,1
2025-08-27,8222,1.0,64.16,1
2025-08-27,8225,1.0,67.99,1
2025-08-28,20002,1.0,50.21,1
2025-08-29,12100,1.0,25.63,1
2025-08-29,12130,1.0,83.68,1
2025-08-29,12136,3.0,251.04000000000002,3
2025-08-29,12138,1.0,83.68,1
2025-08-29,15032,1.0,88.91,1
2025-08-29,17501,1.0,34.0,1
2025-08-29,17507,1.0,64.86,1
2025-08-29,18101,1.0,99.03,1
2025-08-29,45005,1.0,52.3,1
2025-08-29,45207,1.0,45.67,1
2025-08-29,4616,2.0,68.34,2
2025-08-29,7151,1.0,137.73,1
2025-08-29,7160,1.0,46.37,1
2025-08-29,7162,1.0,46.37,1
2025-08-29,8210,1.0,37.31,1
2025-09-01,18121,2.0,98.11,1
2025-09-01,8215,1.0,27.19,1
2025-09-01,8216,1.0,27.19,1
2025-09-02,12130,4.0,334.73,2
2025-09-02,17400,1.0,91.0,1
2025-09-02,44022,1.0,99.37,1
2025-09-03,12138,1.0,83.68,1
2025-09-04,12125,1.0,34.17,1
2025-09-04,17507,1.0,64.86,1
2025-09-04,18121,1.0,70.09,1
2025-09-04,45225,3.0,171.55,1
2025-09-04,4700,1.0,54.04,1
2025-09-04,8143,1.0,33.47,1
2025-09-04,8216,1.0,27.19,1
2025-09-05,12130,2.0,159.0,2
2025-09-05,12134,1.0,75.32,1
2025-09-05,12136,6.0,485.35,5
2025-09-05,12138,1.0,75.32,1
2025-09-05,14218,1.0,58.84,1
2025-09-05,15030,1.0,62.24,1
2025-09-05,15032,2.0,160.04,1
2025-09-05,15034,2.0,160.04,1
2025-09-05,17222,2.0,165.6,1
2025-09-05,17322,3.0,243.89,3
2025-09-05,17400,3.0,254.8,2
2025-09-05,17501,1.0,61.19,1
2025-09-05,17504,9.0,564.27,7
2025-09-05,17507,3.0,181.59,2
2025-09-05,17700,1.0,80.34,1
2025-09-05,17704,1.0,80.34,1
2025-09-05,20002,1.0,45.19,1
2025-09-05,44022,3.0,288.17,3
2025-09-05,44052,2.0,50.38,1
2025-09-05,44071,1.0,28.24,1
2025-09-05,44072,1.0,46.44,1
2025-09-05,45117,1.0,52.3,1
2025-09-05,45203,1.0,38.28,1
2025-09-05,4616,5.0,164.01999999999998,3
2025-09-05,4620,3.0,57.61,2
2025-09-05,4706,1.0,42.68,1
2025-09-05,8143,1.0,30.12,1
2025-09-05,8202,1.0,34.87,1
2025-09-05,8205,2.0,69.74,2
2025-09-05,8210,1.0,33.57,1
2025-09-05,8212,1.0,24.48,1
2025-09-05,8215,2.0,48.96,1
2025-09-05,8216,3.0,76.15,2
2025-09-05,8222,1.0,57.74,1
2025-09-08,12130,1.0,83.68,1
2025-09-08,12138,1.0,83.68,1
2025-09-08,15041,1.0,63.36,1
2025-09-08,15045,1.0,63.36,1
2025-09-08,17222,1.0,82.8,1
2025-09-08,17322,1.0,84.1,1
2025-09-08,17504,2.0,129.72,2
2025-09-08,17507,1.0,64.86,1
2025-09-08,17700,1.0,89.27,1
2025-09-08,17706,1.0,64.43,1
2025-09-08,18101,1.0,99.03,1
2025-09-08,20002,1.0,50.21,1
2025-09-08,44071,4.0,62.76,1
2025-09-08,4502,1.0,48.54,1
2025-09-08,4616,2.0,68.35,1
2025-09-08,7160,1.0,46.37,1
2025-09-08,8154,1.0,32.78,1
2025-09-08,8205,8.0,264.99,2
2025-09-09,12136,2.0,167.36,1
2025-09-09,12138,3.0,251.04000000000002,2
2025-09-09,15026,1.0,83.68,1
2025-09-09,15030,2.0,177.82,1
2025-09-09,15034,2.0,177.82,1
2025-09-09,17222,2.0,165.6,1
2025-09-09,17322,2.0,168.2,1
2025-09-09,17400,2.0,182.0,1
2025-09-09,17504,2.0,129.71,1
2025-09-09,17507,1.0,64.86,1
2025-09-09,20002,3.0,150.63,1
2025-09-09,44022,3.0,298.11,2
2025-09-09,4616,3.0,102.51,1
2025-09-09,4620,7.0,144.01,2
2025-09-09,8205,2.0,69.73,1
2025-09-09,8210,2.0,74.62,1
2025-09-09,8213,1.0,27.19,1
2025-09-09,8215,2.0,54.4,1
2025-09-09,8217,1.0,27.19,1
2025-09-09,8222,1.0,64.16,1
2025-09-10,12136,1.0,83.68,1
2025-09-10,1308,1.0,73.2,1
2025-09-10,17222,2.0,165.6,2
2025-09-10,17400,1.0,91.0,1
2025-09-10,17504,2.0,129.72,2
2025-09-10,17507,1.0,64.86,1
2025-09-10,44071,1.0,15.69,1
2025-09-10,4620,6.0,123.43,2
2025-09-11,12121,2.0,96.12,2
2025-09-11,12125,1.0,44.01,1
2025-09-11,17706,1.0,92.12,1
2025-09-11,44022,1.0,127.89,1
2025-09-11,44072,1.0,51.6,1
2025-09-11,45003,1.0,65.97,1
2025-09-11,4620,2.0,52.92,2
2025-09-11,4706,2.0,122.04,2
2025-09-11,8205,1.0,34.87,1
2025-09-12,10752,6.0,219.66,2
2025-09-12,12130,1.0,83.68,1
2025-09-12,12134,1.0,83.68,1
2025-09-12,12136,1.0,83.68,1
2025-09-12,12138,1.0,83.68,1
2025-09-12,1307,1.0,72.57,1
2025-09-12,1308,1.0,72.57,1
2025-09-12,15030,6.0,373.44,2
2025-09-12,17222,5.0,414.0,3
2025-09-12,17322,1.0,84.1,1
2025-09-12,17400,4.0,364.0,2
2025-09-12,17504,1.0,64.86,1
2025-09-12,17507,5.0,324.28000000000003,3
2025-09-12,17706,4.0,257.74,1
2025-09-12,18101,5.0,495.13,3
2025-09-12,4620,16.0,279.78000000000003,2
2025-09-16,10750,1.0,52.3,1
2025-09-16,12130,1.0,83.68,1
2025-09-16,12136,1.0,75.32,1
2025-09-16,12138,1.0,75.32,1
2025-09-16,13014,1.0,33.89,1
2025-09-16,14218,1.0,58.84,1
2025-09-16,15026,1.0,75.32,1
2025-09-16,15034,1.0,80.02,1
2025-09-16,17114,1.0,89.27,1
2025-09-16,17222,1.0,82.8,1
2025-09-16,17322,1.0,84.1,1
2025-09-16,17501,1.0,61.19,1
2025-09-16,17504,4.0,252.94,3
2025-09-16,17507,2.0,116.73,1
2025-09-16,18101,1.0,89.12,1
2025-09-16,20002,1.0,45.19,1
2025-09-16,2621,1.0,58.84,1
2025-09-16,2721,2.0,96.72,2
2025-09-16,44052,1.0,25.19,1
2025-09-16,44071,2.0,31.38,1
2025-09-16,44072,1.0,51.6,1
2025-09-16,45117,1.0,94.14,1
2025-09-16,45207,1.0,45.67,1
2025-09-16,4616,2.0,68.34,2
2025-09-16,4620,1.0,20.58,1
2025-09-16,4706,1.0,47.42,1
2025-09-16,7160,1.0,41.73,1
2025-09-16,7161,1.0,41.73,1
2025-09-16,7162,1.0,41.73,1
2025-09-16,8205,1.0,34.87,1
2025-09-16,8207,1.0,31.38,1
2025-09-16,8210,1.0,37.31,1
2025-09-16,8216,1.0,27.19,1
2025-09-17,12134,1.0,119.7,1
2025-09-17,15034,1.0,88.91,1
2025-09-17,17322,1.0,84.1,1
2025-09-17,17504,2.0,129.72,2
2025-09-17,17706,1.0,46.03,1
2025-09-17,4616,1.0,34.17,1
2025-09-17,4620,5.0,102.86,2
2025-09-18,12136,1.0,76.99,1
2025-09-18,17222,2.0,152.35,1
2025-09-18,17504,2.0,129.72,2
2025-09-18,17507,1.0,64.86,1
2025-09-18,44022,1.0,99.37,1
2025-09-18,8143,1.0,30.8,1
2025-09-18,8154,1.0,30.15,1
2025-09-18,8212,1.0,27.19,1
2025-09-18,8215,2.0,54.4,1
2025-09-22,12130,2.0,167.36,2
2025-09-22,12134,5.0,418.42,1
2025-09-22,12136,1.0,83.68,1
2025-09-22,15026,1.5,125.52,1
2025-09-22,15030,1.0,62.24,1
2025-09-22,17222,6.0,496.8,2
2025-09-22,17322,1.0,84.1,1
2025-09-22,17400,1.0,91.0,1
2025-09-22,17504,1.0,64.86,1
2025-09-22,17507,3.0,194.57,2
2025-09-22,26001,75.0,176.52,1
2025-09-22,44022,2.0,198.74,1
2025-09-22,45117,1.0,104.6,1
2025-09-22,45207,1.0,45.67,1
2025-09-22,7161,2.0,92.75,1
2025-09-23,12138,1.0,76.99,1
2025-09-23,1307,1.0,72.57,1
2025-09-23,17222,2.0,158.98000000000002,2
2025-09-23,17322,1.0,77.37,1
2025-09-23,17400,1.0,91.0,1
2025-09-23,17504,1.0,64.86,1
2025-09-23,17507,1.0,64.86,1
2025-09-23,18121,1.0,35.04,1
2025-09-23,44022,2.0,198.74,2
2025-09-23,4500,1.0,42.54,1
2025-09-23,8202,1.0,34.87,1
2025-09-23,8205,2.0,66.94999999999999,2
2025-09-23,8206,1.0,34.87,1
2025-09-24,12136,1.0,83.68,1
2025-09-24,1306,1.0,63.72,1
2025-09-24,20002,3.0,150.63,2
2025-09-25,1308,1.0,72.57,1
2025-09-25,17400,1.0,91.0,1
2025-09-25,45203,2.0,85.08,1
2025-09-25,8205,1.0,34.87,1
2025-09-25,8225,1.0,67.99,1
2025-09-26,12130,2.0,167.36,1
2025-09-26,12134,2.0,167.36,1
2025-09-26,12136,2.0,167.36,1
2025-09-26,1308,1.0,72.57,1
2025-09-26,15026,1.0,83.68,1
2025-09-26,17222,1.0,82.8,1
2025-09-26,17322,2.0,168.2,2
2025-09-26,17400,1.0,91.0,1
2025-09-26,17504,2.0,129.72,2
2025-09-26,17507,1.0,64.86,1
2025-09-26,17700,1.0,89.27,1
2025-09-26,26005,1.0,4.71,1
2025-09-26,26008,1.0,4.7,1
2025-09-26,45225,1.0,57.19,1
2025-09-26,4616,2.0,68.35,1
2025-09-26,8118,2.0,65.55,1
2025-09-26,8143,2.0,66.95,1
2025-09-26,8154,2.0,65.55,1
2025-09-26,8202,1.0,34.87,1
2025-09-26,8205,1.0,34.87,1
2025-09-26,8206,2.0,69.73,1
2025-09-29,12100,1.0,25.63,1
2025-09-29,17322,1.0,84.1,1
2025-09-29,17700,1.0,89.27,1
2025-09-29,20002,2.0,100.42,1
2025-09-29,45207,1.0,45.67,1
2025-09-29,4616,1.0,34.17,1
2025-09-29,7160,1.0,46.37,1
2025-09-29,7161,1.0,46.37,1
2025-09-29,8118,2.0,65.55,1
2025-09-29,8216,1.0,27.19,1
2025-09-30,17507,1.0,56.42,1
2025-09-30,7162,1.0,46.37,1
2025-10-01,17400,1.0,91.0,1
2025-10-01,17700,1.0,89.27,1
2025-10-01,4502,1.0,30.34,1
2025-10-01,4616,1.0,34.17,1
2025-10-01,8212,1.0,27.19,1
2025-10-01,8213,1.0,27.19,1
2025-10-01,8215,1.0,27.19,1
2025-10-01,8216,1.0,27.19,1
2025-10-02,1307,0.5,36.28,1
2025-10-02,1308,0.5,36.28,1
2025-10-02,15026,1.0,83.68,1
2025-10-02,15043,0.5,31.68,1
2025-10-02,15045,0.5,31.68,1
2025-10-02,17400,1.0,91.0,1
2025-10-02,17504,2.0,129.72,2
2025-10-02,17507,1.0,64.86,1
2025-10-02,18121,1.0,35.04,1
2025-10-02,44022,3.0,298.11,3
2025-10-02,4500,2.0,85.08,2
2025-10-02,45225,2.0,114.38,2
2025-10-02,4620,2.0,41.16,2
2025-10-02,7162,2.0,92.75,1
2025-10-02,8205,2.0,69.73,1
2025-10-02,8206,1.0,34.87,1
2025-10-02,8222,1.0,64.16,1
2025-10-03,12130,1.0,83.68,1
2025-10-03,1307,0.5,36.28,1
2025-10-03,1308,0.5,36.28,1
2025-10-03,26123,1.0,5.23,1
2025-10-03,44052,1.0,25.19,1
2025-10-03,8205,1.0,34.87,1
2025-10-03,8206,2.0,69.74,2
2025-10-03,8225,3.0,203.96999999999997,3
2025-10-06,12130,3.0,234.31,2
2025-10-06,12134,2.0,150.63,1
2025-10-06,12136,4.0,317.99,3
2025-10-06,12138,2.0,150.63,1
2025-10-06,15026,2.0,150.63,1
2025-10-06,15030,2.0,160.04,1
2025-10-06,15034,3.0,248.95,2
2025-10-06,15045,2.0,114.05,1
2025-10-06,17222,3.0,223.56,1
2025-10-06,17322,3.0,227.07,1
2025-10-06,17400,4.0,336.7,2
2025-10-06,17504,5.0,298.34,2
2025-10-06,17507,2.0,116.73,1
2025-10-06,17700,2.0,160.67,1
2025-10-06,17704,2.0,160.67,1
2025-10-06,18101,3.0,277.28,2
2025-10-06,44022,1.0,89.43,1
2025-10-06,45117,1.0,52.3,1
2025-10-06,4616,1.0,30.75,1
2025-10-06,4620,2.0,41.14,1
2025-10-06,8213,2.0,48.96,1
2025-10-06,8215,1.0,24.48,1
2025-10-06,8216,1.0,24.48,1
2025-10-06,8217,1.0,24.48,1
2025-10-06,8222,3.0,173.22,1
2025-10-07,12134,1.0,83.68,1
2025-10-07,12136,1.0,83.68,1
2025-10-07,1307,1.0,63.13,1
2025-10-07,1308,1.0,63.13,1
2025-10-07,17322,1.0,84.1,1
2025-10-07,17501,1.0,34.0,1
2025-10-07,17504,1.0,64.86,1
2025-10-07,17507,1.0,92.7,1
2025-10-07,18121,2.0,85.14,2
2025-10-07,20002,1.0,71.8,1
2025-10-07,44071,1.0,22.45,1
2025-10-07,44072,1.0,73.8,1
2025-10-07,4500,1.0,60.8,1
2025-10-07,45203,1.0,119.7,1
2025-10-07,45212,1.0,70.8,1
2025-10-07,4616,1.0,48.9,1
2025-10-07,6153,1.0,62.8,1
2025-10-07,8118,1.0,46.9,1
2025-10-07,8217,1.0,23.66,1
2025-10-08,12136,1.0,83.68,1
2025-10-08,12138,1.0,83.68,1
2025-10-08,1307,1.0,72.57,1
2025-10-08,1308,1.0,72.57,1
2025-10-08,17322,1.0,84.1,1
2025-10-08,17501,3.0,101.99,2
2025-10-08,17504,3.0,194.57,2
2025-10-08,17507,1.0,64.86,1
2025-10-08,17706,2.0,92.05,1
2025-10-08,18121,2.0,70.09,1
2025-10-08,20002,1.0,50.21,1
2025-10-08,4004,2.0,21.62,1
2025-10-08,44022,1.0,99.37,1
2025-10-08,44071,10.0,156.9,1
2025-10-08,4502,3.0,91.01,1
2025-10-08,8123,1.0,32.08,1
2025-10-09,45203,1.0,42.54,1
2025-10-09,8206,1.0,34.87,1
2025-10-09,8213,1.0,27.19,1
2025-10-09,8216,1.0,27.19,1
2025-10-10,12130,1.0,83.68,1
2025-10-10,12136,0.5,41.84,1
2025-10-10,12138,0.5,41.84,1
2025-10-10,1307,1.0,72.57,1
2025-10-10,15026,1.0,83.68,1
2025-10-10,15034,1.0,88.91,1
2025-10-10,17222,2.0,165.6,1
2025-10-10,17322,1.0,84.1,1
2025-10-10,17400,2.0,182.0,1
2025-10-10,44071,1.0,15.69,1
2025-10-10,4616,3.0,102.51,1
2025-10-10,4620,3.0,61.72,1
2025-10-10,8215,4.0,108.8,2
2025-10-13,8202,1.0,34.87,1
2025-10-13,8206,1.0,34.87,1
2025-10-14,12136,1.0,83.68,1
2025-10-14,1308,2.0,145.13,1
2025-10-14,14218,1.0,65.38,1
2025-10-14,17504,1.0,58.37,1
2025-10-14,26001,5.0,23.54,1
2025-10-14,4004,1.0,10.8,1
2025-10-14,4614,2.0,65.82,2
2025-10-14,8202,1.0,31.38,1
2025-10-14,8206,1.0,31.38,1
2025-10-14,8222,1.0,57.74,1
2025-10-15,17501,2.0,68.0,2
2025-10-15,20002,1.0,50.21,1
2025-10-15,44071,1.0,15.69,1
2025-10-15,7160,2.0,92.75,1
2025-10-15,8202,1.0,34.87,1
2025-10-16,12130,1.0,83.68,1
2025-10-16,1306,1.0,63.72,1
2025-10-16,17507,1.0,64.86,1
2025-10-16,18121,1.0,35.04,1
2025-10-16,20002,2.0,100.42,2
2025-10-16,26101,1.0,5.23,1
2025-10-16,44052,1.0,25.19,1
2025-10-16,44071,6.0,94.14,3
2025-10-16,44072,1.0,51.6,1
2025-10-16,6153,2.0,87.86,2
2025-10-16,8206,1.0,34.87,1
2025-10-16,8207,1.0,34.87,1
2025-10-16,8210,1.0,37.31,1
2025-10-16,9302,1.0,38.01,1
2025-10-17,12130,1.0,83.68,1
2025-10-17,12134,1.0,83.68,1
2025-10-17,12136,1.5,125.52000000000001,2
2025-10-17,12138,0.5,41.84,1
2025-10-17,1307,0.5,36.28,1
2025-10-17,1308,0.5,36.28,1
2025-10-17,18121,3.0,105.12,1
2025-10-17,20002,1.0,50.21,1
2025-10-17,44052,1.0,25.19,1
2025-10-17,44071,1.0,15.69,1
2025-10-20,12130,1.0,76.99,1
2025-10-20,12134,1.0,76.99,1
2025-10-20,12136,2.0,160.67000000000002,2
2025-10-20,12138,2.0,153.97,1
2025-10-20,1307,1.0,72.57,1
2025-10-20,17222,11.0,844.56,2
2025-10-20,17322,1.0,84.1,1
2025-10-20,17400,5.0,425.88,2
2025-10-20,17501,1.0,34.0,1
2025-10-20,17507,2.5,154.35,2
2025-10-20,17706,1.0,46.03,1
2025-10-20,44022,3.5,335.87,3
2025-10-20,45006,1.0,38.5,1
2025-10-20,4616,4.0,131.23,2
2025-10-20,7160,1.0,42.66,1
2025-10-20,7161,1.0,42.66,1
2025-10-20,7162,1.0,42.66,1
2025-10-21,12130,1.0,83.68,1
2025-10-21,13014,1.0,37.65,1
2025-10-21,17222,1.0,82.8,1
2025-10-21,17706,1.0,46.03,1
2025-10-22,1307,1.0,72.57,1
2025-10-22,1308,1.0,72.57,1
2025-10-22,18121,1.0,35.04,1
2025-10-22,44052,2.0,50.38,1
2025-10-22,45203,1.0,42.54,1
2025-10-22,4620,1.0,20.58,1
2025-10-22,8205,2.0,69.73,1
2025-10-23,12130,1.0,66.95,1
2025-10-23,12136,1.0,66.95,1
2025-10-23,15034,1.0,88.91,1
2025-10-23,17222,1.0,82.8,1
2025-10-23,17400,1.0,91.0,1
2025-10-23,17507,2.0,103.77,1
2025-10-23,17700,1.0,71.41,1
2025-10-23,17704,2.0,142.82,1
2025-10-23,18121,1.0,56.07,1
2025-10-23,2721,3.0,122.18,1
2025-10-23,44022,1.0,79.5,1
2025-10-23,45225,1.0,57.19,1
2025-10-23,8205,1.0,34.87,1
2025-10-23,8215,2.0,54.4,1
2025-10-23,8222,1.0,64.16,1
2025-10-24,10750,1.0,52.3,1
2025-10-24,12130,2.0,167.36,2
2025-10-24,12134,1.0,83.68,1
2025-10-24,12136,2.0,167.36,2
2025-10-24,15034,1.0,88.91,1
2025-10-24,17222,2.0,165.6,2
2025-10-24,17322,2.0,168.2,2
2025-10-24,17400,1.0,91.0,1
2025-10-24,17504,2.0,129.72,2
2025-10-24,17507,1.0,64.86,1
2025-10-24,20002,1.0,50.21,1
2025-10-24,44022,2.0,198.74,2
2025-10-24,4616,4.0,136.68,1
2025-10-24,6153,2.0,87.87,1
2025-10-24,8206,1.0,34.87,1
2025-10-24,8210,2.0,74.62,1
2025-10-24,8222,1.0,64.16,1
2025-10-27,12136,2.0,167.36,1
2025-10-27,12138,1.0,83.68,1
2025-10-27,17507,2.0,129.71,1
2025-10-27,44056,2.0,110.88,1
2025-10-27,45203,1.0,42.54,1
2025-10-27,7161,1.0,46.37,1
2025-10-27,8205,1.0,34.87,1
2025-10-27,8215,1.0,27.19,1
2025-10-27,8216,1.0,27.19,1
2025-10-28,17507,1.0,64.86,1
2025-10-28,45203,2.0,85.08,1
2025-10-28,9302,2.0,38.01,1
2025-10-29,12130,2.0,167.36,2
2025-10-29,12136,4.0,328.03000000000003,3
2025-10-29,15041,1.0,63.36,1
2025-10-29,17114,1.0,89.27,1
2025-10-29,17322,1.0,84.1,1
2025-10-29,20002,1.0,50.21,1
2025-10-29,45203,1.0,42.54,1
2025-10-29,45225,1.0,57.19,1
2025-10-29,7160,2.0,89.03,2
2025-10-29,7162,1.0,42.66,1
2025-10-29,8205,2.0,69.73,1
2025-10-29,8215,1.0,27.19,1
2025-10-30,12136,1.0,80.0,1
2025-10-30,15034,1.0,88.91,1
2025-10-30,17322,1.0,84.1,1
2025-10-30,17504,1.0,64.86,1
2025-10-30,17507,1.0,62.0,1
2025-10-30,18101,1.0,94.66,1
2025-10-30,44071,1.0,30.0,1
2025-10-30,4620,3.0,60.8,2
2025-10-30,8210,1.0,35.66,1
2025-10-30,8222,1.0,64.16,1
2025-10-31,12130,3.0,251.04000000000002,3
2025-10-31,12134,1.0,83.68,1
2025-10-31,12136,3.0,251.04000000000002,2
2025-10-31,12138,2.0,167.36,2
2025-10-31,1307,1.5,108.85,2
2025-10-31,1308,1.5,108.85,2
2025-10-31,15034,1.0,88.91,1
2025-10-31,17400,1.0,91.0,1
2025-10-31,17504,4.0,259.44,4
2025-10-31,17507,3.0,194.57999999999998,3
2025-10-31,17700,1.0,89.27,1
2025-10-31,18101,1.0,99.03,1
2025-10-31,18121,1.0,49.06,1
2025-10-31,20002,1.0,50.21,1
2025-10-31,26001,4.0,18.83,1
2025-10-31,26005,2.0,9.42,1
2025-10-31,26008,3.0,14.100000000000001,2
2025-10-31,26009,5.0,23.5,1
2025-10-31,26100,1.0,7.67,1
2025-10-31,26101,12.0,62.760000000000005,2
2025-10-31,26123,4.0,20.92,1
2025-10-31,2621,1.0,65.38,1
2025-10-31,2721,3.0,152.73,1
2025-10-31,44022,2.0,198.74,2
2025-10-31,45005,1.0,52.3,1
2025-10-31,4616,3.0,102.52,2
2025-10-31,8029,1.0,58.57,1
2025-10-31,8202,2.0,69.74,2
2025-10-31,8205,1.0,34.87,1
2025-10-31,8206,1.0,34.87,1
2025-10-31,8210,3.0,111.93,2
2025-10-31,8215,2.0,54.38,2
2025-10-31,8217,4.0,108.78,2
2025-11-03,1308,1.0,72.57,1
2025-11-03,4500,1.0,42.54,1
2025-11-04,17504,1.0,64.86,1
2025-11-04,17507,1.0,64.86,1
2025-11-04,17706,1.0,55.23,1
2025-11-04,18121,1.0,42.05,1
2025-11-04,45006,9.0,207.89999999999998,2
2025-11-04,4502,2.0,72.81,1
2025-11-04,4620,4.0,82.29,1
2025-11-04,8205,1.0,34.87,1
2025-11-04,8212,2.0,54.38,2
2025-11-04,8216,2.0,54.38,2
2025-11-04,8222,1.0,64.16,1
2025-11-05,12130,1.0,83.68,1
2025-11-05,12136,1.0,83.68,1
2025-11-05,1306,1.0,63.72,1
2025-11-05,1307,0.5,36.28,1
2025-11-05,1308,1.5,108.85,2
2025-11-05,14218,1.0,65.38,1
2025-11-05,17504,2.0,129.72,2
2025-11-05,18121,2.0,84.1,1
2025-11-05,26009,6.0,28.2,1
2025-11-05,44022,1.0,99.37,1
2025-11-05,44072,2.0,103.21,1
2025-11-05,4616,2.0,68.34,2
2025-11-05,4620,2.0,41.14,1
2025-11-05,6153,3.0,131.8,1
2025-11-06,12100,1.0,25.63,1
2025-11-06,17504,1.0,64.86,1
2025-11-06,17507,1.0,64.86,1
2025-11-06,45006,1.0,38.5,1
2025-11-06,8205,1.0,34.87,1
2025-11-10,12130,2.0,167.36,2
2025-11-10,12134,1.0,83.68,1
2025-11-10,12136,2.0,167.36,2
2025-11-10,15030,1.0,53.34,1
2025-11-10,15041,1.0,63.36,1
2025-11-10,17222,1.0,82.8,1
2025-11-10,17400,1.0,79.17,1
2025-11-10,17507,1.0,64.86,1
2025-11-10,18101,1.0,99.03,1
2025-11-10,20002,4.0,200.84,1
2025-11-10,45006,2.0,46.2,1
2025-11-10,4502,1.0,36.4,1
2025-11-10,45225,1.0,57.19,1
2025-11-10,4620,5.0,102.86,1
2025-11-10,8205,3.0,104.6,2
2025-11-10,8210,2.0,74.62,1
2025-11-10,8212,2.0,54.4,1
2025-11-10,8216,3.0,78.06,2
2025-11-10,9302,1.0,38.01,1
2025-11-11,12134,1.0,83.68,1
2025-11-11,12138,1.0,83.68,1
2025-11-11,15043,2.0,126.72,2
2025-11-11,17400,1.0,91.0,1
2025-11-11,17504,1.0,64.86,1
2025-11-11,45203,1.0,42.54,1
2025-11-11,45207,1.0,45.67,1
2025-11-11,4706,1.0,47.42,1
2025-11-11,8118,1.0,32.78,1
2025-11-11,9302,1.0,38.01,1
2025-11-12,12121,1.0,37.31,1
2025-11-12,12125,1.0,34.17,1
2025-11-12,12138,1.0,83.68,1
2025-11-12,1309,1.0,91.15,1
2025-11-12,17222,1.0,82.8,1
2025-11-12,17400,2.0,182.0,1
2025-11-12,17504,1.0,64.86,1
2025-11-12,18121,1.0,42.05,1
2025-11-12,45003,1.0,51.26,1
2025-11-12,45203,3.0,127.62,3
2025-11-12,4616,1.0,34.17,1
2025-11-12,7162,1.0,46.37,1
2025-11-12,8205,2.0,69.73,1
2025-11-13,12136,1.0,83.68,1
2025-11-13,1307,1.0,72.57,1
2025-11-13,17322,1.0,84.1,1
2025-11-13,17507,1.0,64.86,1
2025-11-13,20002,1.0,50.21,1
2025-11-13,45006,1.0,23.1,1
2025-11-14,17400,1.0,91.0,1
2025-11-14,17504,1.0,64.86,1
2025-11-14,17507,2.0,129.72,2
2025-11-14,44022,1.0,99.37,1
2025-11-14,8212,1.0,27.19,1
2025-11-14,8213,1.0,27.19,1
2025-11-14,8216,1.0,27.19,1
2025-11-14,8217,1.0,27.19,1
2025-11-17,17322,1.0,84.1,1
2025-11-17,17400,1.0,91.0,1
2025-11-17,17504,2.0,129.71,1
2025-11-17,44022,1.0,99.37,1
2025-11-17,44072,1.0,51.6,1
2025-11-17,8205,1.0,34.87,1
2025-11-18,17504,1.0,57.86,1
2025-11-18,45005,1.0,46.3,1
2025-11-19,12136,2.0,167.36,2
2025-11-19,1307,1.0,72.57,1
2025-11-19,1308,1.0,72.57,1
2025-11-19,15026,1.0,83.68,1
2025-11-19,17322,1.0,84.1,1
2025-11-19,17400,1.0,91.0,1
2025-11-19,20002,1.0,50.21,1
2025-11-19,45203,1.0,42.54,1
2025-11-19,4616,1.0,34.17,1
2025-11-19,4620,1.0,20.58,1
2025-11-19,4700,1.0,54.04,1
2025-11-19,4706,1.0,47.42,1
2025-11-19,8118,1.0,32.78,1
2025-11-19,8216,1.0,27.19,1
2025-11-20,12130,1.0,75.32,1
2025-11-20,12134,1.0,75.32,1
2025-11-20,12136,1.0,75.32,1
2025-11-20,17222,2.0,149.04,1
2025-11-20,17322,2.0,151.38,1
2025-11-20,17400,1.0,81.9,1
2025-11-20,17501,2.0,122.39,1
2025-11-20,17504,2.0,116.73,1
2025-11-20,17507,3.0,175.11,1
2025-11-20,44022,4.0,357.74,1
2025-11-20,4616,4.0,123.02,1
2025-11-20,4620,1.0,18.51,1
2025-11-20,8202,1.0,31.38,1
2025-11-20,8205,2.0,62.76,1
2025-11-20,8206,2.0,62.76,1
2025-11-20,8212,2.0,48.96,1
2025-11-20,8213,2.0,48.96,1
2025-11-20,8216,3.0,73.43,1
2025-11-20,8217,2.0,48.96,1
2025-11-21,20002,1.0,50.21,1
2025-11-21,8154,1.0,32.78,1
2025-11-21,8210,3.0,111.93,2
2025-11-24,1308,1.0,72.57,1
2025-11-24,15026,1.0,83.68,1
2025-11-24,15030,1.0,88.91,1
2025-11-24,15034,1.0,88.91,1
2025-11-24,17222,1.0,82.8,1
2025-11-24,17322,1.0,84.1,1
2025-11-24,17400,1.0,91.0,1
2025-11-24,17501,1.0,67.99,1
2025-11-24,44072,1.0,51.6,1
2025-11-24,45203,1.0,42.54,1
2025-11-24,45207,1.0,45.67,1
2025-11-25,12130,2.0,167.36,1
2025-11-25,12134,1.0,83.68,1
2025-11-25,15034,1.0,88.91,1
2025-11-25,17322,1.0,84.1,1
2025-11-25,17504,1.0,64.86,1
2025-11-25,17507,3.0,194.57,2
2025-11-25,17704,1.0,89.27,1
2025-11-25,26020,2.0,18.13,1
2025-11-25,44022,1.0,99.37,1
2025-11-25,8118,2.0,65.55,1
2025-11-25,8143,2.0,66.95,1
2025-11-25,8202,1.0,34.87,1
2025-11-25,8205,2.0,69.74,2
2025-11-25,8206,1.0,34.87,1
2025-11-25,8213,1.0,27.19,1
2025-11-25,8215,1.0,27.19,1
2025-11-25,8222,1.0,64.16,1
2025-11-26,12136,1.0,83.68,1
2025-11-27,15034,1.0,88.91,1
2025-11-27,17504,2.0,129.72,2
2025-11-27,18101,1.0,99.03,1
2025-11-27,7162,1.0,46.37,1
2025-11-27,8202,1.0,34.87,1
2025-11-27,8205,2.0,69.74,2
2025-11-27,8225,1.0,67.99,1
2025-11-28,12130,1.0,83.68,1
2025-11-28,12134,2.0,167.36,2
2025-11-28,12136,1.0,83.68,1
2025-11-28,12138,1.0,83.68,1
2025-11-28,14218,1.0,65.38,1
2025-11-28,17504,2.0,129.72,2
2025-11-28,17507,2.0,129.72,2
2025-11-28,20002,1.0,50.21,1
2025-11-28,21010,7.0,35.39,1
2025-11-29,1309,1.0,91.15,1
2025-11-29,45207,1.0,45.67,1
2025-12-01,12130,1.0,75.32,1
2025-12-01,12136,1.0,75.32,1
2025-12-01,12138,1.0,75.32,1
2025-12-01,13014,1.0,33.89,1
2025-12-01,14218,1.0,58.84,1
2025-12-01,15034,1.0,80.02,1
2025-12-01,15041,1.0,57.03,1
2025-12-01,15043,1.0,57.03,1
2025-12-01,15045,1.0,57.03,1
2025-12-01,17114,1.0,80.34,1
2025-12-01,17400,1.0,81.9,1
2025-12-01,17501,1.0,61.19,1
2025-12-01,17504,1.0,58.37,1
2025-12-01,17507,1.0,58.37,1
2025-12-01,44022,1.0,89.43,1
2025-12-01,4502,1.0,54.6,1
2025-12-01,45203,2.0,85.08,2
2025-12-01,8202,1.0,31.38,1
2025-12-01,8207,1.0,31.38,1
2025-12-02,12130,1.0,83.68,1
2025-12-02,12136,2.0,167.36,2
2025-12-02,12138,2.0,167.36,2
2025-12-02,1307,2.0,145.14,2
2025-12-02,15043,1.0,63.36,1
2025-12-02,17400,1.0,54.6,1
2025-12-02,17501,1.0,67.99,1
2025-12-02,17504,1.0,64.86,1
2025-12-02,17507,2.0,129.72,2
2025-12-02,17700,1.0,89.27,1
2025-12-02,17706,1.0,92.05,1
2025-12-02,18101,1.0,99.03,1
2025-12-02,44022,2.0,198.74,2
2025-12-02,4700,1.0,54.04,1
2025-12-02,8118,1.0,32.78,1
2025-12-02,8202,1.0,34.87,1
2025-12-02,8205,2.0,69.74,2
2025-12-02,8206,1.0,34.87,1
2025-12-02,8210,1.0,37.31,1
2025-12-02,8213,1.0,27.19,1
2025-12-02,8216,1.0,27.19,1
2025-12-02,8222,1.0,64.16,1
2025-12-03,15034,1.0,88.91,1
2025-12-03,17222,3.0,248.39999999999998,2
2025-12-03,17322,3.0,252.29999999999998,2
2025-12-03,17400,3.0,163.8,3
2025-12-03,17504,1.0,64.86,1
2025-12-03,17700,1.0,89.27,1
2025-12-03,20002,1.0,50.21,1
2025-12-03,44022,1.0,99.37,1
2025-12-03,4620,1.0,20.58,1
2025-12-03,4706,4.0,113.8,2
2025-12-03,8205,1.0,34.87,1
2025-12-03,8207,1.0,34.87,1
2025-12-03,8222,1.0,64.16,1
2025-12-08,12130,2.0,167.36,1
2025-12-08,12134,2.0,167.36,1
2025-12-08,12136,2.0,167.36,2
2025-12-08,12138,3.0,251.05,1
2025-12-08,15030,6.0,320.09,1
2025-12-08,17400,19.0,1583.4,3
2025-12-08,17504,1.5,97.28,2
2025-12-08,17507,3.0,194.57,1
2025-12-08,17706,1.0,92.05,1
2025-12-08,18101,4.5,445.61,1
2025-12-08,44022,4.0,397.49,2
2025-12-08,45003,4.0,123.01,2
2025-12-08,45225,7.0,400.28000000000003,2
2025-12-08,4616,7.0,239.19,3
2025-12-08,7162,3.0,139.12,1
2025-12-08,8207,11.0,383.55,1
2025-12-08,8210,1.0,37.31,1
2025-12-09,12121,1.0,33.57,1
2025-12-09,12136,1.0,83.68,1
2025-12-09,15026,1.0,83.68,1
2025-12-09,15043,1.0,63.36,1
2025-12-09,17400,1.0,54.6,1
2025-12-09,45006,2.0,73.15,2
2025-12-09,45212,1.0,44.56,1
2025-12-09,4620,2.0,41.14,1
2025-12-09,6210,1.0,30.59,1
2025-12-09,7161,1.0,41.73,1
2025-12-09,7715,2.0,96.03,1
2025-12-09,8213,3.0,81.59,1
2025-12-10,12136,1.0,83.68,1
2025-12-10,15034,1.0,88.91,1
2025-12-10,17400,2.0,109.2,1
2025-12-10,17507,1.0,64.86,1
2025-12-10,4616,1.0,34.17,1
2025-12-11,12134,1.0,83.68,1
2025-12-11,12136,1.0,83.68,1
2025-12-11,20002,1.0,50.21,1
2025-12-11,45005,1.0,52.3,1
2025-12-11,4616,4.0,136.68,1
2025-12-11,8225,1.0,67.99,1
2025-12-12,12136,1.0,83.68,1
2025-12-12,12138,3.0,251.05,1
2025-12-12,17114,1.0,89.27,1
2025-12-12,26100,4.0,30.68,1
2025-12-12,4616,1.0,34.17,1
2025-12-12,4706,1.0,28.45,1
2025-12-12,8143,1.0,33.47,1
2025-12-12,8206,1.0,34.87,1
2025-12-12,8212,1.0,27.19,1
2025-12-12,8217,1.0,27.19,1
2025-12-16,12130,2.0,167.36,2
2025-12-16,12136,2.0,167.36,2
2025-12-16,1307,1.0,72.57,1
2025-12-16,15026,1.0,83.68,1
2025-12-16,15034,1.0,88.91,1
2025-12-17,17400,1.0,91.0,1
2025-12-17,20002,1.0,50.21,1
2025-12-17,4616,2.0,68.35,1
2025-12-17,8205,6.0,209.2,2
2025-12-18,12134,1.0,83.68,1
2025-12-18,12138,1.0,83.68,1
2025-12-18,1308,1.0,72.57,1
2025-12-18,14218,1.0,65.38,1
2025-12-18,17504,2.0,129.71,1
2025-12-18,17507,1.0,64.86,1
2025-12-18,4616,2.0,68.35,1
2025-12-18,8202,1.0,34.87,1
2025-12-18,8206,1.0,34.87,1
2025-12-18,8213,1.0,27.19,1
2025-12-19,12138,1.0,83.68,1
2025-12-19,15026,2.0,167.36,2
2025-12-19,17322,1.0,84.1,1
2025-12-19,17504,1.0,64.86,1
2025-12-19,17507,1.0,55.12,1
2025-12-19,26001,4.0,18.83,1
2025-12-19,8205,1.0,34.87,1
2025-12-22,17400,1.0,54.6,1
2025-12-22,8205,1.0,34.87,1
2025-12-22,8206,1.0,34.87,1
2025-12-22,8207,1.0,34.87,1
2025-12-23,10750,1.0,47.07,1
2025-12-23,12130,1.0,75.32,1
2025-12-23,12134,1.0,75.32,1
2025-12-23,12136,1.0,75.32,1
2025-12-23,12138,1.0,75.32,1
2025-12-23,1306,2.0,114.69,1
2025-12-23,1307,1.0,65.31,1
2025-12-23,1308,1.0,65.31,1
2025-12-23,15041,1.0,57.03,1
2025-12-23,17504,1.0,58.37,1
2025-12-23,17507,1.0,58.37,1
2025-12-23,20002,6.0,281.17,2
2025-12-23,44022,1.0,89.43,1
2025-12-23,4502,2.0,109.2,1
2025-12-23,4616,3.0,92.26,1
2025-12-23,4620,3.0,55.55,1
2025-12-23,4700,4.0,194.57,1
2025-12-23,6153,1.0,43.93,1
2025-12-23,8029,2.0,105.44,1
2025-12-23,8206,1.0,31.38,1
2025-12-27,12136,1.0,83.68,2
2025-12-27,17521,1.0,29.29,1
2025-12-27,45117,1.0,104.6,1
2025-12-27,45203,1.0,42.54,1
2025-12-29,12130,1.0,83.68,1
2025-12-29,12134,2.0,167.36,1
2025-12-29,12136,1.0,83.68,1
2025-12-29,12138,1.0,83.68,1
2025-12-29,45207,2.0,91.35,1
2025-12-29,7161,1.0,46.37,1
2025-12-30,12130,2.0,167.36,2
2025-12-30,12136,1.0,83.68,2
2025-12-30,17222,1.0,82.8,1
2025-12-30,17507,1.0,64.86,1
2025-12-30,18101,1.0,99.03,1
2025-12-30,4616,1.0,34.17,1
2025-12-30,8212,1.0,27.19,1
2025-12-30,8213,1.0,27.19,1
2025-12-30,8216,1.0,27.19,1
2025-12-31,17222,1.0,82.8,1
2025-12-31,17504,1.0,64.86,1
2025-12-31,17507,1.0,64.86,1
2026-01-05,10750,1.0,52.3,1
2026-01-05,12130,2.0,167.36,2
2026-01-05,12134,1.0,83.68,1
2026-01-05,12136,1.0,83.68,1
2026-01-05,1307,2.0,145.14,2
2026-01-05,15034,1.0,88.91,1
2026-01-05,17322,2.0,168.2,2
2026-01-05,17400,1.0,91.0,1
2026-01-05,17504,2.0,129.72,2
2026-01-05,17700,1.0,89.27,1
2026-01-05,20002,1.0,50.21,1
2026-01-05,26020,10.0,90.66,2
2026-01-05,26093,10.0,91.0,2
2026-01-05,44052,1.0,50.38,1
2026-01-05,44072,1.0,51.6,1
2026-01-05,8205,2.0,69.73,1
2026-01-05,8213,2.0,50.04,1
2026-01-05,8216,2.0,50.04,1
2026-01-06,12130,1.0,83.68,1
2026-01-06,12136,1.0,83.68,1
2026-01-06,17322,1.0,84.1,1
2026-01-06,17706,1.0,64.43,1
2026-01-06,4616,2.0,68.34,2
2026-01-06,8206,2.0,69.73,1
2026-01-07,12130,1.0,83.68,1
2026-01-07,12134,2.0,167.36,2
2026-01-07,12136,1.0,83.68,1
2026-01-07,12138,1.0,83.68,1
2026-01-07,1307,1.0,72.57,1
2026-01-07,17322,2.0,168.2,2
2026-01-07,17400,2.0,109.2,1
2026-01-07,17704,1.0,89.27,1
2026-01-07,4616,1.0,34.17,1
2026-01-07,4620,1.0,20.58,1
2026-01-07,6153,2.0,87.87,1
2026-01-07,8202,1.0,34.87,1
2026-01-07,8206,1.0,34.87,1
2026-01-08,10750,1.0,47.07,1
2026-01-08,12130,1.0,83.68,1
2026-01-08,12136,1.0,75.32,1
2026-01-08,12138,1.0,75.32,1
2026-01-08,15026,1.0,75.32,1
2026-01-08,15034,3.0,257.84,2
2026-01-08,17322,4.0,319.58,2
2026-01-08,17504,3.0,194.57,2
2026-01-08,17507,3.0,165.38,1
2026-01-08,17700,1.0,89.27,1
2026-01-08,20002,2.0,100.42,1
2026-01-08,45003,2.0,87.13,1
2026-01-08,45207,1.0,45.67,1
2026-01-08,4614,4.0,96.03,1
2026-01-08,4616,2.0,61.5,1
2026-01-08,4620,1.0,18.51,1
2026-01-08,8206,2.0,62.76,1
2026-01-08,8207,1.0,34.87,1
2026-01-08,8210,1.0,33.57,1
2026-01-08,8212,1.0,24.48,1
2026-01-08,8213,2.0,48.96,1
2026-01-08,8217,1.0,27.19,1
2026-01-08,8225,3.0,203.97,1
2026-01-12,12125,1.0,34.17,1
2026-01-12,17706,1.0,92.05,1
2026-01-12,20002,1.0,50.21,1
2026-01-12,6153,3.0,131.8,1
2026-01-12,7162,1.0,46.37,1
2026-01-14,12121,1.0,37.31,1
2026-01-14,12130,2.0,167.36,2
2026-01-14,12134,1.0,83.68,1
2026-01-14,12136,3.0,251.04000000000002,3
2026-01-14,15026,2.0,167.36,2
2026-01-14,15034,2.0,177.82,2
2026-01-14,17114,1.0,89.27,1
2026-01-14,17222,2.0,165.6,1
2026-01-14,17322,3.0,252.29999999999998,2
2026-01-14,17400,3.0,273.0,2
2026-01-14,17504,4.0,259.43,3
2026-01-14,17507,2.0,110.26,1
2026-01-14,17704,1.0,89.27,1
2026-01-14,20002,1.0,50.21,1
2026-01-14,26001,5.0,23.54,1
2026-01-14,26101,5.0,26.15,1
2026-01-14,44022,1.0,99.37,1
2026-01-14,45203,1.0,42.54,1
2026-01-14,45207,1.0,45.67,1
2026-01-14,4616,4.0,136.68,1
2026-01-14,4700,1.0,54.04,1
2026-01-14,4706,1.0,33.19,1
2026-01-14,7161,1.0,46.37,1
2026-01-14,7162,1.0,46.37,1
2026-01-14,8154,2.0,65.55,1
2026-01-15,17222,1.0,82.8,1
2026-01-15,17322,1.0,84.1,1
2026-01-15,17400,1.0,91.0,1
2026-01-15,8206,1.0,34.87,1
2026-01-16,17222,1.0,82.8,1
2026-01-16,17400,1.0,91.0,1
2026-01-16,17504,1.0,64.86,1
2026-01-16,8118,1.0,32.78,1
2026-01-19,1308,1.0,72.57,1
2026-01-19,8153,1.0,31.04,1
2026-01-20,12100,1.0,25.63,1
2026-01-20,12130,1.0,83.68,1
2026-01-20,12136,1.0,83.68,1
2026-01-20,17322,1.0,84.1,1
2026-01-20,20002,1.0,50.21,1
2026-01-20,26101,4.0,20.92,1
2026-01-20,44022,1.0,99.37,1
2026-01-20,45003,1.0,30.75,1
2026-01-20,45207,1.0,45.67,1
2026-01-20,45225,1.0,57.19,1
2026-01-20,4620,1.0,20.58,1
2026-01-20,8206,1.0,34.87,1
2026-01-20,8217,1.0,27.19,1
2026-01-21,12130,1.0,83.68,1
2026-01-21,12136,1.0,83.68,1
2026-01-21,17222,1.0,82.8,1
2026-01-21,17322,1.0,84.1,1
2026-01-21,4500,1.0,42.54,1
2026-01-21,8212,1.0,27.19,1
2026-01-21,8216,1.0,27.19,1
2026-01-22,12136,1.0,83.68,1
2026-01-22,17114,0.5,44.63,1
2026-01-22,17504,1.0,64.86,1
2026-01-22,18101,1.0,99.03,1
2026-01-22,4616,2.0,68.35,1
2026-01-22,8206,1.0,34.87,1
2026-01-22,8210,2.0,74.62,1
2026-01-22,8212,1.0,27.19,1
2026-01-23,10750,1.0,52.3,1
2026-01-23,12100,1.0,25.63,1
2026-01-23,12130,1.0,83.68,1
2026-01-23,12134,1.0,83.68,1
2026-01-23,12136,1.0,83.68,1
2026-01-23,17222,1.0,82.8,1
2026-01-23,17400,1.5,136.5,2
2026-01-23,17504,0.5,32.42,1
2026-01-23,17704,1.0,89.27,1
2026-01-23,4616,1.0,34.17,1
2026-01-23,8206,1.0,34.87,1
2026-01-26,12130,1.0,83.68,1
2026-01-26,12136,3.0,251.04000000000002,3
2026-01-26,12138,1.0,83.68,1
2026-01-26,17322,1.0,84.1,1
2026-01-26,17400,2.0,182.0,2
2026-01-26,17700,1.0,89.27,1
2026-01-26,17706,1.0,92.05,1
2026-01-26,20002,2.0,100.42,1
2026-01-26,2621,2.0,130.75,1
2026-01-26,44022,1.0,99.37,1
2026-01-26,45207,1.0,45.67,1
2026-01-26,45225,1.0,57.19,1
2026-01-26,7160,1.0,46.37,1
2026-01-26,8212,3.0,81.59,2
2026-01-28,12130,1.0,83.68,1
2026-01-28,13016,1.0,32.76,1
2026-01-28,20002,1.0,50.21,1
2026-01-28,6153,1.0,43.93,1
2026-01-28,7160,1.0,46.37,1
2026-01-28,7162,2.0,92.75,1
2026-01-28,8212,4.0,108.79,1
2026-01-29,12130,1.0,83.68,1
2026-01-29,12134,1.0,121.7,1
2026-01-29,12138,1.0,83.68,1
2026-01-29,1307,1.0,106.5,1
2026-01-29,1308,1.0,106.5,1
2026-01-29,15034,1.0,129.3,1
2026-01-29,17322,1.0,122.3,1
2026-01-29,17501,1.0,67.99,1
2026-01-29,17504,1.0,64.86,1
2026-01-29,17507,1.0,64.86,1
2026-01-29,17704,1.0,129.8,1
2026-01-29,18101,2.0,288.0,1
2026-01-29,4616,4.0,167.74,3
2026-01-29,4700,1.0,54.04,1
2026-01-29,8206,3.0,152.1,1
2026-01-29,8210,1.0,37.31,1
2026-01-29,8225,1.0,98.9,1
2026-01-30,10750,1.0,47.07,1
2026-01-30,12130,1.0,75.32,1
2026-01-30,12134,1.0,75.32,1
2026-01-30,12136,2.0,150.63,1
2026-01-30,12138,1.0,75.32,1
2026-01-30,1308,1.0,72.57,1
2026-01-30,15034,1.0,80.02,1
2026-01-30,17114,1.0,80.34,1
2026-01-30,17222,1.0,74.52,1
2026-01-30,17400,1.0,81.9,1
2026-01-30,17504,2.0,116.73,1
2026-01-30,17521,1.0,26.36,1
2026-01-30,17706,1.0,82.85,1
2026-01-30,18101,1.0,99.03,1
2026-01-30,2621,1.0,58.84,1
2026-01-30,44022,1.0,49.69,1
2026-01-30,4706,1.0,23.71,1
2026-01-30,7162,1.0,41.73,1
2026-01-30,8212,3.0,81.59,1
2026-01-30,8213,1.0,24.48,1
2026-02-02,17400,1.0,91.0,1
2026-02-02,17507,1.0,64.86,1
2026-02-02,20002,1.0,50.21,1
2026-02-02,4616,1.0,34.17,1
2026-02-02,8206,1.0,34.87,1
2026-02-02,8212,1.0,27.19,1
2026-02-02,8216,1.0,27.19,1
2026-02-03,12130,1.0,83.68,1
2026-02-03,12136,4.0,334.73,2
2026-02-03,1307,2.0,145.14,2
2026-02-03,1308,1.0,72.57,1
2026-02-03,15034,1.0,88.91,1
2026-02-03,17114,1.0,89.27,1
2026-02-03,17322,1.0,84.1,1
2026-02-03,17400,2.0,182.0,2
2026-02-03,17507,1.0,64.86,1
2026-02-03,18101,1.0,99.03,1
2026-02-03,20002,2.0,100.42,1
2026-02-03,45005,1.0,52.3,1
2026-02-03,45203,2.0,85.08,1
2026-02-03,8118,1.0,32.78,1
2026-02-03,8216,2.0,54.4,1
2026-02-04,12136,1.0,83.68,1
2026-02-04,12138,1.0,83.68,1
2026-02-04,1307,1.0,72.57,1
2026-02-04,17114,3.0,267.79,2
2026-02-04,17115,1.0,146.44,1
2026-02-04,17222,1.0,82.8,1
2026-02-04,17507,2.0,129.72,2
2026-02-04,20002,1.0,50.21,1
2026-02-04,2621,2.0,130.76,2
2026-02-04,44022,1.0,99.37,1
2026-02-04,4500,1.0,42.54,1
2026-02-04,4616,1.0,34.17,1
2026-02-04,6153,1.0,43.93,1
2026-02-04,7161,1.0,46.37,1
2026-02-04,8206,1.0,34.87,1
2026-02-04,8207,3.0,104.6,1
2026-02-04,8210,2.0,74.62,2
2026-02-05,10750,1.0,52.3,1
2026-02-05,12121,1.0,22.39,1
2026-02-05,12138,0.5,41.84,1
2026-02-05,15026,0.5,41.84,1
2026-02-05,17114,0.5,44.63,1
2026-02-05,17322,0.5,42.05,1
2026-02-05,17507,1.5,64.84,2
2026-02-05,17700,1.0,44.63,1
2026-02-05,45212,1.0,49.51,1
2026-02-05,45225,4.0,137.24,1
2026-02-05,8206,1.0,34.87,1
2026-02-05,8217,1.0,27.19,1
2026-02-06,17507,1.0,32.42,1
2026-02-09,12100,2.0,51.26,1
2026-02-09,12130,0.5,41.84,1
2026-02-09,12134,1.0,83.68,1
2026-02-09,12136,2.0,167.36,2
2026-02-09,1307,1.0,72.57,1
2026-02-09,1308,1.0,72.56,2
2026-02-09,15034,1.0,88.91,1
2026-02-09,17114,2.0,178.54,2
2026-02-09,17400,1.0,91.0,1
2026-02-09,17504,0.5,32.42,1
2026-02-09,17507,1.0,64.86,1
2026-02-09,44072,1.0,51.6,1
2026-02-09,4620,1.0,20.58,1
2026-02-09,8153,1.0,31.04,1
2026-02-09,8213,1.0,27.19,1
2026-02-10,12130,1.0,83.68,1
2026-02-10,12136,1.5,125.52000000000001,2
2026-02-10,15030,1.0,44.46,1
2026-02-10,17222,1.0,82.8,1
2026-02-10,17322,1.0,75.69,1
2026-02-10,17400,2.0,149.57999999999998,2
2026-02-10,17507,2.0,139.01999999999998,2
2026-02-10,17706,1.0,105.28,1
2026-02-10,20002,1.0,57.44,1
2026-02-10,2621,0.5,32.69,1
2026-02-10,44022,1.0,99.37,1
2026-02-10,4620,2.0,44.099999999999994,2
2026-02-10,8206,2.0,74.78999999999999,2
2026-02-10,8207,1.0,34.87,1
2026-02-10,8210,1.0,42.72,1
2026-02-11,12130,1.0,83.68,1
2026-02-11,12136,0.5,41.84,1
2026-02-11,12138,1.0,83.68,1
2026-02-11,1308,1.0,72.57,1
2026-02-11,14218,1.0,65.38,1
2026-02-11,15041,2.0,76.04,1
2026-02-11,15043,1.0,50.69,1
2026-02-11,17222,1.0,82.8,1
2026-02-11,17322,1.0,84.1,1
2026-02-11,17400,2.0,182.0,2
2026-02-11,17504,2.0,129.72,2
2026-02-11,17507,2.0,129.72,2
2026-02-11,17704,1.0,89.27,1
2026-02-11,17706,1.0,92.05,1
2026-02-11,20002,3.0,150.63,2
2026-02-11,2621,0.5,32.69,1
2026-02-11,45225,2.0,68.62,1
2026-02-11,4616,1.0,34.17,1
2026-02-11,8210,2.0,74.62,2
2026-02-11,8216,2.0,54.4,1
2026-02-12,12136,2.0,167.36,2
2026-02-12,17400,1.0,45.5,1
2026-02-12,17504,1.0,64.86,1
2026-02-12,17507,1.0,64.86,1
2026-02-12,20002,2.0,100.42,2
2026-02-12,2621,1.0,65.38,1
2026-02-12,4616,2.0,68.35,1
2026-02-12,4620,4.0,82.3,2
2026-02-12,8210,1.0,37.31,1
2026-02-13,12136,2.0,167.36,1
2026-02-13,44022,1.0,99.37,1
2026-02-13,7162,1.0,46.37,1
2026-02-13,7715,1.0,53.34,1
2026-02-13,8210,1.0,37.31,1
2026-02-16,12130,2.0,167.36,1
2026-02-16,12134,1.0,75.32,1
2026-02-16,12136,1.0,75.32,1
2026-02-16,12138,1.0,75.32,1
2026-02-16,1307,1.0,65.31,1
2026-02-16,1308,1.0,65.31,1
2026-02-16,15034,1.0,80.02,1
2026-02-16,17114,1.0,80.34,1
2026-02-16,17507,1.0,58.37,1
2026-02-16,45203,1.0,42.54,1
2026-02-16,4616,1.0,30.75,1
2026-02-16,8206,1.0,31.38,1
2026-02-17,12130,1.0,83.68,1
2026-02-17,12136,2.0,159.0,2
2026-02-17,12138,2.0,159.0,2
2026-02-17,17114,1.0,80.34,1
2026-02-17,17322,2.0,159.79,2
2026-02-17,17504,1.0,64.86,1
2026-02-17,17507,2.0,123.22999999999999,2
2026-02-17,20002,1.0,45.19,1
2026-02-17,44022,1.0,89.43,1
2026-02-17,4500,1.0,38.28,1
2026-02-17,45203,2.0,85.08,1
2026-02-17,4616,3.0,92.26,1
2026-02-17,8123,1.0,32.08,1
2026-02-17,8153,1.0,27.93,1
2026-02-17,8206,2.0,62.76,1
2026-02-17,8210,2.0,67.16,1
2026-02-17,8212,4.0,98.63000000000001,2
2026-02-17,8216,5.0,122.39000000000001,2
2026-02-18,12130,2.0,215.4,1
2026-02-18,12136,4.0,377.02,3
2026-02-18,15034,1.0,88.91,1
2026-02-18,17400,1.0,91.0,1
2026-02-18,17504,2.0,167.0,1
2026-02-18,17507,3.0,231.86,2
2026-02-18,17704,1.0,89.27,1
2026-02-18,18101,1.0,99.03,1
2026-02-18,20002,3.0,165.01999999999998,2
2026-02-18,44056,1.0,71.4,1
2026-02-18,8118,1.0,42.2,1
2026-02-18,8123,1.0,41.3,1
2026-02-18,8143,2.0,86.2,1
2026-02-18,8154,1.0,42.2,1
2026-02-18,8206,3.0,134.7,1
2026-02-18,8216,1.0,27.19,1
2026-02-19,12130,1.0,83.68,1
2026-02-19,12136,2.0,167.36,2
2026-02-19,17222,1.0,82.8,1
2026-02-19,17322,2.0,168.2,2
2026-02-19,17504,4.0,278.87,2
2026-02-19,20002,2.0,100.42,1
2026-02-19,26005,1.0,4.71,1
2026-02-19,26008,6.0,28.2,1
2026-02-19,26009,2.0,9.4,1
2026-02-19,26101,6.0,31.38,1
2026-02-19,26104,2.0,15.35,1
2026-02-19,26123,6.0,31.38,1
2026-02-19,45203,1.0,42.54,1
2026-02-19,45207,1.0,45.67,1
2026-02-19,4616,1.0,34.17,1
2026-02-19,8213,2.0,54.4,1
2026-02-19,8216,2.0,54.38,2
2026-02-20,10750,1.0,74.8,1
2026-02-20,12138,1.0,77.82,1
2026-02-20,1309,1.0,91.15,1
2026-02-20,17322,1.0,84.1,1
2026-02-20,17504,1.0,64.86,1
2026-02-20,17507,1.0,64.86,1
2026-02-20,26009,5.0,23.5,2
2026-02-20,44022,1.0,99.37,1
2026-02-20,45207,1.0,45.67,1
2026-02-20,4616,1.0,34.17,1
2026-02-20,7160,1.0,46.37,1
2026-02-20,7161,1.0,46.37,1
2026-02-20,7162,1.0,46.37,1
2026-02-20,8210,2.0,74.62,1
2026-02-23,12134,2.0,167.36,2
2026-02-23,12136,1.0,83.68,1
2026-02-23,1307,1.0,63.13,1
2026-02-23,17504,2.0,129.72,2
2026-02-23,17507,2.0,157.56,2
2026-02-23,2621,1.0,65.38,1
2026-02-23,7160,1.0,66.3,1
2026-02-23,8216,2.0,47.32,1
2026-02-23,8217,1.0,27.19,1
2026-02-24,12130,1.0,83.68,1
2026-02-24,12134,1.0,83.68,1
2026-02-24,12136,3.0,251.04000000000002,2
2026-02-24,12138,1.0,83.68,1
2026-02-24,13014,1.0,33.89,1
2026-02-24,1307,2.0,145.14,2
2026-02-24,1308,1.0,63.13,1
2026-02-24,14218,1.0,55.57,1
2026-02-24,15034,2.0,177.82,1
2026-02-24,17322,0.5,42.05,1
2026-02-24,17400,3.5,318.5,3
2026-02-24,17504,2.5,162.14,3
2026-02-24,20002,2.0,100.42,2
2026-02-24,44022,1.0,99.37,1
2026-02-24,4502,1.0,60.67,1
2026-02-24,4616,4.0,136.68,2
2026-02-24,6153,2.0,87.86,2
2026-02-24,8205,7.0,226.99,2
2026-02-24,8207,1.0,34.87,1
2026-02-24,8210,1.0,37.31,1
2026-02-24,8216,1.0,27.19,1
2026-02-24,8217,1.0,23.66,1
2026-02-25,10750,1.0,52.3,1
2026-02-25,12100,2.0,51.26,1
2026-02-25,12130,2.0,167.36,2
2026-02-25,12134,0.5,41.84,1
2026-02-25,12136,3.0,239.32,4
2026-02-25,13014,1.0,37.65,1
2026-02-25,15034,1.0,82.69,1
2026-02-25,17400,1.0,84.63,1
2026-02-25,17504,0.5,32.42,1
2026-02-25,17507,1.0,64.86,1
2026-02-25,17704,0.5,44.63,1
2026-02-25,20002,1.0,46.7,1
2026-02-25,8123,1.0,32.08,1
2026-02-25,8203,3.0,99.72999999999999,2
2026-02-26,10750,1.0,52.3,1
2026-02-26,1308,1.0,72.57,1
2026-02-26,17114,1.0,89.27,1
2026-02-26,17504,4.0,259.43,3
2026-02-26,17507,3.0,194.57999999999998,3
2026-02-26,18101,1.0,99.03,1
2026-02-26,20002,1.0,50.21,1
2026-02-26,44022,1.0,99.37,1
2026-02-26,4620,5.0,102.86,2
2026-02-26,8203,1.0,34.87,1
2026-02-26,8207,1.0,34.87,1
2026-02-26,8210,1.0,37.31,1
2026-02-26,8216,1.0,27.19,1
2026-02-27,12130,2.0,167.36,1
2026-02-27,12134,1.0,83.68,1
2026-02-27,12136,2.0,159.0,2
2026-02-27,1307,2.0,137.88,2
2026-02-27,15026,1.0,83.68,1
2026-02-27,17114,2.0,178.54,2
2026-02-27,17222,1.0,82.8,1
2026-02-27,17322,2.0,159.79,2
2026-02-27,17400,1.0,91.0,1
2026-02-27,17504,3.0,188.09,3
2026-02-27,17507,2.0,116.73,1
2026-02-27,17700,1.0,89.27,1
2026-02-27,17706,1.0,92.05,1
2026-02-27,18101,1.0,99.03,1
2026-02-27,20002,2.0,100.42,1
2026-02-27,26004,4.0,18.83,1
2026-02-27,26006,4.0,18.8,1
2026-02-27,4502,1.0,54.6,1
2026-02-27,45203,1.0,42.54,1
2026-02-27,45207,1.0,45.67,1
2026-02-27,4616,6.0,191.37,2
2026-02-27,7160,2.0,119.34,1
2026-02-27,7161,2.0,119.34,1
2026-02-27,8203,1.0,34.87,1
2026-02-27,8205,1.0,31.38,1
2026-02-27,8206,2.0,69.73,1
2026-02-27,8210,1.0,33.57,1
2026-02-27,8215,2.0,48.96,1
2026-02-27,8216,2.0,48.96,1
2026-03-02,10750,1.0,54.06,1
2026-03-02,12130,1.0,89.42,1
2026-03-02,12136,3.0,268.26,3
2026-03-02,1307,1.0,72.57,1
2026-03-02,1308,1.0,72.57,1
2026-03-02,15034,1.0,95.02,1
2026-03-02,17222,2.0,165.6,1
2026-03-02,17322,2.0,168.2,1
2026-03-02,17400,1.0,91.0,1
2026-03-02,17501,2.0,140.54,2
2026-03-02,17504,2.0,134.08,2
2026-03-02,17507,2.0,145.08,2
2026-03-02,17700,1.5,147.07999999999998,2
2026-03-02,20002,1.0,57.66,1
2026-03-02,44022,1.0,102.72,1
2026-03-02,4620,7.0,144.01999999999998,3
2026-03-02,8153,1.0,31.04,1
2026-03-02,8205,1.0,34.87,1
2026-03-02,8222,1.0,64.16,1
2026-03-02,8225,1.0,63.23,1
2026-03-03,12130,3.0,268.26,3
2026-03-03,12136,1.0,89.42,1
2026-03-03,1308,1.0,72.57,1
2026-03-03,15026,1.0,89.42,1
2026-03-03,17507,1.0,72.54,1
2026-03-03,18101,2.0,209.95,2
2026-03-03,20002,1.0,57.66,1
2026-03-03,26093,14.0,118.48,1
2026-03-03,44022,1.0,102.72,1
2026-03-03,4500,2.0,80.82,2
2026-03-03,7707,1.0,46.73,1
2026-03-03,8203,1.0,34.87,1
2026-03-03,8205,6.0,194.57,1
2026-03-04,12136,1.0,89.42,1
2026-03-04,1307,2.0,134.97,1
2026-03-04,14218,1.0,54.06,1
2026-03-04,17504,1.0,67.04,1
2026-03-04,17704,0.5,49.03,1
2026-03-04,4616,1.0,31.78,1
2026-03-04,7160,1.0,43.12,1
2026-03-04,8205,2.0,64.86,1
2026-03-05,12100,1.0,25.63,1
2026-03-05,12121,1.0,37.31,1
2026-03-05,12130,2.0,173.10000000000002,2
2026-03-05,12138,1.0,89.42,1
2026-03-05,1307,1.0,75.68,1
2026-03-05,15030,1.0,95.02,1
2026-03-05,17222,2.0,182.02,2
2026-03-05,17322,1.5,138.57999999999998,2
2026-03-05,17400,1.5,145.88,2
2026-03-05,17504,1.0,67.04,1
2026-03-05,18101,1.0,108.78,1
2026-03-05,18121,3.0,241.46999999999997,2
2026-03-05,20002,2.0,107.87,2
2026-03-05,26001,2.0,9.4,1
2026-03-05,26101,2.0,10.46,1
2026-03-05,45003,1.0,30.75,1
2026-03-05,45207,1.0,47.21,1
2026-03-05,45212,1.0,49.51,1
2026-03-05,4616,3.0,110.60000000000001,2
2026-03-05,4620,1.0,20.58,1
2026-03-05,4700,1.0,57.75,1
2026-03-05,7716,1.0,53.34,1
2026-03-05,8123,2.0,65.24,2
2026-03-05,8203,2.0,74.52,2
2026-03-05,8205,5.0,186.29999999999998,4
2026-03-05,8207,1.0,37.26,1
2026-03-05,8210,1.0,40.98,1
2026-03-05,8215,2.0,58.12,2
2026-03-06,12138,1.0,89.42,1
2026-03-06,15030,1.0,95.02,1
2026-03-06,26001,4.0,19.46,1
2026-03-06,8202,1.0,37.26,1
2026-03-06,8203,1.0,37.26,1
2026-03-06,8207,1.0,37.26,1
2026-03-09,10750,1.0,54.06,1
2026-03-09,12130,2.0,178.84,2
2026-03-09,12134,1.0,89.42,1
2026-03-09,12136,2.0,178.84,2
2026-03-09,12138,1.0,89.42,1
2026-03-09,15034,0.5,47.5,1
2026-03-09,17322,1.0,92.39,1
2026-03-09,17400,1.0,97.25,1
2026-03-09,17501,1.0,70.27,1
2026-03-09,17504,2.5,167.57999999999998,2
2026-03-09,17507,1.0,72.54,2
2026-03-09,20002,2.0,115.32,2
2026-03-09,44022,1.0,102.72,1
2026-03-09,4620,1.0,21.27,1
2026-03-10,12125,1.0,35.32,1
2026-03-10,1307,1.5,113.52000000000001,2
2026-03-10,1308,1.0,75.68,1
2026-03-10,15026,0.5,44.72,1
2026-03-10,17114,0.5,49.03,1
2026-03-10,17322,0.5,46.19,1
2026-03-10,17400,0.5,48.63,1
2026-03-10,17507,1.0,72.54,1
2026-03-10,17700,0.5,49.03,1
2026-03-10,20002,1.0,57.66,1
2026-03-10,4500,1.0,39.58,1
2026-03-10,4616,1.0,38.22,1
2026-03-10,8222,1.5,105.72,2
2026-03-11,12134,1.0,89.42,1
2026-03-11,12138,1.0,89.42,1
2026-03-11,1307,1.0,75.68,1
2026-03-11,15034,0.5,47.5,1
2026-03-11,17501,0.5,35.14,1
2026-03-11,17504,2.0,134.08,2
2026-03-11,20002,1.0,57.66,1
2026-03-12,12130,0.5,44.72,1
2026-03-12,12136,1.5,134.14,2
2026-03-12,12138,1.0,89.42,1
2026-03-12,1307,1.0,75.68,1
2026-03-12,1308,1.0,75.68,1
2026-03-12,15034,0.5,47.5,1
2026-03-12,17400,1.5,145.88,2
2026-03-12,17504,1.0,67.04,1
2026-03-12,17507,2.0,145.08,3
2026-03-12,18121,1.0,80.49,1
2026-03-12,4616,2.0,76.44,2
2026-03-12,8029,1.0,62.6,1
2026-03-12,8210,2.0,81.96,1
2026-03-12,8212,1.0,29.06,1
2026-03-12,8215,1.0,29.06,1
2026-03-12,8216,1.0,29.06,1
2026-03-12,8222,1.0,70.48,1
2026-03-13,10750,1.0,48.65,1
2026-03-13,12100,1.0,35.28,1
2026-03-13,12130,1.0,80.49,1
2026-03-13,12134,1.0,80.49,1
2026-03-13,12138,1.0,89.42,1
2026-03-13,15034,1.0,85.51,1
2026-03-13,17115,2.0,242.19,1
2026-03-13,17222,1.0,81.91,1
2026-03-13,17400,1.0,87.52,1
2026-03-13,17501,1.0,63.25,1
2026-03-13,18101,1.0,97.9,1
2026-03-13,45225,3.0,106.39,1
2026-03-13,4620,1.0,19.13,1
2026-03-13,8210,1.0,36.88,1
2026-03-13,8215,1.0,26.16,1
2026-03-13,8217,1.0,26.16,1
2026-03-13,8222,1.0,63.43,1
2026-03-16,12130,1.0,89.42,1
2026-03-16,12134,1.0,89.42,1
2026-03-16,12136,2.0,178.84,2
2026-03-16,12138,1.0,89.42,1
2026-03-16,1307,1.0,75.68,1
2026-03-16,14218,1.0,54.06,1
2026-03-16,15034,0.5,47.5,1
2026-03-16,17222,1.0,91.01,1
2026-03-16,17400,0.5,48.63,1
2026-03-16,17501,1.0,70.27,1
2026-03-16,17504,1.0,67.04,1
2026-03-16,17507,1.5,108.81,2
2026-03-16,17700,1.0,98.06,2
2026-03-16,17704,0.5,49.03,1
2026-03-16,17706,1.0,50.56,1
2026-03-16,44022,1.0,102.72,1
2026-03-16,45203,2.0,113.18,1
2026-03-16,4616,6.0,229.31,2
2026-03-16,4620,4.0,85.05,1
2026-03-16,6153,1.0,46.95,1
2026-03-16,7706,2.0,103.58,1
2026-03-16,8203,1.0,37.26,1
2026-03-16,8205,1.0,37.26,1
2026-03-16,8207,1.0,37.26,1
2026-03-16,8210,1.0,40.98,1
2026-03-16,8215,1.0,29.06,1
2026-03-16,8216,1.0,29.06,1
2026-03-16,8222,1.0,70.48,1
2026-03-16,8225,1.0,70.27,1
2026-03-17,12136,1.0,89.42,1
2026-03-17,1307,1.0,75.68,1
2026-03-17,17322,1.0,92.39,1
2026-03-17,17400,2.0,194.5,2
2026-03-17,17501,1.0,70.28,2
2026-03-17,17504,2.0,134.08,2
2026-03-17,17507,2.0,145.08,2
2026-03-17,18101,1.0,108.78,1
2026-03-17,44022,2.0,205.44,2
2026-03-17,44056,1.0,57.3,1
2026-03-17,4616,2.0,76.44,2
2026-03-17,4620,2.0,42.53,1
2026-03-17,4700,1.0,57.75,1
2026-03-17,8143,1.0,34.6,1
2026-03-17,8202,1.0,37.26,1
2026-03-17,8203,1.0,37.26,1
2026-03-17,8205,1.0,37.26,1
2026-03-17,8216,1.0,29.06,1
2026-03-17,8217,1.0,29.06,1
2026-03-18,12136,1.0,102.27,2
2026-03-18,1308,1.0,75.68,1
2026-03-18,17222,0.5,58.57,1
2026-03-18,17400,2.0,194.5,1
2026-03-18,17504,1.5,100.55000000000001,2
2026-03-18,17700,0.5,49.03,1
2026-03-18,4620,1.0,21.27,1
2026-03-18,8154,1.0,43.6,1
2026-03-18,8202,1.0,37.26,1
2026-03-18,8203,1.0,37.26,1
2026-03-18,8205,2.0,74.52,2
2026-03-18,8206,1.0,37.26,1
2026-03-18,8207,1.0,47.96,1
2026-03-18,8216,1.0,29.06,1
2026-03-19,12130,1.0,89.42,1
2026-03-19,12134,1.0,89.42,1
2026-03-19,12138,1.0,89.42,1
2026-03-19,17322,1.0,92.39,1
2026-03-19,17507,1.0,72.54,1
2026-03-19,18121,1.0,80.49,1
2026-03-19,4620,1.0,21.27,1
2026-03-19,8203,2.0,74.52,1
2026-03-19,8205,2.0,74.52,1
2026-03-19,8207,2.0,74.52,1
2026-03-20,12130,1.0,89.42,1
2026-03-20,12134,1.0,89.42,1
2026-03-20,12136,1.0,89.42,1
2026-03-20,12138,1.0,89.42,1
2026-03-20,17706,0.5,25.28,1
2026-03-20,18121,1.0,80.49,1
2026-03-20,4620,1.0,21.27,1
2026-03-20,8215,2.0,29.06,1
2026-03-23,1307,2.0,151.36,2
2026-03-23,17322,1.0,92.39,1
2026-03-23,17400,1.0,97.25,1
2026-03-23,17507,1.0,72.54,1
2026-03-23,18121,1.0,80.49,1
2026-03-23,20002,2.0,115.33,1
2026-03-23,4502,1.0,62.71,1
2026-03-23,45215,1.0,39.28,1
2026-03-23,7162,1.0,47.93,1
2026-03-23,8216,1.0,29.06,1
2026-03-23,8217,1.0,29.06,1
2026-03-24,10750,0.5,27.03,1
2026-03-24,12130,3.0,259.33,3
2026-03-24,12136,2.5,205.7,3
2026-03-24,12138,1.0,80.49,1
2026-03-24,13016,1.0,35.03,1
2026-03-24,1306,1.0,60.01,1
2026-03-24,1307,0.5,37.84,1
2026-03-24,1308,1.0,68.11,1
2026-03-24,14218,1.0,60.81,1
2026-03-24,15030,1.0,85.51,1
2026-03-24,15034,1.0,85.51,1
2026-03-24,15041,1.0,64.87,1
2026-03-24,15043,1.0,64.87,1
2026-03-24,17114,2.0,176.5,2
2026-03-24,17115,1.5,196.77999999999997,2
2026-03-24,17322,1.0,83.15,1
2026-03-24,17400,1.0,87.52,1
2026-03-24,17501,1.5,98.39,2
2026-03-24,17504,4.0,248.01,4
2026-03-24,17507,3.5,232.12,3
2026-03-24,17704,0.5,49.03,1
2026-03-24,20002,1.0,51.9,1
2026-03-24,2621,2.0,121.62,2
2026-03-24,2721,1.0,47.35,1
2026-03-24,44022,1.0,92.44,1
2026-03-24,45117,1.0,97.31,1
2026-03-24,4616,7.0,240.78000000000003,2
2026-03-24,4620,2.0,38.27,1
2026-03-24,8202,2.0,67.06,2
2026-03-24,8205,2.0,67.06,2
2026-03-24,8210,1.0,40.98,1
2026-03-24,8215,1.0,29.06,1
2026-03-25,17222,0.5,45.5,1
2026-03-25,17400,0.5,48.63,1
2026-03-25,7160,1.0,47.93,1
2026-03-25,8217,2.0,58.12,1
2026-03-25,8222,1.0,70.48,1
2026-03-26,12136,1.0,89.42,1
2026-03-26,8203,1.0,37.26,1
2026-03-26,8205,2.0,74.52,1
2026-03-26,8210,1.0,40.98,1
2026-03-26,8222,1.0,70.48,1
2026-03-27,12130,0.5,41.58,1
2026-03-27,12136,0.5,41.58,1
2026-03-27,20002,1.0,57.66,1
2026-03-27,4620,1.0,21.27,1
2026-03-27,8123,1.0,33.16,1
2026-03-27,8153,1.0,32.08,1
2026-03-29,12136,1.0,89.42,1
2026-03-30,12130,2.5,241.23000000000002,3
2026-03-30,12134,1.0,89.42,1
2026-03-30,12136,1.5,134.14,2
2026-03-30,12138,1.0,89.42,1
2026-03-30,1308,1.0,65.84,1
2026-03-30,17222,1.5,136.51,2
2026-03-30,17504,1.0,67.02,1
2026-03-30,17507,1.0,72.54,1
2026-03-30,4500,1.0,43.96,1
2026-03-30,45207,1.0,47.21,1
2026-03-30,8210,2.0,81.96,2
2026-03-30,8215,1.0,29.06,1
2026-03-30,8216,1.0,29.06,1
2026-03-30,8217,3.0,85.08,2
2026-03-30,8222,0.5,35.24,1
2026-03-31,12130,2.0,178.86,3
2026-03-31,12138,1.5,134.14,2
2026-03-31,17507,2.0,145.07,1
2026-03-31,20002,1.0,57.66,1
2026-04-05,20002,1.0,57.66,1
2026-04-06,12130,3.0,268.27,2
2026-04-06,12134,1.0,80.49,1
2026-04-06,12136,2.0,178.84,2
2026-04-06,12138,1.0,80.49,1
2026-04-06,1306,1.0,60.01,1
2026-04-06,1307,2.0,143.79000000000002,2
2026-04-06,1308,2.0,151.36,2
2026-04-06,15026,1.0,62.6,1
2026-04-06,17222,3.0,263.93,3
2026-04-06,17400,1.0,87.52,1
2026-04-06,17504,0.5,26.81,1
2026-04-06,17507,1.0,72.54,1
2026-04-06,17700,0.5,49.03,1
2026-04-06,20002,2.0,109.56,2
2026-04-06,2621,1.0,60.81,1
2026-04-06,2721,1.0,47.35,1
2026-04-06,44022,1.0,82.17,1
2026-04-06,44056,1.0,57.3,1
2026-04-06,4502,1.5,87.78999999999999,2
2026-04-06,45203,1.0,39.58,1
2026-04-06,4620,2.0,40.4,2
2026-04-06,6153,1.0,46.95,1
2026-04-06,8143,1.0,34.6,1
2026-04-06,8154,2.0,67.75,1
2026-04-06,8202,1.0,33.53,1
2026-04-06,8205,3.0,108.05,2
2026-04-06,8206,2.0,74.52,1
2026-04-06,8210,1.0,36.88,1
2026-04-06,8215,1.0,26.16,1
2026-04-06,8216,1.0,26.16,1
2026-04-06,8217,1.0,26.16,1
2026-04-07,12121,3.0,115.30000000000001,2
2026-04-07,12130,1.0,89.42,1
2026-04-07,12134,1.0,89.42,1
2026-04-07,12136,1.0,89.42,1
2026-04-07,17222,1.0,91.01,1
2026-04-07,17507,1.0,72.54,1
2026-04-07,18101,1.0,108.78,1
2026-04-07,20002,2.0,115.33,1
2026-04-07,4500,1.0,43.96,1
2026-04-07,45225,1.0,59.11,1
2026-04-07,4616,1.0,38.22,1
2026-04-07,4700,1.0,57.75,1
2026-04-07,6153,1.0,46.95,1
2026-04-07,7160,1.0,47.93,1
2026-04-07,7161,1.0,47.93,1
2026-04-07,7162,1.0,47.93,1
2026-04-07,8154,2.0,67.75,1
2026-04-07,8205,1.0,37.26,1
2026-04-07,8207,1.0,37.26,1
2026-04-07,8215,1.0,29.06,1
2026-04-07,8216,1.0,29.06,1
2026-04-08,12100,1.0,27.39,1
2026-04-08,12130,0.5,44.72,1
2026-04-08,12136,1.5,134.14,2
2026-04-08,1308,1.0,75.68,1
2026-04-08,14218,0.5,27.03,1
2026-04-08,15034,1.5,142.51999999999998,2
2026-04-08,17322,2.0,184.76999999999998,3
2026-04-08,17400,1.5,145.88,2
2026-04-08,17504,0.5,26.81,1
2026-04-08,17507,2.0,145.08,3
2026-04-08,20002,1.0,57.66,1
2026-04-08,45203,1.0,43.96,1
2026-04-08,4620,1.0,18.81,1
2026-04-08,7162,1.0,38.34,1
2026-04-08,8202,1.0,37.26,1
2026-04-08,8205,1.0,37.26,1
2026-04-08,8215,2.0,54.78,2
2026-04-08,8216,3.0,83.84,2
2026-04-08,8217,1.0,29.06,1
2026-04-09,12125,1.0,35.32,1
2026-04-09,12130,1.0,89.42,1
2026-04-09,12136,1.0,89.42,1
2026-04-09,13014,1.0,38.92,1
2026-04-09,15034,1.0,95.02,1
2026-04-09,17322,1.0,92.39,1
2026-04-09,17507,1.0,72.54,1
2026-04-09,17700,0.5,49.03,1
2026-04-09,17704,0.5,49.03,1
2026-04-09,20002,1.0,57.66,1
2026-04-09,44022,1.0,82.17,1
2026-04-09,44056,1.0,57.3,1
2026-04-09,45203,1.0,43.96,1
2026-04-09,4616,1.0,38.22,1
2026-04-09,4620,3.0,63.8,2
2026-04-09,6153,1.0,46.95,1
2026-04-09,7161,1.0,47.93,1
2026-04-09,8118,1.0,33.88,1
2026-04-09,8210,2.0,81.96,2
2026-04-09,8215,1.0,29.06,1
2026-04-10,12130,1.0,89.42,1
2026-04-10,1307,1.0,75.68,1
2026-04-10,15034,2.0,190.04,2
2026-04-10,17322,2.0,184.78,2
2026-04-10,17507,2.0,145.08,2
2026-04-10,17700,1.0,98.05,1
2026-04-10,26005,2.0,9.73,1
2026-04-10,26121,1.0,5.41,1
2026-04-10,44022,1.0,82.17,1
2026-04-10,44072,2.0,129.64,2
2026-04-10,4616,1.0,38.22,1
2026-04-10,8205,4.0,149.04,1
2026-04-10,8210,2.0,81.96,1
2026-04-11,12130,1.0,89.42,1
2026-04-11,1307,0.5,37.84,1
2026-04-11,1308,0.5,37.84,1
2026-04-11,15030,1.0,95.02,1
2026-04-11,15034,1.0,95.02,1
2026-04-11,17222,1.0,91.01,1
2026-04-11,17507,1.0,72.54,1
2026-04-11,17700,0.5,49.03,1
2026-04-11,17704,0.5,49.03,1
2026-04-11,18101,1.0,108.78,1
2026-04-11,20002,2.0,115.33,1
2026-04-11,44022,1.0,82.17,1
2026-04-11,44072,1.0,53.34,1
2026-04-11,4502,2.0,125.42,2
2026-04-11,4616,4.0,149.81,2
2026-04-11,8205,1.0,37.26,1
2026-04-11,8215,2.0,58.12,2
2026-04-11,8216,3.0,87.17999999999999,3
2026-04-11,8217,2.0,58.12,2
2026-04-11,8222,1.0,70.48,1
2026-04-11,9302,1.0,39.28,1
2026-04-13,12100,1.0,27.39,1
2026-04-13,12130,1.0,89.44,2
2026-04-13,12136,3.0,259.35,4
2026-04-13,12138,1.0,80.49,1
2026-04-13,13014,1.0,38.92,1
2026-04-13,1306,0.5,33.34,1
2026-04-13,1307,0.5,37.84,1
2026-04-13,1308,1.0,68.11,1
2026-04-13,15030,2.0,180.53,2
2026-04-13,17222,2.0,182.01,3
2026-04-13,17504,1.0,67.02,2
2026-04-13,17704,0.5,49.03,1
2026-04-13,18101,0.5,54.39,1
2026-04-13,18121,1.0,80.49,1
2026-04-13,20002,1.0,70.12,1
2026-04-13,45203,1.0,53.47,1
2026-04-13,4616,2.0,76.43,1
2026-04-13,8202,1.0,33.53,1
2026-04-13,8216,10.0,261.57,1
2026-04-14,12125,1.0,35.32,1
2026-04-14,13014,1.0,38.92,1
2026-04-14,17222,1.0,91.01,1
2026-04-14,17322,1.0,92.39,1
2026-04-14,17400,1.0,97.25,1
2026-04-14,17507,1.5,108.81,2
2026-04-14,18101,1.0,108.78,1
2026-04-14,4004,4.0,62.57,1
2026-04-14,44022,5.5,451.94,4
2026-04-14,45003,1.0,42.38,1
2026-04-14,4616,4.0,152.88,1
2026-04-14,4620,3.0,63.79,1
2026-04-14,8202,1.0,37.26,1
2026-04-14,8205,2.0,74.52,1
2026-04-14,8207,1.0,37.26,1
2026-04-14,8210,1.0,40.98,1
2026-04-14,8215,1.0,29.06,1
2026-04-15,13014,2.0,77.85,1
2026-04-15,1307,1.0,75.68,1
2026-04-15,1309,1.0,66.31,1
2026-04-15,17700,1.0,98.05,1
2026-04-15,20002,1.0,57.66,1
2026-04-15,7162,1.0,47.93,1
2026-04-15,8205,1.0,37.26,1
2026-04-15,8215,1.0,29.06,1
2026-04-16,07011,1.0,46.13,1
2026-04-16,12125,1.0,35.32,1
2026-04-16,12130,1.0,89.42,1
2026-04-16,12136,1.0,89.42,1
2026-04-16,1308,1.0,75.68,1
2026-04-16,17222,1.0,91.01,1
2026-04-16,17322,2.0,184.78,1
2026-04-16,17400,2.0,194.5,2
2026-04-16,17507,1.0,64.19,1
2026-04-16,17521,1.0,30.27,1
2026-04-16,20002,1.0,57.66,1
2026-04-16,4004,1.0,15.64,1
2026-04-16,44016,1.0,142.35,1
2026-04-16,44068,1.0,101.67,1
2026-04-16,45207,1.0,33.04,1
2026-04-16,4616,3.0,114.66,3
2026-04-16,4622,1.0,49.77,1
2026-04-16,8202,1.0,37.26,1
2026-04-16,8205,1.0,37.26,1
2026-04-16,8215,1.0,29.06,1
2026-04-17,12136,0.5,44.72,1
2026-04-17,12138,0.5,44.72,1
2026-04-17,7161,1.0,47.93,1
2026-04-17,7162,1.0,47.93,1
2026-04-17,8213,1.0,29.06,1
2026-04-17,8215,2.0,58.12,1
2026-04-17,8217,1.0,29.06,1
2026-04-19,10752,1.0,54.06,1
2026-04-19,12125,1.0,35.32,1
2026-04-19,45006,1.0,39.82,1
2026-04-19,45117,1.0,108.11,1
2026-04-20,12125,2.0,70.64,1
2026-04-20,12130,0.5,44.72,1
2026-04-20,12136,2.5,223.57999999999998,4
2026-04-20,12138,0.5,44.72,1
2026-04-20,1307,0.5,37.84,1
2026-04-20,1308,0.5,37.84,1
2026-04-20,15030,0.5,47.5,1
2026-04-20,15034,0.5,47.5,1
2026-04-20,17322,1.0,92.38,2
2026-04-20,17400,1.0,97.25,1
2026-04-20,17504,1.5,100.55000000000001,2
2026-04-20,17507,1.5,108.81,2
2026-04-20,45225,2.0,118.21,1
2026-04-20,4616,3.0,114.65,1
2026-04-20,8203,1.0,37.26,1
2026-04-20,8215,2.0,58.12,1
2026-04-20,8222,1.0,70.48,2
2026-04-21,10752,1.0,48.65,1
2026-04-21,12100,1.0,27.39,1
2026-04-21,12130,3.0,259.33,3
2026-04-21,12134,1.0,89.42,1
2026-04-21,12136,4.0,348.75,4
2026-04-21,12138,2.0,178.84,2
2026-04-21,13016,2.0,70.06,1
2026-04-21,1307,2.0,151.36,1
2026-04-21,14218,1.0,54.06,1
2026-04-21,15034,2.0,180.53,2
2026-04-21,17222,2.5,227.52,2
2026-04-21,17322,4.0,360.32,3
2026-04-21,17400,3.5,330.65,3
2026-04-21,17504,4.0,254.73,2
2026-04-21,17507,4.5,311.92,4
2026-04-21,17700,1.0,88.25,1
2026-04-21,18101,1.0,97.9,1
2026-04-21,18121,1.0,80.49,1
2026-04-21,20002,2.0,115.33,1
2026-04-21,26001,2.0,9.73,1
2026-04-21,44022,1.0,92.44,1
2026-04-21,44071,3.0,100.6,2
2026-04-21,44072,1.0,53.34,1
2026-04-21,4502,1.0,56.44,1
2026-04-21,45207,1.0,42.49,1
2026-04-21,4616,9.0,321.03,3
2026-04-21,4620,3.0,57.41,1
2026-04-21,7162,1.0,43.14,1
2026-04-21,7715,1.0,49.63,1
2026-04-21,8202,1.0,37.26,1
2026-04-21,8203,2.0,74.52,2
2026-04-21,8205,2.0,70.78999999999999,2
2026-04-21,8210,2.0,81.96,2
2026-04-21,8213,8.0,215.06,2
2026-04-21,8215,3.0,78.47,1
2026-04-21,8216,1.0,29.06,1
2026-04-21,8217,1.0,29.06,1
2026-04-21,9302,1.0,39.28,1
2026-04-22,12130,1.0,89.44,2
2026-04-22,12138,1.0,89.44,2
2026-04-22,13014,4.0,155.69,3
2026-04-22,13016,2.0,77.85,1
2026-04-22,17322,0.5,46.19,1
2026-04-22,17400,1.0,97.25,1
2026-04-22,17504,1.0,67.02,2
2026-04-22,17507,1.5,108.81,2
2026-04-22,18121,1.0,80.49,1
2026-04-22,20002,1.0,57.66,1
2026-04-22,45212,1.0,51.18,1
2026-04-22,7160,1.0,47.93,1
2026-04-22,7162,1.0,47.93,1
2026-04-22,8202,1.0,37.26,1
2026-04-22,8205,4.0,149.04,3
2026-04-22,8206,1.0,37.26,1
2026-04-22,8222,0.5,35.24,1
2026-04-22,9302,1.0,39.28,1
2026-04-23,12138,2.5,223.57,2
2026-04-23,1307,1.0,75.68,1
2026-04-23,1308,1.0,75.68,1
2026-04-23,15030,0.5,47.5,1
2026-04-23,15034,0.5,47.5,1
2026-04-23,17322,1.0,92.39,1
2026-04-23,17504,1.0,60.33,1
2026-04-23,17507,2.0,137.82,2
2026-04-23,4004,2.0,22.35,1
2026-04-23,44022,1.5,133.53,2
2026-04-23,44052,1.0,52.08,1
2026-04-23,44071,5.0,167.67,2
2026-04-23,4616,2.0,76.44,2
2026-04-23,4622,2.0,99.54,1
2026-04-23,4700,1.0,57.75,1
2026-04-23,7706,1.0,51.8,1
2026-04-23,7707,1.0,49.93,1
2026-04-23,8143,1.0,34.6,1
2026-04-23,8202,1.0,37.26,1
2026-04-23,8205,4.0,149.04,3
2026-04-23,8210,2.0,81.96,2
2026-04-23,8213,1.0,29.06,1
2026-04-23,8215,1.0,29.06,1
2026-04-23,9302,1.0,39.28,1
2026-04-24,12130,1.5,134.14,2
2026-04-24,12134,0.5,44.72,1
2026-04-24,17504,0.5,33.51,1
2026-04-24,17507,1.0,72.54,1
2026-04-24,45005,1.0,54.06,1
2026-04-24,7160,1.0,47.93,1
2026-04-24,9302,2.0,78.57,1
2026-04-27,10752,1.0,54.06,1
2026-04-27,12100,1.0,27.39,1
2026-04-27,12130,1.0,89.44,2
2026-04-27,12136,2.0,178.86,3
2026-04-27,12138,0.5,44.72,1
2026-04-27,15030,0.5,47.5,1
2026-04-27,17114,0.5,49.03,1
2026-04-27,17322,1.0,92.39,1
2026-04-27,17400,2.0,194.5,2
2026-04-27,17504,0.5,33.51,1
2026-04-27,17507,1.5,108.81,2
2026-04-27,17700,0.5,49.03,1
2026-04-27,20002,1.0,57.66,1
2026-04-27,26001,2.0,9.73,1
2026-04-27,44022,1.0,102.72,1
2026-04-27,4616,3.0,114.66,3
2026-04-27,4620,1.0,21.27,1
2026-04-27,8153,1.0,32.08,1
2026-04-27,8213,1.0,29.06,1
2026-04-28,050304,10.0,103.96,1
2026-04-28,12134,1.0,89.42,1
2026-04-28,12136,1.0,89.42,1
2026-04-28,12138,1.0,89.42,1
2026-04-28,1307,2.0,151.36,2
2026-04-28,1308,2.0,151.36,2
2026-04-28,17114,1.0,98.05,1
2026-04-28,17322,1.0,92.39,1
2026-04-28,17400,0.5,48.63,1
2026-04-28,17504,1.0,67.04,1
2026-04-28,17507,0.5,36.27,1
2026-04-28,191070,10.0,103.96,1
2026-04-28,20002,2.0,115.32,2
2026-04-28,210377,10.0,103.96,1
2026-04-28,2721,1.0,52.62,1
2026-04-28,300675,10.0,103.96,1
2026-04-28,4502,1.0,62.71,1
2026-04-28,4620,4.0,85.06,2
2026-04-28,8154,1.0,33.88,1
2026-04-28,8205,1.0,37.26,1
2026-04-28,8207,1.0,37.26,1
2026-04-28,8210,2.0,81.96,1
2026-04-28,8213,2.0,58.12,1
2026-04-28,8215,2.0,58.12,1
2026-04-29,12134,1.0,89.42,1
2026-04-29,12136,1.5,134.14,2
2026-04-29,12138,0.5,44.72,1
2026-04-29,17507,1.0,72.54,1
2026-04-29,18101,1.0,108.78,1
2026-04-29,44022,0.5,51.35,1
2026-04-29,45203,1.0,43.96,1
2026-04-29,4616,2.0,76.44,2
2026-04-29,8205,2.0,74.52,2
2026-04-29,8210,1.0,40.98,1
2026-04-29,8222,3.0,204.39000000000001,2
2026-04-30,12130,0.5,44.72,1
2026-04-30,12136,0.5,44.72,1
2026-04-30,8213,1.0,29.06,1
2026-04-30,8222,0.5,35.24,1
2026-05-04,12130,1.0,89.42,1
2026-05-04,12134,1.5,134.14,2
2026-05-04,12136,1.5,133.23000000000002,2
2026-05-04,12138,1.0,88.53,2
2026-05-04,13016,1.0,38.92,1
2026-05-04,17222,1.0,91.01,1
2026-05-04,18121,2.0,160.98,1
2026-05-04,4502,0.5,31.35,1
2026-05-04,4616,1.0,38.22,1
2026-05-04,6153,2.0,93.89,1
2026-05-04,8143,4.0,138.38,2
2026-05-04,8205,2.0,74.52,2
2026-05-04,8213,3.0,86.02,2
2026-05-04,8215,1.0,29.06,1
2026-05-04,8225,1.0,70.27,1
2026-05-05,10752,1.0,48.65,1
2026-05-05,12130,1.0,89.42,1
2026-05-05,12134,0.5,44.72,1
2026-05-05,12136,4.0,339.8,3
2026-05-05,12138,1.0,80.49,1
2026-05-05,1306,3.0,180.02,1
2026-05-05,1307,1.0,75.68,1
2026-05-05,1308,1.5,113.52,1
2026-05-05,14218,0.5,27.03,1
2026-05-05,15030,1.0,85.51,1
2026-05-05,15034,1.5,133.01,2
2026-05-05,17222,1.5,127.41,2
2026-05-05,17322,0.5,46.19,1
2026-05-05,17400,1.0,97.25,1
2026-05-05,17501,2.0,126.5,1
2026-05-05,17504,4.0,254.72,4
2026-05-05,17507,2.5,166.84,2
2026-05-05,18101,1.0,97.9,1
2026-05-05,2721,1.0,47.35,1
2026-05-05,44022,1.5,143.79,2
2026-05-05,44071,1.0,30.18,1
2026-05-05,44072,1.0,48.01,1
2026-05-05,4616,3.0,107.02,2
2026-05-05,4620,3.0,57.41,1
2026-05-05,7161,1.0,43.14,1
2026-05-05,7162,1.0,47.93,1
2026-05-05,8029,1.0,56.34,1
2026-05-05,8205,2.0,67.07,1
2026-05-05,8210,3.0,122.96,1
2026-05-05,8213,2.0,58.12,1
2026-05-06,12134,0.5,44.72,1
2026-05-06,12136,1.0,89.42,1
2026-05-06,15030,0.5,47.5,1
2026-05-06,17504,0.5,33.51,1
2026-05-06,17507,1.0,72.54,1
2026-05-06,44022,0.5,51.35,1
2026-05-07,07013,1.0,40.82,1
2026-05-07,10750,1.0,54.11,1
2026-05-07,10752,1.0,54.06,1
2026-05-07,12121,1.0,55.1,1
2026-05-07,12136,1.0,89.42,1
2026-05-07,1307,1.0,75.68,1
2026-05-07,1308,1.5,113.52000000000001,2
2026-05-07,15041,1.0,36.03,1
2026-05-07,17115,3.0,227.05,1
2026-05-07,17322,1.5,138.57999999999998,2
2026-05-07,17504,1.5,100.55000000000001,2
2026-05-07,17507,4.0,290.16,5
2026-05-07,17521,2.0,43.3,1
2026-05-07,26020,10.0,93.7,1
2026-05-07,26104,4.0,31.72,1
2026-05-07,4004,4.0,44.69,1
2026-05-07,44022,2.5,256.78999999999996,3
2026-05-07,45006,5.0,99.56,2
2026-05-07,45212,1.0,45.29,1
2026-05-07,4616,1.0,38.22,1
2026-05-07,4620,1.0,21.27,1
2026-05-07,4700,1.0,57.75,1
2026-05-07,7160,1.0,68.5,1
2026-05-07,8143,1.0,34.6,1
2026-05-07,8206,1.0,37.26,1
2026-05-07,8210,1.0,36.27,1
2026-05-07,9302,1.0,39.28,1
2026-05-08,10762,1.0,103.1,1
2026-05-08,12130,0.5,44.72,1
2026-05-08,15030,0.5,47.5,1
2026-05-08,17400,0.5,48.63,1
2026-05-08,17501,0.5,35.14,1
2026-05-08,17504,0.5,33.51,1
2026-05-08,17507,0.5,36.27,1
2026-05-08,44022,2.5,256.77,2
2026-05-08,44068,1.0,145.4,1
2026-05-08,45203,1.0,62.9,1
2026-05-08,7162,1.0,47.93,1
2026-05-08,8205,1.0,37.26,1
2026-05-08,8207,1.0,37.26,1
2026-05-08,8215,1.0,29.06,1
2026-05-08,8222,0.5,35.24,1
2026-05-11,12125,1.0,35.32,1
2026-05-11,12130,0.5,44.72,1
2026-05-11,12134,0.5,44.72,1
2026-05-11,12136,0.5,44.72,1
2026-05-11,12138,1.5,134.14,2
2026-05-11,15030,0.5,47.5,1
2026-05-11,15041,0.5,36.03,1
2026-05-11,15043,0.5,36.03,1
2026-05-11,17222,0.5,45.5,1
2026-05-11,17322,1.0,92.39,1
2026-05-11,17400,0.5,48.63,1
2026-05-11,17501,0.5,35.14,1
2026-05-11,17504,2.0,134.06,3
2026-05-11,17507,0.5,36.27,1
2026-05-11,17704,0.5,49.03,1
2026-05-11,18101,0.5,54.39,1
2026-05-11,26005,1.0,4.87,1
2026-05-11,2721,0.5,26.31,1
2026-05-11,44022,0.5,51.35,1
2026-05-11,4502,0.5,31.35,1
2026-05-11,45207,1.0,47.21,1
2026-05-11,4620,1.0,21.27,1
2026-05-12,1308,0.5,37.84,1
2026-05-12,17222,0.5,45.5,1
2026-05-12,17322,0.5,46.19,1
2026-05-12,17504,1.0,67.04,1
2026-05-12,17507,1.0,72.54,1
2026-05-12,8205,1.0,37.26,1
2026-05-13,12100,2.0,54.78,2
2026-05-13,1308,0.5,37.84,1
2026-05-13,17222,1.5,136.51,2
2026-05-13,17400,0.5,48.63,1
2026-05-13,17706,0.5,50.56,1
2026-05-13,18101,0.5,54.39,1
2026-05-13,20002,1.0,57.66,1
2026-05-13,44022,0.5,51.35,1
2026-05-13,4500,1.0,43.09,1
2026-05-13,45203,1.0,43.96,1
2026-05-13,8222,1.0,70.48,1
2026-05-14,12130,0.5,44.72,1
2026-05-14,12136,0.5,44.72,1
2026-05-14,17504,1.0,67.04,1
2026-05-14,4500,1.0,43.96,1
2026-05-14,4620,1.0,21.27,1
2026-05-14,7716,1.0,78.9,1
2026-05-14,8123,1.0,33.16,1
2026-05-14,8153,1.0,32.08,1
2026-05-14,8205,1.0,37.26,1
2026-05-15,12134,1.0,80.49,1
2026-05-15,12136,1.0,89.42,1
2026-05-15,15030,0.5,47.5,1
2026-05-15,15034,1.0,95.02,1
2026-05-15,17222,0.15,13.66,1
2026-05-15,17322,1.0,92.39,1
2026-05-15,17400,0.332,32.28,2
2026-05-15,17504,1.0,67.04,1
2026-05-15,17507,1.5,101.55000000000001,2
2026-05-15,17704,1.0,88.25,1
2026-05-15,17706,1.0,91.01,1
2026-05-15,20002,2.0,115.33,1
2026-05-15,26001,6.0,29.19,1
2026-05-15,44052,1.0,52.08,1
2026-05-15,4616,3.0,103.2,1
2026-05-15,7162,1.0,47.93,1
2026-05-15,8143,2.0,69.19,1
2026-05-15,8205,5.0,175.12,2
2026-05-15,8210,2.0,73.77,1
2026-05-15,8213,3.0,78.47,1
2026-05-15,8215,3.0,78.47,1
2026-05-18,12134,2.0,159.18,2
2026-05-18,1306,0.5,32.67,1
2026-05-18,1307,1.0,66.98,1
2026-05-18,1308,1.0,74.17,1
2026-05-18,14218,1.0,54.06,1
2026-05-18,17322,1.0,92.39,1
2026-05-18,17507,4.0,252.79000000000002,3
2026-05-18,17700,1.0,96.1,1
2026-05-18,17704,2.0,156.89,1
2026-05-18,17706,1.0,101.12,1
2026-05-18,21008,4.0,89.38,1
2026-05-18,2721,2.0,84.19,1
2026-05-18,44022,1.0,82.17,1
2026-05-18,4620,1.0,18.81,1
2026-05-18,4700,1.0,57.75,1
2026-05-18,8213,5.0,141.95999999999998,3
2026-05-18,8215,1.0,25.72,1
2026-05-19,17504,1.0,67.04,1
2026-05-19,17507,1.0,72.54,1
2026-05-19,4620,1.0,21.27,1
2026-05-20,10752,1.0,54.06,1
2026-05-20,12100,1.0,27.39,1
2026-05-20,12105,1.0,34.49,1
2026-05-20,12130,2.0,178.84,2
2026-05-20,12136,0.5,44.72,1
2026-05-20,12138,1.5,134.14,2
2026-05-20,13016,1.0,38.92,1
2026-05-20,17322,1.5,138.57999999999998,2
2026-05-20,17504,0.5,33.51,1
2026-05-20,26005,1.0,4.87,1
2026-05-20,44022,1.0,82.17,1
2026-05-20,4616,1.0,38.22,1
2026-05-20,7162,1.0,47.93,1
2026-05-20,8143,1.0,34.6,1
2026-05-20,8213,2.0,58.12,2
2026-05-20,8215,3.0,87.17999999999999,3
2026-05-21,12105,6.0,206.94,3
2026-05-21,12134,1.0,89.42,1
2026-05-21,12136,1.0,89.42,1
2026-05-21,12138,1.0,89.42,1
2026-05-21,1308,2.0,151.36,2
2026-05-21,15043,1.0,36.03,1
2026-05-21,17322,1.0,92.39,1
2026-05-21,17400,0.5,38.9,1
2026-05-21,17507,1.0,72.54,1
2026-05-21,8202,1.0,37.26,1
2026-05-21,8205,3.0,111.78,1
2026-05-21,8222,2.0,140.96,1
2026-05-22,12136,1.5,134.14,2
2026-05-22,12138,1.0,89.42,1
2026-05-22,1307,0.5,37.84,1
2026-05-22,1308,1.0,75.68,1
2026-05-22,17400,1.0,77.8,1
2026-05-22,17507,0.5,36.27,1
2026-05-22,17704,0.5,49.03,1
2026-05-22,4616,1.0,38.22,1
2026-05-22,7707,2.0,99.86,1
2026-05-22,8213,4.0,116.26,1
2026-05-22,8215,8.0,232.5,3
2026-05-22,8222,1.0,70.48,1
2026-05-24,21008,10.0,223.44,1
2026-05-24,8210,1.0,40.98,1
2026-05-25,12130,1.0,89.44,2
2026-05-25,12134,1.0,89.44,2
2026-05-25,12136,0.5,44.72,1
2026-05-25,1307,0.5,37.84,1
2026-05-25,1308,0.5,37.84,1
2026-05-25,15041,0.5,18.02,1
2026-05-25,17322,0.5,46.19,1
2026-05-25,17400,0.5,48.63,1
2026-05-25,17507,0.5,36.27,1
2026-05-25,18101,1.0,108.78,1
2026-05-25,2721,1.5,78.92999999999999,2
2026-05-25,4616,3.0,114.65,2
2026-05-25,4620,1.0,21.27,1
2026-05-25,6153,1.0,46.95,1
2026-05-25,8213,1.0,29.06,1
2026-05-25,8215,1.0,29.06,1
2026-05-26,12100,2.0,52.04,2
2026-05-26,12136,1.0,80.49,1
2026-05-26,12138,1.0,80.49,1
2026-05-26,15030,0.5,38.01,1
2026-05-26,15034,1.5,133.01,2
2026-05-26,17222,0.5,45.5,1
2026-05-26,17322,1.5,129.34,2
2026-05-26,17400,2.0,165.32,3
2026-05-26,17501,1.5,91.37,2
2026-05-26,17504,1.0,67.04,1
2026-05-26,17507,1.0,65.28,1
2026-05-26,44022,1.0,102.72,1
2026-05-26,4620,1.0,21.27,1
2026-05-26,4700,1.0,51.98,1
2026-05-26,7716,1.0,49.63,1
2026-05-26,8153,1.0,28.87,1
2026-05-26,9302,1.0,39.28,1
2026-05-27,10762,1.0,72.08,1
2026-05-27,12105,1.0,34.49,1
2026-05-27,12130,0.25,22.35,1
2026-05-27,12134,0.75,67.07,2
2026-05-27,12136,0.25,22.35,1
2026-05-27,12138,0.25,22.35,1
2026-05-27,17222,2.0,163.81,1
2026-05-27,17400,2.5,213.95000000000002,2
2026-05-27,4502,0.5,31.35,1
2026-05-27,8215,5.0,130.79,1
2026-05-28,10750,2.0,102.71000000000001,2
2026-05-28,12100,1.0,27.39,1
2026-05-28,12105,4.0,127.61000000000001,2
2026-05-28,12130,1.0,80.49,1
2026-05-28,12134,0.5,44.72,1
2026-05-28,12136,2.5,214.63,3
2026-05-28,12138,2.0,169.91,2
2026-05-28,1306,1.0,60.01,1
2026-05-28,1308,0.5,37.84,1
2026-05-28,15034,1.0,85.51,1
2026-05-28,17222,1.5,127.41,2
2026-05-28,17322,1.5,129.34,2
2026-05-28,17400,1.0,77.8,1
2026-05-28,17501,0.5,35.14,1
2026-05-28,17504,3.0,187.68,3
2026-05-28,17507,1.0,72.54,1
2026-05-28,20002,1.0,57.66,1
2026-05-28,44022,2.0,184.89,1
2026-05-28,4616,3.0,103.2,1
2026-05-28,4620,3.0,61.67,3
2026-05-28,4700,1.0,57.75,1
2026-05-28,7002,1.0,67.0,1
2026-05-28,8210,1.0,36.88,1
2026-05-28,8213,3.0,81.37,2
2026-05-28,8215,1.0,26.16,1
2026-05-28,8222,0.5,35.24,1
