tree
version=v4
num_class=1
num_tree_per_iteration=1
label_index=0
max_feature_idx=20
objective=tweedie
feature_names=dia_mes semana_anio trimestre es_fin_de_semana es_evento dias_hasta_proximo_evento dias_desde_evento_anterior lag_1 lag_2 lag_3 lag_7 lag_14 lag_28 rolling_mean_7 rolling_mean_28 rolling_mean_90 rolling_std_7 historico_promedio_producto codigo_producto_enc dia_semana tipo_evento_activo_enc
feature_infos=[1:31] [1:52] [1:4] [0:1] [0:1] [0:999] [0:999] [0:100] [0:100] [0:100] [0:100] [0:100] [0:100] [0:14.714285714285714] [0:4.2857142857142856] [0:2.088888888888889] [0:37.796447300922722] [0:42] -1:0:1:2:3:4:5:6:7:8:9:10:11:12:13:14:15:16:17:18:19:20:21:22:23:24:25:26:27:28:29:30:31:32:33:34:35:36:37:38:39:40:41:42:43:44:45:46:47:48:49:50:51:52:53:54:55:56:57:58:59:60:61:62:63:64:65:66:67:68:69:70:71:72:73:74:75:76:77:78:79:80:81:82:83:84:85:86:87:88:89:90:91:92:93:94:95:96:97:98:99:100:101:102:103:104:105:106:107:108:109:110:111:112:113:114:115:116:117:118:119:120:121:122:123:124:125:126:127:128:129:130:131:132:133:134:135:136:137:138:139:140:141:142:143:144:145:146:147:148:149:150:151:152:153:154:155:156:157:158:159:160:161:162:163:164:165:166:167:168:169:170:171:172:173 -1:0:5:6:1:2:3:4 -1:1:2
tree_sizes=3559 3626 3584 3595 3599 3635 3632 3650 3656 3616 3641 3698 3717 3679 3681 3737 3643 3727 3694 3760 3767 3781 3841 3886 3779 3754 3771 3795 3765 3858 3689 3744 3786 3724 3850 3861 3794

Tree=0
num_leaves=31
num_cat=5
split_feature=18 15 3 3 7 18 14 18 8 14 14 13 6 3 15 17 5 17 16 18 1 18 1 17 1 3 6 1 5 7
split_gain=27460.9 5908.61 5560.06 2888.76 2694.59 1407.06 1395.75 976.132 836.457 512.325 440.098 376.829 292.41 291.16 265.474 253.278 225.774 261.175 215.77 196.39 191.396 190.673 182.456 318.708 171.509 162.455 158.325 147.684 143.586 139.339
threshold=0 0.059722222222222225 1.0000000180025095e-35 1.0000000180025095e-35 87.500000000000014 1 0.2648214285714286 2 4.2500000000000009 0.24392857142857147 0.041071428571428578 0.75000000000000011 179.50000000000003 1.0000000180025095e-35 1.0000000180025095e-35 0.37336743393009381 68.500000000000014 0.15279517018982924 0.37796447300922648 3 50.500000000000007 4 47.500000000000007 0.43371652572233971 34.500000000000007 1.0000000180025095e-35 65.500000000000014 25.500000000000004 166.50000000000003 12.500000000000002
decision_type=9 10 2 2 8 9 10 9 8 10 10 10 2 2 10 10 2 10 8 9 2 9 2 8 2 2 2 2 2 8
left_child=2 7 6 5 -4 9 10 8 13 20 22 15 16 18 29 -8 -12 -18 -2 -11 -3 -7 -1 -24 -17 -16 28 -13 -20 -9
right_child=1 3 4 -5 -6 21 11 14 -10 19 12 27 -14 -15 25 24 17 -19 26 -21 -22 -23 23 -25 -26 -27 -28 -29 -30 -31
leaf_value=-2.4839420530478145 -2.5300665195819931 -2.458075524311448 -2.5559892883749615 -2.5757854209340079 -2.0574707269197923 -2.5585474971644642 -2.3723059404294009 -2.5808411443173012 -2.2148139674247065 -2.3644945194974096 -2.0987822833644243 -2.2365214634531076 -2.3915635184534785 -2.5769674243217486 -2.5540369612636105 -2.2894665273670869 -2.0604033145508356 -2.3648336460849553 -2.0640747887359461 -2.440328290245835 -2.558664851813222 -2.5061183016734097 -2.4833255428436267 -2.0575978905116736 -2.3376117671551393 -2.5824504460490125 -2.4794660318286827 -2.2987495716715678 -2.4208282111610164 -2.4336643652000096
leaf_weight=153.71793921291828 590.23609708249569 1001.9684860557318 434.92934142053127 916.02010536193848 28.907896652817726 202.08873918652534 195.78482660651207 7913.8941882699728 21.28101758658886 234.17661428451538 13.989542260766028 221.97083711624146 287.2108439207077 262.07903976738453 1818.7493221983314 464.67640689015388 8.1886243224143964 50.455904334783554 4.3980697244405729 310.61342605948448 49.632355362176895 984.40969980508089 11.301509305834772 7.1947803348302832 307.3144513219595 695.41645936667919 155.8154508471489 167.1373592466116 7.862625315785408 16.114574700593948
leaf_count=1362 5760 8373 4464 9755 16 2090 1309 85057 77 1498 19 897 2028 2797 18598 2357 5 330 3 2471 512 9143 100 4 1847 7496 1367 878 60 127
internal_value=-2.52906 -2.55371 -2.37048 -2.49877 -2.52492 -2.47342 -2.33172 -2.57143 -2.5251 -2.44297 -2.40036 -2.30481 -2.3689 -2.53154 -2.57601 -2.32151 -2.27927 -2.32233 -2.51583 -2.40308 -2.46282 -2.51522 -2.46609 -2.31772 -2.30863 -2.5619 -2.46585 -2.26325 -2.29286 -2.58054
internal_weight=17537.5 15184.8 2352.78 3698.91 463.837 2782.89 1888.94 11485.8 1041.67 1596.39 532.059 1356.88 359.845 1020.39 10444.2 967.776 72.6341 58.6445 758.312 544.79 1051.6 1186.5 172.214 18.4963 771.991 2514.17 168.076 389.108 12.2607 7930.01
internal_count=170800 155184 15616 33842 4480 24087 11136 121342 10064 12854 3848 7288 2382 9987 111278 5513 354 335 7190 3969 8885 11233 1466 104 4204 26094 1430 1775 63 85184
cat_boundaries=0 6 12 18 24 29
cat_threshold=106496 134392840 2 805307400 0 2 135680 50610183 1073750144 20023296 2147524608 8141 2147484160 53493895 101195932 17963008 2147483648 5773 131072 262144 0 2048 0 1860 16515120 536871008 814091044 134479904 1619394565
is_linear=0
shrinkage=1


Tree=1
num_leaves=31
num_cat=5
split_feature=18 3 15 7 15 3 14 16 18 17 1 18 8 18 6 15 15 5 17 17 17 1 1 1 16 0 5 0 18 5
split_gain=24012.6 5836.41 4130.04 3160.15 2376.28 1162.67 870.019 558.466 539.203 452.968 343.037 337.832 534.594 282.196 245.797 201.801 193.555 186.684 177.942 176.682 173.945 172.464 160.165 195.953 152.323 258.995 178.802 145.528 144.268 137.764
threshold=0 1.0000000180025095e-35 0.27405555555555555 87.500000000000014 0.034722222222222231 1.0000000180025095e-35 0.026785714285714288 0.37796447300922814 1 0.34674373795761088 29.500000000000004 2 4.2500000000000009 3 615.50000000000011 0.69166666666666676 1.0000000180025095e-35 68.500000000000014 0.53958615285989042 0.48935414651837528 0.34674373795761088 37.500000000000007 34.500000000000007 33.500000000000007 1.5735915849388851 24.500000000000004 228.50000000000003 30.500000000000004 4 672.50000000000011
decision_type=9 2 10 8 10 2 10 10 9 10 2 9 8 9 2 10 8 2 10 10 10 2 2 2 10 2 2 2 9 2
left_child=1 2 6 24 11 8 13 -4 22 21 15 12 -2 16 17 18 -1 -11 -9 -12 -17 -8 23 -6 -3 -26 -27 -23 -10 -16
right_child=4 3 7 -5 5 -7 9 10 28 14 19 -13 -14 -15 29 20 -18 -19 -20 -21 -22 27 -24 -25 25 26 -28 -29 -30 -31
leaf_value=0.47354837216449175 -0.025314876581231396 -0.040282393491553277 0.13490538777332403 0.43769411739138431 0.056416511770098987 -0.049029801535161031 0.095884866976473124 0.18855075881447803 -0.027654903811445936 0.49194481318438604 0.14115635519576514 -0.049803135724100209 0.2508919595508155 -0.021284254007639232 0.16113006007405625 0.43178929347265049 0.064461481941436471 0.21452518934756948 0.24891141269890238 0.19482549024009019 0.25415955607945617 0.048567513119299174 0.024675390618690479 0.17560389540197555 -0.027071211308093274 -0.05555555487198971 0.28796028077543628 0.26456121502488239 0.0091954289247343293 -0.026719782421255361
leaf_weight=2.9667072296142569 1206.8522926643491 768.40075259655714 450.5099241733551 37.061030514538288 591.55901703238487 793.12447033822536 770.11461741477251 381.85423639416695 359.28078013658524 9.3875722885131854 266.8886506408453 8583.8288711756468 17.776468947529793 264.48468524217606 116.24356839060783 15.112206205725668 113.95893733203411 17.129637837409973 179.49054626375437 360.47141452133656 156.61328947544098 340.89021191745996 465.90303325653076 36.619900651276112 42.812974281609058 5.2075773701071766 13.89690402895212 7.9809823781251898 936.23052363097668 10.654647864401339
leaf_count=1 12676 8359 2795 32 4902 8857 5598 1929 3775 1 1594 96035 72 2682 657 16 930 79 698 1778 594 2787 4161 222 452 58 59 34 8868 99
internal_value=-8.80337e-05 0.101716 0.130988 -0.0140402 -0.0340883 0.00342552 0.073864 0.183156 0.0208358 0.0937193 0.199134 -0.0462959 -0.0211329 0.00762601 0.174289 0.222361 0.0689446 0.312737 0.207851 0.171994 0.269791 0.0826731 0.0464645 0.0633646 -0.0342032 0.0412395 0.194323 0.0535087 -0.00115773 0.145358
internal_weight=17323.3 4332.13 3464.75 867.379 12991.2 3182.72 1653.81 1810.94 2389.59 1272.4 1360.43 9808.46 1224.63 381.41 153.415 733.07 116.926 26.5172 561.345 627.36 171.725 1118.99 1094.08 628.179 830.318 61.9175 19.1045 348.871 1295.51 126.898
internal_count=170800 31232 22272 8960 139568 30785 12868 9404 21928 9255 6609 108783 12748 3613 836 3237 931 80 2627 3372 610 8419 9285 5124 8928 569 117 2821 12643 756
cat_boundaries=0 6 12 18 24 29
cat_threshold=238080 134409230 8322 805309448 2147483648 5959 2550140928 57934337 1073758224 20021248 40976 10376 2151680040 54263937 101191772 2167541824 262161 128 512 134269954 8320 805306376 0 2 553386032 814219264 8784676 134234272 1744961573
is_linear=0
shrinkage=0.05


Tree=2
num_leaves=31
num_cat=5
split_feature=18 3 18 7 15 3 14 14 18 18 8 13 1 15 17 19 1 1 17 16 7 13 0 0 6 14 17 5 15 15
split_gain=21037.9 4657.43 3252.85 2759.25 2258.62 1071.65 924.006 564.785 454.809 374.654 335.906 277.914 225.603 222.298 202.099 170.91 158.767 155.774 155.204 232.312 149.445 147.447 168.841 204.205 140.103 306.026 180.054 139.986 126.649 117.597
threshold=0 1.0000000180025095e-35 1 87.500000000000014 0.034722222222222231 1.0000000180025095e-35 0.046964285714285722 0.041071428571428578 2 3 4.2500000000000009 0.82142857142857151 47.500000000000007 0.31944444444444448 0.52140947288006123 4 44.500000000000007 37.500000000000007 0.27504325259515577 1.618347187425375 1.0000000180025095e-35 0.59500000000000008 24.500000000000004 25.500000000000004 164.50000000000003 0.20821428571428574 0.37336743393009381 663.50000000000011 1.0000000180025095e-35 0.01388888888888889
decision_type=9 2 9 8 10 2 10 10 9 9 8 10 2 10 10 1 2 2 10 10 8 10 2 2 2 10 10 2 10 8
left_child=1 2 7 21 9 8 29 12 17 10 -2 16 -1 15 -14 -8 24 -6 19 -13 28 -3 27 -24 25 26 -9 -23 -11 -4
right_child=4 3 6 -5 5 -7 13 11 -10 20 -12 18 14 -15 -16 -17 -18 -19 -20 -21 -22 22 23 -25 -26 -27 -28 -29 -30 -31
leaf_value=0.043059543531249161 -0.008433175805861377 -0.04290659402582607 -0.037506787366658523 0.40797170906464975 0.050294545970692696 -0.048897082852305117 0.093987100449603705 0.42790648034012224 -0.0058560400978629077 -0.051510168480536356 0.24480940469515083 0.47522708111341116 0.073619131917760081 0.12489104599091411 0.4447327890143149 0.049306635854963025 0.12178682246144934 0.014999941031665066 0.20061517764720121 0.15068707998218625 0.030913004562356419 -0.03832591334977975 0.24870473688844644 0.0044741442817888165 0.1593930974996571 0.18058490828873905 0.17385090874612921 0.16891786122958605 -0.036473327604968971 0.021542750238572883
leaf_weight=116.93721658736467 440.22213226556778 672.37602470815182 115.00832375884056 37.035426765680313 904.56381610035896 759.42121332883835 721.00923717767 21.916783437132835 1043.7234189361334 7160.7580040544271 13.495784275233744 12.796178191900255 7.6811806559562665 333.53457865864038 7.0223728567361832 430.23316184431314 209.76386462152004 477.7249564230442 428.86659455299377 9.6895048245787603 59.534852370619774 87.741828016936779 14.977875523269175 19.96978598088026 761.79445797950029 195.38983967155218 10.228997528553007 8.9823229461908323 1740.7321154624224 315.92854852974415
leaf_count=943 4497 7627 1245 32 7293 8859 4836 20 10360 84192 41 4 59 1853 4 3205 1138 4281 1638 45 559 976 68 196 3609 843 49 61 19486 2781
internal_value=-0.000178003 0.0920013 0.116359 -0.0139951 -0.0334297 0.00293723 0.0698752 0.165011 0.0191631 -0.0457697 -0.000881087 0.173887 0.0662699 0.0889476 0.250862 0.0785342 0.161299 0.037823 0.207329 0.335377 -0.047988 -0.0334314 0.0149531 0.109147 0.169676 0.204105 0.347064 -0.0190801 -0.0485696 0.00578362
internal_weight=17139.1 4538.88 3697.8 841.083 12600.2 3185.43 1915.71 1782.09 2426.01 9414.74 453.718 1650.45 131.641 1484.78 14.7036 1151.24 1199.09 1382.29 451.352 22.4857 8961.02 804.048 131.672 34.9477 989.33 227.536 32.1458 96.7242 8901.49 430.937
internal_count=170800 31232 22272 8960 139568 30793 13920 8352 21934 108775 4538 7346 1006 9894 63 8041 5659 11574 1687 49 104237 8928 1301 264 4521 912 69 1037 103678 4026
cat_boundaries=0 6 12 18 24 25
cat_threshold=238080 151186444 8322 805309448 2147483648 5959 73728 175104 2 805306376 0 2 2550140928 41157123 1109413904 20156416 40976 10376 2151677952 3145859 101187612 16912384 0 128 7
is_linear=0
shrinkage=0.05


Tree=3
num_leaves=31
num_cat=7
split_feature=18 3 18 7 15 3 14 14 18 18 8 19 6 17 1 0 15 1 19 18 13 0 5 5 3 16 15 1 0 0
split_gain=18502.3 3722.1 2504.82 2469.12 2212.98 994.656 733.762 413.705 410.017 340.939 356.072 330.176 224.428 279.834 197.391 191.297 187.733 174.811 161.156 136.17 135.75 185.279 135.626 226.094 131.397 127.355 126.379 131.186 148.711 124.437
threshold=0 1.0000000180025095e-35 1 87.500000000000014 0.034722222222222231 1.0000000180025095e-35 0.046964285714285722 0.041071428571428578 2 3 4.2500000000000009 4 163.50000000000003 0.37336743393009381 47.500000000000007 17.500000000000004 0.25738888888888894 28.500000000000004 5 6 0.82142857142857151 24.500000000000004 228.50000000000003 255.50000000000003 1.0000000180025095e-35 0.37796447300922736 0.19722222222222227 34.500000000000007 11.500000000000002 25.500000000000004
decision_type=9 2 9 8 10 2 10 10 9 9 8 1 2 10 2 2 10 2 1 9 10 2 2 2 2 10 10 2 2 2
left_child=1 2 7 20 9 8 -4 14 25 10 24 12 13 -9 -1 -16 18 29 -8 -10 -3 -22 -23 -24 -2 -6 -14 28 -28 -13
right_child=4 3 6 -5 5 -7 16 11 19 -11 -12 17 26 -15 15 -17 -18 -19 -20 -21 21 22 23 -25 -26 -27 27 -29 -30 -31
leaf_value=0.03961533602863597 -0.012040674475887123 -0.040736685634827907 0.0059676590614791206 0.37412037244809698 0.030977773219246642 -0.048374680488257736 0.082364329120668878 0.36525688045259286 -0.02679462660327029 -0.049028309286437866 0.19217964623018505 0.15849642030967082 0.088118643639558375 0.20236357413116238 -0.055555554758701942 0.34107649825851666 0.10363967071381888 0.10637399674085224 0.037660849476134982 0.0089982158067156183 -0.025130553468774165 -0.055555555458994502 0.35834943339159719 0.040464840974228672 -0.052159170159216797 0.069762493744500872 0.14470652318095789 0.14264158706139363 0.2166800642858856 0.08984301278680823
leaf_weight=120.64851527661085 779.50704196840525 684.96645102649927 431.08859993517399 39.109206974506378 814.4795982837677 727.25476808100939 658.44920534640551 31.13913568854332 349.36621544510126 7961.107727997005 19.666554152965546 433.69094926118851 47.450237639248371 171.98094472289085 4.2074996083974829 10.955561973154543 535.54781885445118 495.27246811240911 379.07496375590563 1009.7646459490061 63.332780852913857 7.7159290462732342 10.399291485548021 12.104175142943857 276.4881389066577 285.97316607832909 106.63214884698391 212.22768533229828 219.51079024374485 77.851132288575172
leaf_count=943 8290 8030 3998 32 6665 8857 4229 45 3775 97157 67 1669 249 582 39 24 2893 2374 2800 9404 700 87 19 92 3269 2084 433 935 699 360
internal_value=-0.000250722 0.0833517 0.103694 -0.013546 -0.0328023 0.00299583 0.0634437 0.14438 0.0181852 -0.0454629 -0.0184474 0.151491 0.179768 0.227336 0.060985 0.231018 0.0795979 0.126293 0.0671881 -0.000330882 -0.0330206 0.0234748 0.12534 0.187366 -0.0225448 0.040687 0.166344 0.173238 0.193148 0.148048
internal_weight=16977 4753.36 3935.73 817.628 12223.6 3186.84 2004.16 1931.57 2459.58 9036.77 1075.66 1795.76 788.941 203.12 135.812 15.1631 1573.07 1006.81 1037.52 1359.13 778.519 93.5522 30.2194 22.5035 1056 1100.45 585.821 538.371 326.143 511.542
internal_count=170800 31232 22272 8960 139568 30785 13920 8352 21928 108783 11626 7346 2943 627 1006 63 9922 4403 7029 13179 8928 898 198 111 11559 8749 2316 2067 1132 2029
cat_boundaries=0 6 12 18 24 25 26 31
cat_threshold=238080 134409230 8322 805309448 2147483648 5959 73728 175104 2 805306376 0 2 402657280 57934337 1073758224 20021248 40976 10376 2151680032 54263937 101191708 2167541824 262161 128 3 7 553386032 814219264 545655588 134217888 1744961573
is_linear=0
shrinkage=0.05


Tree=4
num_leaves=31
num_cat=6
split_feature=17 3 18 15 7 3 18 14 8 19 14 18 13 18 6 7 5 13 15 14 1 14 5 6 13 5 5 17 18 14
split_gain=16336.1 2944.87 2251 2248.45 2040.3 991.917 522.06 363.982 311.816 289.144 207.469 205.448 204.316 185.341 177.293 202.752 236.182 179.473 169.249 137.961 134.036 127.891 169.127 127.326 125.418 135.829 237.329 111.408 109.936 106.597
threshold=0.10490700029563654 1.0000000180025095e-35 0 0.025000000000000005 87.500000000000014 1.0000000180025095e-35 1 0.11696428571428573 3.2500000000000004 2 0.16357142857142862 3 1.5000000000000002 4 163.50000000000003 2.2500000000000004 72.500000000000014 0.059285714285714296 0.93888888888888899 0.11696428571428573 37.500000000000007 0.17250000000000001 204.50000000000003 191.50000000000003 0.59500000000000008 228.50000000000003 235.50000000000003 0.48935414651837528 5 0.2916071428571429
decision_type=8 2 9 10 8 2 9 10 10 1 10 9 8 9 2 10 2 10 10 10 2 10 2 2 10 2 2 10 9 8
left_child=3 2 9 8 24 6 10 -4 11 14 -5 -1 19 -8 15 16 -2 23 -17 -11 21 22 -21 -16 -3 -26 -27 -18 -9 -28
right_child=1 4 7 5 -6 -7 13 28 -10 12 -12 -13 -14 -15 17 18 27 -19 -20 20 -22 -23 -24 -25 25 26 29 -29 -30 -31
leaf_value=-0.019787416536953574 0.3822582153567291 -0.042975784058039944 0.027664709295604984 0.026285622764662703 0.25549527675266015 -0.048436297003884562 0.012219325576572102 0.081855962648052671 0.40229141811114105 0.043927420494951526 0.072103630657867721 -0.049262215991543436 0.1896091438367562 -0.021235885035815784 0.27192927098939673 0.19232909588684916 0.12017905554642305 0.15214333071026187 0.4411206697398351 0.37657584386642684 0.080850057493129235 0.11705130909736026 0.079235897814081926 0.065859313463967631 -0.052677078296240847 0.25229708085000746 0.17470066693369915 0.19311848861742531 0.045891662685416598 -0.01107626337333781
leaf_weight=690.91629382967949 12.904352217912672 635.62128205597401 785.11440981924534 710.4205137193203 66.192075051367283 789.70476307719946 924.40368029475212 854.07485237717628 3.8655178844928733 88.786153763532639 378.81606452912092 7584.0424711480737 73.828454650938511 733.70040452480316 8.1130505949258787 13.465580195188524 91.314543947577477 575.89482348412275 13.884354263544081 10.975565642118456 301.06811276823282 705.75313527882099 8.4754348546266538 98.548225291073322 50.362264826893806 12.501956611871718 8.9518855512142164 122.6934657394886 424.36539450287819 56.180279843509197
leaf_count=7542 14 7775 6367 5810 175 10000 8489 4792 5 592 2486 96644 225 7959 21 37 371 2038 6 15 1440 2763 39 553 607 45 60 351 2995 584
internal_value=-0.000317485 0.0752543 0.0922999 -0.0324184 -0.0107997 0.000950548 0.0151465 0.0541984 -0.0466749 0.128428 0.0418362 -0.0468847 0.108145 -0.00262295 0.152755 0.190023 0.174522 0.141109 0.31863 0.103722 0.108894 0.120537 0.247015 0.0815338 -0.0338827 0.011273 0.0527582 0.161996 0.0709172 0.0144573
internal_weight=16834.9 5019.07 4189.26 11815.9 829.81 3537.05 2747.34 2063.55 8278.82 2125.71 1089.24 8274.96 1188.89 1658.1 936.818 254.262 226.912 682.556 27.3499 1115.06 1026.27 725.204 19.451 106.661 763.618 127.996 77.6341 214.008 1278.44 65.1322
internal_count=170800 31865 22619 138935 9246 34744 24744 14154 104191 8465 8296 104186 5074 16448 3391 779 736 2612 43 4849 4257 2817 54 574 9071 1296 689 722 7787 644
cat_boundaries=0 6 12 13 19 24 30
cat_threshold=204800 175104 2 805306376 0 1026 402788352 56885249 1075847186 20024320 40960 12232 3 2151680032 50864257 101200030 2165442560 2147745793 1664 2147500552 672 102289480 2152075264 89145362 32768 134217740 8320 3072 2147483648 964
is_linear=0
shrinkage=0.05


Tree=5
num_leaves=31
num_cat=9
split_feature=18 3 15 7 18 3 14 18 18 8 14 19 17 7 17 8 1 18 13 5 5 13 19 19 1 6 17 14 18 6
split_gain=14473.8 2445.6 2072.44 1860.09 1525.64 924.314 550.493 400.699 267.891 257.325 238.746 248.682 173.801 143.759 267.35 133.602 126.456 124.018 122.787 132.984 213.022 118.483 116.65 105.015 104.867 155.183 156.104 104.777 104.452 106.293
threshold=0 1.0000000180025095e-35 0.025000000000000005 87.500000000000014 1 1.0000000180025095e-35 0.11696428571428573 2 3 4.2500000000000009 0.026785714285714288 4 0.063222098628105322 2.2500000000000004 0.34674373795761088 3.2500000000000004 12.500000000000002 5 0.59500000000000008 228.50000000000003 235.50000000000003 1.0000000180025095e-35 6 7 44.500000000000007 33.500000000000007 0.40097563293394684 1.0000000180025095e-35 8 134.50000000000003
decision_type=9 2 10 8 9 2 10 9 9 8 10 1 10 10 10 10 2 9 10 2 2 10 1 1 2 2 10 8 9 2
left_child=1 4 8 18 10 7 12 21 9 -2 22 13 -6 -12 -15 24 -16 -9 -3 -20 -21 -4 -1 -8 25 26 -13 -14 -23 -30
right_child=2 3 5 -5 6 -7 23 17 -10 -11 11 15 27 14 16 -17 -18 -19 19 20 -22 28 -24 -25 -26 -27 -28 -29 29 -31
leaf_value=0.073405837690139253 -0.024448773580906778 -0.04124495453699295 0.017152081812855931 0.30289949751392309 -0.023109410901145794 -0.048424142452838159 0.089744619775949927 -0.031805939679506387 -0.049370638164789989 0.14400922770720609 0.12999837446674653 0.38562059480964611 -0.00015232917540357251 0.38346266418223518 0.25361699472768717 0.18112621515536681 0.12574798749249447 0.0019671957819431185 -0.052553605930911566 0.22626674068559144 0.013946899431827191 0.020082632719238311 -0.032290930772154683 0.05861939004616943 0.037855072971833298 0.087445985934580805 0.1368272400377579 0.046104304045095572 0.097455654237831646 0.043746990924276218
leaf_weight=69.532635189592838 903.64774606376886 601.76994094997644 900.14409963041544 44.01913121342659 170.755790181458 789.41893050074577 651.5663078352809 384.27979464828968 6946.9465771242976 23.252646639943123 1141.6900931596756 8.3189473897218686 166.8250298127532 15.258657798171042 26.096405178308487 38.960403189063072 74.627831935882568 878.38794150948524 48.545878082513809 14.430903196334837 65.136673472821712 307.88870342075825 35.018077924847603 878.09893698245287 97.150315150618553 535.19986492395401 26.041681334376335 459.94705415517092 140.81893406063318 266.37874337285757
leaf_count=457 10441 7626 7583 32 1769 10454 3266 4423 92732 71 3844 7 1499 14 50 104 233 8574 613 45 644 2505 302 4929 480 2086 79 3153 867 1918
internal_value=-0.000375116 0.06908 -0.0315148 -0.012746 0.0836454 -0.000496135 0.0550515 0.0126507 -0.0460021 -0.0200069 0.115002 0.119479 0.0216094 0.134318 0.188424 0.089855 0.158877 -0.00848046 -0.0317825 0.012664 0.0524546 0.0290422 0.0419364 0.0728472 0.0858691 0.0940589 0.197062 0.0337924 0.0444155 0.060827
internal_weight=16710.2 5168.99 11541.2 773.903 4395.09 3667.32 2327.19 2877.9 7873.85 926.9 2067.89 1963.34 797.528 1257.67 115.983 705.671 100.724 1262.67 729.883 128.113 79.5676 1615.23 104.551 1529.67 666.711 569.56 34.3606 626.772 715.086 407.198
internal_count=170800 31232 139568 8960 22272 36324 14616 25870 103244 10512 7656 6897 6421 4141 297 2756 283 12997 8928 1302 689 12873 759 8195 2652 2172 86 4652 5290 2785
cat_boundaries=0 6 12 18 24 25 30 31 32 38
cat_threshold=238080 134409230 8322 805309448 2147483648 5959 73728 174080 2 805306376 0 2 2550140928 57933953 1143488536 20152320 40976 10376 2151680032 54263937 101191772 2167541824 17039377 128 7 54263840 277413888 8784676 16544 2024014853 25 3 2281701376 3145856 69746688 2228224 32784 2048
is_linear=0
shrinkage=0.05


Tree=6
num_leaves=31
num_cat=6
split_feature=18 3 15 7 18 3 14 18 18 7 14 14 19 6 17 15 14 18 13 5 5 1 3 16 0 8 1 17 5 17
split_gain=12821.4 2019.55 1979.61 1517.42 1197.05 863.035 481.83 344.698 286.078 247.631 215.429 183.859 173.759 168.647 150.201 125.93 185.28 122.01 120.553 123.616 175.13 118.546 114.558 131.476 108.735 105.538 98.8209 93.0463 120.966 90.968
threshold=0 1.0000000180025095e-35 0.025000000000000005 87.500000000000014 1 1.0000000180025095e-35 1.0000000180025095e-35 2 3 21.500000000000004 0.026785714285714288 0.24392857142857147 4 85.500000000000014 0.34674373795761088 0.24627777777777779 0.098214285714285726 5 0.59500000000000008 228.50000000000003 235.50000000000003 36.500000000000007 1.0000000180025095e-35 1.8898223650461354 30.500000000000004 4.2500000000000009 37.500000000000007 0.076142961414684338 271.50000000000006 0.14312272153976402
decision_type=9 2 10 8 9 2 8 9 9 8 10 10 1 2 10 8 10 9 10 2 2 2 2 10 2 10 2 10 2 10
left_child=1 4 8 18 10 7 -6 21 9 22 -1 27 13 14 -12 16 -15 -9 -3 -20 -21 -4 23 -2 -23 -14 29 28 -8 -13
right_child=2 3 5 -5 6 -7 11 17 -10 -11 12 26 25 15 -16 -17 -18 -19 19 20 -22 24 -24 -25 -26 -27 -28 -29 -30 -31
leaf_value=0.034650360857066444 -0.013323109866429116 -0.040653508887479713 0.037320984300928041 0.261275440241093 -0.010877251822625424 -0.048258898538311418 0.15814158996799521 -0.033693783481792396 -0.049079558960128521 0.17933134634919068 0.31389150113246411 0.12181801384851738 0.088279685762033488 0.33664948913365256 0.15997790291211905 0.11517481834743136 0.11331399210106255 0.0013949271127461215 -0.052392001507943688 0.19627795163569667 0.013334820744766059 0.0061691568481039866 -0.052422308658737198 0.29339939157502132 0.16648582071125051 0.16482227284011092 0.048577147225518681 0.051045177748861983 -0.0064586224308675532 0.075671870257901716
leaf_weight=103.0550507158041 666.58804661780596 580.28775972872972 1033.5009749680758 47.392286956310272 268.19218367338181 756.23715151846409 12.217586904764174 323.89272757619619 6643.8228620737791 15.502053432166575 18.265784084796906 124.30441930890083 1003.3396723270416 16.213661149144173 119.90267392992973 688.64938413351774 21.735908687114716 964.50216916948557 46.308728076517582 16.338972091674805 65.623812764883041 572.65983635932207 232.90777060389519 3.5121775493025771 10.775815010070799 47.150453433394432 291.11451831459999 1017.8972279950976 129.19800195842981 758.25685717910528
leaf_count=739 7551 7627 7691 32 2662 10454 58 3873 92661 32 19 538 3613 25 287 2084 79 9410 613 47 641 4835 2989 11 61 114 1449 6147 1079 3379
internal_value=-0.000422704 0.0630065 -0.0308294 -0.0126363 0.0755214 -0.000679435 0.0523908 0.0117052 -0.0454684 -0.0186106 0.104554 0.0598885 0.108861 0.128207 0.180325 0.120061 0.208732 -0.00761767 -0.030957 0.012909 0.0498038 0.0269821 -0.0222148 -0.0117155 0.00913014 0.0908504 0.0738387 0.0457654 0.007762 0.0821713
internal_weight=16599.3 5375.44 11223.9 755.952 4619.49 3661.57 2601.18 2905.33 7562.33 918.51 2018.31 2332.99 1915.26 864.767 138.168 726.599 37.9496 1288.39 708.559 128.272 81.9628 1616.94 903.008 670.1 583.436 1050.49 1173.68 1159.31 141.416 882.561
internal_count=170800 31232 139568 8960 22272 36324 15312 25870 103244 10583 6960 12650 6221 2494 306 2188 104 13283 8928 1301 688 12587 10551 7562 4896 3727 5366 7284 1137 3917
cat_boundaries=0 6 12 18 24 25 30
cat_threshold=238080 151186444 8322 805309448 2147483648 5959 73728 174080 2 805306368 0 2 2550140928 41156739 1109934104 20152320 57344 10376 2151680032 37486723 101453916 2167541824 262161 128 3 54263840 277413888 8784676 160 2023752709
is_linear=0
shrinkage=0.05


Tree=7
num_leaves=31
num_cat=7
split_feature=17 15 3 7 18 3 18 8 18 18 14 18 14 6 17 5 13 15 14 5 5 0 13 11 19 1 5 0 18 0
split_gain=11392.4 2026.66 1628.03 1270.12 1177.07 801.976 357.949 249.161 230.763 207.728 177.218 148.805 134.199 135.252 182.399 166.597 137.115 132.021 117.95 110.85 213.831 151.666 106.728 106.783 104.932 113.776 99.5037 96.4155 115.709 106.356
threshold=0.10490700029563654 0.025000000000000005 1.0000000180025095e-35 87.500000000000014 0 1.0000000180025095e-35 1 2.2500000000000004 2 3 0.026785714285714288 4 2.6250000000000004 89.500000000000014 0.40097563293394684 174.50000000000003 1.3571428571428574 0.069444444444444461 0.086250000000000007 228.50000000000003 235.50000000000003 24.500000000000004 1.0000000180025095e-35 1.0000000180025095e-35 5 15.500000000000002 471.50000000000006 18.500000000000004 6 22.500000000000004
decision_type=8 10 2 8 9 2 9 10 9 9 10 9 8 2 10 2 10 8 10 2 2 2 8 8 1 2 2 2 9 2
left_child=1 7 4 19 8 6 18 9 12 -1 -6 -8 13 14 15 -2 17 -15 -3 -4 21 -21 23 -10 -12 -26 27 28 -20 -29
right_child=2 5 3 -5 10 -7 11 -9 22 -11 24 -13 -14 16 -16 -17 -18 -19 26 20 -22 -23 -24 -25 25 -27 -28 29 -30 -31
leaf_value=-0.018427594303789315 0.36806135712116494 0.014788026595847603 -0.053297484252805151 0.17504013907121044 -0.0043820817814650788 -0.047398033173836035 -0.030101562844382642 0.30074986595151076 0.023037872542860299 -0.048369377019715581 0.014176656885791138 0.0055514049338186607 -0.0068764157458972262 0.27869872075427055 0.12186366584596305 0.14751161578869029 0.14913097651147969 0.091556060414704848 0.074452376515891053 -0.055555555330323372 -0.022752587572004587 0.23001432963912244 0.078039455368357671 0.098189806749157463 0.073539774006343428 0.040239097968546633 -0.0071154669121662574 0.11941076433862677 0.013393314517264622 0.053009673011828753
leaf_weight=680.65258757770061 15.437789142131804 479.39056193083525 326.05180123448372 82.860475614666939 230.71929228305817 695.43882277607918 367.72355158627033 5.1940247341990462 185.96577486395836 6641.6295651569963 306.07432308793068 1291.5192567706108 27.078991964459419 9.5057821124792081 208.27174811065197 19.225519135594368 121.46262188255787 1096.1460143253207 119.39164041727781 6.7996868565678605 348.54539510607719 14.703256599605083 1219.9540751650929 63.37617814540863 341.96391729265451 1026.3080519810319 75.474707543849945 93.536306656897068 232.63405802100897 169.74097922444344
leaf_count=7852 7 3890 4570 175 2180 10000 4419 12 1038 96327 2024 11980 149 22 530 40 271 3564 660 68 4401 32 4462 250 1815 6267 569 498 1651 1077
internal_value=-0.000469198 -0.0304455 0.0571037 -0.0100133 0.0678359 0.000707919 0.0125318 -0.0454318 0.0875366 -0.0456773 0.0365082 -0.00248305 0.102735 0.105453 0.139539 0.245737 0.0987047 0.093165 0.0335567 -0.0320412 -0.0133121 0.139711 0.0714608 0.0421395 0.0423607 0.0482094 0.0470677 0.0537139 0.0365973 0.0766004
internal_weight=16502.8 10852.3 5650.45 778.961 4871.49 3524.85 2829.41 7327.48 2966.42 7322.28 1905.07 1659.24 1497.13 1470.05 242.935 34.6633 1227.11 1105.65 1170.17 696.1 370.048 21.5029 1469.3 249.342 1674.35 1368.27 690.778 615.303 352.026 263.277
internal_count=170800 138935 31865 9246 22619 34744 24744 104191 10333 104179 12286 16399 4583 4434 577 47 3857 3586 8345 9071 4501 100 5750 1288 10106 8082 4455 3886 2311 1575
cat_boundaries=0 6 12 16 22 27 28 34
cat_threshold=237568 134392832 2 805306376 0 1346 402788864 56885249 1076363282 20024320 40960 11208 65536 172032 2 805306368 2151680032 50864257 101200030 2165442560 2147745809 1664 54263840 277413888 8784672 134217952 2024014853 16 268570624 4456449 18 0 0 192
is_linear=0
shrinkage=0.05


Tree=8
num_leaves=31
num_cat=8
split_feature=17 18 15 3 17 19 3 18 7 14 3 16 1 19 1 18 18 18 8 15 17 0 5 5 5 5 14 18 1 1
split_gain=10219.9 1813.53 1374.89 726.967 920.642 699.218 590.182 335.551 241.469 238.28 223.646 215.993 152.666 150.939 141.328 126.877 125.847 122.76 122.533 113.22 215.821 112.038 107.612 174.845 102.901 105.637 90.1926 89.1538 85.9364 96.7174
threshold=0.077435530483306439 0 0.019444444444444448 1.0000000180025095e-35 0.078921432002159619 1 1.0000000180025095e-35 2 21.500000000000004 0.026785714285714288 1.0000000180025095e-35 0.37796447300922814 34.500000000000007 3 25.500000000000004 4 5 6 4.2500000000000009 0.93888888888888899 0.62164073509533824 5.5000000000000009 72.500000000000014 66.500000000000014 228.50000000000003 235.50000000000003 0.17250000000000001 7 35.500000000000007 33.500000000000007
decision_type=8 9 10 2 10 1 2 9 8 10 2 8 2 1 2 9 9 9 8 10 10 2 2 2 2 2 10 9 2 2
left_child=2 3 17 11 -5 9 7 26 10 27 -7 13 15 21 19 -11 -9 -1 -17 -13 -21 -2 23 -23 -6 -26 -4 -3 29 -18
right_child=1 5 6 4 24 8 -8 16 -10 12 -12 14 -14 -15 -16 18 28 -19 -20 20 -22 22 -24 -25 25 -27 -28 -29 -30 -31
leaf_value=-0.021010159712610457 0.0068969525939471185 0.020486244775692539 0.019989456748684846 0.23524390515270391 -0.051744392010191556 0.0041140125426102859 -0.049373459674835835 -0.035219542832207018 0.089889752639887688 0.065684136804281062 -0.042702277717767606 0.095094936698932167 0.02233882822685937 0.043835593396264375 0.074885510453442369 0.029665844697423907 0.0030766094051084239 -0.049389461046193357 0.33549855073060686 0.3166679306474745 0.11379979487721073 0.12299447328075633 0.091984375837141266 0.3498553747781597 0.13226349052329531 -0.0076163786000791271 0.056697798166781499 -0.031437977650634379 -0.017442926082653028 0.062834230434560878
leaf_weight=461.53859168291092 28.531807988882065 156.85097758471966 574.23153971135616 38.833992801606655 155.246461994946 499.27039195597172 650.66703182458878 344.12873657047749 52.759723991155624 720.35164888203144 521.61255752295256 984.68402687460184 674.18030931800604 691.88013445585966 1259.0939955562353 518.66076081246138 729.98183702677488 5916.7943670600653 3.2959143593907347 16.777421832084656 59.976387292146683 33.212421618402004 141.85518013685942 11.411464318633078 14.67960789054632 167.58227019757032 236.14687730371952 154.72682645916939 521.15337991714478 74.633624441921711
leaf_count=5657 129 1380 4751 25 2252 3716 9741 4525 157 3605 7460 2734 4546 3124 4048 3731 7260 89922 4 11 132 113 531 9 48 2033 1380 1609 5521 646
internal_value=-0.000505918 0.0457911 -0.034126 0.0702652 0.00469661 0.0188082 -0.00699003 0.0041287 -0.0142828 0.0347464 -0.0198064 0.0781287 0.0414953 0.0574379 0.0862149 0.0518911 -0.00870724 -0.0474463 0.0310031 0.0996541 0.158144 0.0947623 0.113288 0.181009 -0.0218304 0.00364973 0.0303123 -0.00565037 -0.00161332 0.00861954
internal_weight=16414.8 6905.47 9509.28 3603.77 376.342 3301.71 3130.94 2480.28 1073.64 2228.07 1020.88 3227.42 1916.49 906.891 2320.53 1242.31 1669.9 6378.33 521.957 1061.44 76.7538 215.011 186.479 44.6239 337.508 182.262 810.378 311.578 1325.77 804.615
internal_count=170800 41397 129403 15189 4358 26208 33824 24083 11333 14875 11176 10831 11886 3906 6925 7340 17952 95579 3735 2877 143 782 653 122 4333 2081 6131 2989 13427 7906
cat_boundaries=0 6 7 13 14 20 25 31 37
cat_threshold=237568 134392832 2 805306376 0 1602 15 402788352 54788737 1174429844 17927168 40960 10568 1 0 17055757 8336 3072 2147483648 389 54001696 276889600 21432576 138420275 402656965 2151680032 50339969 798942 2167408704 2214592528 1664 512 19939466 68165764 137216 0 4097
is_linear=0
shrinkage=0.05


Tree=9
num_leaves=31
num_cat=8
split_feature=17 18 14 3 3 7 13 3 13 18 18 18 18 18 19 6 5 7 15 17 13 0 5 1 14 19 6 5 13 8
split_gain=9225.49 1912.48 891.703 760.659 625.935 767.963 342.524 342.409 241.692 227.452 183.244 182.382 175.886 163.266 134.366 106.573 128.299 146.243 126.506 262.648 107.396 106.462 93.0637 86.4084 82.3555 79.0469 75.9225 74.3688 73.5884 73.181
threshold=0.053549915407443284 0 0.026785714285714288 1.0000000180025095e-35 1.0000000180025095e-35 87.500000000000014 0.67857142857142871 1.0000000180025095e-35 1.0000000180025095e-35 1 2 3 4 5 6 85.500000000000014 170.50000000000003 0.58000000000000018 0.21294444444444446 0.34674373795761088 0.059285714285714296 24.500000000000004 228.50000000000003 45.500000000000007 0.11160714285714286 7 16.500000000000004 235.50000000000003 1.0000000180025095e-35 4.2500000000000009
decision_type=8 9 10 2 2 8 8 2 8 9 9 9 9 9 1 2 2 10 8 10 10 2 2 2 8 1 2 2 8 10
left_child=2 4 10 8 11 22 -5 9 12 -4 -1 14 23 25 15 16 17 -2 19 28 -20 -8 -6 -3 -13 -10 -18 -24 -17 -16
right_child=1 3 7 6 5 -7 21 -9 13 -11 -12 24 -14 -15 29 18 26 -19 20 -21 -22 -23 27 -25 -26 -27 -28 -29 -30 -31
leaf_value=-0.0179662662113238 0.12663154581009523 0.039122938718903044 0.031121963764243872 -0.046373857247917954 -0.051591681521644499 0.20564404052595872 -0.04483474395788753 -0.048795287273248937 0.015637353126821334 -0.009872290018827376 -0.048281950991695799 0.022659569967229315 -0.0017524874365331677 0.019771673440135484 0.064376768594095815 -0.055555555676512464 0.16187329712276444 0.32433190846727133 0.034594196176349547 0.31800313856661833 0.095349518021190363 0.086731287303906543 0.10658724373955744 -0.0061602377785475136 0.060892693410796207 0.05952628386820992 0.076980226701830412 -0.0081745814976813078 0.15363449801543438 0.12528288311551727
leaf_weight=588.02854870259762 19.98447872698307 574.95312495529652 513.8999003842473 614.00914748758078 150.03975773602724 41.515949606895447 19.669379658997059 376.31066243350506 148.98387492448092 947.50618014484644 5976.1923493109643 155.00424608588219 1058.1900168396533 744.64810002595186 907.09815914183855 8.8973406031727809 44.815574496984482 17.584932416677475 84.224999964237213 17.970081865787506 533.31636583060026 70.446431897580624 15.372482866048811 128.97955644875765 1542.302857235074 738.04588661342859 63.874228671193123 172.82093193382025 7.9698491096496573 52.154951542615891
leaf_count=7323 38 3627 4034 9355 2276 18 260 5878 902 10644 93313 905 9692 5288 2841 56 88 10 332 18 1273 251 50 997 5282 3679 128 2121 21 100
internal_value=-0.000536751 0.038134 -0.0370485 0.0142448 0.0634587 0.0026925 -0.0330139 -0.0062633 0.0240917 0.00468865 -0.0456672 0.070321 0.011252 0.0379579 0.0823272 0.0996928 0.139516 0.219168 0.0922928 0.184994 0.0870632 0.0580147 -0.0222185 0.0303941 0.0570649 0.0524113 0.111984 0.00119968 0.043288 0.0669899
internal_weight=16334.8 7932.87 8401.94 4097.93 3834.95 379.749 704.125 1837.72 3393.8 1461.41 6564.22 3455.2 1762.12 1631.68 1757.89 798.638 146.259 37.5694 652.379 34.8373 617.541 90.1158 338.233 703.933 1697.31 887.03 108.69 188.193 16.8672 959.253
internal_count=170800 49608 121192 34051 15557 4465 9866 20556 24185 14678 100636 11092 14316 9869 4905 1964 264 48 1700 95 1605 511 4447 4624 6187 4581 216 2171 77 2941
cat_boundaries=0 6 12 18 22 28 34 35 36
cat_threshold=237568 134392832 2 805307400 0 1090 402788352 4198977 1343266840 11635712 16818176 10312 2151677960 33824897 3961038 2165312512 2214592528 1920 196608 172032 2 805306368 512 51396622 33562752 2048 16 6528 0 278541 148 1050624 2147483648 909 3 16
is_linear=0
shrinkage=0.05


Tree=10
num_leaves=31
num_cat=7
split_feature=17 18 15 3 3 7 3 13 18 14 19 18 18 13 5 1 18 17 15 17 13 6 6 18 0 5 1 6 15 14
split_gain=8362.25 1596.36 879.008 686.986 511.926 635.067 423.252 316.156 269.038 209.162 149.44 132.099 126.924 121.871 121.643 114.788 105.721 125.879 306.715 264.846 135.286 98.7445 194.123 95.1464 89.9427 89.6938 85.6557 82.4177 86.0041 81.5235
threshold=0.053549915407443284 0 1.0000000180025095e-35 1.0000000180025095e-35 1.0000000180025095e-35 87.500000000000014 1.0000000180025095e-35 0.67857142857142871 1 0.098214285714285726 2 3 4 3.5000000000000004 534.50000000000011 49.500000000000007 5 0.23731495387255955 0.25461111111111118 0.34674373795761088 0.082857142857142865 134.50000000000003 130.50000000000003 6 24.500000000000004 228.50000000000003 44.500000000000007 16.500000000000004 0.45722222222222225 0.11696428571428573
decision_type=8 9 10 2 2 8 2 8 9 10 1 9 9 8 2 2 9 10 10 10 10 2 2 9 2 2 2 2 10 10
left_child=2 4 -1 9 10 25 8 -5 -4 11 14 -3 -10 26 15 16 17 -2 -19 -20 -21 22 -14 -11 -9 -6 29 -22 -29 -12
right_child=1 3 6 7 5 -7 -8 24 12 23 13 -13 21 -15 -16 -17 -18 18 19 20 27 -23 -24 -25 -26 -27 -28 28 -30 -31
leaf_value=-0.048820148694190671 0.026738236221227292 0.020293715763119859 0.021541386796520456 -0.045945579263361708 -0.051383384115897685 0.17745633734959845 -0.050809995617553221 -0.044353054001751824 -0.042063288038884879 0.011432650222572869 0.019700014802891838 -0.010927721535946396 0.0092778476932497463 0.16034168894007142 0.044458026209861827 0.0098197095689489394 0.070405248024114353 0.32875455500890322 0.32313146458186082 0.0098446905778826546 0.21567276917066081 -0.015794630651128735 0.22512986979745847 0.038159524090562995 0.077746895940304886 0.0011244394198641797 0.027081013000355258 0.1931386684167834 0.098203100622914499 0.059774438405270663
leaf_weight=5180.2623312920332 42.517579697072506 806.00713711977005 679.86114055663347 589.3719695545733 143.28641864284873 45.590922117233276 634.56963476538658 18.908211711794138 349.47921077162027 456.03405810147524 138.21584827452898 572.55392599478364 281.15629936382174 26.393480062484741 252.89940481632948 52.620698295533657 824.43462611734867 16.435580641031265 13.913444519042967 36.795092314481735 17.690248161554337 995.08950493857265 10.816800415515898 1618.1736922264099 74.545067898929119 188.09514005482197 289.97651278972626 25.722286552190781 328.83681504428387 1551.1627840548754
leaf_count=85204 143 6196 5664 9355 2276 18 10356 260 5210 3419 776 5826 3002 61 838 189 2400 8 3 142 20 11696 60 8744 251 2171 1174 41 659 4638
internal_value=-0.000559438 0.0352981 -0.0364123 0.013395 0.0577962 0.00249185 -0.0146312 -0.0323978 -0.00472011 0.0224898 0.0637189 0.00739454 -0.0156657 0.0533437 0.0758281 0.082224 0.0851405 0.106674 0.116837 0.108602 0.101305 -0.00822887 0.0172746 0.0325225 0.0530427 -0.0215795 0.0521865 0.110346 0.10509 0.0564958
internal_weight=16261.4 8130.18 8131.23 4135.59 3994.59 376.972 2950.97 682.825 2316.4 3452.77 3617.61 1378.56 1636.54 2005.75 1611.87 1358.97 1306.35 481.911 439.393 422.958 409.044 1287.06 291.973 2074.21 93.4533 331.382 1979.36 372.249 354.559 1689.38
internal_count=170800 49608 121192 34051 15557 4465 35988 9866 25632 24185 11092 12022 19968 6649 4443 3605 3416 1016 873 865 862 14758 3062 12163 511 4447 6588 720 700 5414
cat_boundaries=0 6 12 13 19 24 28 34
cat_threshold=237568 134392832 2 805307400 0 1090 402788360 4194880 1343762456 28380160 4235280 10824 3 512 53493774 101195904 1185792 2147483648 6409 54001728 276889600 4393216 176 2048986788 65536 131072 2 805306368 8 7340032 909660168 19009536 0 4096
is_linear=0
shrinkage=0.05


Tree=11
num_leaves=31
num_cat=10
split_feature=17 18 15 19 3 3 7 18 13 13 3 18 18 18 19 6 5 5 7 0 0 1 13 18 17 5 18 18 5 1
split_gain=7592.45 1343.77 867.141 669.957 407.127 381.027 544.241 242.974 200.568 166.721 244.115 136.429 130.112 128.818 124.725 107.68 193.171 103.816 157.376 125.378 221.837 99.0358 95.1728 91.2226 134.408 85.6967 84.803 81.5516 73.9996 70.0188
threshold=0.053549915407443284 0 1.0000000180025095e-35 1 1.0000000180025095e-35 1.0000000180025095e-35 87.500000000000014 2 1.0000000180025095e-35 0.67857142857142871 1.0000000180025095e-35 3 4 5 6 134.50000000000003 98.500000000000014 331.50000000000006 2.2500000000000004 20.500000000000004 16.500000000000004 34.500000000000007 3.5000000000000004 7 0.17517824783646929 228.50000000000003 8 9 672.50000000000011 34.500000000000007
decision_type=8 9 10 1 2 2 8 9 8 8 2 9 9 9 1 2 2 2 10 2 2 2 8 9 10 2 9 9 2 2
left_child=2 5 26 8 7 14 25 -4 11 10 27 21 -9 -10 17 16 -14 18 29 20 -20 28 -16 24 -11 -7 -1 -5 -3 -2
right_child=1 3 4 9 -6 6 -8 12 13 23 -12 -13 15 -15 22 -17 -18 -19 19 -21 -22 -23 -24 -25 -26 -27 -28 -29 -30 -31
leaf_value=-0.018309264265816482 0.083501480849201434 0.048630453185491238 0.021521075261537018 0.019533989834415882 -0.050564864814828171 -0.050901095122992228 0.16073525171635669 -0.041816488146634717 0.050226792404254789 0.18076013157637214 -0.045477042568233747 -0.0017148565650104788 0.25888287785490299 0.018172842468744666 0.047939293076952626 -0.015435204598503097 0.011554205520332407 0.052777340509630649 0.091851075377422556 0.043364342781941505 0.27940118204912123 0.0071899961056680964 0.13959218641713117 0.0036122288828967946 -0.0073107855255473021 0.0023968437685565761 -0.050026020715508629 -0.016299536222117661 -0.051813123701758862 0.055612951997263543
leaf_weight=262.18213643506169 624.12250000238419 416.97997424006462 638.21039086580276 275.75709581375122 606.47479303926229 129.10080104321241 48.25158417224884 338.97929323464632 968.93484167009592 25.758831635117531 579.31015393137932 745.99919747188687 8.0978603810071927 518.9926327355206 1980.4088951274753 1005.2873486541212 314.62052690237761 574.65759290009737 33.475874602794647 22.768834561109543 29.80373626947403 308.30120991170406 28.735361859202385 93.659338358789682 15.050741463899611 181.37956880778074 4698.4043251648545 347.335488460958 19.18031483143568 351.99415405839682
leaf_count=3555 1453 2440 5183 1809 10356 2147 17 5256 4636 56 9561 6808 32 3555 6249 11893 3268 1624 61 50 20 2188 61 562 118 2074 81649 2934 175 1010
internal_value=-0.000575757 0.0327283 -0.0357738 0.0132522 -0.0141137 0.0535479 0.00451339 -0.00452375 0.0264311 -0.016087 -0.0221122 0.0135558 -0.014537 0.039506 0.0585193 -0.00731329 0.0177603 0.0694725 0.079159 0.143981 0.180184 0.0284982 0.0490062 0.0365927 0.089474 -0.019765 -0.0484874 -0.00038907 0.0442134 0.0734447
internal_weight=16192.2 8319.96 7872.26 4315.26 2911.67 4004.7 358.732 2305.2 2978.39 1336.87 1202.4 1490.46 1666.99 1487.93 3645.97 1328.01 322.718 1636.82 1062.17 86.0484 63.2796 744.461 2009.14 134.469 40.8096 310.48 4960.59 623.093 436.16 976.117
internal_count=170800 49608 121192 34842 35988 14766 4238 25632 19802 15040 14304 11611 20449 8191 10528 15193 3300 4218 2594 131 81 4803 6310 736 174 4221 85204 4743 2615 2463
cat_boundaries=0 6 7 13 19 25 31 32 38 44 50
cat_threshold=237568 134392832 2 805306376 0 1090 15 402788360 4456961 1343762450 26283008 57360 10824 512 53493770 33562768 16911360 16 6528 51904576 2424373248 4393216 176 2048986788 16 0 50610317 536871060 1051648 2147483648 909 3 0 1327118 0 4096 0 4612 2151677960 33562753 3158238 18874432 2147745793 1920 2147484160 16793607 8200 17827840 16 2948
is_linear=0
shrinkage=0.05


Tree=12
num_leaves=31
num_cat=9
split_feature=17 18 15 3 3 3 13 13 18 14 18 18 18 18 19 14 18 6 6 17 17 15 1 16 0 5 14 1 18 14
split_gain=6901.88 1130.75 854.571 561.313 391.279 351.892 453.976 273.171 223.592 168.74 131.206 126.312 124.969 122.83 97.8162 91.2555 88.4104 86.7519 126.622 78.6587 111.405 94.2789 244.465 92.9212 72.7687 69.7845 59.1899 58.0977 57.2141 56.9535
threshold=0.053549915407443284 0 1.0000000180025095e-35 1.0000000180025095e-35 1.0000000180025095e-35 1.0000000180025095e-35 2.0714285714285716 0.67857142857142871 1 0.026785714285714288 2 3 4 5 6 2.7142857142857149 7 134.50000000000003 130.50000000000003 0.14599011675059886 0.15279517018982924 0.21294444444444446 38.500000000000007 0.37796447300922814 24.500000000000004 228.50000000000003 0.34821428571428575 14.500000000000002 8 0.11160714285714286
decision_type=8 9 10 2 2 2 8 8 9 10 9 9 9 9 1 8 9 2 2 10 10 8 2 10 2 2 10 2 9 8
left_child=2 5 16 9 8 13 25 -5 28 10 -3 14 -10 15 -11 19 -1 18 -14 -2 -21 22 -22 27 -9 -7 -26 -23 -4 -15
right_child=1 3 4 7 -6 6 -8 24 12 11 -12 -13 17 29 -16 -17 -18 -19 -20 20 21 23 -24 -25 26 -27 -28 -29 -30 -31
leaf_value=-0.019329935761725814 0.015905710349719739 0.02149118627565914 0.039763682830752219 -0.0450430046272908 -0.050308467126741252 -0.050883394278889132 0.1239407053621529 -0.044056930721912052 -0.042037102521151282 0.048860582108915689 -0.025581007396146105 0.013298861326591886 0.0088601089539028319 0.015643633510120686 0.02262298560980798 -0.028735349584435278 -0.049901590385356256 -0.014907438838151724 0.16814598900552447 0.20590509104429425 0.0087052985596483314 -0.0010818189059851556 0.25305804586692404 0.068673132728005432 0.050962652408309161 -0.0027636630882048375 0.18923317047594529 0.050248541986225408 0.0088589318666011732 0.045976620466879441
leaf_weight=295.4320757240057 81.479680620133877 254.9924795255065 220.70722138136625 543.71856035664678 579.76369094476104 129.26809172332287 63.471412442624569 18.516687002032995 323.54589051380754 677.18895784765482 326.53259099274874 1417.9289678968489 294.97303308174014 169.1466406583786 887.72378590703011 26.917955279350281 4456.5851785466075 957.96706199273467 13.027583807706831 14.142409816384314 19.074420154094696 70.682822987437248 22.089640483260155 1451.4428656101227 71.693000122904778 180.62007503211498 8.6764636263251287 250.44977189600468 484.21725852787495 1818.1445162445307
leaf_count=4166 313 2220 1478 9355 10356 2248 90 260 5206 3175 3654 10365 3112 906 4771 130 81038 11546 64 22 56 242 23 3101 216 2127 35 784 4226 5515
internal_value=-0.000592315 0.0303805 -0.0351297 0.0118452 -0.0136083 0.0483876 0.00211571 -0.0311404 -0.00433488 0.0196281 -0.00501069 0.0244316 -0.0146908 0.0529141 0.034215 0.062362 -0.0481466 -0.00742715 0.0155975 0.0639729 0.0661155 0.0650255 0.139831 0.0632884 0.0453021 -0.0228365 0.06589 0.0389505 0.0189559 0.0431776
internal_weight=16130.1 8503.9 7626.22 4206.97 2874.2 4296.93 373.36 642.605 2294.44 3564.37 581.525 2982.84 1589.51 3923.57 1564.91 1936.28 4752.02 1265.97 308.001 1909.36 1827.88 1813.74 41.1641 1772.58 98.8862 309.888 80.3695 321.133 704.924 1987.29
internal_count=170800 49608 121192 34051 35988 15557 4465 9866 25632 24185 5874 18311 19928 11092 7946 4671 85204 14722 3176 4541 4228 4206 79 4127 511 4375 251 1026 5704 6421
cat_boundaries=0 6 12 18 24 29 33 34 40 46
cat_threshold=237568 134392832 2 805307400 0 1090 402788360 4456960 1343762456 28380160 4235280 10824 512 19939458 67645580 3282944 16 4096 0 33832973 8336 2048 2147483648 2957 1127743552 276889856 4391168 180 2048986788 65536 172032 2 805306368 3 2151677952 33562753 3158238 154141760 2147745795 1920 402784256 4194304 1074274304 1115136 0 8264
is_linear=0
shrinkage=0.05


Tree=13
num_leaves=31
num_cat=9
split_feature=17 3 15 18 16 3 18 14 19 13 18 18 19 18 13 1 0 6 0 5 5 18 14 5 15 0 1 1 18 1
split_gain=6281.08 978.412 841.253 688.863 623.377 375.811 201.197 139.077 133.328 142.68 121.959 119.928 114.694 96.9944 96.0928 89.5787 84.7685 96.8237 105.014 83.4072 109.193 79.9745 78.3269 124.765 120.763 85.8016 85.2349 77.3833 75.9077 74.9027
threshold=0.053549915407443284 1.0000000180025095e-35 1.0000000180025095e-35 0 2.609506430251479 1.0000000180025095e-35 1 0.026785714285714288 2 0.18785714285714289 3 4 5 6 0.53571428571428581 34.500000000000007 1.5000000000000002 20.500000000000004 25.500000000000004 228.50000000000003 235.50000000000003 7 0.075892857142857165 144.50000000000003 0.68055555555555569 19.500000000000004 15.500000000000002 47.500000000000007 8 37.500000000000007
decision_type=8 2 10 9 8 2 9 10 1 8 9 9 1 9 10 2 2 2 2 2 2 9 8 2 8 2 2 2 9 2
left_child=2 3 13 8 14 6 -4 11 16 -10 -8 -5 15 -1 -3 21 -2 -18 22 -16 -21 -9 23 25 -25 -19 -24 -20 -14 -11
right_child=1 4 5 7 -6 -7 10 12 9 29 -12 -13 28 -15 19 -17 17 18 27 20 -22 -23 26 24 -26 -27 -28 -29 -30 -31
leaf_value=-0.018578275979241873 -0.01597924492174255 -0.043074464955949444 0.0191897948736304 0.019641555770335561 0.076583614715721379 -0.050040429240351153 -0.041485482387366851 0.046662448546891243 0.026510927133293408 0.054470289502999827 -0.0067584708833138621 -0.025517967949148769 0.02765677010095878 -0.049754147188860537 -0.050107561967036876 0.01469839157573561 0.13290382717816054 0.071881462191954279 0.01766102309095428 0.1307988542589831 0.0012617106557163168 0.016273160102546286 0.096876275043351209 -0.008968830737978847 0.20234622792440776 0.24319525145832449 0.056325656254472126 0.18099529677509457 -0.00087086815647066879 0.033662601810229995
leaf_weight=308.45718507096171 31.109202414751053 685.34582014009356 651.03535717725754 260.99859066307545 147.26198588311672 554.36879229173064 306.4029146656394 805.05027743428946 980.7713189125061 1732.204677477479 1326.6531212292612 312.50308113545179 338.66351920366287 4245.2791527658701 55.729955766350031 635.37553703784943 54.029821380972862 10.592784233391283 143.24908718466759 19.959094978868961 87.981832038611174 345.18210263550282 173.56585554778576 22.950991556048393 9.5844891145825368 23.575986370444298 511.42994841188192 7.6382399052381507 710.50763972103596 576.42912292480469
leaf_count=4540 99 11894 5140 2242 371 10356 5123 3799 3827 4105 15369 3591 1952 80664 989 4044 100 45 384 57 1020 2608 361 123 28 23 1245 15 4996 1690
internal_value=-0.000603415 0.0282376 -0.0344755 0.0342811 -0.0183823 -0.0131112 -0.00414814 0.0173361 0.047632 0.0423588 -0.013487 -0.00506849 0.02193 -0.0477924 -0.0348542 0.0296007 0.0645925 0.0678879 0.063996 -0.000432929 0.0252141 0.0380898 0.0716371 0.123358 0.0532816 0.190086 0.0666005 0.0259294 0.00851179 0.0492749
internal_weight=16073.9 8681.69 7392.2 7685.41 996.279 2838.46 2284.09 3408.28 4277.13 3289.41 1633.06 573.502 2834.78 4553.74 849.017 1785.61 987.726 956.617 902.587 163.671 107.941 1150.23 751.7 66.7043 32.5355 34.1688 684.996 150.887 1049.17 2308.63
internal_count=170800 49608 121192 35277 14331 35988 25632 23232 12045 9622 20492 5833 17399 85204 13960 10451 2423 2324 2224 2066 1077 6407 1825 219 151 68 1606 399 6948 5795
cat_boundaries=0 6 12 13 19 25 26 32 38 44
cat_threshold=237568 134392832 2 805309448 0 1346 402788360 4194881 1343762458 26283008 16818176 10824 1 51904576 2424373504 4391168 164 2048986788 16 512 19939466 67645580 3280896 262160 4096 7 2151677960 268443777 3158238 153093184 2147745795 1920 512 18104335 33579152 0 2147483648 6789 0 33816581 2105348 17825792 16 517
is_linear=0
shrinkage=0.05


Tree=14
num_leaves=31
num_cat=9
split_feature=17 18 15 3 3 16 3 17 18 13 18 18 0 18 18 7 18 19 6 15 1 5 14 15 5 6 15 19 17 16
split_gain=5739.9 1006.02 583.148 575.735 280.773 274.844 219.438 364.567 202.039 197.762 164.514 158.669 157.651 134.079 108.064 102.006 96.7816 86.5389 125.157 224.051 79.5116 74.649 73.4208 73.3044 70.5784 90.0183 67.8655 64.1902 63.6557 56.1854
threshold=0.037746025930675144 0 1.0000000180025095e-35 1.0000000180025095e-35 1.0000000180025095e-35 0.89973541084243758 1.0000000180025095e-35 0.043422569005550908 1 1.0000000180025095e-35 2 3 24.500000000000004 4 5 0.58000000000000018 6 7 71.500000000000014 0.052777777777777785 44.500000000000007 228.50000000000003 2.7142857142857149 0.01388888888888889 28.500000000000004 615.50000000000011 0.10277777777777779 8 0.20135788207385424 0.37796447300922531
decision_type=8 9 10 2 2 8 2 10 9 8 9 9 2 9 9 10 9 1 2 10 2 2 8 8 2 2 8 1 8 10
left_child=2 6 14 9 8 -5 16 -8 -4 11 12 20 -7 17 -1 -10 22 18 19 -11 24 -9 27 -13 25 -3 -17 -2 -14 -19
right_child=1 3 4 5 -6 10 7 21 15 13 -12 23 28 -15 -16 26 -18 29 -20 -21 -22 -23 -24 -25 -26 -27 -28 -29 -30 -31
leaf_value=-0.01440493716345864 0.063869296242247492 0.27539342350815438 0.01944067402579883 -0.046864233273566119 -0.051748532825370536 -0.034765764241186867 0.11743957349226571 -0.050225723451535857 -0.020637183008547 0.42995972210004302 -0.015069135829963465 -0.036493042915023789 0.27582706881289321 0.010197650752772229 -0.04955133386624877 0.029270475118368708 0.035814480241865877 0.15215736691540185 0.050224622365833985 0.096959336269757196 -0.0085400344068365091 0.0012054885015051378 -0.029046327604731661 -0.0019033453945464609 0.023208068909710659 0.060155437797488776 0.2016317005718169 0.043789573218638182 0.12544264860011031 0.028225286680151312
leaf_weight=262.38884991407394 1000.1917612627149 5.7827879041433325 501.9237558208406 595.24074457958341 442.58234049007297 13.918834257870911 59.069563485682011 114.42709636315703 1246.2086334973574 5.8763432651758185 83.416930448263884 181.02183242887259 9.2581967860460264 783.64620734006166 4018.2712595425546 44.990277390927076 1934.1291869655252 9.2316352352499944 247.46468653529882 35.973829448223114 203.59528985619545 184.00209325551987 27.185273826122284 995.56336324289441 824.84165029600263 30.366868607699871 6.5413097590208045 1147.5241953283548 29.326475318521261 977.40851020812988
leaf_count=3930 1923 18 4305 11162 8686 220 20 2153 16714 5 652 2656 38 5529 79762 468 5795 44 1041 126 1593 2142 130 8661 5264 170 27 2873 45 4648
internal_value=-0.000612209 0.0241886 -0.0367265 0.00878571 -0.0160702 -0.0322154 0.0414289 0.00394892 -0.00729596 0.0157766 0.0319366 0.00549829 0.0919717 0.0269611 -0.0475464 -0.0176506 0.0447906 0.0368875 0.0616188 0.143717 0.0193782 -0.0185148 0.0523676 -0.0071642 0.026205 0.0945866 0.0511496 0.053642 0.161527 0.02909
internal_weight=16021.4 9498.46 6522.91 5031.93 2242.25 731.161 4466.53 357.499 1799.66 4300.77 135.92 2241.17 52.5035 2059.6 4280.66 1297.74 4109.03 1275.96 289.315 41.8502 1064.59 298.429 2174.9 1176.59 860.991 36.1497 51.5316 2147.72 38.5847 986.64
internal_count=170800 56908 113892 41872 30200 12117 15036 4315 21514 29755 955 18362 303 11393 83692 17209 10721 5864 1172 131 7045 4295 4926 11317 5452 188 495 4796 83 4692
cat_boundaries=0 6 12 18 24 30 36 40 41 42
cat_threshold=237568 134392832 2 805307400 0 66 406982664 37748928 1076404288 9504768 88137728 10440 0 34881550 100663424 4096 0 4484 2147484160 57688078 34087056 2150696960 16810000 6144 0 17056269 536895644 1083392 2147483648 1933 2151677952 268705921 3436766 153124928 2147745792 1920 196608 172032 2 805306368 1 3
is_linear=0
shrinkage=0.05


Tree=15
num_leaves=31
num_cat=10
split_feature=17 3 18 15 13 3 18 16 15 18 0 18 18 19 18 18 1 18 18 17 10 5 5 0 15 1 6 14 15 14
split_gain=5256.61 860.853 606.177 576.172 550.69 271.518 185.012 144.265 128.194 122.972 203.026 120.246 113.687 112.54 108.413 100.449 99.1063 94.3208 87.2807 85.4587 80.9227 77.5013 98.0439 101.37 76.3157 75.2097 70.0868 137.152 124.978 91.5764
threshold=0.037746025930675144 1.0000000180025095e-35 0 1.0000000180025095e-35 1.1071428571428574 1.0000000180025095e-35 1 0.37796447300923602 0.01388888888888889 2 24.500000000000004 3 4 5 6 7 44.500000000000007 8 9 0.038628978010213276 6.5000000000000009 228.50000000000003 235.50000000000003 24.500000000000004 0.008333333333333335 21.500000000000004 615.50000000000011 0.15321428571428572 0.19722222222222227 0.11160714285714286
decision_type=8 2 9 10 8 2 9 8 8 9 2 9 9 1 9 9 2 9 9 10 8 2 2 2 10 2 2 10 10 8
left_child=3 2 7 14 21 6 -5 12 -4 10 -6 25 -2 15 -1 19 26 20 -8 -10 -15 -3 23 -23 -18 -9 27 28 -14 -30
right_child=1 4 8 5 9 -7 18 11 13 -11 -12 -13 16 17 -16 -17 24 -19 -20 -21 -22 22 -24 -25 -26 -27 -28 -29 29 -31
leaf_value=-0.013825632042067194 0.012806461902328809 -0.052545238108364589 -0.030140070279988541 0.018377325668332622 -0.050276529890436232 -0.051547797211625723 -0.040635808948071089 0.070595100960638257 0.2087756879819358 0.01968466660264355 0.16465857046000229 0.035552505344122298 0.053190087115265211 0.012545691585435724 -0.049249929142400041 0.0018751352831538706 0.20266535862536195 -0.0099867113641329899 -0.0096520579766596042 0.031834209484892621 0.15424781367881948 -0.05555555491869052 -0.027417497525176079 0.18148922014127167 -0.00065485405966409437 0.047477544325078801 0.036824281518383468 0.04260748912128634 0.13116708219436346 0.28686385307215473
leaf_weight=258.78957893326879 814.37079122662544 407.64072919264436 175.64197687059641 507.48069312423468 13.756703794002531 422.59603458270431 294.82604752853513 553.73496279865503 6.8708055838942519 123.01478471234441 54.569938868284225 1913.1229936257005 35.399752050638199 1234.463250182569 3845.5694319345057 369.89789940044284 4.7476091459393492 633.27411269024014 985.18859289214015 1001.1203679181635 10.158206619322298 7.4092638865113267 447.77921199426055 11.526341266930103 165.51336133480072 964.89358349889517 506.50348406285048 156.33958276361227 30.592940591275692 13.6615654528141
leaf_count=3880 3766 8091 2630 4434 181 8686 5187 1064 34 418 56 4877 207 7934 79812 3161 4 5542 11893 5823 52 105 7538 43 755 2269 1815 465 65 13
internal_value=-0.000614158 0.0225829 0.0278413 -0.0360869 -0.0198032 -0.0155045 -0.00698327 0.0386568 0.011435 0.0570296 0.105887 0.0446634 0.0269457 0.013713 -0.04717 0.0245097 0.0389933 0.00563055 -0.0170482 0.0327157 0.013593 -0.036617 -0.0227049 0.0887366 0.00501459 0.0555411 0.04731 0.0698152 0.123216 0.179231
internal_weight=15970.5 9656 8590.31 6314.45 1065.7 2210.09 1787.5 5158.88 3431.43 191.341 68.3266 3431.75 1727.13 3255.78 4104.36 1377.89 912.758 1877.9 1280.01 1007.99 1244.62 874.356 466.715 18.9356 170.261 1518.63 742.497 235.994 79.6543 44.2545
internal_count=170800 56908 40476 113892 16432 30200 21514 15300 25176 655 237 8210 7090 22546 83692 9018 3324 13528 17080 5857 7986 15777 7686 148 759 3333 2565 750 285 78
cat_boundaries=0 6 12 18 24 30 31 37 43 49 55
cat_threshold=237568 134392832 8322 805309448 16 1862 406982664 37748928 1076404288 9504768 88367104 11464 65536 150536 0 268435464 0 6 65536 131072 0 805306368 0 1862 0 134349824 0 536872960 0 1862 3 2151677952 268705921 3436766 18874432 2147745795 1920 520 51658895 102252568 2147614720 2147483648 6281 2147484160 57950735 2113604 19959808 16809984 4225 1127743552 2424373248 4391168 176 2048986788 16
is_linear=0
shrinkage=0.05


Tree=16
num_leaves=31
num_cat=10
split_feature=17 3 15 14 13 3 18 18 17 18 18 19 18 18 6 7 18 14 1 5 0 15 16 19 8 19 1 6 6 17
split_gain=4817.35 769.388 553.504 529.26 506.196 254.884 217.3 194.811 200.348 170.895 156.728 128.694 118.724 112.152 110.165 80.9523 80.5944 78.8971 70.3532 79.9858 154.705 69.3368 61.2893 60.8699 76.9079 58.68 58.2 57.1948 118.171 86.0728
threshold=0.036997310708624838 1.0000000180025095e-35 1.0000000180025095e-35 0.24392857142857147 0.59500000000000008 1.0000000180025095e-35 0 1 0.19250464534026576 2 3 4 5 6 169.50000000000003 0.58000000000000018 7 0.25446428571428575 44.500000000000007 708.50000000000011 3.5000000000000004 0.075000000000000011 5.1823857198584138 8 4.2500000000000009 9 18.500000000000004 134.50000000000003 130.50000000000003 0.0024645727162840993
decision_type=8 2 10 10 8 2 9 9 10 9 9 1 9 9 2 10 9 8 2 2 2 10 10 1 8 1 2 2 2 10
left_child=2 3 13 6 -3 9 11 8 -6 27 22 12 14 -1 -2 -11 -8 -10 19 -13 -21 -16 25 -18 -25 -5 -14 28 29 -4
right_child=1 4 5 10 7 -7 16 -9 17 15 -12 18 26 -15 21 -17 23 -19 -20 20 -22 -23 -24 24 -26 -27 -28 -29 -30 -31
leaf_value=-0.012075777927265632 0.18623221538256537 -0.040349979314295591 0.21746639480210242 0.048795919739916864 0.15498576994324931 -0.051283519664037006 -0.017490665214106613 0.0012238862723190202 0.24036107078077107 -0.020303317194529671 0.023594435253085386 0.022194594898828982 0.065653314108747599 -0.048910428279588969 0.13482663282069521 0.045021737028311845 0.02348426486166643 0.0034201779455234893 -0.0054362320352847604 -0.055555555408842855 0.27716651472036674 0.013852708798561451 0.11473934999912144 0.0018136578534920856 0.22401646698048713 0.032744886895400109 0.021613120679866177 0.004861839384119316 0.22640827202020541 0.023926068632715982
leaf_weight=245.21082458645105 33.442988406866789 770.91873819753528 5.9463547244667998 1994.5031139105558 60.505059815943241 398.50216666981578 393.26707443967462 166.71771449223161 3.7922857366502276 1150.2009038440883 1496.2850053831935 1104.4738810583949 110.41505665332079 3686.52270077914 21.434872791171074 49.464771863073111 429.63927104324102 47.765584234148264 253.77125588059425 5.9247377514839146 8.5143895670771599 26.4734196215868 30.363117039203644 1549.3269548267126 3.9039559289813033 1099.955484688282 234.00440873205662 364.83093947917223 8.0501709058880788 169.34889291226864
leaf_count=3789 62 14901 43 4195 56 8576 4728 1069 21 16046 5352 5760 433 79808 66 475 2899 515 1561 36 18 112 36 11544 8 2802 1201 3419 25 1244
internal_value=-0.000618392 0.02099 -0.0356201 0.0258186 -0.0194703 -0.0151985 0.0129143 0.0382688 0.0856305 -0.00697119 0.037476 0.0259648 0.0500069 -0.0467683 0.103829 -0.0174643 0.00291504 0.0208481 0.0181998 0.0237231 0.140642 0.0679782 0.0439071 0.00702961 0.00235698 0.0433539 0.0347235 0.0160189 0.0390935 0.0304913
internal_weight=15923.5 9845.4 6078.08 8795.7 1049.7 2146.34 4174.59 278.781 112.063 1747.84 4621.11 1798.46 425.771 3931.73 81.3513 1199.67 2376.14 51.5579 1372.68 1118.91 14.4391 47.9083 3124.82 1982.87 1553.23 3094.46 344.419 548.176 183.345 175.295
internal_count=170800 57375 113425 40813 16562 29828 28428 1661 592 21252 12385 9249 1874 83597 240 16521 19179 536 7375 5814 54 178 7033 14451 11552 6997 1634 4731 1312 1287
cat_boundaries=0 6 12 18 24 25 31 37 43 44 45
cat_threshold=237568 151152655 8330 807404552 32784 6477 0 35015692 128 268439560 0 4102 402788352 38011584 1076404816 9504768 71622656 10312 196608 134655488 0 805309440 0 1986 1 0 0 10 805306368 0 8 2151677952 268705921 3428574 153124928 2147745792 1920 4194344 268698112 808452192 134250560 67371020 8192 1 7
is_linear=0
shrinkage=0.05


Tree=17
num_leaves=31
num_cat=9
split_feature=17 13 3 18 14 18 19 16 3 18 1 15 18 18 19 5 5 18 1 3 1 0 5 0 1 5 0 18 17 5
split_gain=4428.12 859.271 510.296 336.102 319.21 304.637 197.493 159.337 236.104 135.094 108.41 167.422 117.637 101.101 96.2068 85.9164 132.477 84.3975 84.2943 67.3487 64.8772 98.8338 94.1711 88.4843 68.5891 124.267 64.3969 62.2229 108.69 61.8436
threshold=0.024514096356581163 1.0000000180025095e-35 1.0000000180025095e-35 0 0.026785714285714288 1 2 5.1685782214820142 1.0000000180025095e-35 3 25.500000000000004 0.93888888888888899 4 5 6 228.50000000000003 235.50000000000003 7 2.5000000000000004 1.0000000180025095e-35 34.500000000000007 9.5000000000000018 447.50000000000006 30.500000000000004 33.500000000000007 231.50000000000003 10.500000000000002 8 0.025053329148871335 549.50000000000011
decision_type=8 8 2 9 10 9 1 8 2 9 2 10 9 9 1 2 2 9 2 2 2 2 2 2 2 2 2 9 10 2
left_child=4 2 5 7 13 -2 10 8 14 19 11 -5 -12 -1 20 -10 -17 -7 26 -6 22 -22 24 -23 -3 -26 -16 28 -8 -18
right_child=1 3 -4 6 9 17 27 -9 15 -11 12 -13 -14 -15 18 16 29 -19 -20 -21 21 23 -24 -25 25 -27 -28 -29 -30 -31
leaf_value=-0.012346523548517426 0.02528148290720111 0.05187088556859544 -0.046926969777587715 0.031814201685693086 0.040577054353693812 -0.023920961452510065 0.097667910213747128 0.089484020065327297 -0.047797660568342497 -0.020823573988201435 0.02169912105177893 0.18169001517621519 -0.017832867259425872 -0.046214508179352909 0.050667284337173372 0.12589850186009702 -0.032636068283151798 -0.00010334438596323306 0.024508283876126868 -0.052085634517401558 0.056562819474690364 0.019097691415630565 0.020563550609579623 0.18649067867861463 0.018405996308486636 0.16872780186278194 0.17117898840241991 -0.025389699302287738 -0.0041714103966588546 0.035678633294848217
leaf_weight=261.40916654840112 1292.1418594494462 1444.8672275319695 520.77644328773022 745.50738339498639 156.6574958525598 465.0573893263936 29.153312683105469 137.29307478666306 99.627503756433725 626.98624969273806 604.89409417659044 19.110919952392578 263.65216484293342 4051.2479633614421 33.508828170597553 21.790628157556057 86.936271879822016 1724.3246949277818 1395.6400020048022 22.414903841912746 294.88286315649748 600.91118520498276 245.02692101150751 7.9997269362211219 23.125146001577377 33.906393229961395 16.565360322594643 340.68465003371239 258.62045164033771 53.526111621409655
leaf_count=4047 6555 2964 10878 3793 1269 6351 48 187 2083 9034 3106 7 1891 88368 92 53 1242 14074 3885 501 707 1595 639 12 54 52 30 3700 2931 652
internal_value=-0.000617323 0.0175949 -0.000764921 0.0284694 -0.0388993 0.00614013 0.0125538 0.0363673 0.0347775 -0.010018 0.0216975 0.0355602 0.00974347 -0.0442974 0.0377199 -0.0112497 0.0111917 -0.00524832 0.0266111 0.0274456 0.0435142 0.0328032 0.0493048 0.0212969 0.0539937 0.107775 0.0905345 -0.0111757 0.00593918 -0.00660333
internal_weight=15878.2 10759.5 4002.3 6757.23 5118.72 3481.52 2261.62 4495.61 4358.31 806.059 1633.16 764.618 868.546 4312.66 4096.43 261.881 162.253 2189.38 1445.71 179.072 2650.72 903.794 1746.93 608.911 1501.9 57.0315 50.0742 628.458 287.774 140.462
internal_count=170800 67581 37858 29723 103219 26980 15476 14247 14060 10804 8797 3800 4997 92415 10030 4030 1947 20425 4007 1770 6023 2314 3709 1607 3070 106 122 6679 2979 1894
cat_boundaries=0 6 12 13 19 25 31 32 37 43
cat_threshold=239616 134655488 536870920 805339144 0 1999 172544 185788418 8386 2418084872 16810002 6208 15 943865888 4198401 1082163288 143722496 17039360 8520 4616 53493901 1076887680 152177728 2147745792 14336 2160066592 33562752 3960966 2148535360 2214854673 1920 7 16424 269226496 1879359520 134250560 67108877 4104 5783567 1140858880 2166362176 17080337 4096
is_linear=0
shrinkage=0.05


Tree=18
num_leaves=31
num_cat=8
split_feature=14 18 18 3 19 8 18 18 3 1 5 1 5 10 0 16 5 5 18 1 1 18 3 18 1 0 0 1 5 5
split_gain=4083.43 829.326 498.266 422.998 219.72 200.729 161.819 154.381 136.256 143.356 111.453 109.036 113.617 106.764 186.125 103.122 101.84 107.954 100.027 93.3136 132.77 89.3354 79.8861 74.2325 71.2867 118.171 68.6428 78.1071 65.0921 108.726
threshold=0.026785714285714288 0 1 1.0000000180025095e-35 2 5.5000000000000009 3 4 1.0000000180025095e-35 2.5000000000000004 471.50000000000006 34.500000000000007 672.50000000000011 12.500000000000002 3.5000000000000004 0.95118973121134209 228.50000000000003 235.50000000000003 5 31.500000000000004 44.500000000000007 6 1.0000000180025095e-35 7 37.500000000000007 30.500000000000004 9.5000000000000018 36.500000000000007 672.50000000000011 669.50000000000011
decision_type=8 9 9 2 1 8 9 9 2 2 2 2 2 8 2 8 2 2 9 2 2 9 2 9 2 2 2 2 2 2
left_child=2 4 22 6 11 8 24 -4 9 -6 23 12 21 -14 -15 -5 -10 -18 -17 -11 -21 -2 28 -8 -3 -26 27 -13 29 -1
right_child=1 3 7 15 5 -7 10 -9 16 19 -12 26 13 14 -16 18 17 -19 -20 20 -22 -23 -24 -25 25 -27 -28 -29 -30 -31
leaf_value=0.023278576069999116 0.0538597705209128 0.021343378644379282 -0.020807203095966419 -0.048390047610302148 0.11052997473341197 0.074569535880343527 -0.029822129694691626 -0.045625082697950695 -0.051327358534703084 -0.0014766222010590387 -0.031248883590424267 -0.0020638908100064713 -0.043126197535133609 -0.05555555536481134 0.22191326742912471 0.0768700753054401 0.094275805065441365 -0.010460695160823222 -0.023125418921193311 0.048726287202025043 -0.011048928762454708 0.034458344330630802 -0.03702015363712164 0.0063626238381604338 -0.0022233642710755477 0.15174369121465606 0.016649531501184488 0.048185569065622491 -0.042137140504917417 0.22406929939623541
leaf_weight=366.54087043181062 987.4862402305007 1483.8638763464987 813.82295022159815 496.41822429001331 38.834087200462818 117.45213693752885 155.1102297231555 3965.6144689768553 146.86000635102391 531.10952680557966 342.09425036236644 95.231069892644882 74.720399968326092 12.586188450455666 11.62730734795332 25.194803506135941 27.667672358453274 222.09763462468982 77.316411472856998 294.26674364507198 135.75054923444986 2141.2325085625052 70.28173565864563 992.43754243850708 594.37500680238008 12.729152485728262 1148.6274743080139 411.48405497521162 37.493317537009716 6.8682675771415225
leaf_count=3081 1906 8968 12515 11102 99 112 2170 87935 3221 1771 5052 289 507 96 32 106 79 3343 786 921 546 5885 1429 9606 4078 49 3555 1151 381 29
internal_value=-0.000619538 0.0172861 -0.0366191 -6.93744e-05 0.0285808 0.0117138 0.00643601 -0.0414515 0.0065115 0.0163473 -0.00615872 0.0337761 0.0391959 -0.0135584 0.0776848 -0.038962 -0.0182864 0.00114146 0.00669389 0.0125419 0.0298561 0.0408641 0.0119911 0.00126722 0.0153647 0.00100486 0.0234122 0.0387418 0.0206659 0.0269718
internal_weight=15837.2 10576.6 5260.62 4179.54 6397.03 1514.04 3580.61 4779.44 1396.59 999.961 1489.64 4883 3227.65 98.9339 24.2135 598.929 396.625 249.765 102.511 961.127 430.017 3128.72 481.184 1147.55 2090.97 607.104 1655.34 506.715 410.902 373.409
internal_count=170800 65430 105370 41917 23513 10092 29923 100450 9980 3337 16828 13421 8426 635 128 11994 6643 3422 892 3238 1467 7791 4920 11776 13095 4127 4995 1440 3491 3110
cat_boundaries=0 6 12 13 19 25 31 35 40
cat_threshold=237568 134671372 1073774738 805372936 0 1871 41472 154200202 101200004 823269376 16 5248 15 2550137344 57676291 269508612 28346368 2164531200 14464 2160134184 34210820 2359370 2283832352 2231369731 2370 8 36700162 100663296 2147487744 0 4096 65536 393216 1073774610 805306368 1835072 276824112 4983552 160 142804613
is_linear=0
shrinkage=0.05


Tree=19
num_leaves=31
num_cat=9
split_feature=17 3 16 13 15 18 18 18 17 18 18 3 6 5 19 15 6 13 15 18 18 5 5 0 6 15 18 1 5 5
split_gain=3784.99 671.537 464.203 440.649 313.977 250.121 203.008 191.703 168.639 163.307 123.625 92.8683 88.235 102.414 74.3589 88.7325 174.406 84.3765 74.0639 69.6341 65.3332 55.7291 96.8894 65.2824 52.638 60.0522 52.0968 51.6175 83.951 95.2068
threshold=0.024514096356581163 1.0000000180025095e-35 0.89973541084244091 1.0000000180025095e-35 1.0000000180025095e-35 0 1 2 0.094700731228821125 3 4 1.0000000180025095e-35 134.50000000000003 98.500000000000014 5 0.045833333333333344 78.500000000000014 3.5000000000000004 0.01388888888888889 6 7 367.50000000000006 375.50000000000006 6.5000000000000009 52.500000000000007 0.063888888888888898 8 45.500000000000007 28.500000000000004 26.500000000000004
decision_type=8 2 8 8 10 9 9 9 10 9 9 2 2 2 1 8 2 8 8 9 9 2 2 2 2 10 9 2 2 2
left_child=4 3 21 5 10 27 14 8 -4 -6 -1 12 13 -11 15 16 -5 -16 -7 24 -20 -3 23 -23 -15 -26 -14 28 29 -2
right_child=1 2 7 6 9 18 -8 -9 -10 11 -12 -13 26 19 17 -17 -18 -19 20 -21 -22 22 -24 -25 25 -27 -28 -29 -30 -31
leaf_value=-0.010095546809706195 0.062360539311293629 -0.05256682689078878 0.13396587402266638 0.36772877548118932 0.029621568828458889 -0.028846715805583248 0.013911064347203284 -0.0034520168514588453 0.019673969897118549 0.22586423179072526 -0.048539727664879462 -0.051674606188527851 -0.0028668798677627485 -0.0051656717472654814 0.028822149565777201 0.044457571700250983 0.016163576982271888 0.10231348839252347 -0.02105668926988432 -0.029716608282263593 0.0029128176751544704 -0.055555554994333095 -0.030151899064720662 0.22800508531207739 0.1113027402605251 0.018856209520544332 -0.032696382086684503 0.0010696100855838494 0.024072328041212031 0.26002127825459292
leaf_weight=246.79139595106244 44.314601510763168 492.92809723317623 66.45671559497714 6.2629042491316786 154.89213696122169 283.39786357805133 1965.4133950099349 207.60394228249788 62.749765552580357 5.3980924598872653 3147.5956760905683 242.33585494011641 211.41784615069628 62.781123582273722 3338.1409707590938 1019.3196574449539 8.0774127095937711 39.518491432070732 337.24753042310476 79.922620173543692 1560.0941175892949 3.0238929428160173 278.93056809529662 6.1739853620529175 30.141494270414114 42.106362663209438 568.69435840472579 229.68332111090422 1048.3384346067905 7.0630890056490889
leaf_count=4368 187 11341 52 6 1371 4678 10332 1695 676 22 77137 5867 2587 683 8551 2109 47 81 4014 1296 11653 64 5583 64 289 362 9237 1383 5049 16
internal_value=-0.000615694 0.0155349 -0.0211975 0.0196881 -0.0377047 0.00546077 0.0275197 0.0278682 0.0728233 -0.0177598 -0.0459174 -0.0237126 -0.0171765 0.0107626 0.0334755 0.0457525 0.169704 0.0295944 -0.00498169 0.00536072 -0.00144333 -0.0423558 -0.0248867 0.134782 0.0263705 0.0574245 -0.0250682 0.0224591 0.0271306 0.0895337
internal_weight=15796.8 11004.7 1117.87 9886.87 4792.08 3510.14 6376.73 336.81 129.206 1397.69 3394.39 1242.8 1000.46 220.35 4411.32 1033.66 14.3403 3377.66 2180.74 214.952 1897.34 781.057 288.128 9.19788 135.029 72.2479 780.112 1329.4 1099.72 51.3777
internal_count=170800 67581 19475 48106 103219 26980 21126 2423 728 21714 81505 20343 14476 2652 10794 2162 53 8632 20345 2630 15667 17052 5711 128 1334 651 11824 6635 5252 203
cat_boundaries=0 6 12 18 24 30 31 36 41 47
cat_threshold=172544 169011202 532674 2418084872 16810002 6208 239616 134655488 536870940 805342208 2147483648 1999 0 35015694 100663296 2415923208 0 4100 939655168 4194304 1074323488 1116160 67108864 8264 2155874336 532609 3436758 136347712 2164523042 1920 1 67115024 524352 2560 12894208 9494530 20512 269222400 1610911784 134250560 67112973 74989744 33559216 262152 134218752 4481049 2304
is_linear=0
shrinkage=0.05


Tree=20
num_leaves=31
num_cat=10
split_feature=17 3 16 18 15 0 18 18 18 5 5 18 3 17 6 5 18 2 18 14 19 1 0 5 5 10 18 15 18 1
split_gain=3494.07 601.732 433.086 385.718 309.594 157.752 149.878 125.429 123.138 97.3102 132.796 92.2488 91.0015 90.8817 81.352 83.0935 78.7274 77.2132 64.4208 63.6668 62.3123 64.0646 60.1662 55.9228 85.6117 60.4268 53.1935 51.8103 49.6592 49.3622
threshold=0.024514096356581163 1.0000000180025095e-35 0.89973541084244091 0 1.0000000180025095e-35 24.500000000000004 1 2 3 663.50000000000011 669.50000000000011 4 1.0000000180025095e-35 0.060910110582246456 134.50000000000003 98.500000000000014 5 3.5000000000000004 6 1.0000000180025095e-35 7 33.500000000000007 30.500000000000004 367.50000000000006 383.50000000000006 1.0000000180025095e-35 8 0.008333333333333335 9 49.500000000000007
decision_type=8 2 8 9 10 2 9 9 9 2 2 9 2 8 2 2 9 2 9 8 1 2 2 2 2 8 9 10 9 2
left_child=4 3 23 11 8 9 -6 27 -1 -4 -11 -2 14 -7 15 -8 -15 20 -17 -13 21 -9 26 -3 25 -25 -19 -5 -16 -21
right_child=1 2 5 7 6 13 12 17 -10 10 -12 19 -14 16 28 18 -18 22 -20 29 -22 -23 -24 24 -26 -27 -28 -29 -30 -31
leaf_value=-0.0096337735862889757 0.03223833110623852 -0.052406430519095118 -0.040032614408646666 -0.038659511736469643 0.027635467753812384 0.25146690299878488 0.19458613288521884 -0.014251483246522046 -0.048197155519224433 0.24817957072414548 -0.055555555268576119 -0.0093062427310767384 -0.051470302251921229 0.082922520562962718 -0.0027361924741479355 0.024118543095589265 0.01822779879372028 -0.030202843506239731 -0.030513068427775403 0.022988482923908666 0.018601349421959869 0.035871017336202501 0.07595249867131719 0.050378818661325965 -0.031066585167053823 0.34014398381041505 0.0012227974589533947 -0.0062909296625043637 -0.03198290302729425 -0.0060420217739535764
leaf_weight=244.38987326994538 3048.9509702324867 470.28716121986508 98.764416426420212 160.77380335703492 158.34916213527322 5.4545360989868632 5.9374464601278296 303.73323448747396 3015.2723044194281 7.3318725377321226 7.0674528107047081 176.27074709907174 231.40926263481379 76.671422824263573 210.93032030388713 141.10765210911632 147.20509369298816 165.11216005310416 74.301608078181744 2999.9582569077611 1796.3329593501985 80.687688197940588 23.046301711350679 14.244418915361168 265.20722065120935 2.0592957064509383 586.71991972625256 535.04262825474143 552.93954872712493 153.94242123514414
leaf_count=4344 6046 11341 1640 3154 1371 40 22 2319 77161 34 89 1504 5867 172 2587 1379 448 1659 1251 9896 11513 559 125 241 5461 9 4361 6302 9237 668
internal_value=-0.000614518 0.0145813 -0.020625 0.0184222 -0.0370903 0.025978 -0.0171928 0.00540108 -0.0454833 -0.0223288 0.0991008 0.0258266 -0.023065 0.0498151 -0.0166272 0.0100636 0.0449021 0.00989912 0.00497748 0.0198774 0.0147499 -0.00363647 -0.00362482 -0.0418558 -0.02423 0.0869786 -0.00606414 -0.0135749 -0.0243614 0.0215715
internal_weight=15759.5 11124.9 1094.29 10030.6 4634.64 342.495 1374.98 3651.45 3259.66 113.164 14.3993 6379.12 1216.63 229.331 985.217 221.347 223.877 2955.63 215.409 3330.17 2180.75 384.421 774.878 751.798 281.511 16.3037 751.832 695.816 763.87 3153.9
internal_count=170800 67581 19475 48106 103219 2423 21714 29992 81505 1763 123 18114 20343 660 14476 2652 620 20536 2630 12068 14391 2878 6145 17052 5711 250 6020 9456 11824 10564
cat_boundaries=0 6 12 17 23 29 35 40 41 47 53
cat_threshold=239616 134409228 8322 807439368 32768 1862 939655168 4194304 1074323488 1116160 67108864 8264 12599336 268439552 808763680 134217792 68423917 2155872288 532609 3436758 136347712 2164523043 1920 196608 174080 2 805306368 0 64 65536 150528 0 268435464 0 6 67115024 524384 2560 12894208 9494530 16 0 786944 1107820636 4096 16777216 1 74989744 33559216 262152 134218752 4481049 2304
is_linear=0
shrinkage=0.05


Tree=21
num_leaves=31
num_cat=12
split_feature=17 3 16 13 15 18 18 18 15 3 18 18 18 5 5 14 17 1 18 19 19 18 17 19 13 15 6 6 18 14
split_gain=3226.42 538.652 406.095 346.348 305.246 208.447 164.008 158.075 158.644 138.518 142.411 121.628 64.6197 56.0861 76.4695 54.6381 52.6515 51.8449 67.97 51.7048 49.8462 56.8181 57.9693 48.4743 78.3222 76.6098 143.901 48.3671 94.8728 52.5366
threshold=0.024514096356581163 1.0000000180025095e-35 0.89973541084244091 1.0000000180025095e-35 1.0000000180025095e-35 0 1 2 0.21944444444444447 1.0000000180025095e-35 3 4 5 367.50000000000006 383.50000000000006 0.32732142857142865 0.55314441724722285 12.500000000000002 6 7 8 9 0.025654737419443307 10 3.5000000000000004 0.045833333333333344 78.500000000000014 213.50000000000003 11 0.63392857142857151
decision_type=8 2 8 8 10 9 9 9 10 2 9 9 9 2 2 8 10 2 9 1 1 9 10 1 8 8 2 2 9 10
left_child=4 3 13 5 11 27 23 8 16 10 -6 -1 -7 -3 15 -15 -4 19 -19 -8 21 22 -14 25 -25 26 -5 28 -2 -30
right_child=1 2 7 6 9 12 17 -9 -10 -11 -12 -13 20 14 -16 -17 -18 18 -20 -21 -22 -23 -24 24 -26 -27 -28 -29 29 -31
leaf_value=-0.0091565085776185214 0.0083722864734337172 -0.052238006738878476 0.10791179851735058 0.32583409079376652 0.01685899758975706 -0.024822454045704413 0.045246631152008651 -0.010517922030028805 -0.001432900901991274 -0.051237181007317036 -0.021217068027358933 -0.047818754983196377 0.21069144295356679 0.04251094731083041 -0.030328943703711322 0.29842294062608626 -0.010632778341608383 0.015294792507803651 -0.0064170744029810496 0.012448560454168171 -0.008112488979527115 0.018253805516825938 -0.01192897291682536 0.026124763557048798 0.096012468408612925 0.039369186004509955 0.014106845490890391 0.013598143968103908 0.065111440555061004 -0.026611297025618649
leaf_weight=240.25802069157362 218.32669660449028 448.75749414041638 98.164816867560148 6.6904790550470343 352.34932006895542 331.81130545213819 232.07298264279962 171.17492302134633 66.591774005442858 238.13560575246811 763.21940169855952 2891.3352149352431 2.9546033442020407 14.553340908139946 258.25346036627889 2.4346305131912223 10.354738388210533 1598.1824748367071 462.27829908952117 291.60434439405799 1081.9375117979944 507.00077706575394 284.2340634316206 3040.86569686234 40.624367214739323 940.99171356111765 8.2885930538177472 897.39215305447578 207.18586214631796 16.88383287191391
leaf_count=4281 1167 11341 151 6 3241 4939 894 1398 797 6261 12212 77224 19 238 5461 12 77 6215 3404 1322 9412 3870 2399 7356 73 1809 47 4271 862 41
internal_value=-0.00060634 0.0137009 -0.020039 0.0172519 -0.0364586 0.00464566 0.0240061 0.0244943 0.0561155 -0.0166196 -0.00922991 -0.0450345 -0.00481249 -0.0413392 -0.0235696 0.079187 0.0966005 0.0139829 0.0104667 0.0280851 -0.00116069 0.00829297 -0.00931432 0.0303117 0.0269586 0.040729 0.153341 0.0201182 0.0337988 0.0557136
internal_weight=15724.9 11239.6 1070.29 10169.3 4485.3 3547.73 6621.6 346.286 175.111 1353.7 1115.57 3131.59 2207.94 723.999 275.241 16.988 108.52 2584.14 2060.46 523.677 1876.13 794.189 287.189 4037.46 3081.49 955.971 14.9791 1339.79 442.396 224.07
internal_count=170800 67581 19475 48106 103219 26980 21126 2423 1025 21714 15453 81505 20639 17052 5711 250 228 11835 9619 2216 15700 6288 2418 9291 7429 1862 53 6341 2070 903
cat_boundaries=0 6 12 18 24 30 35 41 42 43 49 50 56
cat_threshold=172544 156428290 8386 2418084872 16810002 6208 198656 134655488 536870940 805340160 2147483648 1999 65536 37112846 100663296 2952925192 0 4228 469897360 37748800 1074324000 9521152 71589905 8264 2155874336 532609 3436758 136314944 2164523043 1920 16416 269226496 1879080992 134250560 67108873 2147528704 57163917 1073741954 152176648 84156416 12288 5 3 6144 1 2379788 537923584 262144 8707 1 512 5294080 8320 2149581824 16777216 4160
is_linear=0
shrinkage=0.05


Tree=22
num_leaves=31
num_cat=12
split_feature=17 3 16 13 15 18 18 18 3 15 18 18 15 5 5 6 18 5 18 18 19 15 18 18 17 0 6 9 1 19
split_gain=2978.52 484.062 378.941 302.014 301.039 186.958 142.413 139.383 134.189 133.5 130.495 120.383 60.6357 56.2053 68.4326 55.5086 60.7455 59.9616 53.9461 53.8701 53.4252 71.2924 69.8232 67.5495 49.4051 82.3331 78.01 49.2629 49.1698 48.3357
threshold=0.024514096356581163 1.0000000180025095e-35 0.89973541084244091 1.0000000180025095e-35 1.0000000180025095e-35 0 1 2 1.0000000180025095e-35 0.21944444444444447 3 4 0.01388888888888889 367.50000000000006 383.50000000000006 134.50000000000003 5 98.500000000000014 6 7 8 0.93888888888888899 9 10 0.040300387232602736 15.500000000000002 134.50000000000003 0.58000000000000018 33.500000000000007 11
decision_type=8 2 8 8 10 9 9 9 2 10 9 9 8 2 2 2 9 2 9 9 1 10 9 9 10 2 2 10 2 1
left_child=4 3 13 5 11 -2 24 9 10 28 -6 27 19 -3 -15 16 17 -12 -14 -7 21 23 -22 -8 25 -5 -27 -1 -4 -19
right_child=1 2 7 6 8 12 20 -9 -10 -11 15 -13 18 14 -16 -17 -18 29 -20 -21 22 -23 -24 -25 -26 26 -28 -29 -30 -31
leaf_value=-0.010669590953552995 0.018837280297162057 -0.052061217529083159 0.07507884745092043 -0.006667907637162203 0.016253024814343025 0.025067844230468036 0.022520293056201027 -0.011148161916109374 -0.051012009569821749 -0.0022246847910343272 0.23275847145715628 -0.047427790695959662 -0.021120913249651915 0.07220200070645838 -0.029588435823710076 -0.027485832295295054 -0.035934332987924193 0.054148244475934408 0.0019921689353686774 -0.035216215234207177 -0.015666062285256178 0.089898483859939787 0.012821391991021764 -0.0014695732811578521 0.027965713258648658 0.20881724149424286 0.046056816626001328 0.30112625012353833 0.18218116532818432 -0.011074842637930711
leaf_weight=234.76810598373413 1365.271944873035 428.28489378094673 106.18394231423736 17.396268516778946 348.9506671987474 39.054688442498446 1373.750090636313 165.71361825987697 227.49662479758263 67.59012134000659 3.4903433397412291 2773.8154671601951 288.35796913504601 17.671044711023569 251.6508851274848 602.73251025006175 49.178782727569342 45.331177547574043 1634.7796756215394 231.00368148460984 300.32296590134501 34.625914186239243 695.49761401116848 379.41306927800179 3909.4866969138384 15.297518953680992 14.191716007888317 1.2737069614231575 11.919072940945624 57.036280233412981
leaf_count=4243 6456 11341 173 104 3236 514 4909 1367 6261 819 9 77255 3680 250 5461 10152 962 438 12166 4164 1873 35 3091 2555 8441 42 76 7 64 656
internal_value=-0.000599556 0.0128788 -0.0194781 0.0161747 -0.0358073 0.00439063 0.0223963 0.0228634 -0.016038 0.0510658 -0.00884871 -0.0445707 -0.00466706 -0.0408068 -0.0229097 -0.0203539 0.00606003 0.0264641 -0.00157291 -0.026874 0.013562 0.0187469 0.00415971 0.0174486 0.0285055 0.0795985 0.130489 -0.00862184 0.0858877 0.0220155
internal_weight=15691.5 11347.5 1049.01 10298.4 4344.07 3558.47 6739.98 351.407 1334.22 185.693 1106.72 3009.86 2193.2 697.607 269.322 757.769 155.037 105.858 1923.14 270.058 2783.61 1787.79 995.821 1753.16 3956.37 46.8855 29.4892 236.042 118.103 102.367
internal_count=170800 67581 19475 48106 103219 26980 21126 2423 21714 1056 15453 81505 20524 17052 5711 12217 2065 1103 15846 4678 12463 7499 4964 7464 8663 222 118 4250 237 1094
cat_boundaries=0 6 12 18 24 30 35 40 46 47 53 59 60
cat_threshold=172544 139651074 532674 2419133448 16809986 6208 198656 134655488 1610612764 805339136 2147483648 1871 65536 37112846 100663296 2952925192 0 4484 469893264 37752896 1074323488 143738880 71589905 8264 2155874336 268968065 3436758 136347712 2147745825 1920 268288 524320 2560 4489216 9601058 16416 268960256 1610911784 134250560 67108877 2147483680 0 266248 16777280 67108880 1026 7 12583456 1048712 102256834 2147618816 67108864 14464 2147525120 17842317 67133568 1186824 67117056 12416 10
is_linear=0
shrinkage=0.05


Tree=23
num_leaves=31
num_cat=11
split_feature=17 3 16 15 13 18 3 5 18 18 18 5 18 17 17 15 1 18 1 5 18 18 5 18 5 1 14 18 18 2
split_gain=2750.07 435.289 353.646 296.132 263.777 167.452 129.81 125.882 125.083 121.898 120.968 102.336 108.735 83.418 74.3273 56.5976 58.0378 67.2312 74.548 75.0436 58.8657 56.4303 56.3773 62.3915 85.1525 53.9126 49.7073 47.9659 44.9465 44.902
threshold=0.024514096356581163 1.0000000180025095e-35 0.89973541084244091 1.0000000180025095e-35 1.0000000180025095e-35 0 1.0000000180025095e-35 228.50000000000003 1 2 3 235.50000000000003 4 0.11354093206393984 0.38981898827531725 0.01388888888888889 9.5000000000000018 5 7.5000000000000009 407.50000000000006 6 7 367.50000000000006 8 383.50000000000006 50.500000000000007 0.25446428571428575 9 10 3.5000000000000004
decision_type=8 2 8 10 8 9 2 2 9 9 9 2 9 10 10 8 2 9 2 2 9 9 2 9 2 2 8 9 9 2
left_child=3 4 22 8 5 29 10 -4 -1 25 -5 13 14 -9 -13 21 17 -17 -19 -20 -18 -7 -3 24 -24 -6 -16 -12 -11 -2
right_child=1 2 7 6 9 15 -8 11 -10 28 27 12 -14 -15 26 16 20 18 19 -21 -22 -23 23 -25 -26 -27 -28 -29 -30 -31
leaf_value=-0.0083069569975707715 0.023301577626818615 -0.051875716331383381 -0.052417820020804112 0.014788821592464209 0.028008680462915016 0.025790161701179794 -0.050776266540228709 0.24212635652269002 -0.047190084969998283 0.016882534657625264 -0.039401776872829308 0.082969081433757877 -0.0091408039152313641 0.068334947814738325 0.17769473819777293 -0.0085328299677603428 0.002846825587212342 0.030393149341297356 0.042866527434008254 0.2205647838869739 -0.016285834334837147 -0.035103720285392874 0.17512921045574392 -0.038399063669170709 -0.0012020860273618452 -0.0069771239966658367 -0.015843309882511002 -0.011114569019743094 0.0028219873403298682 0.0039802538536374155
leaf_weight=244.62542570382357 996.51711478829384 408.81780502945185 49.749700728803873 366.72142615169287 3693.5969169139862 40.32903503626585 217.38120434060693 9.1448961086571199 2649.2474298477173 2266.6300493106246 221.14412653073668 89.026528730988503 139.51419920101762 28.185858722776175 3.6431869491934767 96.435281556099653 1012.8310791105032 86.722216386348009 12.069747570902111 11.701469600200651 655.68387834727764 226.73314398527145 7.4690372683107844 174.30348981916904 82.164788000285625 113.49867591261864 37.125559184700251 509.37448585033417 779.62272641435266 430.6460707783699
leaf_count=4567 4378 11341 1056 3428 7667 518 6261 37 76938 7786 4599 102 755 50 20 718 7118 695 97 65 6767 4200 66 4014 1631 305 403 7426 5368 2424
internal_value=-0.000592103 0.0121094 -0.0189128 -0.0351556 0.0151725 0.0041513 -0.0154772 0.0213572 -0.044095 0.0209131 -0.00848387 0.0333265 0.0225724 0.110909 0.053261 -0.00469951 -0.00165481 0.0233215 0.0475883 0.130339 -0.00475237 -0.0262569 -0.0402457 -0.0222318 0.0121372 0.026895 0.00145169 -0.0200942 0.013305 0.0173498
internal_weight=15660.7 11452.2 1029.15 4208.49 10423 3569.67 1314.62 356.39 2893.87 6853.35 1097.24 306.64 269.309 37.3308 129.795 2142.51 1875.44 206.929 110.493 23.7712 1668.51 267.062 672.755 263.937 89.6338 3807.1 40.7687 730.519 3046.25 1427.16
internal_count=170800 67581 19475 103219 48106 26980 21714 2423 81505 21126 15453 1367 1280 87 525 20178 15460 1575 857 162 13885 4718 17052 5711 1697 7972 423 12025 13154 6802
cat_boundaries=0 6 12 18 24 30 36 42 48 54 59 64
cat_threshold=139776 189982722 34087042 2418084872 16809986 6208 2155872288 268968065 3436758 136347712 2164523042 1920 198656 437760 536870924 805339136 0 1999 469893248 37752896 1074323488 9521152 72376337 10312 0 1461252 67108992 805310472 0 4102 2155905024 2101260 805306372 554700864 2147483665 1408 2155972608 2098189 338706500 554831872 2147508240 9604 2147483680 0 266248 16777280 67108880 1154 41472 272146444 64 825365504 2147483648 2 1125646400 276889856 4391170 2097300 1512115876 45056 191381645 1073758354 154143816 2147491840
is_linear=0
shrinkage=0.05


Tree=24
num_leaves=31
num_cat=11
split_feature=17 3 16 15 14 18 18 3 18 18 5 5 18 1 6 17 18 17 18 1 19 1 18 5 19 15 6 5 18 5
split_gain=2539.01 392.543 330.306 290.902 234.553 152.682 146.206 125.389 118.822 114.492 114.167 84.2997 93.9044 70.9694 66.3478 65.8559 64.6664 60.7656 60.1514 60.182 68.4679 62.0868 59.8096 62.9507 58.1376 57.051 69.6102 56.1543 58.7117 69.1831
threshold=0.024514096356581163 1.0000000180025095e-35 0.89973541084244091 1.0000000180025095e-35 0.041071428571428578 0 1 1.0000000180025095e-35 2 3 228.50000000000003 235.50000000000003 4 36.500000000000007 134.50000000000003 0.097619606339322013 5 0.38981898827531725 6 32.500000000000007 7 34.500000000000007 8 98.500000000000014 9 0.045833333333333344 99.500000000000014 367.50000000000006 10 375.50000000000006
decision_type=8 2 8 10 10 9 9 2 9 9 2 2 9 2 2 10 9 10 9 2 1 2 9 2 1 8 2 2 9 2
left_child=3 4 27 8 5 -2 24 9 -1 -5 -4 15 17 18 22 -12 -15 -13 -8 20 -20 -21 23 -11 25 26 -6 -3 29 -29
right_child=1 2 10 7 6 -7 13 -9 -10 14 11 12 -14 16 -16 -17 -18 -19 19 21 -22 -23 -24 -25 -26 -27 -28 28 -30 -31
leaf_value=-0.0070892346549258252 0.017362452025832389 -0.051681150034625783 -0.052249964543706721 0.032171279896796932 0.25973571150960473 -0.012484436462766218 -0.0086209879520319967 -0.050529578420455905 -0.046589270810563715 0.18684125864043841 0.22086534568131011 0.074522112702264165 -0.0087768767343386414 0.0078632733831595063 -0.021948320066542338 0.06498626583687904 -0.017713894245190136 0.0013432096361786433 -0.0079235899719721191 0.057789858113516501 0.017854258475957743 0.014243043978712662 -0.028553822057897357 0.020655928599951842 0.015495144742810961 0.026407093783669174 0.061308737257537022 0.1826431634358599 -0.038313181350467927 0.00087661517665743214
leaf_weight=224.13644033670425 654.28266132250428 390.30717928335071 47.471632182598114 143.54018995910883 5.136027827858924 1197.7250562570989 251.72340056672692 207.76379877701402 2559.7330582998693 5.9219905585050574 8.6776402071118337 94.024367231875658 138.47582071274519 710.3601688221097 723.26151195168495 30.915797736495733 366.23099928349257 40.624515816569328 305.97018596529961 170.72464264184237 1565.0746656656265 157.23578045517206 65.685908451676369 150.94528765976429 1794.079051554203 3331.6335755735636 31.698650099337101 5.5641733370721331 164.76804091781378 88.474242016673088
leaf_count=4213 4687 11341 1056 920 8 13380 2129 6261 77292 14 31 102 755 3698 11860 56 2560 423 1715 672 6860 738 1186 1473 4664 6814 181 38 3926 1747
internal_value=-0.000587746 0.0113896 -0.0183988 -0.0344896 0.0142417 -0.0019137 0.0176847 -0.0149329 -0.0436018 -0.00814383 0.0199995 0.0309672 0.0210831 0.00974393 -0.0144496 0.0991501 -0.000928976 0.0488179 0.0144722 0.0170773 0.0136919 0.036912 0.00927089 0.0253159 0.0230468 0.0270111 0.0889763 -0.0397059 -0.0216459 0.0105136
internal_weight=15632.2 11551.2 1009.3 4080.99 10541.9 1852.01 8689.87 1297.12 2783.87 1089.35 360.19 312.718 273.125 3527.32 945.815 39.5934 1076.59 134.649 2450.73 2199.01 1871.04 327.96 222.553 156.867 5162.55 3368.47 36.8347 649.114 258.806 94.0384
internal_count=170800 67581 19475 103219 48106 18067 30039 21714 81505 15453 2423 1367 1280 18372 14533 87 6258 525 12114 9985 8575 1410 2673 1487 11667 7003 189 17052 5711 1785
cat_boundaries=0 6 12 18 24 30 36 41 42 47 48 54
cat_threshold=512 7882762 101200008 2954041352 67117056 14401 4401152 134655488 146 807437312 0 974 2155874336 8321 3567830 136314944 2164523011 1920 402784256 4194304 1074323488 67584 67108864 8264 0 1461252 67108992 805310472 0 4102 2147516928 56639631 807665664 135462984 2147786754 1 8404992 271056896 839680064 2147614784 67108867 16 67115024 524384 2560 12894208 9625634 7 172544 272146444 2097216 825365504 2147483648 2
is_linear=0
shrinkage=0.05


Tree=25
num_leaves=31
num_cat=10
split_feature=17 13 3 15 18 19 18 18 17 1 18 18 18 1 6 18 9 5 5 6 18 14 1 6 11 8 1 1 1 19
split_gain=2347.8 405.723 354.44 210.11 166.391 139.55 160.665 123.67 110.584 106.789 137.629 105.418 104.889 80.4183 113.915 69.0209 61.4492 60.1988 76.2252 55.0196 93.2091 73.6878 60.8513 87.8638 53.4165 51.2608 50.3785 55.6774 80.0763 61.9891
threshold=0.018545093503382914 1.0000000180025095e-35 1.0000000180025095e-35 1.0000000180025095e-35 0 1 2 3 0.047440576455175 25.500000000000004 4 5 6 24.500000000000004 66.500000000000014 7 0.41500000000000009 672.50000000000011 669.50000000000011 212.50000000000003 8 0.63392857142857151 17.500000000000004 26.500000000000004 3.2500000000000004 5.5000000000000009 2.5000000000000004 31.500000000000004 44.500000000000007 9
decision_type=8 8 2 10 9 1 9 9 10 2 9 9 9 2 2 9 10 2 2 2 9 10 2 2 8 10 2 2 2 1
left_child=3 2 4 7 17 9 8 -1 -7 12 -11 -5 13 -3 -15 -6 -12 18 19 20 21 22 -2 -24 -19 26 -10 -28 29 -29
right_child=1 5 -4 11 15 6 -8 -9 25 10 16 -13 -14 14 -16 -17 -18 24 -20 -21 -22 -23 23 -25 -26 -27 27 28 -30 -31
leaf_value=-0.0033456409085856156 -0.041768511984762384 0.035850811068205757 -0.045096548309474432 0.0081401258908943234 -0.024914479112647957 0.059263224584361777 -0.011951485901939417 -0.046445407739369206 0.069865002244634017 -0.015686314923548873 0.021523899930489605 -0.026958295767707269 0.019207452099637638 0.14906907773603184 0.038567436123437791 -0.0020556696378628342 0.0027973137257538104 -0.030379830878271754 0.19284639063503087 0.010984149440250404 0.01331700873261123 -0.027495242975131725 0.2049278804575165 0.075307958382335408 0.099157632323108605 0.10540729914521117 -0.0046032070818894924 0.043845846622734642 -0.013639755709307711 -0.033046470048381731
leaf_weight=192.21781678684056 9.1123277693986875 1037.6017986759543 435.20422795601189 304.05736350268126 392.42045546509326 140.11835500970483 804.69310817494988 2407.7382552083582 33.532813876867294 335.51928880438209 2315.2022087089717 706.07516514323652 1605.9059315547347 39.329099237918854 57.307630650699139 1875.9518062695861 540.29649146646261 102.29446848481894 6.2012151181697837 1025.0679102092981 268.58689747750759 17.368548572063446 15.076708093285559 98.419476211071014 8.6297613531351072 14.255263090133665 444.71016123145819 234.42386482097208 112.34946691244841 24.831367140635848
leaf_count=3662 33 1887 12362 3613 6666 564 7546 75792 162 2059 6519 14177 5386 27 110 16719 1408 637 16 4890 1250 41 22 334 38 32 2607 954 801 486
internal_value=-0.00058047 0.0100596 -0.00234411 -0.0359318 0.0025277 0.0168773 0.00461751 -0.0434505 0.0178814 0.0205739 0.0143915 -0.0165797 0.0278486 0.039565 0.0835393 -0.00610216 0.0179178 0.0150931 0.0179247 0.0171681 0.0326832 0.0642981 0.0825456 0.0925265 -0.020302 0.011378 0.00980079 0.00733345 0.0216184 0.0368977
internal_weight=15604.5 11994.4 4254.33 3610.09 3819.13 7740.08 1808.91 2599.96 1004.22 5931.16 3191.02 1010.13 2740.14 1134.24 96.6367 2268.37 2855.5 1550.76 1439.83 1433.63 408.564 139.977 122.609 113.496 110.924 864.103 849.848 816.315 371.605 259.255
internal_count=170800 73556 43008 97244 30646 30548 13152 79454 5606 17396 9986 17790 7410 2024 137 23385 7927 7261 6586 6570 1680 430 389 356 675 5042 5010 4848 2241 1440
cat_boundaries=0 6 7 13 19 25 31 37 42 48 49
cat_threshold=172544 156428294 34087042 269552648 16810000 6208 15 206856 139388418 1677721600 805408840 17072128 772 2155874336 268968064 271872246 136347648 2147745824 1920 2151678464 4456450 302543062 2149650432 84189203 10240 1006764176 37748800 1073783624 11619328 72351761 8264 229376 393216 158 805306368 2147483648 1347 16544 269226496 1887469856 134512704 335544332 131072 150994944 2 269549576 16 2048 80
is_linear=0
shrinkage=0.05


Tree=26
num_leaves=31
num_cat=11
split_feature=17 3 16 14 15 18 18 18 5 18 1 19 6 0 0 6 5 1 5 18 18 19 0 5 18 0 3 18 18 6
split_gain=2172.88 370.631 309.751 236.062 203.341 160.126 132.39 122.365 102.03 101.076 82.0926 84.3117 135.228 90.329 155.978 78.9688 77.5405 118.33 69.9889 73.448 68.2191 64.7131 66.7182 62.597 70.8797 59.8109 57.8037 59.0489 57.3146 53.907
threshold=0.01818654318654319 1.0000000180025095e-35 0.89973541084244091 0.041071428571428578 1.0000000180025095e-35 0 1 2 228.50000000000003 3 50.500000000000007 4 22.500000000000004 22.500000000000004 18.500000000000004 6.5000000000000009 60.500000000000007 41.500000000000007 235.50000000000003 5 6 7 7.5000000000000009 367.50000000000006 8 2.5000000000000004 1.0000000180025095e-35 9 10 615.50000000000011
decision_type=8 2 8 10 10 9 9 9 2 9 2 1 2 2 2 2 2 2 2 9 9 1 2 2 9 2 2 9 9 2
left_child=4 3 23 5 6 -2 21 -5 -4 -6 11 12 15 14 16 -9 17 -14 -10 -20 -13 22 25 -3 -25 -1 27 -11 -18 -15
right_child=1 2 8 7 9 -7 -8 10 18 26 -12 20 13 29 -16 -17 28 -19 19 -21 -22 -23 -24 24 -26 -27 -28 -29 -30 -31
leaf_value=-0.027132448965290559 0.017001858134504274 -0.051785646325697599 -0.052112161708620874 -0.0044202221461676584 0.023725997685769426 -0.012788549610102638 -0.046435566490697411 0.020534047840207043 0.08770617497602598 -0.0023241764589453078 -0.010783097707883245 0.022803748550162366 0.083559776201943492 -0.021506163555738256 0.066160024058056793 0.11293976164197017 0.028125366754367238 -0.0073890860642886157 0.043524782254517502 -0.0068273890448284974 0.011509953747484786 -0.028684542287792675 0.00022077207833675055 0.012288152643538691 -0.039742566675631183 0.13337268734412464 -0.051588108080832307 -0.031470303678746724 0.002370037145258316 0.016221017649297054
leaf_weight=7.9643812309950617 655.85716640204191 404.09933089278638 45.831673502922058 707.09762420132756 131.75327200815082 1390.6417376920581 2282.734367871657 34.327526591718197 42.126184534281492 367.79722680523992 252.39467471837997 2042.5656347312033 110.88684004917741 132.27255227044225 255.83759869262576 70.819115370512009 482.32242145389318 52.789255529642105 134.20300540700555 146.14187184721231 4143.1337457932532 113.53591365553439 70.943297725170851 103.3107108976692 162.27251294255257 21.399524813517928 142.72965308651328 334.34505187347531 401.98605631291866 333.18788851052523
leaf_count=158 4671 12638 1075 5891 1380 16895 74905 87 87 4547 987 4230 246 397 552 131 968 172 513 783 15176 2490 1430 1999 4215 313 4651 6912 1384 917
internal_value=-0.000572559 0.00943069 -0.0191371 0.0121103 -0.0354338 -0.0032208 -0.0430006 0.0155888 0.0176939 -0.0160907 0.0172754 0.0181755 0.0275352 0.0244082 0.0311584 0.0827718 0.0226137 0.0542267 0.0276152 0.0185855 0.01527 -0.00397551 0.0240572 -0.0393929 -0.0205366 0.0898388 -0.0223166 -0.0166842 0.0167624 0.00549987
internal_weight=15577.3 12104.1 1037.99 11066.1 3473.2 2046.5 2496.58 9019.62 368.303 976.625 8312.52 8060.13 1874.43 1769.28 1303.82 105.147 1047.98 163.676 322.471 280.345 6185.7 213.843 100.307 669.683 265.583 29.3639 844.872 702.142 884.308 465.46
internal_count=170800 74014 21310 52704 96786 21566 79296 31138 2458 17490 25247 24260 4854 4636 3322 218 2770 418 1383 1296 19406 4391 1901 18852 6214 471 16110 11459 2352 1314
cat_boundaries=0 6 12 17 23 24 30 36 37 43 49 55
cat_threshold=8421888 7358474 101199880 2954057736 8192 14401 2155872288 268968064 272003318 2097152 2164523042 1920 276840488 271581184 907841608 2147635264 67108881 939655296 33554432 1073774912 3147776 71303184 8256 1 0 1461252 128 805310472 0 6 198656 430592 1073741826 939556864 32770 68 11 41472 272146444 2097152 823530504 2147483648 1538 67129392 4723312 520 2160411680 1236993 2056 197120 183429 16 805306368 2147483648 775
is_linear=0
shrinkage=0.05


Tree=27
num_leaves=31
num_cat=9
split_feature=17 3 16 14 15 18 18 18 18 0 0 15 18 3 18 1 0 5 18 0 17 18 15 5 5 1 5 18 6 5
split_gain=2012.33 335.115 290.658 209.969 200.025 192.273 122.906 122.036 94.669 93.6757 70.7881 113.964 78.5009 63.911 63.6328 63.6205 70.2391 62.4294 64.9 61.7904 59.4956 58.4437 54.4509 54.3617 53.5774 51.3853 50.087 201.936 147.218 77.2877
threshold=0.01818654318654319 1.0000000180025095e-35 0.89973541084244091 0.026785714285714288 1.0000000180025095e-35 0 1 2 3 16.500000000000004 17.500000000000004 0.052777777777777785 4 1.0000000180025095e-35 5 37.500000000000007 30.500000000000004 367.50000000000006 6 24.500000000000004 0.029362375925190254 7 0.052777777777777785 672.50000000000011 10.500000000000002 50.500000000000007 22.500000000000004 8 226.50000000000003 20.500000000000004
decision_type=8 2 8 10 10 9 9 9 9 2 2 10 9 2 9 2 2 2 9 2 10 9 10 2 2 2 2 9 2 2
left_child=4 3 17 5 6 20 -1 25 -6 -4 11 -11 19 14 -10 23 21 -3 -19 -12 22 -17 -2 -9 -22 -5 27 28 -8 -30
right_child=1 2 9 7 8 -7 26 15 13 10 12 -13 -14 -15 -16 16 -18 18 -20 -21 24 -23 -24 -25 -26 -27 -28 -29 29 -31
leaf_value=-0.0040517383409220094 0.057513074353780461 -0.051586706439648813 -0.037682810009981187 0.020025330638966377 0.031923894902339871 -0.021688127710296982 -0.041737395660806503 0.01228888427370842 -0.00081091978958071028 0.29363467339765842 -0.04979262521014502 -0.055555555408031802 -0.00036898889941194569 -0.051512555116213526 -0.030340589946042548 -0.016304128645626394 0.08128674728925965 0.013331029723029957 -0.037465510060019649 0.066377222714798234 0.12876170470313505 0.0053348167941428583 0.27806939111775431 -0.053338909521750855 0.012847986179739144 -0.0082779872268565306 -0.047634283830642242 -0.047800995977429504 0.1673493456112746 0.42446303896663817
leaf_weight=205.42921856418252 9.5910957194864732 385.83670722693205 65.390777543187141 5085.5410684756935 87.844897024333477 835.32167810201645 5.903604283928872 3251.6833461374044 398.59641348943114 6.0987333320081216 12.685891438275574 3.7878211699426174 167.01948905736208 140.78679548762739 335.76546804606915 492.37410580739379 25.259081121534109 94.882947823032737 166.14170014485717 117.16527064144611 10.20150552690029 816.04073977097869 3.9512187913060179 31.863403659313917 437.41486043483019 165.58456107974052 2107.462073482573 72.162294501438737 8.0513842329382879 4.5885260552167901
leaf_count=4077 96 12638 1184 11285 919 12193 203 16846 4762 14 175 71 828 4783 7026 3774 103 1820 4394 186 59 4455 15 227 3146 505 72287 2537 170 22
internal_value=-0.000562689 0.00889209 -0.018556 0.0113973 -0.03478 -0.00752009 -0.0424943 0.0138826 -0.0155253 0.0166503 0.0282324 0.15985 0.0238492 -0.0204196 -0.0147367 0.00789442 -0.00129774 -0.0388106 -0.0199255 0.0510932 0.0182185 -0.00289205 0.121864 0.011652 0.0154897 0.0190965 -0.0458598 -0.00968832 0.106807 0.260686
internal_weight=15550.4 12183.8 1019.01 11164.8 3366.59 1296.48 2403.6 9868.35 962.994 372.148 306.757 9.88655 296.871 875.149 734.362 4617.22 1333.67 646.861 261.025 129.851 461.159 1308.41 13.5423 3283.55 447.616 5251.13 2198.17 90.7058 18.5435 12.6399
internal_count=170800 74014 21310 52704 96786 15509 79296 37195 17490 2458 1274 85 1189 16571 11788 25405 8332 18852 6214 361 3316 8229 111 17073 3205 11790 75219 2932 395 192
cat_boundaries=0 6 12 18 23 29 35 41 47 53
cat_threshold=2560 154192898 67645580 806492168 16 15552 2155872288 268968064 271872246 136347648 2164523042 1920 237568 961024 1073750162 805405696 40960 590 939655296 33554432 1073774912 3147776 67108880 65536 35015690 100663424 4104 0 6 67129360 4719216 520 2160411680 13688833 10312 41472 272146440 2097152 823530496 2147483648 1538 272631848 19922946 369643596 2234368 71303185 15360 590876688 536870912 2560 0 37748736 32
is_linear=0
shrinkage=0.05


Tree=28
num_leaves=31
num_cat=11
split_feature=17 3 16 15 14 18 18 18 5 18 1 0 5 18 18 5 18 19 1 18 19 0 0 15 5 5 18 1 1 0
split_gain=1863.52 303.536 272.087 196.834 187.163 175.843 119.583 108.708 88.5124 86.6688 67.7603 91.9157 62.2017 61.6955 60.1987 57.8885 66.5078 56.2414 114.064 60.4653 53.7129 75.1711 69.1743 52.2296 50.8804 47.5625 181.956 125.43 75.18 54.5187
threshold=0.01818654318654319 1.0000000180025095e-35 0.89973541084244091 1.0000000180025095e-35 0.026785714285714288 0 1 2 228.50000000000003 3 37.500000000000007 30.500000000000004 367.50000000000006 4 5 235.50000000000003 6 7 33.500000000000007 8 9 7.5000000000000009 2.5000000000000004 0.24072222222222225 383.50000000000006 22.500000000000004 10 12.500000000000002 47.500000000000007 3.5000000000000004
decision_type=8 2 8 10 10 9 9 9 2 9 2 2 2 9 9 2 9 1 2 9 1 2 2 10 2 2 9 2 2 2
left_child=3 4 12 6 5 -2 20 -6 -4 -5 17 14 -3 24 -12 23 -17 18 19 -9 21 22 -1 -10 -14 26 27 -8 29 -29
right_child=1 2 8 9 7 -7 25 10 15 -11 11 -13 13 -15 -16 16 -18 -19 -20 -21 -22 -23 -24 -25 -26 -27 -28 28 -30 -31
leaf_value=-0.044307304495579514 0.017011600344661863 -0.051378174064357934 -0.051852913674567173 0.0076097665367955321 0.018441853762437222 -0.021079968201843935 0.36574886462103473 0.0071537453826879972 0.14961199270498912 -0.024894894103104737 -0.024274408346215467 0.084530252484809026 0.11772842158247183 -0.03904244845045287 0.0019149069571313686 0.038686982352682531 -0.0085070912430186049 0.014288506652994812 0.045890074200960675 -0.026877895871448156 -0.02670432492937215 -0.0039418207278744425 0.1389035834845212 0.037060301508410783 -0.00025280307443691812 -0.047033585160053015 -0.047415252190033674 0.26790450043493791 0.28306494446100089 -0.03778432750184639
leaf_weight=6.7900816071778562 469.67055688425899 368.47185764089227 43.007129311561584 295.37938090413809 4820.3528117351234 817.71391042508185 5.0107305012643364 233.26689030602574 16.007922884076834 654.51943083107471 260.28642519935966 30.616482116281986 10.058015726506708 146.68223784305155 1163.4515311457217 143.56489472836256 143.77050457708538 3080.5997794307768 102.41405870765448 282.76803886145353 97.117306625470519 61.517046539112926 21.357034329324961 28.945368327200413 99.9348140116781 2039.2175061441958 68.316927282139659 1.7361089624464501 3.3167627230286589 9.1238079853355867
leaf_count=141 3383 12638 1075 3323 10148 12126 31 1009 45 14167 2122 111 90 4102 6561 485 811 14613 498 2133 2170 1244 274 42 2022 72563 2509 22 41 301
internal_value=-0.000554687 0.00838214 -0.0180114 -0.034133 0.0107269 -0.0072148 -0.0420014 0.0130428 0.0156423 -0.0149693 0.0079415 -0.00118676 -0.0382147 -0.0193178 -0.00303005 0.024378 0.0161234 0.0115519 -0.00227374 -0.0118766 -0.00222209 0.0243139 0.0947066 0.0771401 0.00965766 -0.0452718 -0.00938827 0.0990805 0.0747166 0.0110843
internal_weight=15525 12261.6 1000.44 3263.4 11261.1 1287.38 2313.5 9973.76 375.296 949.899 5153.4 1454.35 625.147 256.675 1423.74 332.289 287.335 3699.05 618.449 516.035 186.781 89.6642 28.1471 44.9533 109.993 2126.72 87.5043 19.1874 14.1767 10.8599
internal_count=170800 74014 21310 96786 52704 15509 79296 37195 2458 17490 27047 8794 18852 6214 8683 1383 1296 18253 3640 3142 3829 1659 415 87 2112 75467 2904 395 364 323
cat_boundaries=0 6 12 18 24 30 36 42 43 49 50 56
cat_threshold=2560 154192898 67645580 806492168 18 7360 2155874336 268968065 272003302 2097152 2147745824 1920 204800 961024 1073741842 805405696 40960 590 1006764176 37748800 1073775432 15797248 71311377 8264 172544 272277516 2097152 823530504 2147487936 1538 268437512 2 101216332 6144 4194321 2048 0 1461260 67108992 805310472 0 4100 16 2568 138429445 538968064 1050632 83886082 9473 11 590876688 536870912 2560 0 37748736 32
is_linear=0
shrinkage=0.05


Tree=29
num_leaves=31
num_cat=11
split_feature=17 3 16 15 13 18 18 18 5 18 3 5 18 18 18 0 0 5 18 5 17 19 16 0 14 15 18 18 17 5
split_gain=1726.17 274.894 255.332 193.853 167.699 131.673 114.027 82.5036 81.2072 79.0787 61.738 61.7198 59.7334 58.2954 58.0501 55.3055 74.1973 52.5239 51.1156 50.8046 246.45 46.4011 78.7631 88.5078 71.4135 83.3002 68.4057 53.0385 45.8015 44.5119
threshold=0.01818654318654319 1.0000000180025095e-35 0.89973541084244091 1.0000000180025095e-35 1.0000000180025095e-35 0 1 2 228.50000000000003 3 1.0000000180025095e-35 367.50000000000006 4 5 6 16.500000000000004 17.500000000000004 235.50000000000003 7 22.500000000000004 0.0043939954628095194 8 0.18898223650461335 4.5000000000000009 1.3035714285714288 0.93888888888888899 9 10 0.020456813645436403 672.50000000000011
decision_type=8 2 8 10 8 9 9 9 2 9 2 2 9 9 9 2 2 2 9 2 8 1 10 2 8 10 9 9 10 2
left_child=3 4 11 6 5 -2 29 -5 -4 -6 13 -3 -7 -9 28 -10 -17 -18 19 20 -8 24 23 -23 25 27 -24 -11 -13 -1
right_child=1 2 8 7 9 12 18 10 15 21 -12 14 -14 -15 -16 16 17 -19 -20 -21 -22 22 26 -25 -26 -27 -28 -29 -30 -31
leaf_value=0.015198885297409877 0.013143949393782559 -0.051159681379026802 -0.051657238928151931 0.030035268296985631 0.022195887799645386 -0.025589229818039041 0.46374637701098714 -0.00026195355454381955 -0.031215671265559158 0.017207271967448118 -0.050639060195161512 0.28640789731191835 -0.0025192756899832004 -0.028838104836794928 -0.035736911354340664 0.1708053330460465 0.07548474497695784 0.016695114148826677 -0.048846468180052331 -0.030080629360104028 -0.041799989378778851 0.17978345907823037 -0.024523104984438882 -0.055555555155608005 -0.04823575959929919 0.095184866097948559 0.0067570810265937175 -0.00066170214415501097 0.0097999740339961769 -0.03855566019376231
leaf_weight=121.7460473254323 1510.5914218500257 351.9609822742641 41.06075993552804 86.968586035072803 2307.747001554817 316.48155418410897 3.061673125252125 395.10548201948404 41.53756214864552 2787.0889010429382 132.76144775934517 1.5215180963277806 2049.3773680813611 323.21346297115088 159.75274200737476 9.1187044624239189 45.073296166956425 241.83459617942572 1672.9617202337831 361.78023893944919 11.338557070121169 12.860063008964064 186.31032098457217 5.7956558987498275 44.760401051491499 32.350945800542831 1603.3374991714954 495.97287419810891 91.193359985947609 56.329428603872657
leaf_count=2435 7151 12638 1075 872 4629 5796 5 4720 587 6919 4797 16 17985 7101 4523 50 74 672 63305 12111 402 31 1151 38 224 26 5616 3138 1675 1038
internal_value=-0.000546586 0.00790533 -0.0174594 -0.0334855 0.0101017 0.00166235 -0.0415159 -0.0144191 0.0147365 0.0144776 -0.0190903 -0.0376276 -0.00570007 -0.0135251 -0.0187627 0.0228126 0.0303936 0.025931 -0.0447485 -0.0257307 0.0656856 0.0109671 0.00444225 0.106672 0.014455 0.0153449 0.0034014 0.0145582 0.0129433 -0.00170896
internal_weight=15501 12335.7 983.054 3165.27 11352.7 3876.45 2227.22 938.049 378.625 7476.22 851.08 604.429 2365.86 718.319 252.468 337.564 296.027 286.908 2049.14 376.18 14.4002 5168.48 1808.3 18.6557 3360.17 3315.41 1789.65 3283.06 92.7149 178.075
internal_count=170800 74014 21310 96786 52704 30932 79296 17490 2458 21772 16618 18852 23781 11821 6214 1383 796 746 75823 12518 407 17143 6836 69 10307 10083 6767 10057 1691 3473
cat_boundaries=0 6 12 17 23 28 34 40 46 47 53 59
cat_threshold=172544 55762950 34087042 268520456 16826386 6144 2155872288 268968064 271872246 2129920 2164523010 1920 402784384 33554432 1073774912 3147776 67108880 67584 393728 1610612748 939556864 0 9805 16512 268702208 1887469856 134479936 335544332 604000272 4723312 520 2160411680 5300225 10312 107008 565260 2097152 822481928 2147483648 1538 1722368 33559041 9078792 2282753152 469763253 2056 7 12583424 1048704 34095250 2147614720 67108864 2048 172544 152104077 67125392 2148666376 2214592512 4482
is_linear=0
shrinkage=0.05


Tree=30
num_leaves=31
num_cat=7
split_feature=17 3 13 15 14 18 18 19 18 3 18 0 0 6 0 5 0 5 5 1 5 0 5 1 0 18 5 15 18 6
split_gain=1597.77 249.325 239.812 190.028 153.452 156.941 118.141 96.2563 105.917 76.3872 78.7412 73.5679 106.834 86.222 79.0965 68.9664 67.4218 126.019 178.042 89.1385 170.659 77.8989 111.003 65.566 206.126 77.2234 64.7701 66.3682 62.5946 59.6601
threshold=0.01818654318654319 1.0000000180025095e-35 0.53571428571428581 1.0000000180025095e-35 0.026785714285714288 0 1 2 3 1.0000000180025095e-35 4 5.5000000000000009 22.500000000000004 27.500000000000004 18.500000000000004 228.50000000000003 12.500000000000002 423.50000000000006 60.500000000000007 32.500000000000007 295.50000000000006 11.500000000000002 522.50000000000011 37.500000000000007 30.500000000000004 5 267.50000000000006 0.041666666666666678 6 9.5000000000000018
decision_type=8 2 8 10 10 9 9 1 9 2 9 2 2 2 2 2 2 2 2 2 2 2 2 2 2 9 2 10 9 2
left_child=3 4 -3 6 5 -2 -1 11 -9 10 -5 -6 14 -14 16 -4 17 18 -13 20 26 22 -19 29 25 -25 27 -18 -15 -10
right_child=1 2 15 9 7 -7 -8 8 23 -11 -12 12 13 28 -16 -17 19 21 -20 -21 -22 -23 -24 24 -26 -27 -28 -29 -30 -31
leaf_value=-0.0023545870663451837 0.015857148838830725 -0.037184695250118707 -0.047615345285210366 -0.039421044396718639 -8.5605158488085846e-05 -0.020160645096161559 -0.04457354683292622 -0.00445451442191279 -0.036099283176217259 -0.04840609903830257 -1.9189299442311707e-06 0.084142288591641093 0.086263487201569192 0.023128243251990255 0.05226530060921665 0.020992824894990044 0.17728330390069055 -0.03774399945180245 0.0035314694276154211 -0.014563177514091525 -0.022958486650725834 0.14587187021758805 0.080192424957778424 -0.020922703118185351 0.10533513387622413 0.0055787200033852354 0.13855619679881589 0.039151188980900961 -0.009857131142552239 0.015133003553785846
leaf_weight=193.49230101518333 473.62510201334953 581.70919425040483 40.994332432746887 148.50560649484396 366.67036518454552 802.35718729533255 1952.6787564940751 1253.2538838274777 57.522797718644142 136.63482457399368 641.07590370252728 88.307664837688208 32.616391938179731 222.07122961804271 358.45486835762858 343.98440758697689 9.2882800213992578 24.780507918447256 305.34467036277056 197.48916390165687 97.220954284071922 30.768801234662533 102.38691818714142 329.78644030541182 48.193723253905773 1429.3412190079689 22.821456335484982 136.32863079383969 369.16832682862878 4681.4831842705607
leaf_count=4020 3433 18716 1169 3832 1242 12076 75276 9111 178 5047 8611 242 66 550 939 1425 32 92 971 765 333 67 302 1725 107 4818 49 329 1481 13796
internal_value=-0.000536308 0.00745812 -0.0169252 -0.0328169 0.00951866 -0.00682512 -0.0409859 0.0115706 0.00885299 -0.0138884 -0.00791521 0.0204141 0.0242802 0.00712262 0.032075 0.0136871 0.0249428 0.0367527 0.0216148 0.0108778 0.0297904 0.0744835 0.0572107 0.0114035 0.00331813 0.000523231 0.0602365 0.047962 0.00275673 0.0145111
internal_weight=15478.4 12406 966.688 3072.39 11439.3 1275.98 2146.17 10163.3 7799.58 926.216 789.582 2363.72 1997.05 623.856 1373.19 384.979 1014.74 551.589 393.652 463.148 265.659 157.936 127.167 6546.33 1807.32 1759.13 168.438 145.617 591.24 4739.01
internal_count=170800 74014 21310 96786 52704 15509 79296 37195 29735 17490 12443 7460 6218 2097 4121 2594 3182 1674 1213 1508 743 461 394 20624 6650 6543 410 361 2031 13974
cat_boundaries=0 6 12 13 19 25 31 37
cat_threshold=2560 137415682 67907724 2953975816 16 7232 2155874336 268968064 272003318 136314880 2147745824 1920 1 281035304 288374912 638357576 2147635200 67125265 136 1134035008 2424373504 4391170 148 167841444 16 2048 263170 24582 16812032 0 7425 107008 135282688 128 807403520 2147483648 6789
is_linear=0
shrinkage=0.05


Tree=31
num_leaves=31
num_cat=9
split_feature=17 3 16 15 14 18 18 19 18 18 6 5 18 17 0 0 0 18 18 12 1 5 18 1 6 0 8 0 5 1
split_gain=1477.9 225.515 224.569 185.439 137.033 143.729 116.895 84.5735 100.606 89.1099 87.4002 113 80.9163 147.743 83.0723 93.9687 116.141 75.2105 74.8821 68.4724 65.3698 63.3564 62.5355 58.9595 72.2564 58.1644 57.2711 56.1249 55.3506 107.25
threshold=0.01818654318654319 1.0000000180025095e-35 0.89973541084244091 1.0000000180025095e-35 0.026785714285714288 0 1 2 3 4 207.50000000000003 222.50000000000003 5 0.18589384672811329 7.5000000000000009 8.5000000000000018 17.500000000000004 6 7 0.58000000000000018 3.5000000000000004 355.50000000000006 8 25.500000000000004 75.500000000000014 22.500000000000004 4.2500000000000009 24.500000000000004 84.500000000000014 36.500000000000007
decision_type=8 2 8 10 10 9 9 1 9 9 2 2 9 10 2 2 2 9 9 10 2 2 9 2 2 2 10 2 2 2
left_child=3 4 21 6 5 -2 -1 9 -9 -6 11 12 13 14 -10 -16 -17 -5 27 23 -12 -3 -23 -18 -25 -26 -22 -4 29 -14
right_child=1 2 18 17 7 -7 -8 8 10 -11 20 -13 28 -15 15 16 19 -19 -20 -21 26 22 -24 24 25 -27 -28 -29 -30 -31
leaf_value=-0.0019953664112736156 0.014917625978616173 -0.051150171180206983 -0.011789738896580325 0.019931043254786587 -0.0089043571208815963 -0.019524795873523584 -0.044104392428230124 -0.011299841223780874 0.0053777581210905203 0.015673026471534061 0.03562595717790034 -0.031136954893256658 0.1729827645013107 0.015914307157907225 0.24580527860309354 0.0031218908075144633 0.074383184707835268 -0.019296987127223487 -0.010099330273719198 0.0067271464061366311 -0.00085428862486019606 0.011345092217202642 -0.038090939494058479 0.33828808256984738 0.23087204052819119 0.087564315920351507 0.054740914563999099 0.049900602907196903 0.0063584730622337042 0.028712097362771125
leaf_weight=192.70451657660306 479.83929544687271 318.16740412265062 48.669988749548793 137.82644540257752 389.39816156774759 788.56257808208466 1877.9719346314669 767.32876409962773 21.38839565962553 6266.036266759038 143.84616328403354 89.053264312446117 14.103798195719717 122.50567378103733 11.907410830259321 24.124823570251465 15.437272205948828 777.6110181696713 184.69448662735522 9.0825145095586759 1763.0494939386845 109.13497399538755 139.3898420073092 6.7772158682346264 13.655037850141534 14.70551275461912 47.573438860476017 152.0557255409658 379.43012768030167 148.69909358397126
leaf_count=4104 3353 12382 690 1380 3369 12156 75192 5128 97 18953 406 397 33 277 18 127 58 16110 1539 46 6419 2145 4325 10 30 62 59 229 1212 494
internal_value=-0.000528604 0.00703808 -0.0163484 -0.0321235 0.00897153 -0.00653147 -0.0404082 0.0108903 0.00466239 0.0142238 0.00902211 0.0222284 0.028307 0.0521232 0.0944626 0.114375 0.0956954 -0.013384 0.0130963 0.133131 0.00318384 -0.0363745 -0.0174582 0.155831 0.191614 0.156564 0.000606454 0.0332843 0.016518 0.0412104
internal_weight=15454.7 12468.6 952.112 2986.11 11516.5 1268.4 2070.68 10248.1 3592.67 6655.43 2825.34 870.87 781.817 239.584 117.078 95.6898 83.7824 915.437 385.42 59.6576 1954.47 566.692 248.525 50.575 35.1378 28.3606 1810.62 200.726 542.233 162.803
internal_count=170800 74014 21310 96786 52704 15509 79296 37195 14873 22322 9745 2861 2464 725 448 351 333 17490 2458 206 6884 18852 6470 160 102 92 6478 919 1739 527
cat_boundaries=0 6 12 13 19 25 31 37 43 49
cat_threshold=2560 137415682 67645580 2953975816 16777232 7360 2155872288 268968065 272003302 2129920 2164523010 1920 7 12599840 288374914 102256856 2147631104 2147483648 6536 2048 268963840 2887780 154140672 84148243 8192 2048 168304640 8194 19958784 262144 1028 939655296 33554432 1073774912 3147776 71303184 8256 65536 37112846 100663296 2416054280 0 4229 41472 272147468 2097152 823530504 2147483648 1538
is_linear=0
shrinkage=0.05


Tree=32
num_leaves=31
num_cat=11
split_feature=17 13 3 18 18 3 18 5 18 5 17 18 18 19 18 20 0 1 18 15 0 5 17 0 17 18 15 1 0 6
split_gain=1369.26 266.388 281.671 150.145 122.823 127.662 84.5085 110.512 84.422 87.9189 92.5068 82.8168 78.3517 76.1429 86.6109 70.1972 69.7661 56.1762 80.319 75.7725 51.626 58.0276 115.217 69.6749 51.4671 50.9739 47.6261 53.194 58.3321 83.2216
threshold=0.011500866367736732 1.0000000180025095e-35 1.0000000180025095e-35 0 1 1.0000000180025095e-35 2 235.50000000000003 3 231.50000000000003 0.0040828233276974744 4 5 6 7 8 21.500000000000004 25.500000000000004 9 0.93888888888888899 20.500000000000004 311.50000000000006 0.0098092672183377177 19.500000000000004 0.030834051800498401 10 0.13977777777777781 23.500000000000004 21.500000000000004 66.500000000000014
decision_type=8 8 2 9 9 2 9 2 9 2 10 9 9 1 9 9 2 2 9 10 2 2 10 2 10 9 10 2 2 2
left_child=4 2 3 -2 -1 6 20 8 -8 15 -11 24 -5 17 16 -10 -15 19 -19 25 21 22 -6 -23 -3 -13 27 -27 29 -29
right_child=1 11 -4 12 5 -7 7 -9 9 10 -12 13 -14 14 -16 -17 -18 18 -20 -21 -22 23 -24 -25 -26 26 -28 28 -30 -31
leaf_value=-0.052670521726095147 -0.028005880619402602 0.056498768173278237 -0.042934908321576884 0.014101260469820069 0.43911707444401754 -0.05235446315808831 -0.02922402821192141 -0.036055230558825056 0.005620748474493187 -0.055555555366932442 0.33268932984277061 0.006993853763382925 -0.0014514398682704626 -0.0031083308881674661 -0.015543124118986788 0.3765300682775416 0.02768287009006043 -0.0185071831572058 0.0092947506206089107 0.10044147293768542 -0.036495508563282882 0.028524263863517925 -0.05555555457555799 0.27224292692245888 0.017961780465912371 0.029627049113950078 0.017406806747392603 0.16094707977560069 0.1914816086066029 0.01902288143537836
leaf_weight=724.64763662405312 416.45846152305603 90.278433252125978 416.95703523419797 1153.26294663921 2.7867506332695475 391.69007463753223 213.96176225505769 686.36995482072234 311.34668331965804 2.4138783589005461 4.2104576155543327 938.05592576414347 2664.681298552081 454.69808512553573 639.23748128116131 1.2808759957551945 308.96565539762378 284.52790012955666 2263.9394367691129 26.919944703578949 16.688673086464405 38.618236977607012 2.0379331968724728 3.1734851989895096 2149.2745223920792 230.02306221053004 935.91903837770224 14.553721651434897 10.18299851939082 35.583646543323994
leaf_count=30760 9470 311 15259 5128 10 15750 7343 23364 7031 92 34 2790 23256 3479 6301 10 1627 1759 6947 7 490 896 76 38 5004 1201 2145 47 17 158
internal_value=-0.000518559 0.00587137 -0.00372451 0.000136499 -0.0352311 -0.0272075 -0.0197417 -0.0226039 -0.00571273 0.010627 0.191215 0.0111962 0.00327103 0.00814991 -0.00208895 0.00714041 0.00922843 0.0111785 0.00615461 0.0170725 0.0336531 0.0659855 0.230169 0.0470312 0.0194285 0.0160355 0.0227099 0.0405866 0.0823791 0.0602202
internal_weight=15432.7 13033.5 4651.36 4234.4 2399.23 1674.58 1282.89 1219.58 533.214 319.252 6.62434 8382.16 3817.94 6142.61 1402.9 312.628 763.664 4739.71 2548.47 2191.24 63.3051 46.6164 4.82468 41.7917 2239.55 2164.32 1226.26 290.343 60.3204 50.1374
internal_count=170800 84906 53113 37854 85894 55134 39384 37874 14510 7167 126 31793 28384 26478 11407 7041 5106 15071 8706 6365 1510 1020 86 934 5315 6358 3568 1423 222 205
cat_boundaries=0 5 11 16 21 27 33 34 40 41 47 53
cat_threshold=1589376 268702208 830671648 142639200 2013266956 1073743111 3288334592 2281702401 1174938391 594184 48 2147483648 268443648 280379620 2097184 2214854656 656412736 8454256 21037312 0 304090816 65536 397824 1610612736 939556864 0 8709 134361600 155650 532610 268520456 17866752 6144 15 178184 138994691 67108864 2166427720 18128912 448 2 2294284288 4194306 302543062 2149584896 83918865 2048 12591144 53518466 104333314 16909384 84189184 6144
is_linear=0
shrinkage=0.05


Tree=33
num_leaves=31
num_cat=10
split_feature=17 18 19 18 1 18 18 3 5 10 0 18 18 5 18 5 17 1 1 5 6 0 14 5 1 19 6 6 18 9
split_gain=1273.26 243.871 180.833 182.98 139.275 139.601 123.094 125.804 90.8534 110.126 169.339 87.1581 79.0015 100.966 79.7573 73.6297 77.256 73.0259 100.534 96.7703 103.139 85.7159 100.546 77.4601 93.6209 61.7489 64.286 67.809 63.7845 56.8898
threshold=0.011500866367736732 0 1 2 34.500000000000007 3 4 1.0000000180025095e-35 672.50000000000011 12.500000000000002 3.5000000000000004 5 6 235.50000000000003 7 231.50000000000003 0.0040828233276974744 44.500000000000007 33.500000000000007 591.50000000000011 153.50000000000003 28.500000000000004 0.062500000000000014 657.50000000000011 2.5000000000000004 8 13.500000000000002 162.50000000000003 9 0.58000000000000018
decision_type=8 9 1 9 2 9 9 2 2 8 2 9 9 2 9 2 10 2 2 2 2 2 10 2 2 1 2 2 9 10
left_child=6 -2 4 17 8 -6 -1 12 11 -10 -11 -3 -8 14 -14 -16 -17 18 23 20 -20 -22 -23 24 -4 26 -7 -28 -27 -25
right_child=1 2 3 -5 5 25 7 -9 9 10 -12 -13 13 -15 15 16 -18 -19 19 -21 21 22 -24 29 -26 28 27 -29 -30 -31
leaf_value=-0.052521311535106786 -0.025506866693019593 0.022389960574163648 0.059726831047829311 -0.017933974057539534 -0.023306172046681246 0.075770157167361171 0.04233134372135533 -0.052183450107289933 -0.045661922255310322 -0.055555555734042784 0.16111809933886279 0.01026945178221416 -0.03097351539336864 -0.034344604292899782 0.0058452115698097891 -0.055555556190953315 0.29144122565266478 -0.021023425077312329 0.088522217650010004 0.15186198009590973 0.0067976135881647141 0.26785371562565047 0.050514393606008873 0.024969069565327229 -0.0086240224206114678 -0.013928464353423202 -0.024148471458649835 0.02002235897415143 0.0064574329516242082 0.14808023148500399
leaf_weight=691.24350010417402 594.03547368198633 2706.88268109411 53.752004712820053 1284.6648803763092 456.8149719517678 45.19394513964653 42.450339887291193 373.77781739644706 121.11545291729271 17.856699794530869 18.21684705466032 3422.7005351111293 183.93796911090612 684.31376834399998 341.08154218271375 2.475457824766635 4.5568117499351501 197.04244970530272 58.843628201633692 16.371503408998251 280.06065746210515 6.3529949169605962 32.772823901847005 185.02029133401811 737.08271623402834 498.30856582522392 99.427208218723536 688.91820483654737 1556.9942519813776 9.88517660461366
leaf_count=30760 14663 7505 282 19835 4721 130 889 15750 849 105 35 15166 6675 23915 7771 100 34 1863 310 68 2015 28 143 462 5187 2686 381 2393 6043 36
internal_value=-0.000508882 0.00554672 0.00703793 -0.00399307 0.010316 0.00208516 -0.0346152 -0.0265494 0.0147127 -0.0228218 0.0538629 0.0156753 -0.0191489 -0.021466 -0.00530537 0.00889162 0.169293 0.00740367 0.0115158 0.03285 0.0276959 0.0164823 0.0858045 0.0029799 -0.0039783 0.00615967 0.0175654 0.0144515 0.00147136 0.031213
internal_weight=15412.2 13088.3 12494.3 2861.85 9632.43 3345.66 2323.84 1632.59 6286.77 157.189 36.0735 6129.58 1258.82 1216.37 532.052 348.114 7.03227 1577.18 1380.14 394.402 378.03 319.186 39.1258 985.74 790.835 2888.84 833.539 788.345 2055.3 194.905
internal_count=170800 84906 70243 30229 40014 16354 85894 55134 23660 989 140 22671 39384 38495 14580 7905 134 10394 8531 2564 2496 2186 171 5967 5469 11633 2904 2774 8729 498
cat_boundaries=0 5 6 12 18 24 30 35 40 41 47
cat_threshold=1589408 268435456 831982368 8388640 2021917900 15 2147688448 134671884 8192 810616840 61472 582 16 791044 1107882204 140546048 83886113 8192 1073743111 3288334592 2281702401 1174938391 594184 48 233472 395780 1107878046 805343232 2147483648 11456 2147483648 268443648 280248548 0 2214854656 654315584 8454192 21037312 0 304090816 1 12615688 17843202 67108866 285491200 16384 137
is_linear=0
shrinkage=0.05


Tree=34
num_leaves=31
num_cat=12
split_feature=17 3 13 18 18 3 19 18 18 18 5 15 18 5 1 20 13 0 0 5 18 5 7 0 18 18 5 18 0 0
split_gain=1182.32 230.908 219.382 156.358 123.625 124.145 89.2087 111.498 89.4144 74.2286 100.927 72.5205 71.0688 59.9855 56.9365 54.1874 53.9569 53.64 77.9271 52.1836 71.709 55.0046 52.136 48.5101 48.1459 47.4648 43.643 43.2814 42.0431 109.061
threshold=0.011500866367736732 1.0000000180025095e-35 0.53571428571428581 0 1 1.0000000180025095e-35 2 3 4 5 235.50000000000003 0.008333333333333335 6 228.50000000000003 45.500000000000007 7 3.5000000000000004 20.500000000000004 19.500000000000004 355.50000000000006 8 383.50000000000006 0.41500000000000009 1.5000000000000002 9 10 708.50000000000011 11 21.500000000000004 18.500000000000004
decision_type=8 2 8 9 9 2 1 9 9 9 2 10 9 2 2 9 8 2 2 2 9 2 10 2 9 9 2 9 2 2
left_child=4 3 19 -2 -1 9 8 16 -5 17 12 -10 -11 -4 26 -14 23 18 -6 -3 21 -21 -15 -8 -13 -16 -9 -12 29 -26
right_child=1 2 13 6 5 -7 7 14 11 10 27 24 15 22 25 -17 -18 -19 -20 20 -22 -23 -24 -25 28 -27 -28 -29 -30 -31
leaf_value=-0.052364962465878954 -0.021344412857839151 -0.049473729421370231 -0.047290498774170235 0.02451353008537107 0.035050909826210334 -0.05200396610574877 -0.024454964722001662 -0.0009564321190950845 -0.015961442285735448 -0.0302772769363015 -0.051722044887049734 -0.0095057315911647195 0.0067188228814309987 0.023036169756313223 0.0090768809716593717 0.31388360980996766 0.064056090241829663 -0.038118059968022922 0.2410374279271503 0.10429545386043787 -0.04161526430766381 -0.001645698059435075 -0.047932794519650497 0.010403539020355991 0.011903909412618721 -0.032609751624739503 0.10893237091997517 -0.022603266452682923 0.0043539163953994304 0.041797741049507162
leaf_weight=659.47476164251566 454.71580294519663 345.69195632077754 39.702106552198529 1294.2562339995056 58.484052307903767 356.74510839954019 102.76029398292303 2430.1417424995452 264.37206613458693 179.1132273748517 252.37747249379754 258.92556105926633 341.00791345350444 330.59943577460945 92.091432437300682 1.4418749846518029 45.735337525606155 22.849565975368023 4.9826381746679536 13.934644263237713 145.10848557390273 101.46949808113277 28.076327059417963 3470.9500405676663 2049.5128267705441 254.37699184566736 9.0691253505647165 376.9732359405607 1047.3643353879452 358.46754029765725
leaf_count=30760 10224 14379 1197 4276 1370 15750 317 16377 2361 6675 11227 2460 7644 1168 693 11 65 697 60 194 4985 2260 269 10166 6579 2466 36 11700 3435 999
internal_value=-0.000499948 0.0052396 -0.0177972 0.00714703 -0.0339608 -0.0258557 0.00826762 0.0042861 0.0130868 -0.018525 -0.0217929 0.00931755 -0.00571758 0.0110258 -0.00323032 0.0077848 0.010064 0.0247096 0.0512225 -0.0367388 -0.0198399 0.0102575 0.0174809 0.0094012 0.0111419 -0.0222087 -0.000547859 -0.0354612 0.01268 0.0163541
internal_weight=15390.8 13137.3 1004.58 12132.7 2253.45 1593.98 11678 6405.12 5272.9 1237.23 1150.91 3978.64 521.563 398.378 2785.68 342.45 3619.45 86.3163 63.4667 606.205 260.513 115.404 358.676 3573.71 3714.27 346.468 2439.21 629.351 3455.34 2407.98
internal_count=170800 84906 24452 60454 85894 55134 50230 30120 20110 39384 37257 15834 14330 2634 19572 7655 10548 2127 1430 21818 7439 2454 1437 10483 13473 3159 16413 22927 11013 7578
cat_boundaries=0 5 11 12 18 24 29 34 35 41 47 53 59
cat_threshold=9978032 268435456 830933792 8388640 2021659661 1073743111 3288334592 2281702401 1174938391 594184 48 3 210944 137014282 1073741828 823168008 40962 8262 131072 640 532506 2952871936 2164260864 3464 2147483648 301998080 280383716 2097184 2214854660 654315584 8454192 21037312 0 304090816 2 142778880 138052620 69206272 823530504 2147483648 1542 268441600 528384 1073745924 139460672 294930 8192 2147516928 33554436 36704256 16384 2147483648 2048 993919056 549519424 1073744384 8470528 48422912 8192
is_linear=0
shrinkage=0.05


Tree=35
num_leaves=31
num_cat=11
split_feature=17 3 13 18 18 3 2 0 18 1 5 1 18 15 18 0 0 18 6 5 19 1 18 18 18 1 1 0 18 17
split_gain=1098.86 210.421 206.243 143.546 123.695 122.056 80.4497 137.013 149.761 103.161 68.9579 218.27 81.9629 86.9851 72.3734 65.4794 160.352 108.844 108.657 99 212.263 150.844 141.462 128.715 109.259 103.763 113.332 85.2708 80.9934 80.3981
threshold=0.011500866367736732 1.0000000180025095e-35 0.53571428571428581 0 1 1.0000000180025095e-35 3.5000000000000004 30.500000000000004 2 43.500000000000007 22.500000000000004 12.500000000000002 3 1.0000000180025095e-35 4 23.500000000000004 18.500000000000004 5 16.500000000000004 206.50000000000003 6 27.500000000000004 7 8 9 27.500000000000004 24.500000000000004 15.500000000000002 10 0.066947829914761739
decision_type=8 2 8 9 9 2 2 2 9 2 2 2 9 10 9 2 2 9 2 2 1 2 9 9 9 2 2 2 9 10
left_child=4 3 -3 -2 -1 10 15 8 -8 -9 11 -6 -12 -14 -13 16 19 29 -17 20 22 -22 25 -21 -23 26 -5 -25 -20 -18
right_child=1 2 -4 6 5 -7 7 9 -10 -11 12 14 13 -15 -16 18 17 -19 28 23 21 24 -24 27 -26 -27 -28 -29 -30 -31
leaf_value=-0.052201184506774446 -0.023619338525714122 -0.036129130932229657 0.010378398228870454 0.047872299780600744 0.32808073359205864 -0.051815659193874021 -0.025743309704356905 -0.055555555141900817 0.0040047166752669753 0.086645498795220488 0.015851804122411974 0.066194903128669505 -0.036323050520820653 -0.0060168553721607725 -0.038955074857713504 0.059360260468010032 0.10096693238144144 0.01696082401273119 0.013267511170956035 -0.019004914109882483 -0.021353395705394126 0.054135593992280344 0.013910618227254343 0.011486674508093174 -0.005030392306380649 0.014751535003702158 0.11616633635138734 -0.014946408600344546 -0.0073635148081413401 0.039034645698040771
leaf_weight=629.26164751686156 368.34645262174308 586.91863248497248 401.42198533937335 353.81259568408132 5.7588309887796632 340.54903745464981 508.81398535519838 15.459950136020778 2284.2452103942633 72.870875464752316 134.1461643781513 16.769214995205402 658.94790918193758 369.55134097114205 32.161579459905624 80.466817699372768 59.447702275589108 1113.4424734469503 736.56102723814547 576.37294241786003 516.65374097973108 136.58218614757061 921.80683030374348 1918.4264921471477 170.25716593302786 184.77737568691373 73.338982932269573 362.80071295425296 1301.2754032723606 442.1702990680933
leaf_count=30760 8913 21818 2634 905 45 15750 5133 78 9770 229 3635 320 28062 6347 975 246 409 4332 2859 4442 2364 313 3927 6429 1030 550 100 1307 5885 1233
internal_value=-0.000494683 0.00494951 -0.0172397 0.00674741 -0.0333177 -0.0251934 0.00770641 0.000446611 -0.00149234 0.061757 -0.0179528 0.0369163 -0.0205338 -0.0251888 0.00264819 0.0100527 0.0124347 0.0262013 0.00237263 0.00817115 0.0157564 -0.00480359 0.0266529 0.00191413 0.0229063 0.0453156 0.0595979 0.00725104 0.00012239 0.0454679
internal_weight=15373.4 13186.3 988.341 12197.9 2187.15 1557.88 11829.6 2881.39 2793.06 88.3308 1217.34 54.6896 1162.65 1028.5 48.9308 8948.19 6829.89 1615.06 2118.3 5214.83 2357.23 823.493 1533.74 2857.6 306.839 611.929 427.152 2281.23 2037.84 501.618
internal_count=170800 84906 24452 60454 85894 55134 51541 15210 14903 307 39384 1340 38044 34409 1295 36331 27341 5974 8990 21367 9189 3707 5482 12178 1343 1555 1005 7736 8744 1642
cat_boundaries=0 5 11 17 22 27 33 34 40 46 52 58
cat_threshold=9978000 268435456 830933792 8388640 2021659660 1073743111 3288334592 2281702401 1174938391 594184 48 2088 791040 1174986974 134256640 2231631873 2049 2147500032 301998080 280424940 2149580832 3288596484 587202576 536870944 2560 32768 38813696 32768 2639872 1076420758 537919488 2147483648 1928 11 135168 151281667 33554526 285252616 1048576 66 4327424 135004162 2658398 2167407680 84148241 1920 106496 155354630 1073741824 806356992 16777216 1600 67616 134874112 2105496 689997832 84205584 14592
is_linear=0
shrinkage=0.05


Tree=36
num_leaves=31
num_cat=11
split_feature=15 3 18 18 18 5 5 13 18 1 19 18 5 0 0 8 5 5 18 6 17 18 6 0 1 18 18 5 18 1
split_gain=1025.94 228.276 216.032 176.329 150.215 101.19 156.346 99.377 82.475 61.6381 56.1557 53.5545 53.3974 53.0164 163.582 52.6358 51.494 46.3473 187.187 108.29 45.0284 43.9423 42.7453 39.1044 39.5713 39.0525 36.8352 43.257 65.6585 40.7902
threshold=1.0000000180025095e-35 1.0000000180025095e-35 0 1 2 549.50000000000011 552.50000000000011 1.0000000180025095e-35 3 44.500000000000007 4 5 271.50000000000006 16.500000000000004 17.500000000000004 1.0000000180025095e-35 672.50000000000011 22.500000000000004 6 226.50000000000003 0.015078291690470917 7 7.5000000000000009 21.500000000000004 47.500000000000007 8 9 48.500000000000007 10 23.500000000000004
decision_type=8 2 9 9 9 2 2 8 9 2 1 9 2 2 2 8 2 2 9 2 10 9 2 2 2 9 9 2 9 2
left_child=3 4 5 10 -2 20 -7 8 9 16 12 -9 -1 -8 -15 -16 -6 18 19 -5 -3 22 -11 -21 -25 -19 27 28 -10 -29
right_child=1 2 -4 17 7 6 13 11 26 21 -12 -13 -14 14 15 -17 -18 25 -20 23 -22 -23 -24 24 -26 -27 -28 29 -30 -31
leaf_value=0.076933238687621947 -0.035911086643690894 0.36790537631783199 -0.038064668194340075 -0.055555555242561873 0.017298658459675979 0.3334752295584264 -0.029731553770685926 0.014700609515219199 0.06844490630706658 0.16606840592026104 -0.018147113312689284 0.0064176140619811991 0.0022496327506508896 0.22405682380665715 -0.040908507381332435 0.035955925038064711 -0.034457273676411236 -0.024309987178047849 -0.04444620710374466 0.32053083175022196 -0.017675676830299299 -0.025240707981328981 0.012704832560932085 0.0043036501928094715 0.26845731605443302 -0.04874102708045977 -0.0098015295277158725 -0.012942185316715697 -0.00058444178363166357 0.0056479762392305779
leaf_weight=46.486888730898499 201.09425316378474 0.75981901958584686 586.74197118729353 3.9673757404088983 1128.8210749402642 4.2000424750149241 36.333903379738331 3408.6943362019956 48.235038705170155 4.9296863302588454 87.327882660552859 4695.6737886220217 49.33229873329401 10.920711375772951 26.09302862919867 152.11812896840274 50.196227954700589 274.34808392636478 68.565553603693843 7.2064509838819504 217.42783395573497 172.17702551186085 57.986047931015491 2.6572911776602268 3.039445661008358 1176.9311371892691 1484.427565721795 477.42830870300531 93.515275798738003 772.53589753806591
leaf_count=722 6434 6 20406 175 6284 26 820 6930 250 22 2535 16903 1188 58 578 144 736 10338 3101 57 5428 1309 354 78 31 57058 18980 3561 651 5637
internal_value=-0.000484406 0.00410724 -0.0184701 -0.0368743 0.00596171 0.00787519 0.0312163 0.00666467 0.000516653 0.0103605 0.00994655 0.0099275 0.0348459 0.0255858 0.0362127 0.0247017 0.0150952 -0.0422442 -0.00673092 0.108553 -0.0163329 -0.0129434 0.021331 0.24314 0.145241 -0.044626 -0.0043442 0.00150508 0.0276923 -0.0014526
internal_weight=15350.2 13630.3 1034.6 1719.86 12595.7 447.853 229.666 12394.6 4290.25 1414.11 183.147 8104.37 95.8192 225.466 189.132 178.211 1179.02 1536.72 85.4361 16.8706 218.188 235.093 62.9157 12.9032 5.69674 1451.28 2876.14 1391.71 141.75 1249.96
internal_count=170800 95517 27466 75283 68051 7060 1626 61617 37784 8705 4445 23833 1910 1600 780 722 7020 70838 3442 341 5434 1685 376 166 109 67396 29079 10099 901 9198
cat_boundaries=0 6 12 18 24 25 31 36 41 47 53 59
cat_threshold=536944648 1502216 637534464 805441544 4104 4998 2147616768 524417 659470 2570093632 17039411 3456 1127743552 2961244416 4327680 8343 169936544 16 402792960 1204246 1379688578 12602376 32768 6144 11 268650512 4624960 805306444 939622400 16777216 9807 54005808 805306368 2560 0 37748736 134357504 139282 262144 16384 32768 12582944 272634372 14993488 160 2551318144 520 2223079432 186682376 67109428 2436042752 67125264 65 32776 134220800 4 2162688 67108880 64
is_linear=0
shrinkage=0.05


end of trees

feature_importances:
codigo_producto_enc=281
dias_hasta_proximo_evento=130
semana_anio=95
historico_promedio_producto=82
es_fin_de_semana=81
dia_mes=79
rolling_mean_90=76
rolling_mean_28=56
dias_desde_evento_anterior=54
dia_semana=52
rolling_mean_7=44
rolling_std_7=27
lag_1=22
lag_2=16
lag_7=4
trimestre=3
lag_3=3
lag_14=2
tipo_evento_activo_enc=2
lag_28=1

parameters:
[boosting: gbdt]
[objective: tweedie]
[metric: l1,tweedie]
[tree_learner: serial]
[device_type: cpu]
[data_sample_strategy: bagging]
[data: ]
[valid: ]
[num_iterations: 1000]
[learning_rate: 0.05]
[num_leaves: 31]
[num_threads: 6]
[seed: 42]
[deterministic: 0]
[force_col_wise: 0]
[force_row_wise: 0]
[histogram_pool_size: -1]
[max_depth: -1]
[min_data_in_leaf: 20]
[min_sum_hessian_in_leaf: 0.001]
[bagging_fraction: 1]
[pos_bagging_fraction: 1]
[neg_bagging_fraction: 1]
[bagging_freq: 0]
[bagging_seed: 400]
[bagging_by_query: 0]
[feature_fraction: 1]
[feature_fraction_bynode: 1]
[feature_fraction_seed: 30056]
[extra_trees: 0]
[extra_seed: 12879]
[early_stopping_round: 0]
[early_stopping_min_delta: 0]
[first_metric_only: 0]
[max_delta_step: 0]
[lambda_l1: 0]
[lambda_l2: 0]
[linear_lambda: 0]
[min_gain_to_split: 0]
[drop_rate: 0.1]
[max_drop: 50]
[skip_drop: 0.5]
[xgboost_dart_mode: 0]
[uniform_drop: 0]
[drop_seed: 17869]
[top_rate: 0.2]
[other_rate: 0.1]
[min_data_per_group: 100]
[max_cat_threshold: 32]
[cat_l2: 10]
[cat_smooth: 10]
[max_cat_to_onehot: 4]
[top_k: 20]
[monotone_constraints: ]
[monotone_constraints_method: basic]
[monotone_penalty: 0]
[feature_contri: ]
[forcedsplits_filename: ]
[refit_decay_rate: 0.9]
[cegb_tradeoff: 1]
[cegb_penalty_split: 0]
[cegb_penalty_feature_lazy: ]
[cegb_penalty_feature_coupled: ]
[path_smooth: 0]
[interaction_constraints: ]
[verbosity: 1]
[saved_feature_importance_type: 0]
[use_quantized_grad: 0]
[num_grad_quant_bins: 4]
[quant_train_renew_leaf: 0]
[stochastic_rounding: 1]
[linear_tree: 0]
[max_bin: 255]
[max_bin_by_feature: ]
[min_data_in_bin: 3]
[bin_construct_sample_cnt: 200000]
[data_random_seed: 175]
[is_enable_sparse: 1]
[enable_bundle: 1]
[use_missing: 1]
[zero_as_missing: 0]
[feature_pre_filter: 1]
[pre_partition: 0]
[two_round: 0]
[header: 0]
[label_column: ]
[weight_column: ]
[group_column: ]
[ignore_column: ]
[categorical_feature: 18,19,20]
[forcedbins_filename: ]
[precise_float_parser: 0]
[parser_config_file: ]
[objective_seed: 16083]
[num_class: 1]
[is_unbalance: 0]
[scale_pos_weight: 1]
[sigmoid: 1]
[boost_from_average: 1]
[reg_sqrt: 0]
[alpha: 0.9]
[fair_c: 1]
[poisson_max_delta_step: 0.7]
[tweedie_variance_power: 1.1]
[lambdarank_truncation_level: 30]
[lambdarank_norm: 1]
[label_gain: ]
[lambdarank_position_bias_regularization: 0]
[eval_at: ]
[multi_error_top_k: 1]
[auc_mu_weights: ]
[num_machines: 1]
[local_listen_port: 12400]
[time_out: 120]
[machine_list_filename: ]
[machines: ]
[gpu_platform_id: -1]
[gpu_device_id: -1]
[gpu_device_id_list: ]
[gpu_use_dp: 0]
[num_gpu: 1]

end of parameters

pandas_categorical:[]
